,type,id,description,Unnamed: 0,cwe_counts,repos
0,base,15,External Control of System or Configuration Setting,100,91,"['danswerai', 'DIGITS', 'open-webui', 'fastapi', 'bokeh', 'nalp', 'spammy', 'ViZDoom', 'langflow', 'PySyft', 'numpy', 'lightly', 'retro', 'ray', 'pydantic', 'pytensor', 'mlflow', 'pytorch', 'streamlit', 'feast', 'rasa', 'mindsdb', 'superset', 'gradio', 'transformers', 'pattern', 'AutoViz', 'Auto_ViML', 'danswerai', 'DIGITS', 'open-webui', 'fastapi', 'bokeh', 'nalp', 'spammy', 'ViZDoom', 'langflow', 'PySyft', 'numpy', 'lightly', 'retro', 'ray', 'pydantic', 'pytensor', 'mlflow', 'pytorch', 'streamlit', 'feast', 'rasa', 'mindsdb', 'superset', 'gradio', 'transformers', 'pattern', 'AutoViz', 'Auto_ViML', 'danswerai', 'DIGITS', 'open-webui', 'fastapi', 'bokeh', 'nalp', 'spammy', 'ViZDoom', 'langflow', 'PySyft', 'numpy', 'lightly', 'retro', 'ray', 'pydantic', 'pytensor', 'mlflow', 'pytorch', 'streamlit', 'feast', 'rasa', 'mindsdb', 'superset', 'gradio', 'transformers', 'pattern', 'AutoViz', 'Auto_ViML', 'danswerai', 'DIGITS', 'open-webui', 'fastapi', 'bokeh', 'nalp', 'spammy', 'ViZDoom', 'langflow', 'PySyft', 'numpy', 'lightly', 'retro', 'ray', 'pydantic', 'pytensor', 'mlflow', 'pytorch', 'streamlit', 'feast', 'rasa', 'mindsdb', 'superset', 'gradio', 'transformers', 'pattern', 'AutoViz', 'Auto_ViML', 'danswerai', 'DIGITS', 'open-webui', 'fastapi', 'bokeh', 'nalp', 'spammy', 'ViZDoom', 'langflow', 'PySyft', 'numpy', 'lightly', 'retro', 'ray', 'pydantic', 'pytensor', 'mlflow', 'pytorch', 'streamlit', 'feast', 'rasa', 'mindsdb', 'superset', 'gradio', 'transformers', 'pattern', 'AutoViz', 'Auto_ViML']"
1,base,22,Improper Limitation of a Pathname to a Restricted Directory ('Path Traversal'),96,49259,"['danswerai', 'DIGITS', 'open-webui', 'fastapi', 'bokeh', 'nalp', 'spammy', 'ViZDoom', 'langflow', 'PySyft', 'numpy', 'lightly', 'retro', 'ray', 'pydantic', 'pytensor', 'mlflow', 'pytorch', 'streamlit', 'feast', 'rasa', 'mindsdb', 'superset', 'gradio', 'transformers', 'pattern', 'AutoViz', 'Auto_ViML', 'danswerai', 'DIGITS', 'open-webui', 'fastapi', 'bokeh', 'nalp', 'spammy', 'ViZDoom', 'langflow', 'PySyft', 'numpy', 'lightly', 'retro', 'ray', 'pydantic', 'pytensor', 'mlflow', 'pytorch', 'streamlit', 'feast', 'rasa', 'mindsdb', 'superset', 'gradio', 'transformers', 'pattern', 'AutoViz', 'Auto_ViML', 'danswerai', 'DIGITS', 'open-webui', 'fastapi', 'bokeh', 'nalp', 'spammy', 'ViZDoom', 'langflow', 'PySyft', 'numpy', 'lightly', 'retro', 'ray', 'pydantic', 'pytensor', 'mlflow', 'pytorch', 'streamlit', 'feast', 'rasa', 'mindsdb', 'superset', 'gradio', 'transformers', 'pattern', 'AutoViz', 'Auto_ViML', 'danswerai', 'DIGITS', 'open-webui', 'fastapi', 'bokeh', 'nalp', 'spammy', 'ViZDoom', 'langflow', 'PySyft', 'numpy', 'lightly', 'retro', 'ray', 'pydantic', 'pytensor', 'mlflow', 'pytorch', 'streamlit', 'feast', 'rasa', 'mindsdb', 'superset', 'gradio', 'transformers', 'pattern', 'AutoViz', 'Auto_ViML', 'danswerai', 'DIGITS', 'open-webui', 'fastapi', 'bokeh', 'nalp', 'spammy', 'ViZDoom', 'langflow', 'PySyft', 'numpy', 'lightly', 'retro', 'ray', 'pydantic', 'pytensor', 'mlflow', 'pytorch', 'streamlit', 'feast', 'rasa', 'mindsdb', 'superset', 'gradio', 'transformers', 'pattern', 'AutoViz', 'Auto_ViML', 'tpot', 'neural-style-pt', 'chainer', 'skorch', 'pybrain', 'bokeh', 'autogluon', 'pytorch_geometric', 'pkuseg-python', 'open-metric-learning', 'detectron2', 'nilearn', 'mljar-supervised', 'altair', 'pyqtgraph', 'bentoml', 'caffe', 'river', 'numpy', 'CompreFace', 'FEDOT', 'sktime', 'PyTorchCV', 'pytorch-image-models', 'pebl', 'bigartm', 'BioPy', 'python-timbl', 'lightwood', 'mlx', 'zipline', 'pgmpy', 'Petrel', 'mlflow', 'DrQA', 'Parris', 'scikit-learn', 'pytorch', 'SynapseML', 'superset', 'transformers', 'ColossalAI', 'vispy', 'joliGEN', 'danswerai', 'shogun', 'Spearmint', 'xgboost', 'rosetta', 'catboost', 'dash', 'tesseract', 'stellargraph', 'maze', 'cleanlab', 'lightly', 'pymc', 'scikit-opt', 'deeppy', 'Gymnasium', 'skll', 'emcee', 'vigra', 'dtaidistance', 'mars', 'neuraltalk2', 'jax', 'scikit-survival', 'pytorch-frame', 'streamlit', 'mlxtend', 'cortex', 'DeepPavlov', 'alibi-detect', 'gradio', 'xlearn', 'langfuse', 'DI-engine', 'pyss3', 'DIGITS', 'LightGBM', 'CoreNLP', 'yalign', 'determined', 'deeplake', 'blaze', 'somoclu', 'xcessiv', 'matplotlib', 'tensorflow', 'PySyft', 'haystack', 'mlens', 'retro', 'machine-learning', 'gensim', 'neuropredict', 'feast', 'rasa', 'loso', 'lab', 'mindsdb', 'dowel', 'nut', 'retinaface', 'ViZDoom', 'neuraltalk', 'optuna', 'open-webui', 'NeuroNER', 'deepface', 'statsmodels', 'jProcessing', 'typer', 'python-recsys', 'textacy', 'ggpy', 'cornac', 'spaCy', 'langflow', 'igel', 'keras-tuner', 'Metaworld', 'aim', 'pynlpl', 'ray', 'cltk', 'recommenders', 'seaborn', 'evidently', 'deepchecks', 'garage', 'hebel', 'jieba', 'catalyst', 'pytensor', 'lambdo', 'prodmodel', 'zpar', 'polyglot', 'scikit-learn-intelex', 'scikit-image', 'pytorch-lightning', 'colibri-core', 'bolt', 'tpot', 'neural-style-pt', 'chainer', 'skorch', 'pybrain', 'bokeh', 'autogluon', 'pytorch_geometric', 'pkuseg-python', 'open-metric-learning', 'detectron2', 'nilearn', 'mljar-supervised', 'altair', 'pyqtgraph', 'bentoml', 'caffe', 'river', 'numpy', 'CompreFace', 'FEDOT', 'sktime', 'PyTorchCV', 'pytorch-image-models', 'pebl', 'bigartm', 'BioPy', 'python-timbl', 'lightwood', 'mlx', 'zipline', 'pgmpy', 'Petrel', 'mlflow', 'DrQA', 'Parris', 'scikit-learn', 'pytorch', 'SynapseML', 'superset', 'transformers', 'ColossalAI', 'vispy', 'joliGEN', 'danswerai', 'shogun', 'Spearmint', 'xgboost', 'rosetta', 'catboost', 'dash', 'tesseract', 'stellargraph', 'maze', 'cleanlab', 'lightly', 'pymc', 'scikit-opt', 'deeppy', 'Gymnasium', 'skll', 'emcee', 'vigra', 'dtaidistance', 'mars', 'neuraltalk2', 'jax', 'scikit-survival', 'pytorch-frame', 'streamlit', 'mlxtend', 'cortex', 'DeepPavlov', 'alibi-detect', 'gradio', 'xlearn', 'langfuse', 'DI-engine', 'pyss3', 'DIGITS', 'LightGBM', 'CoreNLP', 'yalign', 'determined', 'deeplake', 'blaze', 'somoclu', 'xcessiv', 'matplotlib', 'tensorflow', 'PySyft', 'haystack', 'mlens', 'retro', 'machine-learning', 'gensim', 'neuropredict', 'feast', 'rasa', 'loso', 'lab', 'mindsdb', 'dowel', 'nut', 'retinaface', 'ViZDoom', 'neuraltalk', 'optuna', 'open-webui', 'NeuroNER', 'deepface', 'statsmodels', 'jProcessing', 'typer', 'python-recsys', 'textacy', 'ggpy', 'cornac', 'spaCy', 'langflow', 'igel', 'keras-tuner', 'Metaworld', 'aim', 'pynlpl', 'ray', 'cltk', 'recommenders', 'seaborn', 'evidently', 'deepchecks', 'garage', 'hebel', 'jieba', 'catalyst', 'pytensor', 'lambdo', 'prodmodel', 'zpar', 'polyglot', 'scikit-learn-intelex', 'scikit-image', 'pytorch-lightning', 'colibri-core', 'bolt', 'tpot', 'neural-style-pt', 'chainer', 'skorch', 'pybrain', 'bokeh', 'autogluon', 'pytorch_geometric', 'pkuseg-python', 'open-metric-learning', 'detectron2', 'nilearn', 'mljar-supervised', 'altair', 'pyqtgraph', 'bentoml', 'caffe', 'river', 'numpy', 'CompreFace', 'FEDOT', 'sktime', 'PyTorchCV', 'pytorch-image-models', 'pebl', 'bigartm', 'BioPy', 'python-timbl', 'lightwood', 'mlx', 'zipline', 'pgmpy', 'Petrel', 'mlflow', 'DrQA', 'Parris', 'scikit-learn', 'pytorch', 'SynapseML', 'superset', 'transformers', 'ColossalAI', 'vispy', 'joliGEN', 'danswerai', 'shogun', 'Spearmint', 'xgboost', 'rosetta', 'catboost', 'dash', 'tesseract', 'stellargraph', 'maze', 'cleanlab', 'lightly', 'pymc', 'scikit-opt', 'deeppy', 'Gymnasium', 'skll', 'emcee', 'vigra', 'dtaidistance', 'mars', 'neuraltalk2', 'jax', 'scikit-survival', 'pytorch-frame', 'streamlit', 'mlxtend', 'cortex', 'DeepPavlov', 'alibi-detect', 'gradio', 'xlearn', 'langfuse', 'DI-engine', 'pyss3', 'DIGITS', 'LightGBM', 'CoreNLP', 'yalign', 'determined', 'deeplake', 'blaze', 'somoclu', 'xcessiv', 'matplotlib', 'tensorflow', 'PySyft', 'haystack', 'mlens', 'retro', 'machine-learning', 'gensim', 'neuropredict', 'feast', 'rasa', 'loso', 'lab', 'mindsdb', 'dowel', 'nut', 'retinaface', 'ViZDoom', 'neuraltalk', 'optuna', 'open-webui', 'NeuroNER', 'deepface', 'statsmodels', 'jProcessing', 'typer', 'python-recsys', 'textacy', 'ggpy', 'cornac', 'spaCy', 'langflow', 'igel', 'keras-tuner', 'Metaworld', 'aim', 'pynlpl', 'ray', 'cltk', 'recommenders', 'seaborn', 'evidently', 'deepchecks', 'garage', 'hebel', 'jieba', 'catalyst', 'pytensor', 'lambdo', 'prodmodel', 'zpar', 'polyglot', 'scikit-learn-intelex', 'scikit-image', 'pytorch-lightning', 'colibri-core', 'bolt', 'tpot', 'neural-style-pt', 'chainer', 'skorch', 'pybrain', 'bokeh', 'autogluon', 'pytorch_geometric', 'pkuseg-python', 'open-metric-learning', 'detectron2', 'nilearn', 'mljar-supervised', 'altair', 'pyqtgraph', 'bentoml', 'caffe', 'river', 'numpy', 'CompreFace', 'FEDOT', 'sktime', 'PyTorchCV', 'pytorch-image-models', 'pebl', 'bigartm', 'BioPy', 'python-timbl', 'lightwood', 'mlx', 'zipline', 'pgmpy', 'Petrel', 'mlflow', 'DrQA', 'Parris', 'scikit-learn', 'pytorch', 'SynapseML', 'superset', 'transformers', 'ColossalAI', 'vispy', 'joliGEN', 'danswerai', 'shogun', 'Spearmint', 'xgboost', 'rosetta', 'catboost', 'dash', 'tesseract', 'stellargraph', 'maze', 'cleanlab', 'lightly', 'pymc', 'scikit-opt', 'deeppy', 'Gymnasium', 'skll', 'emcee', 'vigra', 'dtaidistance', 'mars', 'neuraltalk2', 'jax', 'scikit-survival', 'pytorch-frame', 'streamlit', 'mlxtend', 'cortex', 'DeepPavlov', 'alibi-detect', 'gradio', 'xlearn', 'langfuse', 'DI-engine', 'pyss3', 'DIGITS', 'LightGBM', 'CoreNLP', 'yalign', 'determined', 'deeplake', 'blaze', 'somoclu', 'xcessiv', 'matplotlib', 'tensorflow', 'PySyft', 'haystack', 'mlens', 'retro', 'machine-learning', 'gensim', 'neuropredict', 'feast', 'rasa', 'loso', 'lab', 'mindsdb', 'dowel', 'nut', 'retinaface', 'ViZDoom', 'neuraltalk', 'optuna', 'open-webui', 'NeuroNER', 'deepface', 'statsmodels', 'jProcessing', 'typer', 'python-recsys', 'textacy', 'ggpy', 'cornac', 'spaCy', 'langflow', 'igel', 'keras-tuner', 'Metaworld', 'aim', 'pynlpl', 'ray', 'cltk', 'recommenders', 'seaborn', 'evidently', 'deepchecks', 'garage', 'hebel', 'jieba', 'catalyst', 'pytensor', 'lambdo', 'prodmodel', 'zpar', 'polyglot', 'scikit-learn-intelex', 'scikit-image', 'pytorch-lightning', 'colibri-core', 'bolt', 'tpot', 'neural-style-pt', 'chainer', 'skorch', 'pybrain', 'bokeh', 'autogluon', 'pytorch_geometric', 'pkuseg-python', 'open-metric-learning', 'detectron2', 'nilearn', 'mljar-supervised', 'altair', 'pyqtgraph', 'bentoml', 'caffe', 'river', 'numpy', 'CompreFace', 'FEDOT', 'sktime', 'PyTorchCV', 'pytorch-image-models', 'pebl', 'bigartm', 'BioPy', 'python-timbl', 'lightwood', 'mlx', 'zipline', 'pgmpy', 'Petrel', 'mlflow', 'DrQA', 'Parris', 'scikit-learn', 'pytorch', 'SynapseML', 'superset', 'transformers', 'ColossalAI', 'vispy', 'joliGEN', 'danswerai', 'shogun', 'Spearmint', 'xgboost', 'rosetta', 'catboost', 'dash', 'tesseract', 'stellargraph', 'maze', 'cleanlab', 'lightly', 'pymc', 'scikit-opt', 'deeppy', 'Gymnasium', 'skll', 'emcee', 'vigra', 'dtaidistance', 'mars', 'neuraltalk2', 'jax', 'scikit-survival', 'pytorch-frame', 'streamlit', 'mlxtend', 'cortex', 'DeepPavlov', 'alibi-detect', 'gradio', 'xlearn', 'langfuse', 'DI-engine', 'pyss3', 'DIGITS', 'LightGBM', 'CoreNLP', 'yalign', 'determined', 'deeplake', 'blaze', 'somoclu', 'xcessiv', 'matplotlib', 'tensorflow', 'PySyft', 'haystack', 'mlens', 'retro', 'machine-learning', 'gensim', 'neuropredict', 'feast', 'rasa', 'loso', 'lab', 'mindsdb', 'dowel', 'nut', 'retinaface', 'ViZDoom', 'neuraltalk', 'optuna', 'open-webui', 'NeuroNER', 'deepface', 'statsmodels', 'jProcessing', 'typer', 'python-recsys', 'textacy', 'ggpy', 'cornac', 'spaCy', 'langflow', 'igel', 'keras-tuner', 'Metaworld', 'aim', 'pynlpl', 'ray', 'cltk', 'recommenders', 'seaborn', 'evidently', 'deepchecks', 'garage', 'hebel', 'jieba', 'catalyst', 'pytensor', 'lambdo', 'prodmodel', 'zpar', 'polyglot', 'scikit-learn-intelex', 'scikit-image', 'pytorch-lightning', 'colibri-core', 'bolt', 'tpot', 'neural-style-pt', 'chainer', 'skorch', 'pybrain', 'bokeh', 'autogluon', 'pytorch_geometric', 'pkuseg-python', 'open-metric-learning', 'detectron2', 'nilearn', 'mljar-supervised', 'altair', 'pyqtgraph', 'bentoml', 'caffe', 'river', 'numpy', 'CompreFace', 'FEDOT', 'sktime', 'PyTorchCV', 'pytorch-image-models', 'pebl', 'bigartm', 'BioPy', 'python-timbl', 'lightwood', 'mlx', 'zipline', 'pgmpy', 'Petrel', 'mlflow', 'DrQA', 'Parris', 'scikit-learn', 'pytorch', 'SynapseML', 'superset', 'transformers', 'ColossalAI', 'vispy', 'joliGEN', 'danswerai', 'shogun', 'Spearmint', 'xgboost', 'rosetta', 'catboost', 'dash', 'tesseract', 'stellargraph', 'maze', 'cleanlab', 'lightly', 'pymc', 'scikit-opt', 'deeppy', 'Gymnasium', 'skll', 'emcee', 'vigra', 'dtaidistance', 'mars', 'neuraltalk2', 'jax', 'scikit-survival', 'pytorch-frame', 'streamlit', 'mlxtend', 'cortex', 'DeepPavlov', 'alibi-detect', 'gradio', 'xlearn', 'langfuse', 'DI-engine', 'pyss3', 'DIGITS', 'LightGBM', 'CoreNLP', 'yalign', 'determined', 'deeplake', 'blaze', 'somoclu', 'xcessiv', 'matplotlib', 'tensorflow', 'PySyft', 'haystack', 'mlens', 'retro', 'machine-learning', 'gensim', 'neuropredict', 'feast', 'rasa', 'loso', 'lab', 'mindsdb', 'dowel', 'nut', 'retinaface', 'ViZDoom', 'neuraltalk', 'optuna', 'open-webui', 'NeuroNER', 'deepface', 'statsmodels', 'jProcessing', 'typer', 'python-recsys', 'textacy', 'ggpy', 'cornac', 'spaCy', 'langflow', 'igel', 'keras-tuner', 'Metaworld', 'aim', 'pynlpl', 'ray', 'cltk', 'recommenders', 'seaborn', 'evidently', 'deepchecks', 'garage', 'hebel', 'jieba', 'catalyst', 'pytensor', 'lambdo', 'prodmodel', 'zpar', 'polyglot', 'scikit-learn-intelex', 'scikit-image', 'pytorch-lightning', 'colibri-core', 'bolt', 'tpot', 'neural-style-pt', 'chainer', 'skorch', 'pybrain', 'bokeh', 'autogluon', 'pytorch_geometric', 'pkuseg-python', 'open-metric-learning', 'detectron2', 'nilearn', 'mljar-supervised', 'altair', 'pyqtgraph', 'bentoml', 'caffe', 'river', 'numpy', 'CompreFace', 'FEDOT', 'sktime', 'PyTorchCV', 'pytorch-image-models', 'pebl', 'bigartm', 'BioPy', 'python-timbl', 'lightwood', 'mlx', 'zipline', 'pgmpy', 'Petrel', 'mlflow', 'DrQA', 'Parris', 'scikit-learn', 'pytorch', 'SynapseML', 'superset', 'transformers', 'ColossalAI', 'vispy', 'joliGEN', 'danswerai', 'shogun', 'Spearmint', 'xgboost', 'rosetta', 'catboost', 'dash', 'tesseract', 'stellargraph', 'maze', 'cleanlab', 'lightly', 'pymc', 'scikit-opt', 'deeppy', 'Gymnasium', 'skll', 'emcee', 'vigra', 'dtaidistance', 'mars', 'neuraltalk2', 'jax', 'scikit-survival', 'pytorch-frame', 'streamlit', 'mlxtend', 'cortex', 'DeepPavlov', 'alibi-detect', 'gradio', 'xlearn', 'langfuse', 'DI-engine', 'pyss3', 'DIGITS', 'LightGBM', 'CoreNLP', 'yalign', 'determined', 'deeplake', 'blaze', 'somoclu', 'xcessiv', 'matplotlib', 'tensorflow', 'PySyft', 'haystack', 'mlens', 'retro', 'machine-learning', 'gensim', 'neuropredict', 'feast', 'rasa', 'loso', 'lab', 'mindsdb', 'dowel', 'nut', 'retinaface', 'ViZDoom', 'neuraltalk', 'optuna', 'open-webui', 'NeuroNER', 'deepface', 'statsmodels', 'jProcessing', 'typer', 'python-recsys', 'textacy', 'ggpy', 'cornac', 'spaCy', 'langflow', 'igel', 'keras-tuner', 'Metaworld', 'aim', 'pynlpl', 'ray', 'cltk', 'recommenders', 'seaborn', 'evidently', 'deepchecks', 'garage', 'hebel', 'jieba', 'catalyst', 'pytensor', 'lambdo', 'prodmodel', 'zpar', 'polyglot', 'scikit-learn-intelex', 'scikit-image', 'pytorch-lightning', 'colibri-core', 'bolt']"
2,base,23,Relative Path Traversal,21,21072,"['tpot', 'neural-style-pt', 'chainer', 'skorch', 'pybrain', 'bokeh', 'autogluon', 'pytorch_geometric', 'pkuseg-python', 'open-metric-learning', 'detectron2', 'nilearn', 'mljar-supervised', 'altair', 'pyqtgraph', 'bentoml', 'caffe', 'river', 'numpy', 'CompreFace', 'FEDOT', 'sktime', 'PyTorchCV', 'pytorch-image-models', 'pebl', 'bigartm', 'BioPy', 'python-timbl', 'lightwood', 'mlx', 'zipline', 'pgmpy', 'Petrel', 'mlflow', 'DrQA', 'Parris', 'scikit-learn', 'pytorch', 'SynapseML', 'superset', 'transformers', 'ColossalAI', 'vispy', 'joliGEN', 'danswerai', 'shogun', 'Spearmint', 'xgboost', 'rosetta', 'catboost', 'dash', 'tesseract', 'stellargraph', 'maze', 'cleanlab', 'lightly', 'pymc', 'scikit-opt', 'deeppy', 'Gymnasium', 'skll', 'emcee', 'vigra', 'dtaidistance', 'mars', 'neuraltalk2', 'jax', 'scikit-survival', 'pytorch-frame', 'streamlit', 'mlxtend', 'cortex', 'DeepPavlov', 'alibi-detect', 'gradio', 'xlearn', 'langfuse', 'DI-engine', 'pyss3', 'DIGITS', 'LightGBM', 'CoreNLP', 'yalign', 'determined', 'deeplake', 'blaze', 'somoclu', 'xcessiv', 'matplotlib', 'tensorflow', 'PySyft', 'haystack', 'mlens', 'retro', 'machine-learning', 'gensim', 'neuropredict', 'feast', 'rasa', 'loso', 'lab', 'mindsdb', 'dowel', 'nut', 'retinaface', 'ViZDoom', 'neuraltalk', 'optuna', 'open-webui', 'NeuroNER', 'deepface', 'statsmodels', 'jProcessing', 'typer', 'python-recsys', 'textacy', 'ggpy', 'cornac', 'spaCy', 'langflow', 'igel', 'keras-tuner', 'Metaworld', 'aim', 'pynlpl', 'ray', 'cltk', 'recommenders', 'seaborn', 'evidently', 'deepchecks', 'garage', 'hebel', 'jieba', 'catalyst', 'pytensor', 'lambdo', 'prodmodel', 'zpar', 'polyglot', 'scikit-learn-intelex', 'scikit-image', 'pytorch-lightning', 'colibri-core', 'bolt', 'tpot', 'neural-style-pt', 'chainer', 'skorch', 'pybrain', 'bokeh', 'autogluon', 'pytorch_geometric', 'pkuseg-python', 'open-metric-learning', 'detectron2', 'nilearn', 'mljar-supervised', 'altair', 'pyqtgraph', 'bentoml', 'caffe', 'river', 'numpy', 'CompreFace', 'FEDOT', 'sktime', 'PyTorchCV', 'pytorch-image-models', 'pebl', 'bigartm', 'BioPy', 'python-timbl', 'lightwood', 'mlx', 'zipline', 'pgmpy', 'Petrel', 'mlflow', 'DrQA', 'Parris', 'scikit-learn', 'pytorch', 'SynapseML', 'superset', 'transformers', 'ColossalAI', 'vispy', 'joliGEN', 'danswerai', 'shogun', 'Spearmint', 'xgboost', 'rosetta', 'catboost', 'dash', 'tesseract', 'stellargraph', 'maze', 'cleanlab', 'lightly', 'pymc', 'scikit-opt', 'deeppy', 'Gymnasium', 'skll', 'emcee', 'vigra', 'dtaidistance', 'mars', 'neuraltalk2', 'jax', 'scikit-survival', 'pytorch-frame', 'streamlit', 'mlxtend', 'cortex', 'DeepPavlov', 'alibi-detect', 'gradio', 'xlearn', 'langfuse', 'DI-engine', 'pyss3', 'DIGITS', 'LightGBM', 'CoreNLP', 'yalign', 'determined', 'deeplake', 'blaze', 'somoclu', 'xcessiv', 'matplotlib', 'tensorflow', 'PySyft', 'haystack', 'mlens', 'retro', 'machine-learning', 'gensim', 'neuropredict', 'feast', 'rasa', 'loso', 'lab', 'mindsdb', 'dowel', 'nut', 'retinaface', 'ViZDoom', 'neuraltalk', 'optuna', 'open-webui', 'NeuroNER', 'deepface', 'statsmodels', 'jProcessing', 'typer', 'python-recsys', 'textacy', 'ggpy', 'cornac', 'spaCy', 'langflow', 'igel', 'keras-tuner', 'Metaworld', 'aim', 'pynlpl', 'ray', 'cltk', 'recommenders', 'seaborn', 'evidently', 'deepchecks', 'garage', 'hebel', 'jieba', 'catalyst', 'pytensor', 'lambdo', 'prodmodel', 'zpar', 'polyglot', 'scikit-learn-intelex', 'scikit-image', 'pytorch-lightning', 'colibri-core', 'bolt', 'tpot', 'neural-style-pt', 'chainer', 'skorch', 'pybrain', 'bokeh', 'autogluon', 'pytorch_geometric', 'pkuseg-python', 'open-metric-learning', 'detectron2', 'nilearn', 'mljar-supervised', 'altair', 'pyqtgraph', 'bentoml', 'caffe', 'river', 'numpy', 'CompreFace', 'FEDOT', 'sktime', 'PyTorchCV', 'pytorch-image-models', 'pebl', 'bigartm', 'BioPy', 'python-timbl', 'lightwood', 'mlx', 'zipline', 'pgmpy', 'Petrel', 'mlflow', 'DrQA', 'Parris', 'scikit-learn', 'pytorch', 'SynapseML', 'superset', 'transformers', 'ColossalAI', 'vispy', 'joliGEN', 'danswerai', 'shogun', 'Spearmint', 'xgboost', 'rosetta', 'catboost', 'dash', 'tesseract', 'stellargraph', 'maze', 'cleanlab', 'lightly', 'pymc', 'scikit-opt', 'deeppy', 'Gymnasium', 'skll', 'emcee', 'vigra', 'dtaidistance', 'mars', 'neuraltalk2', 'jax', 'scikit-survival', 'pytorch-frame', 'streamlit', 'mlxtend', 'cortex', 'DeepPavlov', 'alibi-detect', 'gradio', 'xlearn', 'langfuse', 'DI-engine', 'pyss3', 'DIGITS', 'LightGBM', 'CoreNLP', 'yalign', 'determined', 'deeplake', 'blaze', 'somoclu', 'xcessiv', 'matplotlib', 'tensorflow', 'PySyft', 'haystack', 'mlens', 'retro', 'machine-learning', 'gensim', 'neuropredict', 'feast', 'rasa', 'loso', 'lab', 'mindsdb', 'dowel', 'nut', 'retinaface', 'ViZDoom', 'neuraltalk', 'optuna', 'open-webui', 'NeuroNER', 'deepface', 'statsmodels', 'jProcessing', 'typer', 'python-recsys', 'textacy', 'ggpy', 'cornac', 'spaCy', 'langflow', 'igel', 'keras-tuner', 'Metaworld', 'aim', 'pynlpl', 'ray', 'cltk', 'recommenders', 'seaborn', 'evidently', 'deepchecks', 'garage', 'hebel', 'jieba', 'catalyst', 'pytensor', 'lambdo', 'prodmodel', 'zpar', 'polyglot', 'scikit-learn-intelex', 'scikit-image', 'pytorch-lightning', 'colibri-core', 'bolt']"
3,base,36,Absolute Path Traversal,24,21072,"['tpot', 'neural-style-pt', 'chainer', 'skorch', 'pybrain', 'bokeh', 'autogluon', 'pytorch_geometric', 'pkuseg-python', 'open-metric-learning', 'detectron2', 'nilearn', 'mljar-supervised', 'altair', 'pyqtgraph', 'bentoml', 'caffe', 'river', 'numpy', 'CompreFace', 'FEDOT', 'sktime', 'PyTorchCV', 'pytorch-image-models', 'pebl', 'bigartm', 'BioPy', 'python-timbl', 'lightwood', 'mlx', 'zipline', 'pgmpy', 'Petrel', 'mlflow', 'DrQA', 'Parris', 'scikit-learn', 'pytorch', 'SynapseML', 'superset', 'transformers', 'ColossalAI', 'vispy', 'joliGEN', 'danswerai', 'shogun', 'Spearmint', 'xgboost', 'rosetta', 'catboost', 'dash', 'tesseract', 'stellargraph', 'maze', 'cleanlab', 'lightly', 'pymc', 'scikit-opt', 'deeppy', 'Gymnasium', 'skll', 'emcee', 'vigra', 'dtaidistance', 'mars', 'neuraltalk2', 'jax', 'scikit-survival', 'pytorch-frame', 'streamlit', 'mlxtend', 'cortex', 'DeepPavlov', 'alibi-detect', 'gradio', 'xlearn', 'langfuse', 'DI-engine', 'pyss3', 'DIGITS', 'LightGBM', 'CoreNLP', 'yalign', 'determined', 'deeplake', 'blaze', 'somoclu', 'xcessiv', 'matplotlib', 'tensorflow', 'PySyft', 'haystack', 'mlens', 'retro', 'machine-learning', 'gensim', 'neuropredict', 'feast', 'rasa', 'loso', 'lab', 'mindsdb', 'dowel', 'nut', 'retinaface', 'ViZDoom', 'neuraltalk', 'optuna', 'open-webui', 'NeuroNER', 'deepface', 'statsmodels', 'jProcessing', 'typer', 'python-recsys', 'textacy', 'ggpy', 'cornac', 'spaCy', 'langflow', 'igel', 'keras-tuner', 'Metaworld', 'aim', 'pynlpl', 'ray', 'cltk', 'recommenders', 'seaborn', 'evidently', 'deepchecks', 'garage', 'hebel', 'jieba', 'catalyst', 'pytensor', 'lambdo', 'prodmodel', 'zpar', 'polyglot', 'scikit-learn-intelex', 'scikit-image', 'pytorch-lightning', 'colibri-core', 'bolt', 'tpot', 'neural-style-pt', 'chainer', 'skorch', 'pybrain', 'bokeh', 'autogluon', 'pytorch_geometric', 'pkuseg-python', 'open-metric-learning', 'detectron2', 'nilearn', 'mljar-supervised', 'altair', 'pyqtgraph', 'bentoml', 'caffe', 'river', 'numpy', 'CompreFace', 'FEDOT', 'sktime', 'PyTorchCV', 'pytorch-image-models', 'pebl', 'bigartm', 'BioPy', 'python-timbl', 'lightwood', 'mlx', 'zipline', 'pgmpy', 'Petrel', 'mlflow', 'DrQA', 'Parris', 'scikit-learn', 'pytorch', 'SynapseML', 'superset', 'transformers', 'ColossalAI', 'vispy', 'joliGEN', 'danswerai', 'shogun', 'Spearmint', 'xgboost', 'rosetta', 'catboost', 'dash', 'tesseract', 'stellargraph', 'maze', 'cleanlab', 'lightly', 'pymc', 'scikit-opt', 'deeppy', 'Gymnasium', 'skll', 'emcee', 'vigra', 'dtaidistance', 'mars', 'neuraltalk2', 'jax', 'scikit-survival', 'pytorch-frame', 'streamlit', 'mlxtend', 'cortex', 'DeepPavlov', 'alibi-detect', 'gradio', 'xlearn', 'langfuse', 'DI-engine', 'pyss3', 'DIGITS', 'LightGBM', 'CoreNLP', 'yalign', 'determined', 'deeplake', 'blaze', 'somoclu', 'xcessiv', 'matplotlib', 'tensorflow', 'PySyft', 'haystack', 'mlens', 'retro', 'machine-learning', 'gensim', 'neuropredict', 'feast', 'rasa', 'loso', 'lab', 'mindsdb', 'dowel', 'nut', 'retinaface', 'ViZDoom', 'neuraltalk', 'optuna', 'open-webui', 'NeuroNER', 'deepface', 'statsmodels', 'jProcessing', 'typer', 'python-recsys', 'textacy', 'ggpy', 'cornac', 'spaCy', 'langflow', 'igel', 'keras-tuner', 'Metaworld', 'aim', 'pynlpl', 'ray', 'cltk', 'recommenders', 'seaborn', 'evidently', 'deepchecks', 'garage', 'hebel', 'jieba', 'catalyst', 'pytensor', 'lambdo', 'prodmodel', 'zpar', 'polyglot', 'scikit-learn-intelex', 'scikit-image', 'pytorch-lightning', 'colibri-core', 'bolt', 'tpot', 'neural-style-pt', 'chainer', 'skorch', 'pybrain', 'bokeh', 'autogluon', 'pytorch_geometric', 'pkuseg-python', 'open-metric-learning', 'detectron2', 'nilearn', 'mljar-supervised', 'altair', 'pyqtgraph', 'bentoml', 'caffe', 'river', 'numpy', 'CompreFace', 'FEDOT', 'sktime', 'PyTorchCV', 'pytorch-image-models', 'pebl', 'bigartm', 'BioPy', 'python-timbl', 'lightwood', 'mlx', 'zipline', 'pgmpy', 'Petrel', 'mlflow', 'DrQA', 'Parris', 'scikit-learn', 'pytorch', 'SynapseML', 'superset', 'transformers', 'ColossalAI', 'vispy', 'joliGEN', 'danswerai', 'shogun', 'Spearmint', 'xgboost', 'rosetta', 'catboost', 'dash', 'tesseract', 'stellargraph', 'maze', 'cleanlab', 'lightly', 'pymc', 'scikit-opt', 'deeppy', 'Gymnasium', 'skll', 'emcee', 'vigra', 'dtaidistance', 'mars', 'neuraltalk2', 'jax', 'scikit-survival', 'pytorch-frame', 'streamlit', 'mlxtend', 'cortex', 'DeepPavlov', 'alibi-detect', 'gradio', 'xlearn', 'langfuse', 'DI-engine', 'pyss3', 'DIGITS', 'LightGBM', 'CoreNLP', 'yalign', 'determined', 'deeplake', 'blaze', 'somoclu', 'xcessiv', 'matplotlib', 'tensorflow', 'PySyft', 'haystack', 'mlens', 'retro', 'machine-learning', 'gensim', 'neuropredict', 'feast', 'rasa', 'loso', 'lab', 'mindsdb', 'dowel', 'nut', 'retinaface', 'ViZDoom', 'neuraltalk', 'optuna', 'open-webui', 'NeuroNER', 'deepface', 'statsmodels', 'jProcessing', 'typer', 'python-recsys', 'textacy', 'ggpy', 'cornac', 'spaCy', 'langflow', 'igel', 'keras-tuner', 'Metaworld', 'aim', 'pynlpl', 'ray', 'cltk', 'recommenders', 'seaborn', 'evidently', 'deepchecks', 'garage', 'hebel', 'jieba', 'catalyst', 'pytensor', 'lambdo', 'prodmodel', 'zpar', 'polyglot', 'scikit-learn-intelex', 'scikit-image', 'pytorch-lightning', 'colibri-core', 'bolt']"
4,base,41,Improper Resolution of Path Equivalence,64,7115,"['danswerai', 'DIGITS', 'open-webui', 'fastapi', 'bokeh', 'nalp', 'spammy', 'ViZDoom', 'langflow', 'PySyft', 'numpy', 'lightly', 'retro', 'ray', 'pydantic', 'pytensor', 'mlflow', 'pytorch', 'streamlit', 'feast', 'rasa', 'mindsdb', 'superset', 'gradio', 'transformers', 'pattern', 'AutoViz', 'Auto_ViML', 'danswerai', 'DIGITS', 'open-webui', 'fastapi', 'bokeh', 'nalp', 'spammy', 'ViZDoom', 'langflow', 'PySyft', 'numpy', 'lightly', 'retro', 'ray', 'pydantic', 'pytensor', 'mlflow', 'pytorch', 'streamlit', 'feast', 'rasa', 'mindsdb', 'superset', 'gradio', 'transformers', 'pattern', 'AutoViz', 'Auto_ViML', 'danswerai', 'DIGITS', 'open-webui', 'fastapi', 'bokeh', 'nalp', 'spammy', 'ViZDoom', 'langflow', 'PySyft', 'numpy', 'lightly', 'retro', 'ray', 'pydantic', 'pytensor', 'mlflow', 'pytorch', 'streamlit', 'feast', 'rasa', 'mindsdb', 'superset', 'gradio', 'transformers', 'pattern', 'AutoViz', 'Auto_ViML', 'danswerai', 'DIGITS', 'open-webui', 'fastapi', 'bokeh', 'nalp', 'spammy', 'ViZDoom', 'langflow', 'PySyft', 'numpy', 'lightly', 'retro', 'ray', 'pydantic', 'pytensor', 'mlflow', 'pytorch', 'streamlit', 'feast', 'rasa', 'mindsdb', 'superset', 'gradio', 'transformers', 'pattern', 'AutoViz', 'Auto_ViML', 'danswerai', 'DIGITS', 'open-webui', 'fastapi', 'bokeh', 'nalp', 'spammy', 'ViZDoom', 'langflow', 'PySyft', 'numpy', 'lightly', 'retro', 'ray', 'pydantic', 'pytensor', 'mlflow', 'pytorch', 'streamlit', 'feast', 'rasa', 'mindsdb', 'superset', 'gradio', 'transformers', 'pattern', 'AutoViz', 'Auto_ViML', 'tpot', 'neural-style-pt', 'chainer', 'skorch', 'pybrain', 'bokeh', 'autogluon', 'pytorch_geometric', 'pkuseg-python', 'open-metric-learning', 'detectron2', 'nilearn', 'mljar-supervised', 'altair', 'pyqtgraph', 'bentoml', 'caffe', 'river', 'numpy', 'CompreFace', 'FEDOT', 'sktime', 'PyTorchCV', 'pytorch-image-models', 'pebl', 'bigartm', 'BioPy', 'python-timbl', 'lightwood', 'mlx', 'zipline', 'pgmpy', 'Petrel', 'mlflow', 'DrQA', 'Parris', 'scikit-learn', 'pytorch', 'SynapseML', 'superset', 'transformers', 'ColossalAI', 'vispy', 'joliGEN', 'danswerai', 'shogun', 'Spearmint', 'xgboost', 'rosetta', 'catboost', 'dash', 'tesseract', 'stellargraph', 'maze', 'cleanlab', 'lightly', 'pymc', 'scikit-opt', 'deeppy', 'Gymnasium', 'skll', 'emcee', 'vigra', 'dtaidistance', 'mars', 'neuraltalk2', 'jax', 'scikit-survival', 'pytorch-frame', 'streamlit', 'mlxtend', 'cortex', 'DeepPavlov', 'alibi-detect', 'gradio', 'xlearn', 'langfuse', 'DI-engine', 'pyss3', 'DIGITS', 'LightGBM', 'CoreNLP', 'yalign', 'determined', 'deeplake', 'blaze', 'somoclu', 'xcessiv', 'matplotlib', 'tensorflow', 'PySyft', 'haystack', 'mlens', 'retro', 'machine-learning', 'gensim', 'neuropredict', 'feast', 'rasa', 'loso', 'lab', 'mindsdb', 'dowel', 'nut', 'retinaface', 'ViZDoom', 'neuraltalk', 'optuna', 'open-webui', 'NeuroNER', 'deepface', 'statsmodels', 'jProcessing', 'typer', 'python-recsys', 'textacy', 'ggpy', 'cornac', 'spaCy', 'langflow', 'igel', 'keras-tuner', 'Metaworld', 'aim', 'pynlpl', 'ray', 'cltk', 'recommenders', 'seaborn', 'evidently', 'deepchecks', 'garage', 'hebel', 'jieba', 'catalyst', 'pytensor', 'lambdo', 'prodmodel', 'zpar', 'polyglot', 'scikit-learn-intelex', 'scikit-image', 'pytorch-lightning', 'colibri-core', 'bolt']"
5,base,59,Improper Link Resolution Before File Access ('Link Following'),5,7024,"['tpot', 'neural-style-pt', 'chainer', 'skorch', 'pybrain', 'bokeh', 'autogluon', 'pytorch_geometric', 'pkuseg-python', 'open-metric-learning', 'detectron2', 'nilearn', 'mljar-supervised', 'altair', 'pyqtgraph', 'bentoml', 'caffe', 'river', 'numpy', 'CompreFace', 'FEDOT', 'sktime', 'PyTorchCV', 'pytorch-image-models', 'pebl', 'bigartm', 'BioPy', 'python-timbl', 'lightwood', 'mlx', 'zipline', 'pgmpy', 'Petrel', 'mlflow', 'DrQA', 'Parris', 'scikit-learn', 'pytorch', 'SynapseML', 'superset', 'transformers', 'ColossalAI', 'vispy', 'joliGEN', 'danswerai', 'shogun', 'Spearmint', 'xgboost', 'rosetta', 'catboost', 'dash', 'tesseract', 'stellargraph', 'maze', 'cleanlab', 'lightly', 'pymc', 'scikit-opt', 'deeppy', 'Gymnasium', 'skll', 'emcee', 'vigra', 'dtaidistance', 'mars', 'neuraltalk2', 'jax', 'scikit-survival', 'pytorch-frame', 'streamlit', 'mlxtend', 'cortex', 'DeepPavlov', 'alibi-detect', 'gradio', 'xlearn', 'langfuse', 'DI-engine', 'pyss3', 'DIGITS', 'LightGBM', 'CoreNLP', 'yalign', 'determined', 'deeplake', 'blaze', 'somoclu', 'xcessiv', 'matplotlib', 'tensorflow', 'PySyft', 'haystack', 'mlens', 'retro', 'machine-learning', 'gensim', 'neuropredict', 'feast', 'rasa', 'loso', 'lab', 'mindsdb', 'dowel', 'nut', 'retinaface', 'ViZDoom', 'neuraltalk', 'optuna', 'open-webui', 'NeuroNER', 'deepface', 'statsmodels', 'jProcessing', 'typer', 'python-recsys', 'textacy', 'ggpy', 'cornac', 'spaCy', 'langflow', 'igel', 'keras-tuner', 'Metaworld', 'aim', 'pynlpl', 'ray', 'cltk', 'recommenders', 'seaborn', 'evidently', 'deepchecks', 'garage', 'hebel', 'jieba', 'catalyst', 'pytensor', 'lambdo', 'prodmodel', 'zpar', 'polyglot', 'scikit-learn-intelex', 'scikit-image', 'pytorch-lightning', 'colibri-core', 'bolt']"
6,base,73,External Control of File Name or Path,109,7115,"['danswerai', 'DIGITS', 'open-webui', 'fastapi', 'bokeh', 'nalp', 'spammy', 'ViZDoom', 'langflow', 'PySyft', 'numpy', 'lightly', 'retro', 'ray', 'pydantic', 'pytensor', 'mlflow', 'pytorch', 'streamlit', 'feast', 'rasa', 'mindsdb', 'superset', 'gradio', 'transformers', 'pattern', 'AutoViz', 'Auto_ViML', 'danswerai', 'DIGITS', 'open-webui', 'fastapi', 'bokeh', 'nalp', 'spammy', 'ViZDoom', 'langflow', 'PySyft', 'numpy', 'lightly', 'retro', 'ray', 'pydantic', 'pytensor', 'mlflow', 'pytorch', 'streamlit', 'feast', 'rasa', 'mindsdb', 'superset', 'gradio', 'transformers', 'pattern', 'AutoViz', 'Auto_ViML', 'danswerai', 'DIGITS', 'open-webui', 'fastapi', 'bokeh', 'nalp', 'spammy', 'ViZDoom', 'langflow', 'PySyft', 'numpy', 'lightly', 'retro', 'ray', 'pydantic', 'pytensor', 'mlflow', 'pytorch', 'streamlit', 'feast', 'rasa', 'mindsdb', 'superset', 'gradio', 'transformers', 'pattern', 'AutoViz', 'Auto_ViML', 'danswerai', 'DIGITS', 'open-webui', 'fastapi', 'bokeh', 'nalp', 'spammy', 'ViZDoom', 'langflow', 'PySyft', 'numpy', 'lightly', 'retro', 'ray', 'pydantic', 'pytensor', 'mlflow', 'pytorch', 'streamlit', 'feast', 'rasa', 'mindsdb', 'superset', 'gradio', 'transformers', 'pattern', 'AutoViz', 'Auto_ViML', 'danswerai', 'DIGITS', 'open-webui', 'fastapi', 'bokeh', 'nalp', 'spammy', 'ViZDoom', 'langflow', 'PySyft', 'numpy', 'lightly', 'retro', 'ray', 'pydantic', 'pytensor', 'mlflow', 'pytorch', 'streamlit', 'feast', 'rasa', 'mindsdb', 'superset', 'gradio', 'transformers', 'pattern', 'AutoViz', 'Auto_ViML', 'tpot', 'neural-style-pt', 'chainer', 'skorch', 'pybrain', 'bokeh', 'autogluon', 'pytorch_geometric', 'pkuseg-python', 'open-metric-learning', 'detectron2', 'nilearn', 'mljar-supervised', 'altair', 'pyqtgraph', 'bentoml', 'caffe', 'river', 'numpy', 'CompreFace', 'FEDOT', 'sktime', 'PyTorchCV', 'pytorch-image-models', 'pebl', 'bigartm', 'BioPy', 'python-timbl', 'lightwood', 'mlx', 'zipline', 'pgmpy', 'Petrel', 'mlflow', 'DrQA', 'Parris', 'scikit-learn', 'pytorch', 'SynapseML', 'superset', 'transformers', 'ColossalAI', 'vispy', 'joliGEN', 'danswerai', 'shogun', 'Spearmint', 'xgboost', 'rosetta', 'catboost', 'dash', 'tesseract', 'stellargraph', 'maze', 'cleanlab', 'lightly', 'pymc', 'scikit-opt', 'deeppy', 'Gymnasium', 'skll', 'emcee', 'vigra', 'dtaidistance', 'mars', 'neuraltalk2', 'jax', 'scikit-survival', 'pytorch-frame', 'streamlit', 'mlxtend', 'cortex', 'DeepPavlov', 'alibi-detect', 'gradio', 'xlearn', 'langfuse', 'DI-engine', 'pyss3', 'DIGITS', 'LightGBM', 'CoreNLP', 'yalign', 'determined', 'deeplake', 'blaze', 'somoclu', 'xcessiv', 'matplotlib', 'tensorflow', 'PySyft', 'haystack', 'mlens', 'retro', 'machine-learning', 'gensim', 'neuropredict', 'feast', 'rasa', 'loso', 'lab', 'mindsdb', 'dowel', 'nut', 'retinaface', 'ViZDoom', 'neuraltalk', 'optuna', 'open-webui', 'NeuroNER', 'deepface', 'statsmodels', 'jProcessing', 'typer', 'python-recsys', 'textacy', 'ggpy', 'cornac', 'spaCy', 'langflow', 'igel', 'keras-tuner', 'Metaworld', 'aim', 'pynlpl', 'ray', 'cltk', 'recommenders', 'seaborn', 'evidently', 'deepchecks', 'garage', 'hebel', 'jieba', 'catalyst', 'pytensor', 'lambdo', 'prodmodel', 'zpar', 'polyglot', 'scikit-learn-intelex', 'scikit-image', 'pytorch-lightning', 'colibri-core', 'bolt']"
7,base,78,Improper Neutralization of Special Elements used in an OS Command ('OS Command Injection'),14,8,"['feast', 'DIGITS', 'superset', 'dl-translate', 'DI-engine', 'ray']"
8,base,79,Improper Neutralization of Input During Web Page Generation ('Cross-site Scripting'),18,16,"['feast', 'DIGITS', 'superset', 'dl-translate', 'DI-engine', 'ray', 'feast', 'DIGITS', 'superset', 'dl-translate', 'DI-engine', 'ray']"
9,base,88,Improper Neutralization of Argument Delimiters in a Command ('Argument Injection'),16,8,"['feast', 'DIGITS', 'superset', 'dl-translate', 'DI-engine', 'ray']"
10,base,89,Improper Neutralization of Special Elements used in an SQL Command ('SQL Injection'),18,10,"['feast', 'DIGITS', 'superset', 'dl-translate', 'DI-engine', 'ray', 'machine-learning']"
11,base,90,Improper Neutralization of Special Elements used in an LDAP Query ('LDAP Injection'),2,2,['machine-learning']
12,base,91,XML Injection (aka Blind XPath Injection),22,16,"['feast', 'DIGITS', 'superset', 'dl-translate', 'DI-engine', 'ray', 'feast', 'DIGITS', 'superset', 'dl-translate', 'DI-engine', 'ray']"
13,base,93,Improper Neutralization of CRLF Sequences ('CRLF Injection'),5,8,"['feast', 'DIGITS', 'superset', 'dl-translate', 'DI-engine', 'ray']"
14,base,94,Improper Control of Generation of Code ('Code Injection'),25,148,"['feast', 'DIGITS', 'superset', 'dl-translate', 'DI-engine', 'ray', 'feast', 'DIGITS', 'superset', 'dl-translate', 'DI-engine', 'ray', 'couler', 'DIGITS', 'tpot', 'open-webui', 'chainer', 'pybrain', 'statsmodels', 'catboost', 'ggpy', 'dash', 'cornac', 'rgf', 'pyqtgraph', 'tensorflow', 'stellargraph', 'cleanlab', 'numpy', 'FEDOT', 'bytehub', 'segmentation_models', 'pebl', 'deeppy', 'bigartm', 'scikit-multiflow', 'recommenders', 'seaborn', 'nupic.studio', 'vigra', 'gan', 'python-timbl', 'notebook', 'pyod', 'catalyst', 'rockpool', 'metric-learn', 'lambdo', 'pytorch', 'zpar', 'streamlit', 'alibi', 'annoy', 'mist', 'scikit-image', 'DeepPavlov', 'breze', 'superset', 'imbalanced-ensemble', 'alibi-detect', 'mindsdb', 'xlearn', 'snips-nlu', 'lifelines', 'ColossalAI', 'DI-engine']"
15,base,96,Improper Neutralization of Directives in Statically Saved Code ('Static Code Injection'),3,132,"['couler', 'DIGITS', 'tpot', 'open-webui', 'chainer', 'pybrain', 'statsmodels', 'catboost', 'ggpy', 'dash', 'cornac', 'rgf', 'pyqtgraph', 'tensorflow', 'stellargraph', 'cleanlab', 'numpy', 'FEDOT', 'bytehub', 'segmentation_models', 'pebl', 'deeppy', 'bigartm', 'scikit-multiflow', 'recommenders', 'seaborn', 'nupic.studio', 'vigra', 'gan', 'python-timbl', 'notebook', 'pyod', 'catalyst', 'rockpool', 'metric-learn', 'lambdo', 'pytorch', 'zpar', 'streamlit', 'alibi', 'annoy', 'mist', 'scikit-image', 'DeepPavlov', 'breze', 'superset', 'imbalanced-ensemble', 'alibi-detect', 'mindsdb', 'xlearn', 'snips-nlu', 'lifelines', 'ColossalAI', 'DI-engine']"
16,base,112,Missing XML Validation,160,91,"['danswerai', 'DIGITS', 'open-webui', 'fastapi', 'bokeh', 'nalp', 'spammy', 'ViZDoom', 'langflow', 'PySyft', 'numpy', 'lightly', 'retro', 'ray', 'pydantic', 'pytensor', 'mlflow', 'pytorch', 'streamlit', 'feast', 'rasa', 'mindsdb', 'superset', 'gradio', 'transformers', 'pattern', 'AutoViz', 'Auto_ViML', 'danswerai', 'DIGITS', 'open-webui', 'fastapi', 'bokeh', 'nalp', 'spammy', 'ViZDoom', 'langflow', 'PySyft', 'numpy', 'lightly', 'retro', 'ray', 'pydantic', 'pytensor', 'mlflow', 'pytorch', 'streamlit', 'feast', 'rasa', 'mindsdb', 'superset', 'gradio', 'transformers', 'pattern', 'AutoViz', 'Auto_ViML', 'danswerai', 'DIGITS', 'open-webui', 'fastapi', 'bokeh', 'nalp', 'spammy', 'ViZDoom', 'langflow', 'PySyft', 'numpy', 'lightly', 'retro', 'ray', 'pydantic', 'pytensor', 'mlflow', 'pytorch', 'streamlit', 'feast', 'rasa', 'mindsdb', 'superset', 'gradio', 'transformers', 'pattern', 'AutoViz', 'Auto_ViML', 'danswerai', 'DIGITS', 'open-webui', 'fastapi', 'bokeh', 'nalp', 'spammy', 'ViZDoom', 'langflow', 'PySyft', 'numpy', 'lightly', 'retro', 'ray', 'pydantic', 'pytensor', 'mlflow', 'pytorch', 'streamlit', 'feast', 'rasa', 'mindsdb', 'superset', 'gradio', 'transformers', 'pattern', 'AutoViz', 'Auto_ViML', 'danswerai', 'DIGITS', 'open-webui', 'fastapi', 'bokeh', 'nalp', 'spammy', 'ViZDoom', 'langflow', 'PySyft', 'numpy', 'lightly', 'retro', 'ray', 'pydantic', 'pytensor', 'mlflow', 'pytorch', 'streamlit', 'feast', 'rasa', 'mindsdb', 'superset', 'gradio', 'transformers', 'pattern', 'AutoViz', 'Auto_ViML']"
17,base,117,Improper Output Neutralization for Logs,178,256,"['danswerai', 'DIGITS', 'open-webui', 'fastapi', 'bokeh', 'nalp', 'spammy', 'ViZDoom', 'langflow', 'PySyft', 'numpy', 'lightly', 'retro', 'ray', 'pydantic', 'pytensor', 'mlflow', 'pytorch', 'streamlit', 'feast', 'rasa', 'mindsdb', 'superset', 'gradio', 'transformers', 'pattern', 'AutoViz', 'Auto_ViML', 'danswerai', 'DIGITS', 'open-webui', 'fastapi', 'bokeh', 'nalp', 'spammy', 'ViZDoom', 'langflow', 'PySyft', 'numpy', 'lightly', 'retro', 'ray', 'pydantic', 'pytensor', 'mlflow', 'pytorch', 'streamlit', 'feast', 'rasa', 'mindsdb', 'superset', 'gradio', 'transformers', 'pattern', 'AutoViz', 'Auto_ViML', 'couler', 'DIGITS', 'tpot', 'open-webui', 'chainer', 'pybrain', 'deepface', 'statsmodels', 'catboost', 'ggpy', 'dash', 'cornac', 'rgf', 'pyqtgraph', 'tensorflow', 'stellargraph', 'cleanlab', 'numpy', 'FEDOT', 'bytehub', 'PyTorchCV', 'segmentation_models', 'pebl', 'machine-learning', 'deeppy', 'bigartm', 'scikit-multiflow', 'recommenders', 'seaborn', 'nupic.studio', 'vigra', 'gan', 'python-timbl', 'notebook', 'pyod', 'catalyst', 'rockpool', 'mars', 'mlflow', 'metric-learn', 'lambdo', 'pytorch', 'zpar', 'streamlit', 'alibi', 'annoy', 'feast', 'bowtie', 'scikit-image', 'mist', 'DeepPavlov', 'breze', 'superset', 'imbalanced-ensemble', 'alibi-detect', 'mindsdb', 'xlearn', 'snips-nlu', 'transformers', 'lifelines', 'ColossalAI', 'DI-engine', 'danswerai', 'DIGITS', 'open-webui', 'fastapi', 'bokeh', 'nalp', 'spammy', 'ViZDoom', 'langflow', 'PySyft', 'numpy', 'lightly', 'retro', 'ray', 'pydantic', 'pytensor', 'mlflow', 'pytorch', 'streamlit', 'feast', 'rasa', 'mindsdb', 'superset', 'gradio', 'transformers', 'pattern', 'AutoViz', 'Auto_ViML', 'couler', 'DIGITS', 'tpot', 'open-webui', 'chainer', 'pybrain', 'deepface', 'statsmodels', 'catboost', 'ggpy', 'dash', 'cornac', 'rgf', 'pyqtgraph', 'tensorflow', 'stellargraph', 'cleanlab', 'numpy', 'FEDOT', 'bytehub', 'PyTorchCV', 'segmentation_models', 'pebl', 'machine-learning', 'deeppy', 'bigartm', 'scikit-multiflow', 'recommenders', 'seaborn', 'nupic.studio', 'vigra', 'gan', 'python-timbl', 'notebook', 'pyod', 'catalyst', 'rockpool', 'mars', 'mlflow', 'metric-learn', 'lambdo', 'pytorch', 'zpar', 'streamlit', 'alibi', 'annoy', 'feast', 'bowtie', 'scikit-image', 'mist', 'DeepPavlov', 'breze', 'superset', 'imbalanced-ensemble', 'alibi-detect', 'mindsdb', 'xlearn', 'snips-nlu', 'transformers', 'lifelines', 'ColossalAI', 'DI-engine', 'danswerai', 'DIGITS', 'open-webui', 'fastapi', 'bokeh', 'nalp', 'spammy', 'ViZDoom', 'langflow', 'PySyft', 'numpy', 'lightly', 'retro', 'ray', 'pydantic', 'pytensor', 'mlflow', 'pytorch', 'streamlit', 'feast', 'rasa', 'mindsdb', 'superset', 'gradio', 'transformers', 'pattern', 'AutoViz', 'Auto_ViML', 'danswerai', 'DIGITS', 'open-webui', 'fastapi', 'bokeh', 'nalp', 'spammy', 'ViZDoom', 'langflow', 'PySyft', 'numpy', 'lightly', 'retro', 'ray', 'pydantic', 'pytensor', 'mlflow', 'pytorch', 'streamlit', 'feast', 'rasa', 'mindsdb', 'superset', 'gradio', 'transformers', 'pattern', 'AutoViz', 'Auto_ViML', 'couler', 'DIGITS', 'tpot', 'open-webui', 'chainer', 'pybrain', 'deepface', 'statsmodels', 'catboost', 'ggpy', 'dash', 'cornac', 'rgf', 'pyqtgraph', 'tensorflow', 'stellargraph', 'cleanlab', 'numpy', 'FEDOT', 'bytehub', 'PyTorchCV', 'segmentation_models', 'pebl', 'machine-learning', 'deeppy', 'bigartm', 'scikit-multiflow', 'recommenders', 'seaborn', 'nupic.studio', 'vigra', 'gan', 'python-timbl', 'notebook', 'pyod', 'catalyst', 'rockpool', 'mars', 'mlflow', 'metric-learn', 'lambdo', 'pytorch', 'zpar', 'streamlit', 'alibi', 'annoy', 'feast', 'bowtie', 'scikit-image', 'mist', 'DeepPavlov', 'breze', 'superset', 'imbalanced-ensemble', 'alibi-detect', 'mindsdb', 'xlearn', 'snips-nlu', 'transformers', 'lifelines', 'ColossalAI', 'DI-engine']"
18,base,120,Buffer Copy without Checking Size of Input ('Classic Buffer Overflow'),185,91,"['danswerai', 'DIGITS', 'open-webui', 'fastapi', 'bokeh', 'nalp', 'spammy', 'ViZDoom', 'langflow', 'PySyft', 'numpy', 'lightly', 'retro', 'ray', 'pydantic', 'pytensor', 'mlflow', 'pytorch', 'streamlit', 'feast', 'rasa', 'mindsdb', 'superset', 'gradio', 'transformers', 'pattern', 'AutoViz', 'Auto_ViML', 'danswerai', 'DIGITS', 'open-webui', 'fastapi', 'bokeh', 'nalp', 'spammy', 'ViZDoom', 'langflow', 'PySyft', 'numpy', 'lightly', 'retro', 'ray', 'pydantic', 'pytensor', 'mlflow', 'pytorch', 'streamlit', 'feast', 'rasa', 'mindsdb', 'superset', 'gradio', 'transformers', 'pattern', 'AutoViz', 'Auto_ViML', 'danswerai', 'DIGITS', 'open-webui', 'fastapi', 'bokeh', 'nalp', 'spammy', 'ViZDoom', 'langflow', 'PySyft', 'numpy', 'lightly', 'retro', 'ray', 'pydantic', 'pytensor', 'mlflow', 'pytorch', 'streamlit', 'feast', 'rasa', 'mindsdb', 'superset', 'gradio', 'transformers', 'pattern', 'AutoViz', 'Auto_ViML', 'danswerai', 'DIGITS', 'open-webui', 'fastapi', 'bokeh', 'nalp', 'spammy', 'ViZDoom', 'langflow', 'PySyft', 'numpy', 'lightly', 'retro', 'ray', 'pydantic', 'pytensor', 'mlflow', 'pytorch', 'streamlit', 'feast', 'rasa', 'mindsdb', 'superset', 'gradio', 'transformers', 'pattern', 'AutoViz', 'Auto_ViML', 'danswerai', 'DIGITS', 'open-webui', 'fastapi', 'bokeh', 'nalp', 'spammy', 'ViZDoom', 'langflow', 'PySyft', 'numpy', 'lightly', 'retro', 'ray', 'pydantic', 'pytensor', 'mlflow', 'pytorch', 'streamlit', 'feast', 'rasa', 'mindsdb', 'superset', 'gradio', 'transformers', 'pattern', 'AutoViz', 'Auto_ViML']"
19,base,134,Use of Externally-Controlled Format String,190,91,"['danswerai', 'DIGITS', 'open-webui', 'fastapi', 'bokeh', 'nalp', 'spammy', 'ViZDoom', 'langflow', 'PySyft', 'numpy', 'lightly', 'retro', 'ray', 'pydantic', 'pytensor', 'mlflow', 'pytorch', 'streamlit', 'feast', 'rasa', 'mindsdb', 'superset', 'gradio', 'transformers', 'pattern', 'AutoViz', 'Auto_ViML', 'danswerai', 'DIGITS', 'open-webui', 'fastapi', 'bokeh', 'nalp', 'spammy', 'ViZDoom', 'langflow', 'PySyft', 'numpy', 'lightly', 'retro', 'ray', 'pydantic', 'pytensor', 'mlflow', 'pytorch', 'streamlit', 'feast', 'rasa', 'mindsdb', 'superset', 'gradio', 'transformers', 'pattern', 'AutoViz', 'Auto_ViML', 'danswerai', 'DIGITS', 'open-webui', 'fastapi', 'bokeh', 'nalp', 'spammy', 'ViZDoom', 'langflow', 'PySyft', 'numpy', 'lightly', 'retro', 'ray', 'pydantic', 'pytensor', 'mlflow', 'pytorch', 'streamlit', 'feast', 'rasa', 'mindsdb', 'superset', 'gradio', 'transformers', 'pattern', 'AutoViz', 'Auto_ViML', 'danswerai', 'DIGITS', 'open-webui', 'fastapi', 'bokeh', 'nalp', 'spammy', 'ViZDoom', 'langflow', 'PySyft', 'numpy', 'lightly', 'retro', 'ray', 'pydantic', 'pytensor', 'mlflow', 'pytorch', 'streamlit', 'feast', 'rasa', 'mindsdb', 'superset', 'gradio', 'transformers', 'pattern', 'AutoViz', 'Auto_ViML', 'danswerai', 'DIGITS', 'open-webui', 'fastapi', 'bokeh', 'nalp', 'spammy', 'ViZDoom', 'langflow', 'PySyft', 'numpy', 'lightly', 'retro', 'ray', 'pydantic', 'pytensor', 'mlflow', 'pytorch', 'streamlit', 'feast', 'rasa', 'mindsdb', 'superset', 'gradio', 'transformers', 'pattern', 'AutoViz', 'Auto_ViML']"
20,base,170,Improper Null Termination,195,91,"['danswerai', 'DIGITS', 'open-webui', 'fastapi', 'bokeh', 'nalp', 'spammy', 'ViZDoom', 'langflow', 'PySyft', 'numpy', 'lightly', 'retro', 'ray', 'pydantic', 'pytensor', 'mlflow', 'pytorch', 'streamlit', 'feast', 'rasa', 'mindsdb', 'superset', 'gradio', 'transformers', 'pattern', 'AutoViz', 'Auto_ViML', 'danswerai', 'DIGITS', 'open-webui', 'fastapi', 'bokeh', 'nalp', 'spammy', 'ViZDoom', 'langflow', 'PySyft', 'numpy', 'lightly', 'retro', 'ray', 'pydantic', 'pytensor', 'mlflow', 'pytorch', 'streamlit', 'feast', 'rasa', 'mindsdb', 'superset', 'gradio', 'transformers', 'pattern', 'AutoViz', 'Auto_ViML', 'danswerai', 'DIGITS', 'open-webui', 'fastapi', 'bokeh', 'nalp', 'spammy', 'ViZDoom', 'langflow', 'PySyft', 'numpy', 'lightly', 'retro', 'ray', 'pydantic', 'pytensor', 'mlflow', 'pytorch', 'streamlit', 'feast', 'rasa', 'mindsdb', 'superset', 'gradio', 'transformers', 'pattern', 'AutoViz', 'Auto_ViML', 'danswerai', 'DIGITS', 'open-webui', 'fastapi', 'bokeh', 'nalp', 'spammy', 'ViZDoom', 'langflow', 'PySyft', 'numpy', 'lightly', 'retro', 'ray', 'pydantic', 'pytensor', 'mlflow', 'pytorch', 'streamlit', 'feast', 'rasa', 'mindsdb', 'superset', 'gradio', 'transformers', 'pattern', 'AutoViz', 'Auto_ViML', 'danswerai', 'DIGITS', 'open-webui', 'fastapi', 'bokeh', 'nalp', 'spammy', 'ViZDoom', 'langflow', 'PySyft', 'numpy', 'lightly', 'retro', 'ray', 'pydantic', 'pytensor', 'mlflow', 'pytorch', 'streamlit', 'feast', 'rasa', 'mindsdb', 'superset', 'gradio', 'transformers', 'pattern', 'AutoViz', 'Auto_ViML']"
21,base,179,Incorrect Behavior Order: Early Validation,5,91,"['danswerai', 'DIGITS', 'open-webui', 'fastapi', 'bokeh', 'nalp', 'spammy', 'ViZDoom', 'langflow', 'PySyft', 'numpy', 'lightly', 'retro', 'ray', 'pydantic', 'pytensor', 'mlflow', 'pytorch', 'streamlit', 'feast', 'rasa', 'mindsdb', 'superset', 'gradio', 'transformers', 'pattern', 'AutoViz', 'Auto_ViML', 'danswerai', 'DIGITS', 'open-webui', 'fastapi', 'bokeh', 'nalp', 'spammy', 'ViZDoom', 'langflow', 'PySyft', 'numpy', 'lightly', 'retro', 'ray', 'pydantic', 'pytensor', 'mlflow', 'pytorch', 'streamlit', 'feast', 'rasa', 'mindsdb', 'superset', 'gradio', 'transformers', 'pattern', 'AutoViz', 'Auto_ViML', 'danswerai', 'DIGITS', 'open-webui', 'fastapi', 'bokeh', 'nalp', 'spammy', 'ViZDoom', 'langflow', 'PySyft', 'numpy', 'lightly', 'retro', 'ray', 'pydantic', 'pytensor', 'mlflow', 'pytorch', 'streamlit', 'feast', 'rasa', 'mindsdb', 'superset', 'gradio', 'transformers', 'pattern', 'AutoViz', 'Auto_ViML', 'danswerai', 'DIGITS', 'open-webui', 'fastapi', 'bokeh', 'nalp', 'spammy', 'ViZDoom', 'langflow', 'PySyft', 'numpy', 'lightly', 'retro', 'ray', 'pydantic', 'pytensor', 'mlflow', 'pytorch', 'streamlit', 'feast', 'rasa', 'mindsdb', 'superset', 'gradio', 'transformers', 'pattern', 'AutoViz', 'Auto_ViML', 'danswerai', 'DIGITS', 'open-webui', 'fastapi', 'bokeh', 'nalp', 'spammy', 'ViZDoom', 'langflow', 'PySyft', 'numpy', 'lightly', 'retro', 'ray', 'pydantic', 'pytensor', 'mlflow', 'pytorch', 'streamlit', 'feast', 'rasa', 'mindsdb', 'superset', 'gradio', 'transformers', 'pattern', 'AutoViz', 'Auto_ViML']"
22,base,182,Collapse of Data into Unsafe Value,3,3,"['transformers', 'superset']"
23,base,184,Incomplete List of Disallowed Inputs,11,330,"['danswerai', 'DIGITS', 'shogun', 'Spearmint', 'rep', 'open-webui', 'bokeh', 'determined', 'deeplake', 'blaze', 'statsmodels', 'xgboost', 'catboost', 'typer', 'dash', 'open-metric-learning', 'detectron2', 'nilearn', 'matplotlib', 'langflow', 'pyqtgraph', 'bentoml', 'tensorflow', 'altair', 'aim', 'numpy', 'mlens', 'retro', 'pynlpl', 'pytorch-image-models', 'deeppy', 'bigartm', 'gensim', 'ray', 'skll', 'PyStanfordDependencies', 'pydantic', 'zipline', 'mars', 'catalyst', 'jax', 'mlflow', 'pytorch', 'streamlit', 'rasa', 'cortex', 'mist', 'scikit-learn-intelex', 'scikit-image', 'loso', 'mindsdb', 'superset', 'pytorch-lightning', 'gradio', 'transformers', 'DI-engine', 'ViZDoom', 'neuraltalk', 'colibri-core', 'cornac', 'feast', 'bowtie', 'DIGITS', 'mindsdb', 'mars', 'deepface', 'mlflow', 'PyTorchCV', 'machine-learning']"
24,base,186,Overly Restrictive Regular Expression,1,3,"['transformers', 'superset']"
25,base,190,Integer Overflow or Wraparound,200,91,"['danswerai', 'DIGITS', 'open-webui', 'fastapi', 'bokeh', 'nalp', 'spammy', 'ViZDoom', 'langflow', 'PySyft', 'numpy', 'lightly', 'retro', 'ray', 'pydantic', 'pytensor', 'mlflow', 'pytorch', 'streamlit', 'feast', 'rasa', 'mindsdb', 'superset', 'gradio', 'transformers', 'pattern', 'AutoViz', 'Auto_ViML', 'danswerai', 'DIGITS', 'open-webui', 'fastapi', 'bokeh', 'nalp', 'spammy', 'ViZDoom', 'langflow', 'PySyft', 'numpy', 'lightly', 'retro', 'ray', 'pydantic', 'pytensor', 'mlflow', 'pytorch', 'streamlit', 'feast', 'rasa', 'mindsdb', 'superset', 'gradio', 'transformers', 'pattern', 'AutoViz', 'Auto_ViML', 'danswerai', 'DIGITS', 'open-webui', 'fastapi', 'bokeh', 'nalp', 'spammy', 'ViZDoom', 'langflow', 'PySyft', 'numpy', 'lightly', 'retro', 'ray', 'pydantic', 'pytensor', 'mlflow', 'pytorch', 'streamlit', 'feast', 'rasa', 'mindsdb', 'superset', 'gradio', 'transformers', 'pattern', 'AutoViz', 'Auto_ViML', 'danswerai', 'DIGITS', 'open-webui', 'fastapi', 'bokeh', 'nalp', 'spammy', 'ViZDoom', 'langflow', 'PySyft', 'numpy', 'lightly', 'retro', 'ray', 'pydantic', 'pytensor', 'mlflow', 'pytorch', 'streamlit', 'feast', 'rasa', 'mindsdb', 'superset', 'gradio', 'transformers', 'pattern', 'AutoViz', 'Auto_ViML', 'danswerai', 'DIGITS', 'open-webui', 'fastapi', 'bokeh', 'nalp', 'spammy', 'ViZDoom', 'langflow', 'PySyft', 'numpy', 'lightly', 'retro', 'ray', 'pydantic', 'pytensor', 'mlflow', 'pytorch', 'streamlit', 'feast', 'rasa', 'mindsdb', 'superset', 'gradio', 'transformers', 'pattern', 'AutoViz', 'Auto_ViML']"
26,base,201,Insertion of Sensitive Information Into Sent Data,1,59,"['LightGBM', 'bokeh', 'determined', 'catboost', 'pytorch_geometric', 'open-metric-learning', 'detectron2', 'spaCy', 'langflow', 'bentoml', 'aim', 'sinabs', 'ray', 'gan', 'jax', 'mlflow', 'streamlit', 'pytorch-lightning', 'gradio', 'transformers', 'ColossalAI', 'pyss3']"
27,base,203,Observable Discrepancy,18,118,"['LightGBM', 'bokeh', 'determined', 'catboost', 'pytorch_geometric', 'open-metric-learning', 'detectron2', 'spaCy', 'langflow', 'bentoml', 'aim', 'sinabs', 'ray', 'gan', 'jax', 'mlflow', 'streamlit', 'pytorch-lightning', 'gradio', 'transformers', 'ColossalAI', 'pyss3', 'LightGBM', 'bokeh', 'determined', 'catboost', 'pytorch_geometric', 'open-metric-learning', 'detectron2', 'spaCy', 'langflow', 'bentoml', 'aim', 'sinabs', 'ray', 'gan', 'jax', 'mlflow', 'streamlit', 'pytorch-lightning', 'gradio', 'transformers', 'ColossalAI', 'pyss3']"
28,base,208,Observable Timing Discrepancy,18,15,"['streamlit', 'danswerai', 'couler', 'langflow', 'open-webui', 'gradio', 'lightly', 'mars', 'determined', 'mlflow', 'streamlit', 'danswerai', 'couler', 'langflow', 'open-webui', 'gradio', 'lightly', 'mars', 'determined', 'mlflow', 'streamlit', 'danswerai', 'couler', 'langflow', 'open-webui', 'gradio', 'lightly', 'mars', 'determined', 'mlflow']"
29,base,209,Generation of Error Message Containing Sensitive Information,20,118,"['LightGBM', 'bokeh', 'determined', 'catboost', 'pytorch_geometric', 'open-metric-learning', 'detectron2', 'spaCy', 'langflow', 'bentoml', 'aim', 'sinabs', 'ray', 'gan', 'jax', 'mlflow', 'streamlit', 'pytorch-lightning', 'gradio', 'transformers', 'ColossalAI', 'pyss3', 'LightGBM', 'bokeh', 'determined', 'catboost', 'pytorch_geometric', 'open-metric-learning', 'detectron2', 'spaCy', 'langflow', 'bentoml', 'aim', 'sinabs', 'ray', 'gan', 'jax', 'mlflow', 'streamlit', 'pytorch-lightning', 'gradio', 'transformers', 'ColossalAI', 'pyss3']"
30,base,210,Self-generated Error Message Containing Sensitive Information,2,88,"['danswerai', 'feast', 'DIGITS', 'langflow', 'open-webui', 'PySyft', 'superset', 'mindsdb', 'gradio', 'aim', 'deepface', 'blaze', 'mlflow', 'ColossalAI', 'joliGEN', 'machine-learning', 'dash', 'ray']"
31,base,211,Externally-Generated Error Message Containing Sensitive Information,3,88,"['danswerai', 'feast', 'DIGITS', 'langflow', 'open-webui', 'PySyft', 'superset', 'mindsdb', 'gradio', 'aim', 'deepface', 'blaze', 'mlflow', 'ColossalAI', 'joliGEN', 'machine-learning', 'dash', 'ray']"
32,base,213,Exposure of Sensitive Information Due to Incompatible Policies,4,59,"['LightGBM', 'bokeh', 'determined', 'catboost', 'pytorch_geometric', 'open-metric-learning', 'detectron2', 'spaCy', 'langflow', 'bentoml', 'aim', 'sinabs', 'ray', 'gan', 'jax', 'mlflow', 'streamlit', 'pytorch-lightning', 'gradio', 'transformers', 'ColossalAI', 'pyss3']"
33,base,214,Invocation of Process Using Visible Sensitive Information,1,88,"['danswerai', 'feast', 'DIGITS', 'langflow', 'open-webui', 'PySyft', 'superset', 'mindsdb', 'gradio', 'aim', 'deepface', 'blaze', 'mlflow', 'ColossalAI', 'joliGEN', 'machine-learning', 'dash', 'ray']"
34,base,215,Insertion of Sensitive Information Into Debugging Code,7,65,"['LightGBM', 'bokeh', 'determined', 'catboost', 'pytorch_geometric', 'open-metric-learning', 'detectron2', 'spaCy', 'langflow', 'bentoml', 'aim', 'sinabs', 'ray', 'gan', 'jax', 'mlflow', 'streamlit', 'pytorch-lightning', 'gradio', 'transformers', 'ColossalAI', 'pyss3', 'caffe', 'CompreFace', 'bokeh', 'xcessiv', 'face_recognition']"
35,base,296,Improper Following of a Certificate's Chain of Trust,1,1,['ray']
36,base,299,Improper Check for Certificate Revocation,4,1,['ray']
37,base,301,Reflection Attack in an Authentication Protocol,12,15,"['streamlit', 'danswerai', 'couler', 'langflow', 'open-webui', 'gradio', 'lightly', 'mars', 'determined', 'mlflow', 'streamlit', 'danswerai', 'couler', 'langflow', 'open-webui', 'gradio', 'lightly', 'mars', 'determined', 'mlflow', 'streamlit', 'danswerai', 'couler', 'langflow', 'open-webui', 'gradio', 'lightly', 'mars', 'determined', 'mlflow']"
38,base,312,Cleartext Storage of Sensitive Information,0,12,"['feast', 'Neural', 'bentoml', 'langflow', 'mindsdb', 'gradio', 'mlflow', 'ray']"
39,base,319,Cleartext Transmission of Sensitive Information,0,2,['DIGITS']
40,base,322,Key Exchange without Entity Authentication,6,1,['ray']
41,base,328,Use of Weak Hash,3,26,"['streamlit', 'danswerai', 'couler', 'langflow', 'open-webui', 'gradio', 'lightly', 'mars', 'determined', 'mlflow', 'streamlit', 'danswerai', 'couler', 'langflow', 'gradio', 'mars', 'determined', 'mlflow', 'streamlit', 'danswerai', 'couler', 'langflow', 'open-webui', 'gradio', 'lightly', 'mars', 'determined', 'mlflow', 'streamlit', 'danswerai', 'couler', 'langflow', 'open-webui', 'gradio', 'lightly', 'mars', 'determined', 'mlflow']"
42,base,359,Exposure of Private Personal Information to an Unauthorized Actor,6,59,"['LightGBM', 'bokeh', 'determined', 'catboost', 'pytorch_geometric', 'open-metric-learning', 'detectron2', 'spaCy', 'langflow', 'bentoml', 'aim', 'sinabs', 'ray', 'gan', 'jax', 'mlflow', 'streamlit', 'pytorch-lightning', 'gradio', 'transformers', 'ColossalAI', 'pyss3']"
43,base,378,Creation of Temporary File With Insecure Permissions,1,19,"['rasa', 'shogun', 'bentoml', 'tensorflow', 'pytorch', 'mindsdb', 'python-timbl', 'nut', 'lightly', 'transformers', 'DI-engine', 'gensim']"
44,base,379,Creation of Temporary File in Directory with Insecure Permissions,2,19,"['rasa', 'shogun', 'bentoml', 'tensorflow', 'pytorch', 'mindsdb', 'python-timbl', 'nut', 'lightly', 'transformers', 'DI-engine', 'gensim']"
45,base,434,Unrestricted Upload of File with Dangerous Type,7,7024,"['tpot', 'neural-style-pt', 'chainer', 'skorch', 'pybrain', 'bokeh', 'autogluon', 'pytorch_geometric', 'pkuseg-python', 'open-metric-learning', 'detectron2', 'nilearn', 'mljar-supervised', 'altair', 'pyqtgraph', 'bentoml', 'caffe', 'river', 'numpy', 'CompreFace', 'FEDOT', 'sktime', 'PyTorchCV', 'pytorch-image-models', 'pebl', 'bigartm', 'BioPy', 'python-timbl', 'lightwood', 'mlx', 'zipline', 'pgmpy', 'Petrel', 'mlflow', 'DrQA', 'Parris', 'scikit-learn', 'pytorch', 'SynapseML', 'superset', 'transformers', 'ColossalAI', 'vispy', 'joliGEN', 'danswerai', 'shogun', 'Spearmint', 'xgboost', 'rosetta', 'catboost', 'dash', 'tesseract', 'stellargraph', 'maze', 'cleanlab', 'lightly', 'pymc', 'scikit-opt', 'deeppy', 'Gymnasium', 'skll', 'emcee', 'vigra', 'dtaidistance', 'mars', 'neuraltalk2', 'jax', 'scikit-survival', 'pytorch-frame', 'streamlit', 'mlxtend', 'cortex', 'DeepPavlov', 'alibi-detect', 'gradio', 'xlearn', 'langfuse', 'DI-engine', 'pyss3', 'DIGITS', 'LightGBM', 'CoreNLP', 'yalign', 'determined', 'deeplake', 'blaze', 'somoclu', 'xcessiv', 'matplotlib', 'tensorflow', 'PySyft', 'haystack', 'mlens', 'retro', 'machine-learning', 'gensim', 'neuropredict', 'feast', 'rasa', 'loso', 'lab', 'mindsdb', 'dowel', 'nut', 'retinaface', 'ViZDoom', 'neuraltalk', 'optuna', 'open-webui', 'NeuroNER', 'deepface', 'statsmodels', 'jProcessing', 'typer', 'python-recsys', 'textacy', 'ggpy', 'cornac', 'spaCy', 'langflow', 'igel', 'keras-tuner', 'Metaworld', 'aim', 'pynlpl', 'ray', 'cltk', 'recommenders', 'seaborn', 'evidently', 'deepchecks', 'garage', 'hebel', 'jieba', 'catalyst', 'pytensor', 'lambdo', 'prodmodel', 'zpar', 'polyglot', 'scikit-learn-intelex', 'scikit-image', 'pytorch-lightning', 'colibri-core', 'bolt']"
46,base,466,Return of Pointer Value Outside of Expected Range,205,91,"['danswerai', 'DIGITS', 'open-webui', 'fastapi', 'bokeh', 'nalp', 'spammy', 'ViZDoom', 'langflow', 'PySyft', 'numpy', 'lightly', 'retro', 'ray', 'pydantic', 'pytensor', 'mlflow', 'pytorch', 'streamlit', 'feast', 'rasa', 'mindsdb', 'superset', 'gradio', 'transformers', 'pattern', 'AutoViz', 'Auto_ViML', 'danswerai', 'DIGITS', 'open-webui', 'fastapi', 'bokeh', 'nalp', 'spammy', 'ViZDoom', 'langflow', 'PySyft', 'numpy', 'lightly', 'retro', 'ray', 'pydantic', 'pytensor', 'mlflow', 'pytorch', 'streamlit', 'feast', 'rasa', 'mindsdb', 'superset', 'gradio', 'transformers', 'pattern', 'AutoViz', 'Auto_ViML', 'danswerai', 'DIGITS', 'open-webui', 'fastapi', 'bokeh', 'nalp', 'spammy', 'ViZDoom', 'langflow', 'PySyft', 'numpy', 'lightly', 'retro', 'ray', 'pydantic', 'pytensor', 'mlflow', 'pytorch', 'streamlit', 'feast', 'rasa', 'mindsdb', 'superset', 'gradio', 'transformers', 'pattern', 'AutoViz', 'Auto_ViML', 'danswerai', 'DIGITS', 'open-webui', 'fastapi', 'bokeh', 'nalp', 'spammy', 'ViZDoom', 'langflow', 'PySyft', 'numpy', 'lightly', 'retro', 'ray', 'pydantic', 'pytensor', 'mlflow', 'pytorch', 'streamlit', 'feast', 'rasa', 'mindsdb', 'superset', 'gradio', 'transformers', 'pattern', 'AutoViz', 'Auto_ViML', 'danswerai', 'DIGITS', 'open-webui', 'fastapi', 'bokeh', 'nalp', 'spammy', 'ViZDoom', 'langflow', 'PySyft', 'numpy', 'lightly', 'retro', 'ray', 'pydantic', 'pytensor', 'mlflow', 'pytorch', 'streamlit', 'feast', 'rasa', 'mindsdb', 'superset', 'gradio', 'transformers', 'pattern', 'AutoViz', 'Auto_ViML']"
47,base,470,Use of Externally-Controlled Input to Select Classes or Code ('Unsafe Reflection'),210,91,"['danswerai', 'DIGITS', 'open-webui', 'fastapi', 'bokeh', 'nalp', 'spammy', 'ViZDoom', 'langflow', 'PySyft', 'numpy', 'lightly', 'retro', 'ray', 'pydantic', 'pytensor', 'mlflow', 'pytorch', 'streamlit', 'feast', 'rasa', 'mindsdb', 'superset', 'gradio', 'transformers', 'pattern', 'AutoViz', 'Auto_ViML', 'danswerai', 'DIGITS', 'open-webui', 'fastapi', 'bokeh', 'nalp', 'spammy', 'ViZDoom', 'langflow', 'PySyft', 'numpy', 'lightly', 'retro', 'ray', 'pydantic', 'pytensor', 'mlflow', 'pytorch', 'streamlit', 'feast', 'rasa', 'mindsdb', 'superset', 'gradio', 'transformers', 'pattern', 'AutoViz', 'Auto_ViML', 'danswerai', 'DIGITS', 'open-webui', 'fastapi', 'bokeh', 'nalp', 'spammy', 'ViZDoom', 'langflow', 'PySyft', 'numpy', 'lightly', 'retro', 'ray', 'pydantic', 'pytensor', 'mlflow', 'pytorch', 'streamlit', 'feast', 'rasa', 'mindsdb', 'superset', 'gradio', 'transformers', 'pattern', 'AutoViz', 'Auto_ViML', 'danswerai', 'DIGITS', 'open-webui', 'fastapi', 'bokeh', 'nalp', 'spammy', 'ViZDoom', 'langflow', 'PySyft', 'numpy', 'lightly', 'retro', 'ray', 'pydantic', 'pytensor', 'mlflow', 'pytorch', 'streamlit', 'feast', 'rasa', 'mindsdb', 'superset', 'gradio', 'transformers', 'pattern', 'AutoViz', 'Auto_ViML', 'danswerai', 'DIGITS', 'open-webui', 'fastapi', 'bokeh', 'nalp', 'spammy', 'ViZDoom', 'langflow', 'PySyft', 'numpy', 'lightly', 'retro', 'ray', 'pydantic', 'pytensor', 'mlflow', 'pytorch', 'streamlit', 'feast', 'rasa', 'mindsdb', 'superset', 'gradio', 'transformers', 'pattern', 'AutoViz', 'Auto_ViML']"
48,base,489,Active Debug Code,1,6,"['caffe', 'CompreFace', 'bokeh', 'xcessiv', 'face_recognition']"
49,base,494,Download of Code Without Integrity Check,11,30,"['cornac', 'feast', 'bowtie', 'DIGITS', 'mindsdb', 'mars', 'deepface', 'mlflow', 'PyTorchCV', 'machine-learning']"
50,base,497,Exposure of Sensitive System Information to an Unauthorized Control Sphere,7,59,"['LightGBM', 'bokeh', 'determined', 'catboost', 'pytorch_geometric', 'open-metric-learning', 'detectron2', 'spaCy', 'langflow', 'bentoml', 'aim', 'sinabs', 'ray', 'gan', 'jax', 'mlflow', 'streamlit', 'pytorch-lightning', 'gradio', 'transformers', 'ColossalAI', 'pyss3']"
51,base,532,Insertion of Sensitive Information into Log File,18,59,"['LightGBM', 'bokeh', 'determined', 'catboost', 'pytorch_geometric', 'open-metric-learning', 'detectron2', 'spaCy', 'langflow', 'bentoml', 'aim', 'sinabs', 'ray', 'gan', 'jax', 'mlflow', 'streamlit', 'pytorch-lightning', 'gradio', 'transformers', 'ColossalAI', 'pyss3']"
52,base,538,Insertion of Sensitive Information into Externally-Accessible File or Directory,8,118,"['LightGBM', 'bokeh', 'determined', 'catboost', 'pytorch_geometric', 'open-metric-learning', 'detectron2', 'spaCy', 'langflow', 'bentoml', 'aim', 'sinabs', 'ray', 'gan', 'jax', 'mlflow', 'streamlit', 'pytorch-lightning', 'gradio', 'transformers', 'ColossalAI', 'pyss3', 'danswerai', 'feast', 'cortex', 'langflow', 'open-webui', 'gradio', 'bokeh', 'determined', 'deepface', 'mlflow', 'comet-llm', 'pattern', 'typer', 'ray']"
53,base,625,Permissive Regular Expression,2,3,"['transformers', 'superset']"
54,base,641,Improper Restriction of Names for Files and Other Resources,1,7024,"['tpot', 'neural-style-pt', 'chainer', 'skorch', 'pybrain', 'bokeh', 'autogluon', 'pytorch_geometric', 'pkuseg-python', 'open-metric-learning', 'detectron2', 'nilearn', 'mljar-supervised', 'altair', 'pyqtgraph', 'bentoml', 'caffe', 'river', 'numpy', 'CompreFace', 'FEDOT', 'sktime', 'PyTorchCV', 'pytorch-image-models', 'pebl', 'bigartm', 'BioPy', 'python-timbl', 'lightwood', 'mlx', 'zipline', 'pgmpy', 'Petrel', 'mlflow', 'DrQA', 'Parris', 'scikit-learn', 'pytorch', 'SynapseML', 'superset', 'transformers', 'ColossalAI', 'vispy', 'joliGEN', 'danswerai', 'shogun', 'Spearmint', 'xgboost', 'rosetta', 'catboost', 'dash', 'tesseract', 'stellargraph', 'maze', 'cleanlab', 'lightly', 'pymc', 'scikit-opt', 'deeppy', 'Gymnasium', 'skll', 'emcee', 'vigra', 'dtaidistance', 'mars', 'neuraltalk2', 'jax', 'scikit-survival', 'pytorch-frame', 'streamlit', 'mlxtend', 'cortex', 'DeepPavlov', 'alibi-detect', 'gradio', 'xlearn', 'langfuse', 'DI-engine', 'pyss3', 'DIGITS', 'LightGBM', 'CoreNLP', 'yalign', 'determined', 'deeplake', 'blaze', 'somoclu', 'xcessiv', 'matplotlib', 'tensorflow', 'PySyft', 'haystack', 'mlens', 'retro', 'machine-learning', 'gensim', 'neuropredict', 'feast', 'rasa', 'loso', 'lab', 'mindsdb', 'dowel', 'nut', 'retinaface', 'ViZDoom', 'neuraltalk', 'optuna', 'open-webui', 'NeuroNER', 'deepface', 'statsmodels', 'jProcessing', 'typer', 'python-recsys', 'textacy', 'ggpy', 'cornac', 'spaCy', 'langflow', 'igel', 'keras-tuner', 'Metaworld', 'aim', 'pynlpl', 'ray', 'cltk', 'recommenders', 'seaborn', 'evidently', 'deepchecks', 'garage', 'hebel', 'jieba', 'catalyst', 'pytensor', 'lambdo', 'prodmodel', 'zpar', 'polyglot', 'scikit-learn-intelex', 'scikit-image', 'pytorch-lightning', 'colibri-core', 'bolt']"
55,base,643,Improper Neutralization of Data within XPath Expressions ('XPath Injection'),3,2,['machine-learning']
56,base,652,Improper Neutralization of Data within XQuery Expressions ('XQuery Injection'),4,2,['machine-learning']
57,base,694,Use of Multiple Resources with Duplicate Identifier,2,7024,"['tpot', 'neural-style-pt', 'chainer', 'skorch', 'pybrain', 'bokeh', 'autogluon', 'pytorch_geometric', 'pkuseg-python', 'open-metric-learning', 'detectron2', 'nilearn', 'mljar-supervised', 'altair', 'pyqtgraph', 'bentoml', 'caffe', 'river', 'numpy', 'CompreFace', 'FEDOT', 'sktime', 'PyTorchCV', 'pytorch-image-models', 'pebl', 'bigartm', 'BioPy', 'python-timbl', 'lightwood', 'mlx', 'zipline', 'pgmpy', 'Petrel', 'mlflow', 'DrQA', 'Parris', 'scikit-learn', 'pytorch', 'SynapseML', 'superset', 'transformers', 'ColossalAI', 'vispy', 'joliGEN', 'danswerai', 'shogun', 'Spearmint', 'xgboost', 'rosetta', 'catboost', 'dash', 'tesseract', 'stellargraph', 'maze', 'cleanlab', 'lightly', 'pymc', 'scikit-opt', 'deeppy', 'Gymnasium', 'skll', 'emcee', 'vigra', 'dtaidistance', 'mars', 'neuraltalk2', 'jax', 'scikit-survival', 'pytorch-frame', 'streamlit', 'mlxtend', 'cortex', 'DeepPavlov', 'alibi-detect', 'gradio', 'xlearn', 'langfuse', 'DI-engine', 'pyss3', 'DIGITS', 'LightGBM', 'CoreNLP', 'yalign', 'determined', 'deeplake', 'blaze', 'somoclu', 'xcessiv', 'matplotlib', 'tensorflow', 'PySyft', 'haystack', 'mlens', 'retro', 'machine-learning', 'gensim', 'neuropredict', 'feast', 'rasa', 'loso', 'lab', 'mindsdb', 'dowel', 'nut', 'retinaface', 'ViZDoom', 'neuraltalk', 'optuna', 'open-webui', 'NeuroNER', 'deepface', 'statsmodels', 'jProcessing', 'typer', 'python-recsys', 'textacy', 'ggpy', 'cornac', 'spaCy', 'langflow', 'igel', 'keras-tuner', 'Metaworld', 'aim', 'pynlpl', 'ray', 'cltk', 'recommenders', 'seaborn', 'evidently', 'deepchecks', 'garage', 'hebel', 'jieba', 'catalyst', 'pytensor', 'lambdo', 'prodmodel', 'zpar', 'polyglot', 'scikit-learn-intelex', 'scikit-image', 'pytorch-lightning', 'colibri-core', 'bolt']"
58,base,756,Missing Custom Error Page,7,88,"['danswerai', 'feast', 'DIGITS', 'langflow', 'open-webui', 'PySyft', 'superset', 'mindsdb', 'gradio', 'aim', 'deepface', 'blaze', 'mlflow', 'ColossalAI', 'joliGEN', 'machine-learning', 'dash', 'ray']"
59,base,770,Allocation of Resources Without Limits or Throttling,111,799,"['danswerai', 'DIGITS', 'open-webui', 'fastapi', 'bokeh', 'nalp', 'spammy', 'ViZDoom', 'langflow', 'PySyft', 'numpy', 'lightly', 'retro', 'ray', 'pydantic', 'pytensor', 'mlflow', 'pytorch', 'streamlit', 'feast', 'rasa', 'mindsdb', 'superset', 'gradio', 'transformers', 'pattern', 'AutoViz', 'Auto_ViML', 'danswerai', 'DIGITS', 'open-webui', 'fastapi', 'bokeh', 'nalp', 'spammy', 'ViZDoom', 'langflow', 'PySyft', 'numpy', 'lightly', 'retro', 'ray', 'pydantic', 'pytensor', 'mlflow', 'pytorch', 'streamlit', 'feast', 'rasa', 'mindsdb', 'superset', 'gradio', 'transformers', 'pattern', 'AutoViz', 'Auto_ViML', 'danswerai', 'DIGITS', 'open-webui', 'fastapi', 'bokeh', 'nalp', 'spammy', 'ViZDoom', 'langflow', 'PySyft', 'numpy', 'lightly', 'retro', 'ray', 'pydantic', 'pytensor', 'mlflow', 'pytorch', 'streamlit', 'feast', 'rasa', 'mindsdb', 'superset', 'gradio', 'transformers', 'pattern', 'AutoViz', 'Auto_ViML', 'danswerai', 'DIGITS', 'open-webui', 'fastapi', 'bokeh', 'nalp', 'spammy', 'ViZDoom', 'langflow', 'PySyft', 'numpy', 'lightly', 'retro', 'ray', 'pydantic', 'pytensor', 'mlflow', 'pytorch', 'streamlit', 'feast', 'rasa', 'mindsdb', 'superset', 'gradio', 'transformers', 'pattern', 'AutoViz', 'Auto_ViML', 'danswerai', 'DIGITS', 'open-webui', 'fastapi', 'bokeh', 'nalp', 'spammy', 'ViZDoom', 'langflow', 'PySyft', 'numpy', 'lightly', 'retro', 'ray', 'pydantic', 'pytensor', 'mlflow', 'pytorch', 'streamlit', 'feast', 'rasa', 'mindsdb', 'superset', 'gradio', 'transformers', 'pattern', 'AutoViz', 'Auto_ViML', 'danswerai', 'DIGITS', 'LightGBM', 'open-webui', 'CoreNLP', 'chainer', 'bokeh', 'determined', 'blaze', 'xgboost', 'catboost', 'jProcessing', 'typer', 'dash', 'ViZDoom', 'langflow', 'pyqtgraph', 'bentoml', 'caffe', 'tensorflow', 'numpy', 'haystack', 'pymc', 'PyTorchCV', 'retro', 'pebl', 'bigartm', 'gensim', 'ray', 'skll', 'emcee', 'vigra', 'deepchecks', 'pgmpy', 'pydantic', 'zipline', 'mars', 'jax', 'mlflow', 'DrQA', 'lambdo', 'scikit-learn', 'zpar', 'streamlit', 'pytorch', 'rasa', 'cortex', 'scikit-learn-intelex', 'DeepPavlov', 'mindsdb', 'pytorch-lightning', 'gradio', 'dirty_cat', 'xlearn', 'transformers', 'ColossalAI', 'vispy', 'pattern', 'DI-engine', 'pyss3', 'lightning-bolts', 'danswerai', 'DIGITS', 'LightGBM', 'open-webui', 'CoreNLP', 'chainer', 'bokeh', 'determined', 'blaze', 'xgboost', 'catboost', 'jProcessing', 'typer', 'dash', 'ViZDoom', 'langflow', 'pyqtgraph', 'bentoml', 'caffe', 'tensorflow', 'numpy', 'haystack', 'pymc', 'PyTorchCV', 'retro', 'pebl', 'bigartm', 'gensim', 'ray', 'skll', 'emcee', 'vigra', 'deepchecks', 'pgmpy', 'pydantic', 'zipline', 'mars', 'jax', 'mlflow', 'DrQA', 'lambdo', 'scikit-learn', 'zpar', 'streamlit', 'pytorch', 'rasa', 'cortex', 'scikit-learn-intelex', 'DeepPavlov', 'mindsdb', 'pytorch-lightning', 'gradio', 'dirty_cat', 'xlearn', 'transformers', 'ColossalAI', 'vispy', 'pattern', 'DI-engine', 'pyss3', 'lightning-bolts', 'danswerai', 'DIGITS', 'LightGBM', 'open-webui', 'CoreNLP', 'chainer', 'bokeh', 'determined', 'blaze', 'xgboost', 'catboost', 'jProcessing', 'typer', 'dash', 'ViZDoom', 'langflow', 'pyqtgraph', 'bentoml', 'caffe', 'tensorflow', 'numpy', 'haystack', 'pymc', 'PyTorchCV', 'retro', 'pebl', 'bigartm', 'gensim', 'ray', 'skll', 'emcee', 'vigra', 'deepchecks', 'pgmpy', 'pydantic', 'zipline', 'mars', 'jax', 'mlflow', 'DrQA', 'lambdo', 'scikit-learn', 'zpar', 'streamlit', 'pytorch', 'rasa', 'cortex', 'scikit-learn-intelex', 'DeepPavlov', 'mindsdb', 'pytorch-lightning', 'gradio', 'dirty_cat', 'xlearn', 'transformers', 'ColossalAI', 'vispy', 'pattern', 'DI-engine', 'pyss3', 'lightning-bolts', 'danswerai', 'DIGITS', 'LightGBM', 'open-webui', 'CoreNLP', 'chainer', 'bokeh', 'determined', 'blaze', 'xgboost', 'catboost', 'jProcessing', 'typer', 'dash', 'ViZDoom', 'langflow', 'pyqtgraph', 'bentoml', 'caffe', 'tensorflow', 'numpy', 'haystack', 'pymc', 'PyTorchCV', 'retro', 'pebl', 'bigartm', 'gensim', 'ray', 'skll', 'emcee', 'vigra', 'deepchecks', 'pgmpy', 'pydantic', 'zipline', 'mars', 'jax', 'mlflow', 'DrQA', 'lambdo', 'scikit-learn', 'zpar', 'streamlit', 'pytorch', 'rasa', 'cortex', 'scikit-learn-intelex', 'DeepPavlov', 'mindsdb', 'pytorch-lightning', 'gradio', 'dirty_cat', 'xlearn', 'transformers', 'ColossalAI', 'vispy', 'pattern', 'DI-engine', 'pyss3', 'lightning-bolts', 'danswerai', 'DIGITS', 'LightGBM', 'open-webui', 'CoreNLP', 'chainer', 'bokeh', 'determined', 'blaze', 'xgboost', 'catboost', 'jProcessing', 'typer', 'dash', 'ViZDoom', 'langflow', 'pyqtgraph', 'bentoml', 'caffe', 'tensorflow', 'numpy', 'haystack', 'pymc', 'PyTorchCV', 'retro', 'pebl', 'bigartm', 'gensim', 'ray', 'skll', 'emcee', 'vigra', 'deepchecks', 'pgmpy', 'pydantic', 'zipline', 'mars', 'jax', 'mlflow', 'DrQA', 'lambdo', 'scikit-learn', 'zpar', 'streamlit', 'pytorch', 'rasa', 'cortex', 'scikit-learn-intelex', 'DeepPavlov', 'mindsdb', 'pytorch-lightning', 'gradio', 'dirty_cat', 'xlearn', 'transformers', 'ColossalAI', 'vispy', 'pattern', 'DI-engine', 'pyss3', 'lightning-bolts', 'danswerai', 'DIGITS', 'LightGBM', 'open-webui', 'CoreNLP', 'chainer', 'bokeh', 'determined', 'blaze', 'xgboost', 'catboost', 'jProcessing', 'typer', 'dash', 'ViZDoom', 'langflow', 'pyqtgraph', 'bentoml', 'caffe', 'tensorflow', 'numpy', 'haystack', 'pymc', 'PyTorchCV', 'retro', 'pebl', 'bigartm', 'gensim', 'ray', 'skll', 'emcee', 'vigra', 'deepchecks', 'pgmpy', 'pydantic', 'zipline', 'mars', 'jax', 'mlflow', 'DrQA', 'lambdo', 'scikit-learn', 'zpar', 'streamlit', 'pytorch', 'rasa', 'cortex', 'scikit-learn-intelex', 'DeepPavlov', 'mindsdb', 'pytorch-lightning', 'gradio', 'dirty_cat', 'xlearn', 'transformers', 'ColossalAI', 'vispy', 'pattern', 'DI-engine', 'pyss3', 'lightning-bolts']"
60,base,771,Missing Reference to Active Allocated Resource,9,354,"['danswerai', 'DIGITS', 'LightGBM', 'open-webui', 'CoreNLP', 'chainer', 'bokeh', 'determined', 'blaze', 'xgboost', 'catboost', 'jProcessing', 'typer', 'dash', 'ViZDoom', 'langflow', 'pyqtgraph', 'bentoml', 'caffe', 'tensorflow', 'numpy', 'haystack', 'pymc', 'PyTorchCV', 'retro', 'pebl', 'bigartm', 'gensim', 'ray', 'skll', 'emcee', 'vigra', 'deepchecks', 'pgmpy', 'pydantic', 'zipline', 'mars', 'jax', 'mlflow', 'DrQA', 'lambdo', 'scikit-learn', 'zpar', 'streamlit', 'pytorch', 'rasa', 'cortex', 'scikit-learn-intelex', 'DeepPavlov', 'mindsdb', 'pytorch-lightning', 'gradio', 'dirty_cat', 'xlearn', 'transformers', 'ColossalAI', 'vispy', 'pattern', 'DI-engine', 'pyss3', 'lightning-bolts', 'danswerai', 'DIGITS', 'LightGBM', 'open-webui', 'CoreNLP', 'chainer', 'bokeh', 'determined', 'blaze', 'xgboost', 'catboost', 'jProcessing', 'typer', 'dash', 'ViZDoom', 'langflow', 'pyqtgraph', 'bentoml', 'caffe', 'tensorflow', 'numpy', 'haystack', 'pymc', 'PyTorchCV', 'retro', 'pebl', 'bigartm', 'gensim', 'ray', 'skll', 'emcee', 'vigra', 'deepchecks', 'pgmpy', 'pydantic', 'zipline', 'mars', 'jax', 'mlflow', 'DrQA', 'lambdo', 'scikit-learn', 'zpar', 'streamlit', 'pytorch', 'rasa', 'cortex', 'scikit-learn-intelex', 'DeepPavlov', 'mindsdb', 'pytorch-lightning', 'gradio', 'dirty_cat', 'xlearn', 'transformers', 'ColossalAI', 'vispy', 'pattern', 'DI-engine', 'pyss3', 'lightning-bolts', 'danswerai', 'DIGITS', 'LightGBM', 'open-webui', 'CoreNLP', 'chainer', 'bokeh', 'determined', 'blaze', 'xgboost', 'catboost', 'jProcessing', 'typer', 'dash', 'ViZDoom', 'langflow', 'pyqtgraph', 'bentoml', 'caffe', 'tensorflow', 'numpy', 'haystack', 'pymc', 'PyTorchCV', 'retro', 'pebl', 'bigartm', 'gensim', 'ray', 'skll', 'emcee', 'vigra', 'deepchecks', 'pgmpy', 'pydantic', 'zipline', 'mars', 'jax', 'mlflow', 'DrQA', 'lambdo', 'scikit-learn', 'zpar', 'streamlit', 'pytorch', 'rasa', 'cortex', 'scikit-learn-intelex', 'DeepPavlov', 'mindsdb', 'pytorch-lightning', 'gradio', 'dirty_cat', 'xlearn', 'transformers', 'ColossalAI', 'vispy', 'pattern', 'DI-engine', 'pyss3', 'lightning-bolts']"
61,base,779,Logging of Excessive Data,12,354,"['danswerai', 'DIGITS', 'LightGBM', 'open-webui', 'CoreNLP', 'chainer', 'bokeh', 'determined', 'blaze', 'xgboost', 'catboost', 'jProcessing', 'typer', 'dash', 'ViZDoom', 'langflow', 'pyqtgraph', 'bentoml', 'caffe', 'tensorflow', 'numpy', 'haystack', 'pymc', 'PyTorchCV', 'retro', 'pebl', 'bigartm', 'gensim', 'ray', 'skll', 'emcee', 'vigra', 'deepchecks', 'pgmpy', 'pydantic', 'zipline', 'mars', 'jax', 'mlflow', 'DrQA', 'lambdo', 'scikit-learn', 'zpar', 'streamlit', 'pytorch', 'rasa', 'cortex', 'scikit-learn-intelex', 'DeepPavlov', 'mindsdb', 'pytorch-lightning', 'gradio', 'dirty_cat', 'xlearn', 'transformers', 'ColossalAI', 'vispy', 'pattern', 'DI-engine', 'pyss3', 'lightning-bolts', 'danswerai', 'DIGITS', 'LightGBM', 'open-webui', 'CoreNLP', 'chainer', 'bokeh', 'determined', 'blaze', 'xgboost', 'catboost', 'jProcessing', 'typer', 'dash', 'ViZDoom', 'langflow', 'pyqtgraph', 'bentoml', 'caffe', 'tensorflow', 'numpy', 'haystack', 'pymc', 'PyTorchCV', 'retro', 'pebl', 'bigartm', 'gensim', 'ray', 'skll', 'emcee', 'vigra', 'deepchecks', 'pgmpy', 'pydantic', 'zipline', 'mars', 'jax', 'mlflow', 'DrQA', 'lambdo', 'scikit-learn', 'zpar', 'streamlit', 'pytorch', 'rasa', 'cortex', 'scikit-learn-intelex', 'DeepPavlov', 'mindsdb', 'pytorch-lightning', 'gradio', 'dirty_cat', 'xlearn', 'transformers', 'ColossalAI', 'vispy', 'pattern', 'DI-engine', 'pyss3', 'lightning-bolts', 'danswerai', 'DIGITS', 'LightGBM', 'open-webui', 'CoreNLP', 'chainer', 'bokeh', 'determined', 'blaze', 'xgboost', 'catboost', 'jProcessing', 'typer', 'dash', 'ViZDoom', 'langflow', 'pyqtgraph', 'bentoml', 'caffe', 'tensorflow', 'numpy', 'haystack', 'pymc', 'PyTorchCV', 'retro', 'pebl', 'bigartm', 'gensim', 'ray', 'skll', 'emcee', 'vigra', 'deepchecks', 'pgmpy', 'pydantic', 'zipline', 'mars', 'jax', 'mlflow', 'DrQA', 'lambdo', 'scikit-learn', 'zpar', 'streamlit', 'pytorch', 'rasa', 'cortex', 'scikit-learn-intelex', 'DeepPavlov', 'mindsdb', 'pytorch-lightning', 'gradio', 'dirty_cat', 'xlearn', 'transformers', 'ColossalAI', 'vispy', 'pattern', 'DI-engine', 'pyss3', 'lightning-bolts']"
62,base,838,Inappropriate Encoding for Output Context,27,330,"['couler', 'DIGITS', 'tpot', 'open-webui', 'chainer', 'pybrain', 'deepface', 'statsmodels', 'catboost', 'ggpy', 'dash', 'cornac', 'rgf', 'pyqtgraph', 'tensorflow', 'stellargraph', 'cleanlab', 'numpy', 'FEDOT', 'bytehub', 'PyTorchCV', 'segmentation_models', 'pebl', 'machine-learning', 'deeppy', 'bigartm', 'scikit-multiflow', 'recommenders', 'seaborn', 'nupic.studio', 'vigra', 'gan', 'python-timbl', 'notebook', 'pyod', 'catalyst', 'rockpool', 'mars', 'mlflow', 'metric-learn', 'lambdo', 'pytorch', 'zpar', 'streamlit', 'alibi', 'annoy', 'feast', 'bowtie', 'scikit-image', 'mist', 'DeepPavlov', 'breze', 'superset', 'imbalanced-ensemble', 'alibi-detect', 'mindsdb', 'xlearn', 'snips-nlu', 'transformers', 'lifelines', 'ColossalAI', 'DI-engine', 'couler', 'DIGITS', 'tpot', 'open-webui', 'chainer', 'pybrain', 'deepface', 'statsmodels', 'catboost', 'ggpy', 'dash', 'cornac', 'rgf', 'pyqtgraph', 'tensorflow', 'stellargraph', 'cleanlab', 'numpy', 'FEDOT', 'bytehub', 'PyTorchCV', 'segmentation_models', 'pebl', 'machine-learning', 'deeppy', 'bigartm', 'scikit-multiflow', 'recommenders', 'seaborn', 'nupic.studio', 'vigra', 'gan', 'python-timbl', 'notebook', 'pyod', 'catalyst', 'rockpool', 'mars', 'mlflow', 'metric-learn', 'lambdo', 'pytorch', 'zpar', 'streamlit', 'alibi', 'annoy', 'feast', 'bowtie', 'scikit-image', 'mist', 'DeepPavlov', 'breze', 'superset', 'imbalanced-ensemble', 'alibi-detect', 'mindsdb', 'xlearn', 'snips-nlu', 'transformers', 'lifelines', 'ColossalAI', 'DI-engine', 'couler', 'DIGITS', 'tpot', 'open-webui', 'chainer', 'pybrain', 'deepface', 'statsmodels', 'catboost', 'ggpy', 'dash', 'cornac', 'rgf', 'pyqtgraph', 'tensorflow', 'stellargraph', 'cleanlab', 'numpy', 'FEDOT', 'bytehub', 'PyTorchCV', 'segmentation_models', 'pebl', 'machine-learning', 'deeppy', 'bigartm', 'scikit-multiflow', 'recommenders', 'seaborn', 'nupic.studio', 'vigra', 'gan', 'python-timbl', 'notebook', 'pyod', 'catalyst', 'rockpool', 'mars', 'mlflow', 'metric-learn', 'lambdo', 'pytorch', 'zpar', 'streamlit', 'alibi', 'annoy', 'feast', 'bowtie', 'scikit-image', 'mist', 'DeepPavlov', 'breze', 'superset', 'imbalanced-ensemble', 'alibi-detect', 'mindsdb', 'xlearn', 'snips-nlu', 'transformers', 'lifelines', 'ColossalAI', 'DI-engine', 'couler', 'DIGITS', 'tpot', 'open-webui', 'chainer', 'pybrain', 'deepface', 'statsmodels', 'catboost', 'ggpy', 'dash', 'cornac', 'rgf', 'pyqtgraph', 'tensorflow', 'stellargraph', 'cleanlab', 'numpy', 'FEDOT', 'bytehub', 'PyTorchCV', 'segmentation_models', 'pebl', 'machine-learning', 'deeppy', 'bigartm', 'scikit-multiflow', 'recommenders', 'seaborn', 'nupic.studio', 'vigra', 'gan', 'python-timbl', 'notebook', 'pyod', 'catalyst', 'rockpool', 'mars', 'mlflow', 'metric-learn', 'lambdo', 'pytorch', 'zpar', 'streamlit', 'alibi', 'annoy', 'feast', 'bowtie', 'scikit-image', 'mist', 'DeepPavlov', 'breze', 'superset', 'imbalanced-ensemble', 'alibi-detect', 'mindsdb', 'xlearn', 'snips-nlu', 'transformers', 'lifelines', 'ColossalAI', 'DI-engine', 'couler', 'DIGITS', 'tpot', 'open-webui', 'chainer', 'pybrain', 'deepface', 'statsmodels', 'catboost', 'ggpy', 'dash', 'cornac', 'rgf', 'pyqtgraph', 'tensorflow', 'stellargraph', 'cleanlab', 'numpy', 'FEDOT', 'bytehub', 'PyTorchCV', 'segmentation_models', 'pebl', 'machine-learning', 'deeppy', 'bigartm', 'scikit-multiflow', 'recommenders', 'seaborn', 'nupic.studio', 'vigra', 'gan', 'python-timbl', 'notebook', 'pyod', 'catalyst', 'rockpool', 'mars', 'mlflow', 'metric-learn', 'lambdo', 'pytorch', 'zpar', 'streamlit', 'alibi', 'annoy', 'feast', 'bowtie', 'scikit-image', 'mist', 'DeepPavlov', 'breze', 'superset', 'imbalanced-ensemble', 'alibi-detect', 'mindsdb', 'xlearn', 'snips-nlu', 'transformers', 'lifelines', 'ColossalAI', 'DI-engine', 'couler', 'DIGITS', 'tpot', 'open-webui', 'chainer', 'pybrain', 'deepface', 'statsmodels', 'catboost', 'ggpy', 'dash', 'cornac', 'rgf', 'pyqtgraph', 'tensorflow', 'stellargraph', 'cleanlab', 'numpy', 'FEDOT', 'bytehub', 'PyTorchCV', 'segmentation_models', 'pebl', 'machine-learning', 'deeppy', 'bigartm', 'scikit-multiflow', 'recommenders', 'seaborn', 'nupic.studio', 'vigra', 'gan', 'python-timbl', 'notebook', 'pyod', 'catalyst', 'rockpool', 'mars', 'mlflow', 'metric-learn', 'lambdo', 'pytorch', 'zpar', 'streamlit', 'alibi', 'annoy', 'feast', 'bowtie', 'scikit-image', 'mist', 'DeepPavlov', 'breze', 'superset', 'imbalanced-ensemble', 'alibi-detect', 'mindsdb', 'xlearn', 'snips-nlu', 'transformers', 'lifelines', 'ColossalAI', 'DI-engine']"
63,base,914,Improper Control of Dynamically-Identified Variables,3,7024,"['tpot', 'neural-style-pt', 'chainer', 'skorch', 'pybrain', 'bokeh', 'autogluon', 'pytorch_geometric', 'pkuseg-python', 'open-metric-learning', 'detectron2', 'nilearn', 'mljar-supervised', 'altair', 'pyqtgraph', 'bentoml', 'caffe', 'river', 'numpy', 'CompreFace', 'FEDOT', 'sktime', 'PyTorchCV', 'pytorch-image-models', 'pebl', 'bigartm', 'BioPy', 'python-timbl', 'lightwood', 'mlx', 'zipline', 'pgmpy', 'Petrel', 'mlflow', 'DrQA', 'Parris', 'scikit-learn', 'pytorch', 'SynapseML', 'superset', 'transformers', 'ColossalAI', 'vispy', 'joliGEN', 'danswerai', 'shogun', 'Spearmint', 'xgboost', 'rosetta', 'catboost', 'dash', 'tesseract', 'stellargraph', 'maze', 'cleanlab', 'lightly', 'pymc', 'scikit-opt', 'deeppy', 'Gymnasium', 'skll', 'emcee', 'vigra', 'dtaidistance', 'mars', 'neuraltalk2', 'jax', 'scikit-survival', 'pytorch-frame', 'streamlit', 'mlxtend', 'cortex', 'DeepPavlov', 'alibi-detect', 'gradio', 'xlearn', 'langfuse', 'DI-engine', 'pyss3', 'DIGITS', 'LightGBM', 'CoreNLP', 'yalign', 'determined', 'deeplake', 'blaze', 'somoclu', 'xcessiv', 'matplotlib', 'tensorflow', 'PySyft', 'haystack', 'mlens', 'retro', 'machine-learning', 'gensim', 'neuropredict', 'feast', 'rasa', 'loso', 'lab', 'mindsdb', 'dowel', 'nut', 'retinaface', 'ViZDoom', 'neuraltalk', 'optuna', 'open-webui', 'NeuroNER', 'deepface', 'statsmodels', 'jProcessing', 'typer', 'python-recsys', 'textacy', 'ggpy', 'cornac', 'spaCy', 'langflow', 'igel', 'keras-tuner', 'Metaworld', 'aim', 'pynlpl', 'ray', 'cltk', 'recommenders', 'seaborn', 'evidently', 'deepchecks', 'garage', 'hebel', 'jieba', 'catalyst', 'pytensor', 'lambdo', 'prodmodel', 'zpar', 'polyglot', 'scikit-learn-intelex', 'scikit-image', 'pytorch-lightning', 'colibri-core', 'bolt']"
64,base,915,Improperly Controlled Modification of Dynamically-Determined Object Attributes,1,696,"['neural-style-pt', 'chainer', 'skorch', 'pybrain', 'bokeh', 'neurolab', 'autogluon', 'pytorch_geometric', 'face_recognition', 'pkuseg-python', 'open-metric-learning', 'detectron2', 'mljar-supervised', 'pyqtgraph', 'bentoml', 'caffe', 'river', 'numpy', 'FEDOT', 'opfython', 'PyTorchCV', 'pytorch-image-models', 'pebl', 'bigartm', 'lightwood', 'zipline', 'Petrel', 'mlflow', 'DrQA', 'scikit-learn', 'pytorch', 'TResNet', 'segmentation_models.pytorch', 'shapash', 'transformers', 'ColossalAI', 'joliGEN', 'simpleai', 'xgboost', 'catboost', 'maze', 'cleanlab', 'lightly', 'deeppy', 'chefboost', 'opytimizer', 'skll', 'pytorch_geometric_temporal', 'dl-translate', 'mars', 'evostra', 'pytorch-frame', 'streamlit', 'mlxtend', 'DeepPavlov', 'snownlp', 'alibi-detect', 'Sklearn-genetic-opt', 'DI-engine', 'lightning-bolts', 'DIGITS', 'rep', 'LightGBM', 'yalign', 'determined', 'miraiml', 'matplotlib', 'tensorflow', 'haystack', 'mlens', 'machine-learning', 'neuropredict', 'frouros', 'feast', 'rasa', 'loso', 'mindsdb', 'nut', 'ViZDoom', 'neuraltalk', 'sentiment_classifier', 'NeuroNER', 'deepface', 'statsmodels', 'jProcessing', 'dedupe', 'python-recsys', 'cornac', 'eurybia', 'igel', 'keras-tuner', 'backprop', 'ray', 'cltk', 'recommenders', 'sentiment-analyzer', 'evidently', 'deepchecks', 'garage', 'hebel', 'jieba', 'pyod', 'catalyst', 'pytensor', 'lambdo', 'tflearn', 'prodmodel', 'zpar', 'polyglot', 'alibi', 'scikit-learn-intelex', 'pytorch-lightning', 'bolt', 'PCV']"
65,base,916,Use of Password Hash With Insufficient Computational Effort,26,26,"['streamlit', 'danswerai', 'couler', 'langflow', 'open-webui', 'gradio', 'lightly', 'mars', 'determined', 'mlflow', 'streamlit', 'danswerai', 'couler', 'langflow', 'gradio', 'mars', 'determined', 'mlflow', 'streamlit', 'danswerai', 'couler', 'langflow', 'open-webui', 'gradio', 'lightly', 'mars', 'determined', 'mlflow', 'streamlit', 'danswerai', 'couler', 'langflow', 'open-webui', 'gradio', 'lightly', 'mars', 'determined', 'mlflow']"
66,base,917,Improper Neutralization of Special Elements used in an Expression Language Statement ('Expression Language Injection'),20,8,"['feast', 'DIGITS', 'superset', 'dl-translate', 'DI-engine', 'ray']"
67,base,920,Improper Restriction of Power Consumption,48,708,"['danswerai', 'DIGITS', 'LightGBM', 'open-webui', 'CoreNLP', 'chainer', 'bokeh', 'determined', 'blaze', 'xgboost', 'catboost', 'jProcessing', 'typer', 'dash', 'ViZDoom', 'langflow', 'pyqtgraph', 'bentoml', 'caffe', 'tensorflow', 'numpy', 'haystack', 'pymc', 'PyTorchCV', 'retro', 'pebl', 'bigartm', 'gensim', 'ray', 'skll', 'emcee', 'vigra', 'deepchecks', 'pgmpy', 'pydantic', 'zipline', 'mars', 'jax', 'mlflow', 'DrQA', 'lambdo', 'scikit-learn', 'zpar', 'streamlit', 'pytorch', 'rasa', 'cortex', 'scikit-learn-intelex', 'DeepPavlov', 'mindsdb', 'pytorch-lightning', 'gradio', 'dirty_cat', 'xlearn', 'transformers', 'ColossalAI', 'vispy', 'pattern', 'DI-engine', 'pyss3', 'lightning-bolts', 'danswerai', 'DIGITS', 'LightGBM', 'open-webui', 'CoreNLP', 'chainer', 'bokeh', 'determined', 'blaze', 'xgboost', 'catboost', 'jProcessing', 'typer', 'dash', 'ViZDoom', 'langflow', 'pyqtgraph', 'bentoml', 'caffe', 'tensorflow', 'numpy', 'haystack', 'pymc', 'PyTorchCV', 'retro', 'pebl', 'bigartm', 'gensim', 'ray', 'skll', 'emcee', 'vigra', 'deepchecks', 'pgmpy', 'pydantic', 'zipline', 'mars', 'jax', 'mlflow', 'DrQA', 'lambdo', 'scikit-learn', 'zpar', 'streamlit', 'pytorch', 'rasa', 'cortex', 'scikit-learn-intelex', 'DeepPavlov', 'mindsdb', 'pytorch-lightning', 'gradio', 'dirty_cat', 'xlearn', 'transformers', 'ColossalAI', 'vispy', 'pattern', 'DI-engine', 'pyss3', 'lightning-bolts', 'danswerai', 'DIGITS', 'LightGBM', 'open-webui', 'CoreNLP', 'chainer', 'bokeh', 'determined', 'blaze', 'xgboost', 'catboost', 'jProcessing', 'typer', 'dash', 'ViZDoom', 'langflow', 'pyqtgraph', 'bentoml', 'caffe', 'tensorflow', 'numpy', 'haystack', 'pymc', 'PyTorchCV', 'retro', 'pebl', 'bigartm', 'gensim', 'ray', 'skll', 'emcee', 'vigra', 'deepchecks', 'pgmpy', 'pydantic', 'zipline', 'mars', 'jax', 'mlflow', 'DrQA', 'lambdo', 'scikit-learn', 'zpar', 'streamlit', 'pytorch', 'rasa', 'cortex', 'scikit-learn-intelex', 'DeepPavlov', 'mindsdb', 'pytorch-lightning', 'gradio', 'dirty_cat', 'xlearn', 'transformers', 'ColossalAI', 'vispy', 'pattern', 'DI-engine', 'pyss3', 'lightning-bolts', 'danswerai', 'DIGITS', 'LightGBM', 'open-webui', 'CoreNLP', 'chainer', 'bokeh', 'determined', 'blaze', 'xgboost', 'catboost', 'jProcessing', 'typer', 'dash', 'ViZDoom', 'langflow', 'pyqtgraph', 'bentoml', 'caffe', 'tensorflow', 'numpy', 'haystack', 'pymc', 'PyTorchCV', 'retro', 'pebl', 'bigartm', 'gensim', 'ray', 'skll', 'emcee', 'vigra', 'deepchecks', 'pgmpy', 'pydantic', 'zipline', 'mars', 'jax', 'mlflow', 'DrQA', 'lambdo', 'scikit-learn', 'zpar', 'streamlit', 'pytorch', 'rasa', 'cortex', 'scikit-learn-intelex', 'DeepPavlov', 'mindsdb', 'pytorch-lightning', 'gradio', 'dirty_cat', 'xlearn', 'transformers', 'ColossalAI', 'vispy', 'pattern', 'DI-engine', 'pyss3', 'lightning-bolts', 'danswerai', 'DIGITS', 'LightGBM', 'open-webui', 'CoreNLP', 'chainer', 'bokeh', 'determined', 'blaze', 'xgboost', 'catboost', 'jProcessing', 'typer', 'dash', 'ViZDoom', 'langflow', 'pyqtgraph', 'bentoml', 'caffe', 'tensorflow', 'numpy', 'haystack', 'pymc', 'PyTorchCV', 'retro', 'pebl', 'bigartm', 'gensim', 'ray', 'skll', 'emcee', 'vigra', 'deepchecks', 'pgmpy', 'pydantic', 'zipline', 'mars', 'jax', 'mlflow', 'DrQA', 'lambdo', 'scikit-learn', 'zpar', 'streamlit', 'pytorch', 'rasa', 'cortex', 'scikit-learn-intelex', 'DeepPavlov', 'mindsdb', 'pytorch-lightning', 'gradio', 'dirty_cat', 'xlearn', 'transformers', 'ColossalAI', 'vispy', 'pattern', 'DI-engine', 'pyss3', 'lightning-bolts', 'danswerai', 'DIGITS', 'LightGBM', 'open-webui', 'CoreNLP', 'chainer', 'bokeh', 'determined', 'blaze', 'xgboost', 'catboost', 'jProcessing', 'typer', 'dash', 'ViZDoom', 'langflow', 'pyqtgraph', 'bentoml', 'caffe', 'tensorflow', 'numpy', 'haystack', 'pymc', 'PyTorchCV', 'retro', 'pebl', 'bigartm', 'gensim', 'ray', 'skll', 'emcee', 'vigra', 'deepchecks', 'pgmpy', 'pydantic', 'zipline', 'mars', 'jax', 'mlflow', 'DrQA', 'lambdo', 'scikit-learn', 'zpar', 'streamlit', 'pytorch', 'rasa', 'cortex', 'scikit-learn-intelex', 'DeepPavlov', 'mindsdb', 'pytorch-lightning', 'gradio', 'dirty_cat', 'xlearn', 'transformers', 'ColossalAI', 'vispy', 'pattern', 'DI-engine', 'pyss3', 'lightning-bolts']"
68,base,1173,Improper Use of Validation Framework,15,91,"['danswerai', 'DIGITS', 'open-webui', 'fastapi', 'bokeh', 'nalp', 'spammy', 'ViZDoom', 'langflow', 'PySyft', 'numpy', 'lightly', 'retro', 'ray', 'pydantic', 'pytensor', 'mlflow', 'pytorch', 'streamlit', 'feast', 'rasa', 'mindsdb', 'superset', 'gradio', 'transformers', 'pattern', 'AutoViz', 'Auto_ViML', 'danswerai', 'DIGITS', 'open-webui', 'fastapi', 'bokeh', 'nalp', 'spammy', 'ViZDoom', 'langflow', 'PySyft', 'numpy', 'lightly', 'retro', 'ray', 'pydantic', 'pytensor', 'mlflow', 'pytorch', 'streamlit', 'feast', 'rasa', 'mindsdb', 'superset', 'gradio', 'transformers', 'pattern', 'AutoViz', 'Auto_ViML', 'danswerai', 'DIGITS', 'open-webui', 'fastapi', 'bokeh', 'nalp', 'spammy', 'ViZDoom', 'langflow', 'PySyft', 'numpy', 'lightly', 'retro', 'ray', 'pydantic', 'pytensor', 'mlflow', 'pytorch', 'streamlit', 'feast', 'rasa', 'mindsdb', 'superset', 'gradio', 'transformers', 'pattern', 'AutoViz', 'Auto_ViML', 'danswerai', 'DIGITS', 'open-webui', 'fastapi', 'bokeh', 'nalp', 'spammy', 'ViZDoom', 'langflow', 'PySyft', 'numpy', 'lightly', 'retro', 'ray', 'pydantic', 'pytensor', 'mlflow', 'pytorch', 'streamlit', 'feast', 'rasa', 'mindsdb', 'superset', 'gradio', 'transformers', 'pattern', 'AutoViz', 'Auto_ViML', 'danswerai', 'DIGITS', 'open-webui', 'fastapi', 'bokeh', 'nalp', 'spammy', 'ViZDoom', 'langflow', 'PySyft', 'numpy', 'lightly', 'retro', 'ray', 'pydantic', 'pytensor', 'mlflow', 'pytorch', 'streamlit', 'feast', 'rasa', 'mindsdb', 'superset', 'gradio', 'transformers', 'pattern', 'AutoViz', 'Auto_ViML']"
69,base,1235,Incorrect Use of Autoboxing and Unboxing for Performance Critical Operations,18,354,"['danswerai', 'DIGITS', 'LightGBM', 'open-webui', 'CoreNLP', 'chainer', 'bokeh', 'determined', 'blaze', 'xgboost', 'catboost', 'jProcessing', 'typer', 'dash', 'ViZDoom', 'langflow', 'pyqtgraph', 'bentoml', 'caffe', 'tensorflow', 'numpy', 'haystack', 'pymc', 'PyTorchCV', 'retro', 'pebl', 'bigartm', 'gensim', 'ray', 'skll', 'emcee', 'vigra', 'deepchecks', 'pgmpy', 'pydantic', 'zipline', 'mars', 'jax', 'mlflow', 'DrQA', 'lambdo', 'scikit-learn', 'zpar', 'streamlit', 'pytorch', 'rasa', 'cortex', 'scikit-learn-intelex', 'DeepPavlov', 'mindsdb', 'pytorch-lightning', 'gradio', 'dirty_cat', 'xlearn', 'transformers', 'ColossalAI', 'vispy', 'pattern', 'DI-engine', 'pyss3', 'lightning-bolts', 'danswerai', 'DIGITS', 'LightGBM', 'open-webui', 'CoreNLP', 'chainer', 'bokeh', 'determined', 'blaze', 'xgboost', 'catboost', 'jProcessing', 'typer', 'dash', 'ViZDoom', 'langflow', 'pyqtgraph', 'bentoml', 'caffe', 'tensorflow', 'numpy', 'haystack', 'pymc', 'PyTorchCV', 'retro', 'pebl', 'bigartm', 'gensim', 'ray', 'skll', 'emcee', 'vigra', 'deepchecks', 'pgmpy', 'pydantic', 'zipline', 'mars', 'jax', 'mlflow', 'DrQA', 'lambdo', 'scikit-learn', 'zpar', 'streamlit', 'pytorch', 'rasa', 'cortex', 'scikit-learn-intelex', 'DeepPavlov', 'mindsdb', 'pytorch-lightning', 'gradio', 'dirty_cat', 'xlearn', 'transformers', 'ColossalAI', 'vispy', 'pattern', 'DI-engine', 'pyss3', 'lightning-bolts', 'danswerai', 'DIGITS', 'LightGBM', 'open-webui', 'CoreNLP', 'chainer', 'bokeh', 'determined', 'blaze', 'xgboost', 'catboost', 'jProcessing', 'typer', 'dash', 'ViZDoom', 'langflow', 'pyqtgraph', 'bentoml', 'caffe', 'tensorflow', 'numpy', 'haystack', 'pymc', 'PyTorchCV', 'retro', 'pebl', 'bigartm', 'gensim', 'ray', 'skll', 'emcee', 'vigra', 'deepchecks', 'pgmpy', 'pydantic', 'zipline', 'mars', 'jax', 'mlflow', 'DrQA', 'lambdo', 'scikit-learn', 'zpar', 'streamlit', 'pytorch', 'rasa', 'cortex', 'scikit-learn-intelex', 'DeepPavlov', 'mindsdb', 'pytorch-lightning', 'gradio', 'dirty_cat', 'xlearn', 'transformers', 'ColossalAI', 'vispy', 'pattern', 'DI-engine', 'pyss3', 'lightning-bolts']"
70,base,1236,Improper Neutralization of Formula Elements in a CSV File,30,16,"['feast', 'DIGITS', 'superset', 'dl-translate', 'DI-engine', 'ray', 'feast', 'DIGITS', 'superset', 'dl-translate', 'DI-engine', 'ray']"
71,base,1240,Use of a Cryptographic Primitive with a Risky Implementation,9,15,"['streamlit', 'danswerai', 'couler', 'langflow', 'open-webui', 'gradio', 'lightly', 'mars', 'determined', 'mlflow', 'streamlit', 'danswerai', 'couler', 'langflow', 'open-webui', 'gradio', 'lightly', 'mars', 'determined', 'mlflow', 'streamlit', 'danswerai', 'couler', 'langflow', 'open-webui', 'gradio', 'lightly', 'mars', 'determined', 'mlflow']"
72,base,1246,Improper Write Handling in Limited-write Non-Volatile Memories,21,354,"['danswerai', 'DIGITS', 'LightGBM', 'open-webui', 'CoreNLP', 'chainer', 'bokeh', 'determined', 'blaze', 'xgboost', 'catboost', 'jProcessing', 'typer', 'dash', 'ViZDoom', 'langflow', 'pyqtgraph', 'bentoml', 'caffe', 'tensorflow', 'numpy', 'haystack', 'pymc', 'PyTorchCV', 'retro', 'pebl', 'bigartm', 'gensim', 'ray', 'skll', 'emcee', 'vigra', 'deepchecks', 'pgmpy', 'pydantic', 'zipline', 'mars', 'jax', 'mlflow', 'DrQA', 'lambdo', 'scikit-learn', 'zpar', 'streamlit', 'pytorch', 'rasa', 'cortex', 'scikit-learn-intelex', 'DeepPavlov', 'mindsdb', 'pytorch-lightning', 'gradio', 'dirty_cat', 'xlearn', 'transformers', 'ColossalAI', 'vispy', 'pattern', 'DI-engine', 'pyss3', 'lightning-bolts', 'danswerai', 'DIGITS', 'LightGBM', 'open-webui', 'CoreNLP', 'chainer', 'bokeh', 'determined', 'blaze', 'xgboost', 'catboost', 'jProcessing', 'typer', 'dash', 'ViZDoom', 'langflow', 'pyqtgraph', 'bentoml', 'caffe', 'tensorflow', 'numpy', 'haystack', 'pymc', 'PyTorchCV', 'retro', 'pebl', 'bigartm', 'gensim', 'ray', 'skll', 'emcee', 'vigra', 'deepchecks', 'pgmpy', 'pydantic', 'zipline', 'mars', 'jax', 'mlflow', 'DrQA', 'lambdo', 'scikit-learn', 'zpar', 'streamlit', 'pytorch', 'rasa', 'cortex', 'scikit-learn-intelex', 'DeepPavlov', 'mindsdb', 'pytorch-lightning', 'gradio', 'dirty_cat', 'xlearn', 'transformers', 'ColossalAI', 'vispy', 'pattern', 'DI-engine', 'pyss3', 'lightning-bolts', 'danswerai', 'DIGITS', 'LightGBM', 'open-webui', 'CoreNLP', 'chainer', 'bokeh', 'determined', 'blaze', 'xgboost', 'catboost', 'jProcessing', 'typer', 'dash', 'ViZDoom', 'langflow', 'pyqtgraph', 'bentoml', 'caffe', 'tensorflow', 'numpy', 'haystack', 'pymc', 'PyTorchCV', 'retro', 'pebl', 'bigartm', 'gensim', 'ray', 'skll', 'emcee', 'vigra', 'deepchecks', 'pgmpy', 'pydantic', 'zipline', 'mars', 'jax', 'mlflow', 'DrQA', 'lambdo', 'scikit-learn', 'zpar', 'streamlit', 'pytorch', 'rasa', 'cortex', 'scikit-learn-intelex', 'DeepPavlov', 'mindsdb', 'pytorch-lightning', 'gradio', 'dirty_cat', 'xlearn', 'transformers', 'ColossalAI', 'vispy', 'pattern', 'DI-engine', 'pyss3', 'lightning-bolts']"
73,base,1272,Sensitive Information Uncleared Before Debug/Power State Transition,14,59,"['LightGBM', 'bokeh', 'determined', 'catboost', 'pytorch_geometric', 'open-metric-learning', 'detectron2', 'spaCy', 'langflow', 'bentoml', 'aim', 'sinabs', 'ray', 'gan', 'jax', 'mlflow', 'streamlit', 'pytorch-lightning', 'gradio', 'transformers', 'ColossalAI', 'pyss3']"
74,base,1273,Device Unlock Credential Sharing,9,59,"['LightGBM', 'bokeh', 'determined', 'catboost', 'pytorch_geometric', 'open-metric-learning', 'detectron2', 'spaCy', 'langflow', 'bentoml', 'aim', 'sinabs', 'ray', 'gan', 'jax', 'mlflow', 'streamlit', 'pytorch-lightning', 'gradio', 'transformers', 'ColossalAI', 'pyss3']"
75,base,1284,Improper Validation of Specified Quantity in Input,110,182,"['danswerai', 'DIGITS', 'open-webui', 'fastapi', 'bokeh', 'nalp', 'spammy', 'ViZDoom', 'langflow', 'PySyft', 'numpy', 'lightly', 'retro', 'ray', 'pydantic', 'pytensor', 'mlflow', 'pytorch', 'streamlit', 'feast', 'rasa', 'mindsdb', 'superset', 'gradio', 'transformers', 'pattern', 'AutoViz', 'Auto_ViML', 'danswerai', 'DIGITS', 'open-webui', 'fastapi', 'bokeh', 'nalp', 'spammy', 'ViZDoom', 'langflow', 'PySyft', 'numpy', 'lightly', 'retro', 'ray', 'pydantic', 'pytensor', 'mlflow', 'pytorch', 'streamlit', 'feast', 'rasa', 'mindsdb', 'superset', 'gradio', 'transformers', 'pattern', 'AutoViz', 'Auto_ViML', 'danswerai', 'DIGITS', 'open-webui', 'fastapi', 'bokeh', 'nalp', 'spammy', 'ViZDoom', 'langflow', 'PySyft', 'numpy', 'lightly', 'retro', 'ray', 'pydantic', 'pytensor', 'mlflow', 'pytorch', 'streamlit', 'feast', 'rasa', 'mindsdb', 'superset', 'gradio', 'transformers', 'pattern', 'AutoViz', 'Auto_ViML', 'danswerai', 'DIGITS', 'open-webui', 'fastapi', 'bokeh', 'nalp', 'spammy', 'ViZDoom', 'langflow', 'PySyft', 'numpy', 'lightly', 'retro', 'ray', 'pydantic', 'pytensor', 'mlflow', 'pytorch', 'streamlit', 'feast', 'rasa', 'mindsdb', 'superset', 'gradio', 'transformers', 'pattern', 'AutoViz', 'Auto_ViML', 'danswerai', 'DIGITS', 'open-webui', 'fastapi', 'bokeh', 'nalp', 'spammy', 'ViZDoom', 'langflow', 'PySyft', 'numpy', 'lightly', 'retro', 'ray', 'pydantic', 'pytensor', 'mlflow', 'pytorch', 'streamlit', 'feast', 'rasa', 'mindsdb', 'superset', 'gradio', 'transformers', 'pattern', 'AutoViz', 'Auto_ViML', 'danswerai', 'DIGITS', 'open-webui', 'fastapi', 'bokeh', 'nalp', 'spammy', 'ViZDoom', 'langflow', 'PySyft', 'numpy', 'lightly', 'retro', 'ray', 'pydantic', 'pytensor', 'mlflow', 'pytorch', 'streamlit', 'feast', 'rasa', 'mindsdb', 'superset', 'gradio', 'transformers', 'pattern', 'AutoViz', 'Auto_ViML', 'danswerai', 'DIGITS', 'open-webui', 'fastapi', 'bokeh', 'nalp', 'spammy', 'ViZDoom', 'langflow', 'PySyft', 'numpy', 'lightly', 'retro', 'ray', 'pydantic', 'pytensor', 'mlflow', 'pytorch', 'streamlit', 'feast', 'rasa', 'mindsdb', 'superset', 'gradio', 'transformers', 'pattern', 'AutoViz', 'Auto_ViML', 'danswerai', 'DIGITS', 'open-webui', 'fastapi', 'bokeh', 'nalp', 'spammy', 'ViZDoom', 'langflow', 'PySyft', 'numpy', 'lightly', 'retro', 'ray', 'pydantic', 'pytensor', 'mlflow', 'pytorch', 'streamlit', 'feast', 'rasa', 'mindsdb', 'superset', 'gradio', 'transformers', 'pattern', 'AutoViz', 'Auto_ViML', 'danswerai', 'DIGITS', 'open-webui', 'fastapi', 'bokeh', 'nalp', 'spammy', 'ViZDoom', 'langflow', 'PySyft', 'numpy', 'lightly', 'retro', 'ray', 'pydantic', 'pytensor', 'mlflow', 'pytorch', 'streamlit', 'feast', 'rasa', 'mindsdb', 'superset', 'gradio', 'transformers', 'pattern', 'AutoViz', 'Auto_ViML', 'danswerai', 'DIGITS', 'open-webui', 'fastapi', 'bokeh', 'nalp', 'spammy', 'ViZDoom', 'langflow', 'PySyft', 'numpy', 'lightly', 'retro', 'ray', 'pydantic', 'pytensor', 'mlflow', 'pytorch', 'streamlit', 'feast', 'rasa', 'mindsdb', 'superset', 'gradio', 'transformers', 'pattern', 'AutoViz', 'Auto_ViML']"
76,base,1285,"Improper Validation of Specified Index, Position, or Offset in Input",25,91,"['danswerai', 'DIGITS', 'open-webui', 'fastapi', 'bokeh', 'nalp', 'spammy', 'ViZDoom', 'langflow', 'PySyft', 'numpy', 'lightly', 'retro', 'ray', 'pydantic', 'pytensor', 'mlflow', 'pytorch', 'streamlit', 'feast', 'rasa', 'mindsdb', 'superset', 'gradio', 'transformers', 'pattern', 'AutoViz', 'Auto_ViML', 'danswerai', 'DIGITS', 'open-webui', 'fastapi', 'bokeh', 'nalp', 'spammy', 'ViZDoom', 'langflow', 'PySyft', 'numpy', 'lightly', 'retro', 'ray', 'pydantic', 'pytensor', 'mlflow', 'pytorch', 'streamlit', 'feast', 'rasa', 'mindsdb', 'superset', 'gradio', 'transformers', 'pattern', 'AutoViz', 'Auto_ViML', 'danswerai', 'DIGITS', 'open-webui', 'fastapi', 'bokeh', 'nalp', 'spammy', 'ViZDoom', 'langflow', 'PySyft', 'numpy', 'lightly', 'retro', 'ray', 'pydantic', 'pytensor', 'mlflow', 'pytorch', 'streamlit', 'feast', 'rasa', 'mindsdb', 'superset', 'gradio', 'transformers', 'pattern', 'AutoViz', 'Auto_ViML', 'danswerai', 'DIGITS', 'open-webui', 'fastapi', 'bokeh', 'nalp', 'spammy', 'ViZDoom', 'langflow', 'PySyft', 'numpy', 'lightly', 'retro', 'ray', 'pydantic', 'pytensor', 'mlflow', 'pytorch', 'streamlit', 'feast', 'rasa', 'mindsdb', 'superset', 'gradio', 'transformers', 'pattern', 'AutoViz', 'Auto_ViML', 'danswerai', 'DIGITS', 'open-webui', 'fastapi', 'bokeh', 'nalp', 'spammy', 'ViZDoom', 'langflow', 'PySyft', 'numpy', 'lightly', 'retro', 'ray', 'pydantic', 'pytensor', 'mlflow', 'pytorch', 'streamlit', 'feast', 'rasa', 'mindsdb', 'superset', 'gradio', 'transformers', 'pattern', 'AutoViz', 'Auto_ViML']"
77,base,1286,Improper Validation of Syntactic Correctness of Input,30,91,"['danswerai', 'DIGITS', 'open-webui', 'fastapi', 'bokeh', 'nalp', 'spammy', 'ViZDoom', 'langflow', 'PySyft', 'numpy', 'lightly', 'retro', 'ray', 'pydantic', 'pytensor', 'mlflow', 'pytorch', 'streamlit', 'feast', 'rasa', 'mindsdb', 'superset', 'gradio', 'transformers', 'pattern', 'AutoViz', 'Auto_ViML', 'danswerai', 'DIGITS', 'open-webui', 'fastapi', 'bokeh', 'nalp', 'spammy', 'ViZDoom', 'langflow', 'PySyft', 'numpy', 'lightly', 'retro', 'ray', 'pydantic', 'pytensor', 'mlflow', 'pytorch', 'streamlit', 'feast', 'rasa', 'mindsdb', 'superset', 'gradio', 'transformers', 'pattern', 'AutoViz', 'Auto_ViML', 'danswerai', 'DIGITS', 'open-webui', 'fastapi', 'bokeh', 'nalp', 'spammy', 'ViZDoom', 'langflow', 'PySyft', 'numpy', 'lightly', 'retro', 'ray', 'pydantic', 'pytensor', 'mlflow', 'pytorch', 'streamlit', 'feast', 'rasa', 'mindsdb', 'superset', 'gradio', 'transformers', 'pattern', 'AutoViz', 'Auto_ViML', 'danswerai', 'DIGITS', 'open-webui', 'fastapi', 'bokeh', 'nalp', 'spammy', 'ViZDoom', 'langflow', 'PySyft', 'numpy', 'lightly', 'retro', 'ray', 'pydantic', 'pytensor', 'mlflow', 'pytorch', 'streamlit', 'feast', 'rasa', 'mindsdb', 'superset', 'gradio', 'transformers', 'pattern', 'AutoViz', 'Auto_ViML', 'danswerai', 'DIGITS', 'open-webui', 'fastapi', 'bokeh', 'nalp', 'spammy', 'ViZDoom', 'langflow', 'PySyft', 'numpy', 'lightly', 'retro', 'ray', 'pydantic', 'pytensor', 'mlflow', 'pytorch', 'streamlit', 'feast', 'rasa', 'mindsdb', 'superset', 'gradio', 'transformers', 'pattern', 'AutoViz', 'Auto_ViML']"
78,base,1287,Improper Validation of Specified Type of Input,35,91,"['danswerai', 'DIGITS', 'open-webui', 'fastapi', 'bokeh', 'nalp', 'spammy', 'ViZDoom', 'langflow', 'PySyft', 'numpy', 'lightly', 'retro', 'ray', 'pydantic', 'pytensor', 'mlflow', 'pytorch', 'streamlit', 'feast', 'rasa', 'mindsdb', 'superset', 'gradio', 'transformers', 'pattern', 'AutoViz', 'Auto_ViML', 'danswerai', 'DIGITS', 'open-webui', 'fastapi', 'bokeh', 'nalp', 'spammy', 'ViZDoom', 'langflow', 'PySyft', 'numpy', 'lightly', 'retro', 'ray', 'pydantic', 'pytensor', 'mlflow', 'pytorch', 'streamlit', 'feast', 'rasa', 'mindsdb', 'superset', 'gradio', 'transformers', 'pattern', 'AutoViz', 'Auto_ViML', 'danswerai', 'DIGITS', 'open-webui', 'fastapi', 'bokeh', 'nalp', 'spammy', 'ViZDoom', 'langflow', 'PySyft', 'numpy', 'lightly', 'retro', 'ray', 'pydantic', 'pytensor', 'mlflow', 'pytorch', 'streamlit', 'feast', 'rasa', 'mindsdb', 'superset', 'gradio', 'transformers', 'pattern', 'AutoViz', 'Auto_ViML', 'danswerai', 'DIGITS', 'open-webui', 'fastapi', 'bokeh', 'nalp', 'spammy', 'ViZDoom', 'langflow', 'PySyft', 'numpy', 'lightly', 'retro', 'ray', 'pydantic', 'pytensor', 'mlflow', 'pytorch', 'streamlit', 'feast', 'rasa', 'mindsdb', 'superset', 'gradio', 'transformers', 'pattern', 'AutoViz', 'Auto_ViML', 'danswerai', 'DIGITS', 'open-webui', 'fastapi', 'bokeh', 'nalp', 'spammy', 'ViZDoom', 'langflow', 'PySyft', 'numpy', 'lightly', 'retro', 'ray', 'pydantic', 'pytensor', 'mlflow', 'pytorch', 'streamlit', 'feast', 'rasa', 'mindsdb', 'superset', 'gradio', 'transformers', 'pattern', 'AutoViz', 'Auto_ViML']"
79,base,1288,Improper Validation of Consistency within Input,40,91,"['danswerai', 'DIGITS', 'open-webui', 'fastapi', 'bokeh', 'nalp', 'spammy', 'ViZDoom', 'langflow', 'PySyft', 'numpy', 'lightly', 'retro', 'ray', 'pydantic', 'pytensor', 'mlflow', 'pytorch', 'streamlit', 'feast', 'rasa', 'mindsdb', 'superset', 'gradio', 'transformers', 'pattern', 'AutoViz', 'Auto_ViML', 'danswerai', 'DIGITS', 'open-webui', 'fastapi', 'bokeh', 'nalp', 'spammy', 'ViZDoom', 'langflow', 'PySyft', 'numpy', 'lightly', 'retro', 'ray', 'pydantic', 'pytensor', 'mlflow', 'pytorch', 'streamlit', 'feast', 'rasa', 'mindsdb', 'superset', 'gradio', 'transformers', 'pattern', 'AutoViz', 'Auto_ViML', 'danswerai', 'DIGITS', 'open-webui', 'fastapi', 'bokeh', 'nalp', 'spammy', 'ViZDoom', 'langflow', 'PySyft', 'numpy', 'lightly', 'retro', 'ray', 'pydantic', 'pytensor', 'mlflow', 'pytorch', 'streamlit', 'feast', 'rasa', 'mindsdb', 'superset', 'gradio', 'transformers', 'pattern', 'AutoViz', 'Auto_ViML', 'danswerai', 'DIGITS', 'open-webui', 'fastapi', 'bokeh', 'nalp', 'spammy', 'ViZDoom', 'langflow', 'PySyft', 'numpy', 'lightly', 'retro', 'ray', 'pydantic', 'pytensor', 'mlflow', 'pytorch', 'streamlit', 'feast', 'rasa', 'mindsdb', 'superset', 'gradio', 'transformers', 'pattern', 'AutoViz', 'Auto_ViML', 'danswerai', 'DIGITS', 'open-webui', 'fastapi', 'bokeh', 'nalp', 'spammy', 'ViZDoom', 'langflow', 'PySyft', 'numpy', 'lightly', 'retro', 'ray', 'pydantic', 'pytensor', 'mlflow', 'pytorch', 'streamlit', 'feast', 'rasa', 'mindsdb', 'superset', 'gradio', 'transformers', 'pattern', 'AutoViz', 'Auto_ViML']"
80,base,1289,Improper Validation of Unsafe Equivalence in Input,45,91,"['danswerai', 'DIGITS', 'open-webui', 'fastapi', 'bokeh', 'nalp', 'spammy', 'ViZDoom', 'langflow', 'PySyft', 'numpy', 'lightly', 'retro', 'ray', 'pydantic', 'pytensor', 'mlflow', 'pytorch', 'streamlit', 'feast', 'rasa', 'mindsdb', 'superset', 'gradio', 'transformers', 'pattern', 'AutoViz', 'Auto_ViML', 'danswerai', 'DIGITS', 'open-webui', 'fastapi', 'bokeh', 'nalp', 'spammy', 'ViZDoom', 'langflow', 'PySyft', 'numpy', 'lightly', 'retro', 'ray', 'pydantic', 'pytensor', 'mlflow', 'pytorch', 'streamlit', 'feast', 'rasa', 'mindsdb', 'superset', 'gradio', 'transformers', 'pattern', 'AutoViz', 'Auto_ViML', 'danswerai', 'DIGITS', 'open-webui', 'fastapi', 'bokeh', 'nalp', 'spammy', 'ViZDoom', 'langflow', 'PySyft', 'numpy', 'lightly', 'retro', 'ray', 'pydantic', 'pytensor', 'mlflow', 'pytorch', 'streamlit', 'feast', 'rasa', 'mindsdb', 'superset', 'gradio', 'transformers', 'pattern', 'AutoViz', 'Auto_ViML', 'danswerai', 'DIGITS', 'open-webui', 'fastapi', 'bokeh', 'nalp', 'spammy', 'ViZDoom', 'langflow', 'PySyft', 'numpy', 'lightly', 'retro', 'ray', 'pydantic', 'pytensor', 'mlflow', 'pytorch', 'streamlit', 'feast', 'rasa', 'mindsdb', 'superset', 'gradio', 'transformers', 'pattern', 'AutoViz', 'Auto_ViML', 'danswerai', 'DIGITS', 'open-webui', 'fastapi', 'bokeh', 'nalp', 'spammy', 'ViZDoom', 'langflow', 'PySyft', 'numpy', 'lightly', 'retro', 'ray', 'pydantic', 'pytensor', 'mlflow', 'pytorch', 'streamlit', 'feast', 'rasa', 'mindsdb', 'superset', 'gradio', 'transformers', 'pattern', 'AutoViz', 'Auto_ViML']"
81,base,1295,Debug Messages Revealing Unnecessary Information,15,147,"['LightGBM', 'bokeh', 'determined', 'catboost', 'pytorch_geometric', 'open-metric-learning', 'detectron2', 'spaCy', 'langflow', 'bentoml', 'aim', 'sinabs', 'ray', 'gan', 'jax', 'mlflow', 'streamlit', 'pytorch-lightning', 'gradio', 'transformers', 'ColossalAI', 'pyss3', 'danswerai', 'feast', 'DIGITS', 'langflow', 'open-webui', 'PySyft', 'superset', 'mindsdb', 'gradio', 'aim', 'deepface', 'blaze', 'mlflow', 'ColossalAI', 'joliGEN', 'machine-learning', 'dash', 'ray']"
82,base,1336,Improper Neutralization of Special Elements Used in a Template Engine,4,132,"['couler', 'DIGITS', 'tpot', 'open-webui', 'chainer', 'pybrain', 'statsmodels', 'catboost', 'ggpy', 'dash', 'cornac', 'rgf', 'pyqtgraph', 'tensorflow', 'stellargraph', 'cleanlab', 'numpy', 'FEDOT', 'bytehub', 'segmentation_models', 'pebl', 'deeppy', 'bigartm', 'scikit-multiflow', 'recommenders', 'seaborn', 'nupic.studio', 'vigra', 'gan', 'python-timbl', 'notebook', 'pyod', 'catalyst', 'rockpool', 'metric-learn', 'lambdo', 'pytorch', 'zpar', 'streamlit', 'alibi', 'annoy', 'mist', 'scikit-image', 'DeepPavlov', 'breze', 'superset', 'imbalanced-ensemble', 'alibi-detect', 'mindsdb', 'xlearn', 'snips-nlu', 'lifelines', 'ColossalAI', 'DI-engine']"
83,base,1431,Driving Intermediate Cryptographic State/Results to Hardware Module Outputs,14,147,"['LightGBM', 'bokeh', 'determined', 'catboost', 'pytorch_geometric', 'open-metric-learning', 'detectron2', 'spaCy', 'langflow', 'bentoml', 'aim', 'sinabs', 'ray', 'gan', 'jax', 'mlflow', 'streamlit', 'pytorch-lightning', 'gradio', 'transformers', 'ColossalAI', 'pyss3', 'danswerai', 'feast', 'DIGITS', 'langflow', 'open-webui', 'PySyft', 'superset', 'mindsdb', 'gradio', 'aim', 'deepface', 'blaze', 'mlflow', 'ColossalAI', 'joliGEN', 'machine-learning', 'dash', 'ray']"
84,category,19,Data Processing Errors,2,17,"['DIGITS', 'langflow', 'mindsdb', 'superset', 'face_recognition', 'transformers', 'superset']"
85,category,137,Data Neutralization Issues,24,789,"['danswerai', 'DIGITS', 'shogun', 'Spearmint', 'rep', 'open-webui', 'bokeh', 'determined', 'deeplake', 'blaze', 'statsmodels', 'xgboost', 'catboost', 'typer', 'dash', 'open-metric-learning', 'detectron2', 'nilearn', 'matplotlib', 'langflow', 'pyqtgraph', 'bentoml', 'tensorflow', 'altair', 'aim', 'numpy', 'mlens', 'retro', 'pynlpl', 'pytorch-image-models', 'deeppy', 'bigartm', 'gensim', 'ray', 'skll', 'PyStanfordDependencies', 'pydantic', 'zipline', 'mars', 'catalyst', 'jax', 'mlflow', 'pytorch', 'streamlit', 'rasa', 'cortex', 'mist', 'scikit-learn-intelex', 'scikit-image', 'loso', 'mindsdb', 'superset', 'pytorch-lightning', 'gradio', 'transformers', 'DI-engine', 'ViZDoom', 'neuraltalk', 'colibri-core', 'danswerai', 'DIGITS', 'shogun', 'Spearmint', 'rep', 'open-webui', 'bokeh', 'determined', 'deeplake', 'blaze', 'statsmodels', 'xgboost', 'catboost', 'typer', 'dash', 'open-metric-learning', 'detectron2', 'nilearn', 'matplotlib', 'langflow', 'pyqtgraph', 'bentoml', 'tensorflow', 'altair', 'aim', 'numpy', 'mlens', 'retro', 'pynlpl', 'pytorch-image-models', 'deeppy', 'bigartm', 'gensim', 'ray', 'skll', 'PyStanfordDependencies', 'pydantic', 'zipline', 'mars', 'catalyst', 'jax', 'mlflow', 'pytorch', 'streamlit', 'rasa', 'cortex', 'mist', 'scikit-learn-intelex', 'scikit-image', 'loso', 'mindsdb', 'superset', 'pytorch-lightning', 'gradio', 'transformers', 'DI-engine', 'ViZDoom', 'neuraltalk', 'colibri-core', 'couler', 'DIGITS', 'tpot', 'open-webui', 'chainer', 'pybrain', 'statsmodels', 'catboost', 'ggpy', 'dash', 'cornac', 'rgf', 'pyqtgraph', 'tensorflow', 'stellargraph', 'cleanlab', 'numpy', 'FEDOT', 'bytehub', 'segmentation_models', 'pebl', 'deeppy', 'bigartm', 'scikit-multiflow', 'recommenders', 'seaborn', 'nupic.studio', 'vigra', 'gan', 'python-timbl', 'notebook', 'pyod', 'catalyst', 'rockpool', 'metric-learn', 'lambdo', 'pytorch', 'zpar', 'streamlit', 'alibi', 'annoy', 'mist', 'scikit-image', 'DeepPavlov', 'breze', 'superset', 'imbalanced-ensemble', 'alibi-detect', 'mindsdb', 'xlearn', 'snips-nlu', 'lifelines', 'ColossalAI', 'DI-engine', 'cornac', 'feast', 'bowtie', 'DIGITS', 'mindsdb', 'mars', 'deepface', 'mlflow', 'PyTorchCV', 'machine-learning', 'danswerai', 'feast', 'rasa', 'DeepPavlov', 'open-webui', 'mindsdb', 'determined', 'deeplake', 'mlflow']"
86,category,199,Information Management Errors,34,324,"['danswerai', 'feast', 'DIGITS', 'langflow', 'open-webui', 'PySyft', 'superset', 'mindsdb', 'gradio', 'aim', 'deepface', 'blaze', 'mlflow', 'ColossalAI', 'joliGEN', 'machine-learning', 'dash', 'ray', 'danswerai', 'feast', 'DIGITS', 'langflow', 'open-webui', 'PySyft', 'superset', 'mindsdb', 'gradio', 'aim', 'deepface', 'blaze', 'mlflow', 'ColossalAI', 'joliGEN', 'machine-learning', 'dash', 'ray', 'caffe', 'CompreFace', 'bokeh', 'xcessiv', 'face_recognition', 'danswerai', 'feast', 'cortex', 'Neural', 'langflow', 'bentoml', 'open-webui', 'mindsdb', 'gradio', 'bokeh', 'determined', 'deepface', 'mlflow', 'comet-llm', 'pattern', 'typer', 'ray', 'danswerai', 'feast', 'cortex', 'Neural', 'langflow', 'bentoml', 'open-webui', 'mindsdb', 'gradio', 'bokeh', 'determined', 'deepface', 'mlflow', 'comet-llm', 'pattern', 'typer', 'ray', 'danswerai', 'feast', 'cortex', 'Neural', 'langflow', 'bentoml', 'open-webui', 'mindsdb', 'gradio', 'bokeh', 'determined', 'deepface', 'mlflow', 'comet-llm', 'pattern', 'typer', 'ray', 'danswerai', 'feast', 'cortex', 'Neural', 'langflow', 'bentoml', 'open-webui', 'mindsdb', 'gradio', 'bokeh', 'determined', 'deepface', 'mlflow', 'comet-llm', 'pattern', 'typer', 'ray']"
87,category,254,7PK - Security Features,6,71,"['danswerai', 'feast', 'cortex', 'Neural', 'langflow', 'bentoml', 'open-webui', 'mindsdb', 'gradio', 'bokeh', 'determined', 'deepface', 'mlflow', 'comet-llm', 'pattern', 'typer', 'ray', 'danswerai', 'feast', 'cortex', 'Neural', 'langflow', 'bentoml', 'open-webui', 'mindsdb', 'gradio', 'bokeh', 'determined', 'deepface', 'mlflow', 'comet-llm', 'pattern', 'typer', 'ray']"
88,category,255,Credentials Management Errors,3,11,"['streamlit', 'danswerai', 'couler', 'langflow', 'gradio', 'mars', 'determined', 'mlflow']"
89,category,310,Cryptographic Issues,7,22,"['streamlit', 'danswerai', 'couler', 'langflow', 'gradio', 'mars', 'determined', 'mlflow', 'streamlit', 'danswerai', 'couler', 'langflow', 'gradio', 'mars', 'determined', 'mlflow']"
90,category,361,7PK - Time and State,3,19,"['rasa', 'shogun', 'bentoml', 'tensorflow', 'pytorch', 'mindsdb', 'python-timbl', 'nut', 'lightly', 'transformers', 'DI-engine', 'gensim']"
91,category,389,"Error Conditions, Return Values, Status Codes",9,88,"['danswerai', 'feast', 'DIGITS', 'langflow', 'open-webui', 'PySyft', 'superset', 'mindsdb', 'gradio', 'aim', 'deepface', 'blaze', 'mlflow', 'ColossalAI', 'joliGEN', 'machine-learning', 'dash', 'ray']"
92,category,399,Resource Management Errors,10,7720,"['neural-style-pt', 'chainer', 'skorch', 'pybrain', 'bokeh', 'neurolab', 'autogluon', 'pytorch_geometric', 'face_recognition', 'pkuseg-python', 'open-metric-learning', 'detectron2', 'mljar-supervised', 'pyqtgraph', 'bentoml', 'caffe', 'river', 'numpy', 'FEDOT', 'opfython', 'PyTorchCV', 'pytorch-image-models', 'pebl', 'bigartm', 'lightwood', 'zipline', 'Petrel', 'mlflow', 'DrQA', 'scikit-learn', 'pytorch', 'TResNet', 'segmentation_models.pytorch', 'shapash', 'transformers', 'ColossalAI', 'joliGEN', 'simpleai', 'xgboost', 'catboost', 'maze', 'cleanlab', 'lightly', 'deeppy', 'chefboost', 'opytimizer', 'skll', 'pytorch_geometric_temporal', 'dl-translate', 'mars', 'evostra', 'pytorch-frame', 'streamlit', 'mlxtend', 'DeepPavlov', 'snownlp', 'alibi-detect', 'Sklearn-genetic-opt', 'DI-engine', 'lightning-bolts', 'DIGITS', 'rep', 'LightGBM', 'yalign', 'determined', 'miraiml', 'matplotlib', 'tensorflow', 'haystack', 'mlens', 'machine-learning', 'neuropredict', 'frouros', 'feast', 'rasa', 'loso', 'mindsdb', 'nut', 'ViZDoom', 'neuraltalk', 'sentiment_classifier', 'NeuroNER', 'deepface', 'statsmodels', 'jProcessing', 'dedupe', 'python-recsys', 'cornac', 'eurybia', 'igel', 'keras-tuner', 'backprop', 'ray', 'cltk', 'recommenders', 'sentiment-analyzer', 'evidently', 'deepchecks', 'garage', 'hebel', 'jieba', 'pyod', 'catalyst', 'pytensor', 'lambdo', 'tflearn', 'prodmodel', 'zpar', 'polyglot', 'alibi', 'scikit-learn-intelex', 'pytorch-lightning', 'bolt', 'PCV', 'tpot', 'neural-style-pt', 'chainer', 'skorch', 'pybrain', 'bokeh', 'autogluon', 'pytorch_geometric', 'pkuseg-python', 'open-metric-learning', 'detectron2', 'nilearn', 'mljar-supervised', 'altair', 'pyqtgraph', 'bentoml', 'caffe', 'river', 'numpy', 'CompreFace', 'FEDOT', 'sktime', 'PyTorchCV', 'pytorch-image-models', 'pebl', 'bigartm', 'BioPy', 'python-timbl', 'lightwood', 'mlx', 'zipline', 'pgmpy', 'Petrel', 'mlflow', 'DrQA', 'Parris', 'scikit-learn', 'pytorch', 'SynapseML', 'superset', 'transformers', 'ColossalAI', 'vispy', 'joliGEN', 'danswerai', 'shogun', 'Spearmint', 'xgboost', 'rosetta', 'catboost', 'dash', 'tesseract', 'stellargraph', 'maze', 'cleanlab', 'lightly', 'pymc', 'scikit-opt', 'deeppy', 'Gymnasium', 'skll', 'emcee', 'vigra', 'dtaidistance', 'mars', 'neuraltalk2', 'jax', 'scikit-survival', 'pytorch-frame', 'streamlit', 'mlxtend', 'cortex', 'DeepPavlov', 'alibi-detect', 'gradio', 'xlearn', 'langfuse', 'DI-engine', 'pyss3', 'DIGITS', 'LightGBM', 'CoreNLP', 'yalign', 'determined', 'deeplake', 'blaze', 'somoclu', 'xcessiv', 'matplotlib', 'tensorflow', 'PySyft', 'haystack', 'mlens', 'retro', 'machine-learning', 'gensim', 'neuropredict', 'feast', 'rasa', 'loso', 'lab', 'mindsdb', 'dowel', 'nut', 'retinaface', 'ViZDoom', 'neuraltalk', 'optuna', 'open-webui', 'NeuroNER', 'deepface', 'statsmodels', 'jProcessing', 'typer', 'python-recsys', 'textacy', 'ggpy', 'cornac', 'spaCy', 'langflow', 'igel', 'keras-tuner', 'Metaworld', 'aim', 'pynlpl', 'ray', 'cltk', 'recommenders', 'seaborn', 'evidently', 'deepchecks', 'garage', 'hebel', 'jieba', 'catalyst', 'pytensor', 'lambdo', 'prodmodel', 'zpar', 'polyglot', 'scikit-learn-intelex', 'scikit-image', 'pytorch-lightning', 'colibri-core', 'bolt']"
93,category,417,Communication Channel Errors,1,81,"['danswerai', 'DIGITS', 'rep', 'open-webui', 'determined', 'deepface', 'upgini', 'matplotlib', 'langflow', 'keras-tuner', 'numpy', 'lightly', 'machine-learning', 'ray', 'mlflow', 'tflearn', 'pytorch-frame', 'streamlit', 'rasa', 'cortex', 'scikit-image', 'DeepPavlov', 'mindsdb', 'gradio', 'transformers', 'ColossalAI']"
94,category,485,7PK - Encapsulation,9,94,"['danswerai', 'feast', 'DIGITS', 'langflow', 'open-webui', 'PySyft', 'superset', 'mindsdb', 'gradio', 'aim', 'deepface', 'blaze', 'mlflow', 'ColossalAI', 'joliGEN', 'machine-learning', 'dash', 'ray', 'caffe', 'CompreFace', 'bokeh', 'xcessiv', 'face_recognition']"
95,category,712,OWASP Top Ten 2007 Category A1 - Cross Site Scripting (XSS),16,30,"['cornac', 'feast', 'bowtie', 'DIGITS', 'mindsdb', 'mars', 'deepface', 'mlflow', 'PyTorchCV', 'machine-learning']"
96,category,713,OWASP Top Ten 2007 Category A2 - Injection Flaws,9,27,"['danswerai', 'feast', 'rasa', 'DeepPavlov', 'open-webui', 'mindsdb', 'determined', 'deeplake', 'mlflow']"
97,category,714,OWASP Top Ten 2007 Category A3 - Malicious File Execution,10,432,"['danswerai', 'DIGITS', 'shogun', 'Spearmint', 'rep', 'open-webui', 'bokeh', 'determined', 'deeplake', 'blaze', 'statsmodels', 'xgboost', 'catboost', 'typer', 'dash', 'open-metric-learning', 'detectron2', 'nilearn', 'matplotlib', 'langflow', 'pyqtgraph', 'bentoml', 'tensorflow', 'altair', 'aim', 'numpy', 'mlens', 'retro', 'pynlpl', 'pytorch-image-models', 'deeppy', 'bigartm', 'gensim', 'ray', 'skll', 'PyStanfordDependencies', 'pydantic', 'zipline', 'mars', 'catalyst', 'jax', 'mlflow', 'pytorch', 'streamlit', 'rasa', 'cortex', 'mist', 'scikit-learn-intelex', 'scikit-image', 'loso', 'mindsdb', 'superset', 'pytorch-lightning', 'gradio', 'transformers', 'DI-engine', 'ViZDoom', 'neuraltalk', 'colibri-core', 'couler', 'DIGITS', 'tpot', 'open-webui', 'chainer', 'pybrain', 'statsmodels', 'catboost', 'ggpy', 'dash', 'cornac', 'rgf', 'pyqtgraph', 'tensorflow', 'stellargraph', 'cleanlab', 'numpy', 'FEDOT', 'bytehub', 'segmentation_models', 'pebl', 'deeppy', 'bigartm', 'scikit-multiflow', 'recommenders', 'seaborn', 'nupic.studio', 'vigra', 'gan', 'python-timbl', 'notebook', 'pyod', 'catalyst', 'rockpool', 'metric-learn', 'lambdo', 'pytorch', 'zpar', 'streamlit', 'alibi', 'annoy', 'mist', 'scikit-image', 'DeepPavlov', 'breze', 'superset', 'imbalanced-ensemble', 'alibi-detect', 'mindsdb', 'xlearn', 'snips-nlu', 'lifelines', 'ColossalAI', 'DI-engine']"
98,category,715,OWASP Top Ten 2007 Category A4 - Insecure Direct Object Reference,14,7024,"['tpot', 'neural-style-pt', 'chainer', 'skorch', 'pybrain', 'bokeh', 'autogluon', 'pytorch_geometric', 'pkuseg-python', 'open-metric-learning', 'detectron2', 'nilearn', 'mljar-supervised', 'altair', 'pyqtgraph', 'bentoml', 'caffe', 'river', 'numpy', 'CompreFace', 'FEDOT', 'sktime', 'PyTorchCV', 'pytorch-image-models', 'pebl', 'bigartm', 'BioPy', 'python-timbl', 'lightwood', 'mlx', 'zipline', 'pgmpy', 'Petrel', 'mlflow', 'DrQA', 'Parris', 'scikit-learn', 'pytorch', 'SynapseML', 'superset', 'transformers', 'ColossalAI', 'vispy', 'joliGEN', 'danswerai', 'shogun', 'Spearmint', 'xgboost', 'rosetta', 'catboost', 'dash', 'tesseract', 'stellargraph', 'maze', 'cleanlab', 'lightly', 'pymc', 'scikit-opt', 'deeppy', 'Gymnasium', 'skll', 'emcee', 'vigra', 'dtaidistance', 'mars', 'neuraltalk2', 'jax', 'scikit-survival', 'pytorch-frame', 'streamlit', 'mlxtend', 'cortex', 'DeepPavlov', 'alibi-detect', 'gradio', 'xlearn', 'langfuse', 'DI-engine', 'pyss3', 'DIGITS', 'LightGBM', 'CoreNLP', 'yalign', 'determined', 'deeplake', 'blaze', 'somoclu', 'xcessiv', 'matplotlib', 'tensorflow', 'PySyft', 'haystack', 'mlens', 'retro', 'machine-learning', 'gensim', 'neuropredict', 'feast', 'rasa', 'loso', 'lab', 'mindsdb', 'dowel', 'nut', 'retinaface', 'ViZDoom', 'neuraltalk', 'optuna', 'open-webui', 'NeuroNER', 'deepface', 'statsmodels', 'jProcessing', 'typer', 'python-recsys', 'textacy', 'ggpy', 'cornac', 'spaCy', 'langflow', 'igel', 'keras-tuner', 'Metaworld', 'aim', 'pynlpl', 'ray', 'cltk', 'recommenders', 'seaborn', 'evidently', 'deepchecks', 'garage', 'hebel', 'jieba', 'catalyst', 'pytensor', 'lambdo', 'prodmodel', 'zpar', 'polyglot', 'scikit-learn-intelex', 'scikit-image', 'pytorch-lightning', 'colibri-core', 'bolt']"
99,category,717,OWASP Top Ten 2007 Category A6 - Information Leakage and Improper Error Handling,35,153,"['LightGBM', 'bokeh', 'determined', 'catboost', 'pytorch_geometric', 'open-metric-learning', 'detectron2', 'spaCy', 'langflow', 'bentoml', 'aim', 'sinabs', 'ray', 'gan', 'jax', 'mlflow', 'streamlit', 'pytorch-lightning', 'gradio', 'transformers', 'ColossalAI', 'pyss3', 'danswerai', 'feast', 'DIGITS', 'langflow', 'open-webui', 'PySyft', 'superset', 'mindsdb', 'gradio', 'aim', 'deepface', 'blaze', 'mlflow', 'ColossalAI', 'joliGEN', 'machine-learning', 'dash', 'ray', 'caffe', 'CompreFace', 'bokeh', 'xcessiv', 'face_recognition']"
100,category,722,OWASP Top Ten 2004 Category A1 - Unvalidated Input,256,162,"['danswerai', 'DIGITS', 'open-webui', 'fastapi', 'bokeh', 'nalp', 'spammy', 'ViZDoom', 'langflow', 'PySyft', 'numpy', 'lightly', 'retro', 'ray', 'pydantic', 'pytensor', 'mlflow', 'pytorch', 'streamlit', 'feast', 'rasa', 'mindsdb', 'superset', 'gradio', 'transformers', 'pattern', 'AutoViz', 'Auto_ViML', 'danswerai', 'DIGITS', 'open-webui', 'fastapi', 'bokeh', 'nalp', 'spammy', 'ViZDoom', 'langflow', 'PySyft', 'numpy', 'lightly', 'retro', 'ray', 'pydantic', 'pytensor', 'mlflow', 'pytorch', 'streamlit', 'feast', 'rasa', 'mindsdb', 'superset', 'gradio', 'transformers', 'pattern', 'AutoViz', 'Auto_ViML', 'DIGITS', 'langflow', 'mindsdb', 'superset', 'face_recognition', 'danswerai', 'DIGITS', 'open-webui', 'fastapi', 'bokeh', 'nalp', 'spammy', 'ViZDoom', 'langflow', 'PySyft', 'numpy', 'lightly', 'retro', 'ray', 'pydantic', 'pytensor', 'mlflow', 'pytorch', 'streamlit', 'feast', 'rasa', 'mindsdb', 'superset', 'gradio', 'transformers', 'pattern', 'AutoViz', 'Auto_ViML', 'danswerai', 'DIGITS', 'open-webui', 'fastapi', 'bokeh', 'nalp', 'spammy', 'ViZDoom', 'langflow', 'PySyft', 'numpy', 'lightly', 'retro', 'ray', 'pydantic', 'pytensor', 'mlflow', 'pytorch', 'streamlit', 'feast', 'rasa', 'mindsdb', 'superset', 'gradio', 'transformers', 'pattern', 'AutoViz', 'Auto_ViML', 'danswerai', 'DIGITS', 'open-webui', 'fastapi', 'bokeh', 'nalp', 'spammy', 'ViZDoom', 'langflow', 'PySyft', 'numpy', 'lightly', 'retro', 'ray', 'pydantic', 'pytensor', 'mlflow', 'pytorch', 'streamlit', 'feast', 'rasa', 'mindsdb', 'superset', 'gradio', 'transformers', 'pattern', 'AutoViz', 'Auto_ViML', 'cornac', 'feast', 'bowtie', 'DIGITS', 'mindsdb', 'mars', 'deepface', 'mlflow', 'PyTorchCV', 'machine-learning', 'danswerai', 'feast', 'rasa', 'DeepPavlov', 'open-webui', 'mindsdb', 'determined', 'deeplake', 'mlflow']"
101,category,723,OWASP Top Ten 2004 Category A2 - Broken Access Control,26,14048,"['tpot', 'neural-style-pt', 'chainer', 'skorch', 'pybrain', 'bokeh', 'autogluon', 'pytorch_geometric', 'pkuseg-python', 'open-metric-learning', 'detectron2', 'nilearn', 'mljar-supervised', 'altair', 'pyqtgraph', 'bentoml', 'caffe', 'river', 'numpy', 'CompreFace', 'FEDOT', 'sktime', 'PyTorchCV', 'pytorch-image-models', 'pebl', 'bigartm', 'BioPy', 'python-timbl', 'lightwood', 'mlx', 'zipline', 'pgmpy', 'Petrel', 'mlflow', 'DrQA', 'Parris', 'scikit-learn', 'pytorch', 'SynapseML', 'superset', 'transformers', 'ColossalAI', 'vispy', 'joliGEN', 'danswerai', 'shogun', 'Spearmint', 'xgboost', 'rosetta', 'catboost', 'dash', 'tesseract', 'stellargraph', 'maze', 'cleanlab', 'lightly', 'pymc', 'scikit-opt', 'deeppy', 'Gymnasium', 'skll', 'emcee', 'vigra', 'dtaidistance', 'mars', 'neuraltalk2', 'jax', 'scikit-survival', 'pytorch-frame', 'streamlit', 'mlxtend', 'cortex', 'DeepPavlov', 'alibi-detect', 'gradio', 'xlearn', 'langfuse', 'DI-engine', 'pyss3', 'DIGITS', 'LightGBM', 'CoreNLP', 'yalign', 'determined', 'deeplake', 'blaze', 'somoclu', 'xcessiv', 'matplotlib', 'tensorflow', 'PySyft', 'haystack', 'mlens', 'retro', 'machine-learning', 'gensim', 'neuropredict', 'feast', 'rasa', 'loso', 'lab', 'mindsdb', 'dowel', 'nut', 'retinaface', 'ViZDoom', 'neuraltalk', 'optuna', 'open-webui', 'NeuroNER', 'deepface', 'statsmodels', 'jProcessing', 'typer', 'python-recsys', 'textacy', 'ggpy', 'cornac', 'spaCy', 'langflow', 'igel', 'keras-tuner', 'Metaworld', 'aim', 'pynlpl', 'ray', 'cltk', 'recommenders', 'seaborn', 'evidently', 'deepchecks', 'garage', 'hebel', 'jieba', 'catalyst', 'pytensor', 'lambdo', 'prodmodel', 'zpar', 'polyglot', 'scikit-learn-intelex', 'scikit-image', 'pytorch-lightning', 'colibri-core', 'bolt', 'tpot', 'neural-style-pt', 'chainer', 'skorch', 'pybrain', 'bokeh', 'autogluon', 'pytorch_geometric', 'pkuseg-python', 'open-metric-learning', 'detectron2', 'nilearn', 'mljar-supervised', 'altair', 'pyqtgraph', 'bentoml', 'caffe', 'river', 'numpy', 'CompreFace', 'FEDOT', 'sktime', 'PyTorchCV', 'pytorch-image-models', 'pebl', 'bigartm', 'BioPy', 'python-timbl', 'lightwood', 'mlx', 'zipline', 'pgmpy', 'Petrel', 'mlflow', 'DrQA', 'Parris', 'scikit-learn', 'pytorch', 'SynapseML', 'superset', 'transformers', 'ColossalAI', 'vispy', 'joliGEN', 'danswerai', 'shogun', 'Spearmint', 'xgboost', 'rosetta', 'catboost', 'dash', 'tesseract', 'stellargraph', 'maze', 'cleanlab', 'lightly', 'pymc', 'scikit-opt', 'deeppy', 'Gymnasium', 'skll', 'emcee', 'vigra', 'dtaidistance', 'mars', 'neuraltalk2', 'jax', 'scikit-survival', 'pytorch-frame', 'streamlit', 'mlxtend', 'cortex', 'DeepPavlov', 'alibi-detect', 'gradio', 'xlearn', 'langfuse', 'DI-engine', 'pyss3', 'DIGITS', 'LightGBM', 'CoreNLP', 'yalign', 'determined', 'deeplake', 'blaze', 'somoclu', 'xcessiv', 'matplotlib', 'tensorflow', 'PySyft', 'haystack', 'mlens', 'retro', 'machine-learning', 'gensim', 'neuropredict', 'feast', 'rasa', 'loso', 'lab', 'mindsdb', 'dowel', 'nut', 'retinaface', 'ViZDoom', 'neuraltalk', 'optuna', 'open-webui', 'NeuroNER', 'deepface', 'statsmodels', 'jProcessing', 'typer', 'python-recsys', 'textacy', 'ggpy', 'cornac', 'spaCy', 'langflow', 'igel', 'keras-tuner', 'Metaworld', 'aim', 'pynlpl', 'ray', 'cltk', 'recommenders', 'seaborn', 'evidently', 'deepchecks', 'garage', 'hebel', 'jieba', 'catalyst', 'pytensor', 'lambdo', 'prodmodel', 'zpar', 'polyglot', 'scikit-learn-intelex', 'scikit-image', 'pytorch-lightning', 'colibri-core', 'bolt']"
102,category,725,OWASP Top Ten 2004 Category A4 - Cross-Site Scripting (XSS) Flaws,18,30,"['cornac', 'feast', 'bowtie', 'DIGITS', 'mindsdb', 'mars', 'deepface', 'mlflow', 'PyTorchCV', 'machine-learning']"
103,category,727,OWASP Top Ten 2004 Category A6 - Injection Flaws,46,467,"['feast', 'DIGITS', 'superset', 'dl-translate', 'DI-engine', 'ray', 'danswerai', 'DIGITS', 'shogun', 'Spearmint', 'rep', 'open-webui', 'bokeh', 'determined', 'deeplake', 'blaze', 'statsmodels', 'xgboost', 'catboost', 'typer', 'dash', 'open-metric-learning', 'detectron2', 'nilearn', 'matplotlib', 'langflow', 'pyqtgraph', 'bentoml', 'tensorflow', 'altair', 'aim', 'numpy', 'mlens', 'retro', 'pynlpl', 'pytorch-image-models', 'deeppy', 'bigartm', 'gensim', 'ray', 'skll', 'PyStanfordDependencies', 'pydantic', 'zipline', 'mars', 'catalyst', 'jax', 'mlflow', 'pytorch', 'streamlit', 'rasa', 'cortex', 'mist', 'scikit-learn-intelex', 'scikit-image', 'loso', 'mindsdb', 'superset', 'pytorch-lightning', 'gradio', 'transformers', 'DI-engine', 'ViZDoom', 'neuraltalk', 'colibri-core', 'couler', 'DIGITS', 'tpot', 'open-webui', 'chainer', 'pybrain', 'statsmodels', 'catboost', 'ggpy', 'dash', 'cornac', 'rgf', 'pyqtgraph', 'tensorflow', 'stellargraph', 'cleanlab', 'numpy', 'FEDOT', 'bytehub', 'segmentation_models', 'pebl', 'deeppy', 'bigartm', 'scikit-multiflow', 'recommenders', 'seaborn', 'nupic.studio', 'vigra', 'gan', 'python-timbl', 'notebook', 'pyod', 'catalyst', 'rockpool', 'metric-learn', 'lambdo', 'pytorch', 'zpar', 'streamlit', 'alibi', 'annoy', 'mist', 'scikit-image', 'DeepPavlov', 'breze', 'superset', 'imbalanced-ensemble', 'alibi-detect', 'mindsdb', 'xlearn', 'snips-nlu', 'lifelines', 'ColossalAI', 'DI-engine', 'danswerai', 'feast', 'rasa', 'DeepPavlov', 'open-webui', 'mindsdb', 'determined', 'deeplake', 'mlflow']"
104,category,728,OWASP Top Ten 2004 Category A7 - Improper Error Handling,13,88,"['danswerai', 'feast', 'DIGITS', 'langflow', 'open-webui', 'PySyft', 'superset', 'mindsdb', 'gradio', 'aim', 'deepface', 'blaze', 'mlflow', 'ColossalAI', 'joliGEN', 'machine-learning', 'dash', 'ray']"
105,category,729,OWASP Top Ten 2004 Category A8 - Insecure Storage,30,15,"['streamlit', 'danswerai', 'couler', 'langflow', 'open-webui', 'gradio', 'lightly', 'mars', 'determined', 'mlflow', 'streamlit', 'danswerai', 'couler', 'langflow', 'open-webui', 'gradio', 'lightly', 'mars', 'determined', 'mlflow', 'streamlit', 'danswerai', 'couler', 'langflow', 'open-webui', 'gradio', 'lightly', 'mars', 'determined', 'mlflow']"
106,category,730,OWASP Top Ten 2004 Category A9 - Denial of Service,36,354,"['danswerai', 'DIGITS', 'LightGBM', 'open-webui', 'CoreNLP', 'chainer', 'bokeh', 'determined', 'blaze', 'xgboost', 'catboost', 'jProcessing', 'typer', 'dash', 'ViZDoom', 'langflow', 'pyqtgraph', 'bentoml', 'caffe', 'tensorflow', 'numpy', 'haystack', 'pymc', 'PyTorchCV', 'retro', 'pebl', 'bigartm', 'gensim', 'ray', 'skll', 'emcee', 'vigra', 'deepchecks', 'pgmpy', 'pydantic', 'zipline', 'mars', 'jax', 'mlflow', 'DrQA', 'lambdo', 'scikit-learn', 'zpar', 'streamlit', 'pytorch', 'rasa', 'cortex', 'scikit-learn-intelex', 'DeepPavlov', 'mindsdb', 'pytorch-lightning', 'gradio', 'dirty_cat', 'xlearn', 'transformers', 'ColossalAI', 'vispy', 'pattern', 'DI-engine', 'pyss3', 'lightning-bolts', 'danswerai', 'DIGITS', 'LightGBM', 'open-webui', 'CoreNLP', 'chainer', 'bokeh', 'determined', 'blaze', 'xgboost', 'catboost', 'jProcessing', 'typer', 'dash', 'ViZDoom', 'langflow', 'pyqtgraph', 'bentoml', 'caffe', 'tensorflow', 'numpy', 'haystack', 'pymc', 'PyTorchCV', 'retro', 'pebl', 'bigartm', 'gensim', 'ray', 'skll', 'emcee', 'vigra', 'deepchecks', 'pgmpy', 'pydantic', 'zipline', 'mars', 'jax', 'mlflow', 'DrQA', 'lambdo', 'scikit-learn', 'zpar', 'streamlit', 'pytorch', 'rasa', 'cortex', 'scikit-learn-intelex', 'DeepPavlov', 'mindsdb', 'pytorch-lightning', 'gradio', 'dirty_cat', 'xlearn', 'transformers', 'ColossalAI', 'vispy', 'pattern', 'DI-engine', 'pyss3', 'lightning-bolts', 'danswerai', 'DIGITS', 'LightGBM', 'open-webui', 'CoreNLP', 'chainer', 'bokeh', 'determined', 'blaze', 'xgboost', 'catboost', 'jProcessing', 'typer', 'dash', 'ViZDoom', 'langflow', 'pyqtgraph', 'bentoml', 'caffe', 'tensorflow', 'numpy', 'haystack', 'pymc', 'PyTorchCV', 'retro', 'pebl', 'bigartm', 'gensim', 'ray', 'skll', 'emcee', 'vigra', 'deepchecks', 'pgmpy', 'pydantic', 'zipline', 'mars', 'jax', 'mlflow', 'DrQA', 'lambdo', 'scikit-learn', 'zpar', 'streamlit', 'pytorch', 'rasa', 'cortex', 'scikit-learn-intelex', 'DeepPavlov', 'mindsdb', 'pytorch-lightning', 'gradio', 'dirty_cat', 'xlearn', 'transformers', 'ColossalAI', 'vispy', 'pattern', 'DI-engine', 'pyss3', 'lightning-bolts']"
107,category,731,OWASP Top Ten 2004 Category A10 - Insecure Configuration Management,36,160,"['danswerai', 'feast', 'DIGITS', 'langflow', 'open-webui', 'PySyft', 'superset', 'mindsdb', 'gradio', 'aim', 'deepface', 'blaze', 'mlflow', 'ColossalAI', 'joliGEN', 'machine-learning', 'dash', 'ray', 'caffe', 'CompreFace', 'bokeh', 'xcessiv', 'face_recognition', 'caffe', 'CompreFace', 'bokeh', 'xcessiv', 'face_recognition', 'ray', 'danswerai', 'feast', 'cortex', 'langflow', 'open-webui', 'gradio', 'bokeh', 'determined', 'deepface', 'mlflow', 'comet-llm', 'pattern', 'typer', 'ray']"
108,category,738,CERT C Secure Coding Standard (2008) Chapter 5 - Integers (INT),230,91,"['danswerai', 'DIGITS', 'open-webui', 'fastapi', 'bokeh', 'nalp', 'spammy', 'ViZDoom', 'langflow', 'PySyft', 'numpy', 'lightly', 'retro', 'ray', 'pydantic', 'pytensor', 'mlflow', 'pytorch', 'streamlit', 'feast', 'rasa', 'mindsdb', 'superset', 'gradio', 'transformers', 'pattern', 'AutoViz', 'Auto_ViML', 'danswerai', 'DIGITS', 'open-webui', 'fastapi', 'bokeh', 'nalp', 'spammy', 'ViZDoom', 'langflow', 'PySyft', 'numpy', 'lightly', 'retro', 'ray', 'pydantic', 'pytensor', 'mlflow', 'pytorch', 'streamlit', 'feast', 'rasa', 'mindsdb', 'superset', 'gradio', 'transformers', 'pattern', 'AutoViz', 'Auto_ViML', 'danswerai', 'DIGITS', 'open-webui', 'fastapi', 'bokeh', 'nalp', 'spammy', 'ViZDoom', 'langflow', 'PySyft', 'numpy', 'lightly', 'retro', 'ray', 'pydantic', 'pytensor', 'mlflow', 'pytorch', 'streamlit', 'feast', 'rasa', 'mindsdb', 'superset', 'gradio', 'transformers', 'pattern', 'AutoViz', 'Auto_ViML', 'danswerai', 'DIGITS', 'open-webui', 'fastapi', 'bokeh', 'nalp', 'spammy', 'ViZDoom', 'langflow', 'PySyft', 'numpy', 'lightly', 'retro', 'ray', 'pydantic', 'pytensor', 'mlflow', 'pytorch', 'streamlit', 'feast', 'rasa', 'mindsdb', 'superset', 'gradio', 'transformers', 'pattern', 'AutoViz', 'Auto_ViML', 'danswerai', 'DIGITS', 'open-webui', 'fastapi', 'bokeh', 'nalp', 'spammy', 'ViZDoom', 'langflow', 'PySyft', 'numpy', 'lightly', 'retro', 'ray', 'pydantic', 'pytensor', 'mlflow', 'pytorch', 'streamlit', 'feast', 'rasa', 'mindsdb', 'superset', 'gradio', 'transformers', 'pattern', 'AutoViz', 'Auto_ViML']"
109,category,741,CERT C Secure Coding Standard (2008) Chapter 8 - Characters and Strings (STR),16,600,"['danswerai', 'DIGITS', 'shogun', 'Spearmint', 'rep', 'open-webui', 'bokeh', 'determined', 'deeplake', 'blaze', 'statsmodels', 'xgboost', 'catboost', 'typer', 'dash', 'open-metric-learning', 'detectron2', 'nilearn', 'matplotlib', 'langflow', 'pyqtgraph', 'bentoml', 'tensorflow', 'altair', 'aim', 'numpy', 'mlens', 'retro', 'pynlpl', 'pytorch-image-models', 'deeppy', 'bigartm', 'gensim', 'ray', 'skll', 'PyStanfordDependencies', 'pydantic', 'zipline', 'mars', 'catalyst', 'jax', 'mlflow', 'pytorch', 'streamlit', 'rasa', 'cortex', 'mist', 'scikit-learn-intelex', 'scikit-image', 'loso', 'mindsdb', 'superset', 'pytorch-lightning', 'gradio', 'transformers', 'DI-engine', 'ViZDoom', 'neuraltalk', 'colibri-core', 'danswerai', 'DIGITS', 'shogun', 'Spearmint', 'rep', 'open-webui', 'bokeh', 'determined', 'deeplake', 'blaze', 'statsmodels', 'xgboost', 'catboost', 'typer', 'dash', 'open-metric-learning', 'detectron2', 'nilearn', 'matplotlib', 'langflow', 'pyqtgraph', 'bentoml', 'tensorflow', 'altair', 'aim', 'numpy', 'mlens', 'retro', 'pynlpl', 'pytorch-image-models', 'deeppy', 'bigartm', 'gensim', 'ray', 'skll', 'PyStanfordDependencies', 'pydantic', 'zipline', 'mars', 'catalyst', 'jax', 'mlflow', 'pytorch', 'streamlit', 'rasa', 'cortex', 'mist', 'scikit-learn-intelex', 'scikit-image', 'loso', 'mindsdb', 'superset', 'pytorch-lightning', 'gradio', 'transformers', 'DI-engine', 'ViZDoom', 'neuraltalk', 'colibri-core']"
110,category,742,CERT C Secure Coding Standard (2008) Chapter 9 - Memory Management (MEM),235,91,"['danswerai', 'DIGITS', 'open-webui', 'fastapi', 'bokeh', 'nalp', 'spammy', 'ViZDoom', 'langflow', 'PySyft', 'numpy', 'lightly', 'retro', 'ray', 'pydantic', 'pytensor', 'mlflow', 'pytorch', 'streamlit', 'feast', 'rasa', 'mindsdb', 'superset', 'gradio', 'transformers', 'pattern', 'AutoViz', 'Auto_ViML', 'danswerai', 'DIGITS', 'open-webui', 'fastapi', 'bokeh', 'nalp', 'spammy', 'ViZDoom', 'langflow', 'PySyft', 'numpy', 'lightly', 'retro', 'ray', 'pydantic', 'pytensor', 'mlflow', 'pytorch', 'streamlit', 'feast', 'rasa', 'mindsdb', 'superset', 'gradio', 'transformers', 'pattern', 'AutoViz', 'Auto_ViML', 'danswerai', 'DIGITS', 'open-webui', 'fastapi', 'bokeh', 'nalp', 'spammy', 'ViZDoom', 'langflow', 'PySyft', 'numpy', 'lightly', 'retro', 'ray', 'pydantic', 'pytensor', 'mlflow', 'pytorch', 'streamlit', 'feast', 'rasa', 'mindsdb', 'superset', 'gradio', 'transformers', 'pattern', 'AutoViz', 'Auto_ViML', 'danswerai', 'DIGITS', 'open-webui', 'fastapi', 'bokeh', 'nalp', 'spammy', 'ViZDoom', 'langflow', 'PySyft', 'numpy', 'lightly', 'retro', 'ray', 'pydantic', 'pytensor', 'mlflow', 'pytorch', 'streamlit', 'feast', 'rasa', 'mindsdb', 'superset', 'gradio', 'transformers', 'pattern', 'AutoViz', 'Auto_ViML', 'danswerai', 'DIGITS', 'open-webui', 'fastapi', 'bokeh', 'nalp', 'spammy', 'ViZDoom', 'langflow', 'PySyft', 'numpy', 'lightly', 'retro', 'ray', 'pydantic', 'pytensor', 'mlflow', 'pytorch', 'streamlit', 'feast', 'rasa', 'mindsdb', 'superset', 'gradio', 'transformers', 'pattern', 'AutoViz', 'Auto_ViML']"
111,category,743,CERT C Secure Coding Standard (2008) Chapter 10 - Input Output (FIO),16,7024,"['tpot', 'neural-style-pt', 'chainer', 'skorch', 'pybrain', 'bokeh', 'autogluon', 'pytorch_geometric', 'pkuseg-python', 'open-metric-learning', 'detectron2', 'nilearn', 'mljar-supervised', 'altair', 'pyqtgraph', 'bentoml', 'caffe', 'river', 'numpy', 'CompreFace', 'FEDOT', 'sktime', 'PyTorchCV', 'pytorch-image-models', 'pebl', 'bigartm', 'BioPy', 'python-timbl', 'lightwood', 'mlx', 'zipline', 'pgmpy', 'Petrel', 'mlflow', 'DrQA', 'Parris', 'scikit-learn', 'pytorch', 'SynapseML', 'superset', 'transformers', 'ColossalAI', 'vispy', 'joliGEN', 'danswerai', 'shogun', 'Spearmint', 'xgboost', 'rosetta', 'catboost', 'dash', 'tesseract', 'stellargraph', 'maze', 'cleanlab', 'lightly', 'pymc', 'scikit-opt', 'deeppy', 'Gymnasium', 'skll', 'emcee', 'vigra', 'dtaidistance', 'mars', 'neuraltalk2', 'jax', 'scikit-survival', 'pytorch-frame', 'streamlit', 'mlxtend', 'cortex', 'DeepPavlov', 'alibi-detect', 'gradio', 'xlearn', 'langfuse', 'DI-engine', 'pyss3', 'DIGITS', 'LightGBM', 'CoreNLP', 'yalign', 'determined', 'deeplake', 'blaze', 'somoclu', 'xcessiv', 'matplotlib', 'tensorflow', 'PySyft', 'haystack', 'mlens', 'retro', 'machine-learning', 'gensim', 'neuropredict', 'feast', 'rasa', 'loso', 'lab', 'mindsdb', 'dowel', 'nut', 'retinaface', 'ViZDoom', 'neuraltalk', 'optuna', 'open-webui', 'NeuroNER', 'deepface', 'statsmodels', 'jProcessing', 'typer', 'python-recsys', 'textacy', 'ggpy', 'cornac', 'spaCy', 'langflow', 'igel', 'keras-tuner', 'Metaworld', 'aim', 'pynlpl', 'ray', 'cltk', 'recommenders', 'seaborn', 'evidently', 'deepchecks', 'garage', 'hebel', 'jieba', 'catalyst', 'pytensor', 'lambdo', 'prodmodel', 'zpar', 'polyglot', 'scikit-learn-intelex', 'scikit-image', 'pytorch-lightning', 'colibri-core', 'bolt']"
112,category,744,CERT C Secure Coding Standard (2008) Chapter 11 - Environment (ENV),18,600,"['danswerai', 'DIGITS', 'shogun', 'Spearmint', 'rep', 'open-webui', 'bokeh', 'determined', 'deeplake', 'blaze', 'statsmodels', 'xgboost', 'catboost', 'typer', 'dash', 'open-metric-learning', 'detectron2', 'nilearn', 'matplotlib', 'langflow', 'pyqtgraph', 'bentoml', 'tensorflow', 'altair', 'aim', 'numpy', 'mlens', 'retro', 'pynlpl', 'pytorch-image-models', 'deeppy', 'bigartm', 'gensim', 'ray', 'skll', 'PyStanfordDependencies', 'pydantic', 'zipline', 'mars', 'catalyst', 'jax', 'mlflow', 'pytorch', 'streamlit', 'rasa', 'cortex', 'mist', 'scikit-learn-intelex', 'scikit-image', 'loso', 'mindsdb', 'superset', 'pytorch-lightning', 'gradio', 'transformers', 'DI-engine', 'ViZDoom', 'neuraltalk', 'colibri-core', 'danswerai', 'DIGITS', 'shogun', 'Spearmint', 'rep', 'open-webui', 'bokeh', 'determined', 'deeplake', 'blaze', 'statsmodels', 'xgboost', 'catboost', 'typer', 'dash', 'open-metric-learning', 'detectron2', 'nilearn', 'matplotlib', 'langflow', 'pyqtgraph', 'bentoml', 'tensorflow', 'altair', 'aim', 'numpy', 'mlens', 'retro', 'pynlpl', 'pytorch-image-models', 'deeppy', 'bigartm', 'gensim', 'ray', 'skll', 'PyStanfordDependencies', 'pydantic', 'zipline', 'mars', 'catalyst', 'jax', 'mlflow', 'pytorch', 'streamlit', 'rasa', 'cortex', 'mist', 'scikit-learn-intelex', 'scikit-image', 'loso', 'mindsdb', 'superset', 'pytorch-lightning', 'gradio', 'transformers', 'DI-engine', 'ViZDoom', 'neuraltalk', 'colibri-core']"
113,category,746,CERT C Secure Coding Standard (2008) Chapter 13 - Error Handling (ERR),240,91,"['danswerai', 'DIGITS', 'open-webui', 'fastapi', 'bokeh', 'nalp', 'spammy', 'ViZDoom', 'langflow', 'PySyft', 'numpy', 'lightly', 'retro', 'ray', 'pydantic', 'pytensor', 'mlflow', 'pytorch', 'streamlit', 'feast', 'rasa', 'mindsdb', 'superset', 'gradio', 'transformers', 'pattern', 'AutoViz', 'Auto_ViML', 'danswerai', 'DIGITS', 'open-webui', 'fastapi', 'bokeh', 'nalp', 'spammy', 'ViZDoom', 'langflow', 'PySyft', 'numpy', 'lightly', 'retro', 'ray', 'pydantic', 'pytensor', 'mlflow', 'pytorch', 'streamlit', 'feast', 'rasa', 'mindsdb', 'superset', 'gradio', 'transformers', 'pattern', 'AutoViz', 'Auto_ViML', 'danswerai', 'DIGITS', 'open-webui', 'fastapi', 'bokeh', 'nalp', 'spammy', 'ViZDoom', 'langflow', 'PySyft', 'numpy', 'lightly', 'retro', 'ray', 'pydantic', 'pytensor', 'mlflow', 'pytorch', 'streamlit', 'feast', 'rasa', 'mindsdb', 'superset', 'gradio', 'transformers', 'pattern', 'AutoViz', 'Auto_ViML', 'danswerai', 'DIGITS', 'open-webui', 'fastapi', 'bokeh', 'nalp', 'spammy', 'ViZDoom', 'langflow', 'PySyft', 'numpy', 'lightly', 'retro', 'ray', 'pydantic', 'pytensor', 'mlflow', 'pytorch', 'streamlit', 'feast', 'rasa', 'mindsdb', 'superset', 'gradio', 'transformers', 'pattern', 'AutoViz', 'Auto_ViML', 'danswerai', 'DIGITS', 'open-webui', 'fastapi', 'bokeh', 'nalp', 'spammy', 'ViZDoom', 'langflow', 'PySyft', 'numpy', 'lightly', 'retro', 'ray', 'pydantic', 'pytensor', 'mlflow', 'pytorch', 'streamlit', 'feast', 'rasa', 'mindsdb', 'superset', 'gradio', 'transformers', 'pattern', 'AutoViz', 'Auto_ViML']"
114,category,747,CERT C Secure Coding Standard (2008) Chapter 14 - Miscellaneous (MSC),245,91,"['danswerai', 'DIGITS', 'open-webui', 'fastapi', 'bokeh', 'nalp', 'spammy', 'ViZDoom', 'langflow', 'PySyft', 'numpy', 'lightly', 'retro', 'ray', 'pydantic', 'pytensor', 'mlflow', 'pytorch', 'streamlit', 'feast', 'rasa', 'mindsdb', 'superset', 'gradio', 'transformers', 'pattern', 'AutoViz', 'Auto_ViML', 'danswerai', 'DIGITS', 'open-webui', 'fastapi', 'bokeh', 'nalp', 'spammy', 'ViZDoom', 'langflow', 'PySyft', 'numpy', 'lightly', 'retro', 'ray', 'pydantic', 'pytensor', 'mlflow', 'pytorch', 'streamlit', 'feast', 'rasa', 'mindsdb', 'superset', 'gradio', 'transformers', 'pattern', 'AutoViz', 'Auto_ViML', 'danswerai', 'DIGITS', 'open-webui', 'fastapi', 'bokeh', 'nalp', 'spammy', 'ViZDoom', 'langflow', 'PySyft', 'numpy', 'lightly', 'retro', 'ray', 'pydantic', 'pytensor', 'mlflow', 'pytorch', 'streamlit', 'feast', 'rasa', 'mindsdb', 'superset', 'gradio', 'transformers', 'pattern', 'AutoViz', 'Auto_ViML', 'danswerai', 'DIGITS', 'open-webui', 'fastapi', 'bokeh', 'nalp', 'spammy', 'ViZDoom', 'langflow', 'PySyft', 'numpy', 'lightly', 'retro', 'ray', 'pydantic', 'pytensor', 'mlflow', 'pytorch', 'streamlit', 'feast', 'rasa', 'mindsdb', 'superset', 'gradio', 'transformers', 'pattern', 'AutoViz', 'Auto_ViML', 'danswerai', 'DIGITS', 'open-webui', 'fastapi', 'bokeh', 'nalp', 'spammy', 'ViZDoom', 'langflow', 'PySyft', 'numpy', 'lightly', 'retro', 'ray', 'pydantic', 'pytensor', 'mlflow', 'pytorch', 'streamlit', 'feast', 'rasa', 'mindsdb', 'superset', 'gradio', 'transformers', 'pattern', 'AutoViz', 'Auto_ViML']"
115,category,751,2009 Top 25 - Insecure Interaction Between Components,329,701,"['danswerai', 'DIGITS', 'open-webui', 'fastapi', 'bokeh', 'nalp', 'spammy', 'ViZDoom', 'langflow', 'PySyft', 'numpy', 'lightly', 'retro', 'ray', 'pydantic', 'pytensor', 'mlflow', 'pytorch', 'streamlit', 'feast', 'rasa', 'mindsdb', 'superset', 'gradio', 'transformers', 'pattern', 'AutoViz', 'Auto_ViML', 'danswerai', 'DIGITS', 'open-webui', 'fastapi', 'bokeh', 'nalp', 'spammy', 'ViZDoom', 'langflow', 'PySyft', 'numpy', 'lightly', 'retro', 'ray', 'pydantic', 'pytensor', 'mlflow', 'pytorch', 'streamlit', 'feast', 'rasa', 'mindsdb', 'superset', 'gradio', 'transformers', 'pattern', 'AutoViz', 'Auto_ViML', 'danswerai', 'feast', 'DIGITS', 'langflow', 'open-webui', 'PySyft', 'superset', 'mindsdb', 'gradio', 'aim', 'deepface', 'blaze', 'mlflow', 'ColossalAI', 'joliGEN', 'machine-learning', 'dash', 'ray', 'danswerai', 'DIGITS', 'shogun', 'Spearmint', 'rep', 'open-webui', 'bokeh', 'determined', 'deeplake', 'blaze', 'statsmodels', 'xgboost', 'catboost', 'typer', 'dash', 'open-metric-learning', 'detectron2', 'nilearn', 'matplotlib', 'langflow', 'pyqtgraph', 'bentoml', 'tensorflow', 'altair', 'aim', 'numpy', 'mlens', 'retro', 'pynlpl', 'pytorch-image-models', 'deeppy', 'bigartm', 'gensim', 'ray', 'skll', 'PyStanfordDependencies', 'pydantic', 'zipline', 'mars', 'catalyst', 'jax', 'mlflow', 'pytorch', 'streamlit', 'rasa', 'cortex', 'mist', 'scikit-learn-intelex', 'scikit-image', 'loso', 'mindsdb', 'superset', 'pytorch-lightning', 'gradio', 'transformers', 'DI-engine', 'ViZDoom', 'neuraltalk', 'colibri-core', 'couler', 'DIGITS', 'tpot', 'open-webui', 'chainer', 'pybrain', 'deepface', 'statsmodels', 'catboost', 'ggpy', 'dash', 'cornac', 'rgf', 'pyqtgraph', 'tensorflow', 'stellargraph', 'cleanlab', 'numpy', 'FEDOT', 'bytehub', 'PyTorchCV', 'segmentation_models', 'pebl', 'machine-learning', 'deeppy', 'bigartm', 'scikit-multiflow', 'recommenders', 'seaborn', 'nupic.studio', 'vigra', 'gan', 'python-timbl', 'notebook', 'pyod', 'catalyst', 'rockpool', 'mars', 'mlflow', 'metric-learn', 'lambdo', 'pytorch', 'zpar', 'streamlit', 'alibi', 'annoy', 'feast', 'bowtie', 'scikit-image', 'mist', 'DeepPavlov', 'breze', 'superset', 'imbalanced-ensemble', 'alibi-detect', 'mindsdb', 'xlearn', 'snips-nlu', 'transformers', 'lifelines', 'ColossalAI', 'DI-engine', 'danswerai', 'DIGITS', 'open-webui', 'fastapi', 'bokeh', 'nalp', 'spammy', 'ViZDoom', 'langflow', 'PySyft', 'numpy', 'lightly', 'retro', 'ray', 'pydantic', 'pytensor', 'mlflow', 'pytorch', 'streamlit', 'feast', 'rasa', 'mindsdb', 'superset', 'gradio', 'transformers', 'pattern', 'AutoViz', 'Auto_ViML', 'couler', 'DIGITS', 'tpot', 'open-webui', 'chainer', 'pybrain', 'deepface', 'statsmodels', 'catboost', 'ggpy', 'dash', 'cornac', 'rgf', 'pyqtgraph', 'tensorflow', 'stellargraph', 'cleanlab', 'numpy', 'FEDOT', 'bytehub', 'PyTorchCV', 'segmentation_models', 'pebl', 'machine-learning', 'deeppy', 'bigartm', 'scikit-multiflow', 'recommenders', 'seaborn', 'nupic.studio', 'vigra', 'gan', 'python-timbl', 'notebook', 'pyod', 'catalyst', 'rockpool', 'mars', 'mlflow', 'metric-learn', 'lambdo', 'pytorch', 'zpar', 'streamlit', 'alibi', 'annoy', 'feast', 'bowtie', 'scikit-image', 'mist', 'DeepPavlov', 'breze', 'superset', 'imbalanced-ensemble', 'alibi-detect', 'mindsdb', 'xlearn', 'snips-nlu', 'transformers', 'lifelines', 'ColossalAI', 'DI-engine', 'danswerai', 'DIGITS', 'open-webui', 'fastapi', 'bokeh', 'nalp', 'spammy', 'ViZDoom', 'langflow', 'PySyft', 'numpy', 'lightly', 'retro', 'ray', 'pydantic', 'pytensor', 'mlflow', 'pytorch', 'streamlit', 'feast', 'rasa', 'mindsdb', 'superset', 'gradio', 'transformers', 'pattern', 'AutoViz', 'Auto_ViML', 'danswerai', 'DIGITS', 'open-webui', 'fastapi', 'bokeh', 'nalp', 'spammy', 'ViZDoom', 'langflow', 'PySyft', 'numpy', 'lightly', 'retro', 'ray', 'pydantic', 'pytensor', 'mlflow', 'pytorch', 'streamlit', 'feast', 'rasa', 'mindsdb', 'superset', 'gradio', 'transformers', 'pattern', 'AutoViz', 'Auto_ViML', 'cornac', 'feast', 'bowtie', 'DIGITS', 'mindsdb', 'mars', 'deepface', 'mlflow', 'PyTorchCV', 'machine-learning', 'couler', 'DIGITS', 'tpot', 'open-webui', 'chainer', 'pybrain', 'deepface', 'statsmodels', 'catboost', 'ggpy', 'dash', 'cornac', 'rgf', 'pyqtgraph', 'tensorflow', 'stellargraph', 'cleanlab', 'numpy', 'FEDOT', 'bytehub', 'PyTorchCV', 'segmentation_models', 'pebl', 'machine-learning', 'deeppy', 'bigartm', 'scikit-multiflow', 'recommenders', 'seaborn', 'nupic.studio', 'vigra', 'gan', 'python-timbl', 'notebook', 'pyod', 'catalyst', 'rockpool', 'mars', 'mlflow', 'metric-learn', 'lambdo', 'pytorch', 'zpar', 'streamlit', 'alibi', 'annoy', 'feast', 'bowtie', 'scikit-image', 'mist', 'DeepPavlov', 'breze', 'superset', 'imbalanced-ensemble', 'alibi-detect', 'mindsdb', 'xlearn', 'snips-nlu', 'transformers', 'lifelines', 'ColossalAI', 'DI-engine', 'danswerai', 'feast', 'rasa', 'DeepPavlov', 'open-webui', 'mindsdb', 'determined', 'deeplake', 'mlflow']"
116,category,752,2009 Top 25 - Risky Resource Management,22,7156,"['couler', 'DIGITS', 'tpot', 'open-webui', 'chainer', 'pybrain', 'statsmodels', 'catboost', 'ggpy', 'dash', 'cornac', 'rgf', 'pyqtgraph', 'tensorflow', 'stellargraph', 'cleanlab', 'numpy', 'FEDOT', 'bytehub', 'segmentation_models', 'pebl', 'deeppy', 'bigartm', 'scikit-multiflow', 'recommenders', 'seaborn', 'nupic.studio', 'vigra', 'gan', 'python-timbl', 'notebook', 'pyod', 'catalyst', 'rockpool', 'metric-learn', 'lambdo', 'pytorch', 'zpar', 'streamlit', 'alibi', 'annoy', 'mist', 'scikit-image', 'DeepPavlov', 'breze', 'superset', 'imbalanced-ensemble', 'alibi-detect', 'mindsdb', 'xlearn', 'snips-nlu', 'lifelines', 'ColossalAI', 'DI-engine', 'tpot', 'neural-style-pt', 'chainer', 'skorch', 'pybrain', 'bokeh', 'autogluon', 'pytorch_geometric', 'pkuseg-python', 'open-metric-learning', 'detectron2', 'nilearn', 'mljar-supervised', 'altair', 'pyqtgraph', 'bentoml', 'caffe', 'river', 'numpy', 'CompreFace', 'FEDOT', 'sktime', 'PyTorchCV', 'pytorch-image-models', 'pebl', 'bigartm', 'BioPy', 'python-timbl', 'lightwood', 'mlx', 'zipline', 'pgmpy', 'Petrel', 'mlflow', 'DrQA', 'Parris', 'scikit-learn', 'pytorch', 'SynapseML', 'superset', 'transformers', 'ColossalAI', 'vispy', 'joliGEN', 'danswerai', 'shogun', 'Spearmint', 'xgboost', 'rosetta', 'catboost', 'dash', 'tesseract', 'stellargraph', 'maze', 'cleanlab', 'lightly', 'pymc', 'scikit-opt', 'deeppy', 'Gymnasium', 'skll', 'emcee', 'vigra', 'dtaidistance', 'mars', 'neuraltalk2', 'jax', 'scikit-survival', 'pytorch-frame', 'streamlit', 'mlxtend', 'cortex', 'DeepPavlov', 'alibi-detect', 'gradio', 'xlearn', 'langfuse', 'DI-engine', 'pyss3', 'DIGITS', 'LightGBM', 'CoreNLP', 'yalign', 'determined', 'deeplake', 'blaze', 'somoclu', 'xcessiv', 'matplotlib', 'tensorflow', 'PySyft', 'haystack', 'mlens', 'retro', 'machine-learning', 'gensim', 'neuropredict', 'feast', 'rasa', 'loso', 'lab', 'mindsdb', 'dowel', 'nut', 'retinaface', 'ViZDoom', 'neuraltalk', 'optuna', 'open-webui', 'NeuroNER', 'deepface', 'statsmodels', 'jProcessing', 'typer', 'python-recsys', 'textacy', 'ggpy', 'cornac', 'spaCy', 'langflow', 'igel', 'keras-tuner', 'Metaworld', 'aim', 'pynlpl', 'ray', 'cltk', 'recommenders', 'seaborn', 'evidently', 'deepchecks', 'garage', 'hebel', 'jieba', 'catalyst', 'pytensor', 'lambdo', 'prodmodel', 'zpar', 'polyglot', 'scikit-learn-intelex', 'scikit-image', 'pytorch-lightning', 'colibri-core', 'bolt']"
117,category,753,2009 Top 25 - Porous Defenses,33,15,"['streamlit', 'danswerai', 'couler', 'langflow', 'open-webui', 'gradio', 'lightly', 'mars', 'determined', 'mlflow', 'streamlit', 'danswerai', 'couler', 'langflow', 'open-webui', 'gradio', 'lightly', 'mars', 'determined', 'mlflow', 'streamlit', 'danswerai', 'couler', 'langflow', 'open-webui', 'gradio', 'lightly', 'mars', 'determined', 'mlflow']"
118,category,801,2010 Top 25 - Insecure Interaction Between Components,67,459,"['danswerai', 'feast', 'DIGITS', 'langflow', 'open-webui', 'PySyft', 'superset', 'mindsdb', 'gradio', 'aim', 'deepface', 'blaze', 'mlflow', 'ColossalAI', 'joliGEN', 'machine-learning', 'dash', 'ray', 'DIGITS', 'langflow', 'mindsdb', 'superset', 'face_recognition', 'danswerai', 'DIGITS', 'shogun', 'Spearmint', 'rep', 'open-webui', 'bokeh', 'determined', 'deeplake', 'blaze', 'statsmodels', 'xgboost', 'catboost', 'typer', 'dash', 'open-metric-learning', 'detectron2', 'nilearn', 'matplotlib', 'langflow', 'pyqtgraph', 'bentoml', 'tensorflow', 'altair', 'aim', 'numpy', 'mlens', 'retro', 'pynlpl', 'pytorch-image-models', 'deeppy', 'bigartm', 'gensim', 'ray', 'skll', 'PyStanfordDependencies', 'pydantic', 'zipline', 'mars', 'catalyst', 'jax', 'mlflow', 'pytorch', 'streamlit', 'rasa', 'cortex', 'mist', 'scikit-learn-intelex', 'scikit-image', 'loso', 'mindsdb', 'superset', 'pytorch-lightning', 'gradio', 'transformers', 'DI-engine', 'ViZDoom', 'neuraltalk', 'colibri-core', 'cornac', 'feast', 'bowtie', 'DIGITS', 'mindsdb', 'mars', 'deepface', 'mlflow', 'PyTorchCV', 'machine-learning', 'danswerai', 'feast', 'rasa', 'DeepPavlov', 'open-webui', 'mindsdb', 'determined', 'deeplake', 'mlflow']"
119,category,802,2010 Top 25 - Risky Resource Management,17,7024,"['tpot', 'neural-style-pt', 'chainer', 'skorch', 'pybrain', 'bokeh', 'autogluon', 'pytorch_geometric', 'pkuseg-python', 'open-metric-learning', 'detectron2', 'nilearn', 'mljar-supervised', 'altair', 'pyqtgraph', 'bentoml', 'caffe', 'river', 'numpy', 'CompreFace', 'FEDOT', 'sktime', 'PyTorchCV', 'pytorch-image-models', 'pebl', 'bigartm', 'BioPy', 'python-timbl', 'lightwood', 'mlx', 'zipline', 'pgmpy', 'Petrel', 'mlflow', 'DrQA', 'Parris', 'scikit-learn', 'pytorch', 'SynapseML', 'superset', 'transformers', 'ColossalAI', 'vispy', 'joliGEN', 'danswerai', 'shogun', 'Spearmint', 'xgboost', 'rosetta', 'catboost', 'dash', 'tesseract', 'stellargraph', 'maze', 'cleanlab', 'lightly', 'pymc', 'scikit-opt', 'deeppy', 'Gymnasium', 'skll', 'emcee', 'vigra', 'dtaidistance', 'mars', 'neuraltalk2', 'jax', 'scikit-survival', 'pytorch-frame', 'streamlit', 'mlxtend', 'cortex', 'DeepPavlov', 'alibi-detect', 'gradio', 'xlearn', 'langfuse', 'DI-engine', 'pyss3', 'DIGITS', 'LightGBM', 'CoreNLP', 'yalign', 'determined', 'deeplake', 'blaze', 'somoclu', 'xcessiv', 'matplotlib', 'tensorflow', 'PySyft', 'haystack', 'mlens', 'retro', 'machine-learning', 'gensim', 'neuropredict', 'feast', 'rasa', 'loso', 'lab', 'mindsdb', 'dowel', 'nut', 'retinaface', 'ViZDoom', 'neuraltalk', 'optuna', 'open-webui', 'NeuroNER', 'deepface', 'statsmodels', 'jProcessing', 'typer', 'python-recsys', 'textacy', 'ggpy', 'cornac', 'spaCy', 'langflow', 'igel', 'keras-tuner', 'Metaworld', 'aim', 'pynlpl', 'ray', 'cltk', 'recommenders', 'seaborn', 'evidently', 'deepchecks', 'garage', 'hebel', 'jieba', 'catalyst', 'pytensor', 'lambdo', 'prodmodel', 'zpar', 'polyglot', 'scikit-learn-intelex', 'scikit-image', 'pytorch-lightning', 'colibri-core', 'bolt']"
120,category,803,2010 Top 25 - Porous Defenses,36,15,"['streamlit', 'danswerai', 'couler', 'langflow', 'open-webui', 'gradio', 'lightly', 'mars', 'determined', 'mlflow', 'streamlit', 'danswerai', 'couler', 'langflow', 'open-webui', 'gradio', 'lightly', 'mars', 'determined', 'mlflow', 'streamlit', 'danswerai', 'couler', 'langflow', 'open-webui', 'gradio', 'lightly', 'mars', 'determined', 'mlflow']"
121,category,810,OWASP Top Ten 2010 Category A1 - Injection,36,627,"['danswerai', 'DIGITS', 'shogun', 'Spearmint', 'rep', 'open-webui', 'bokeh', 'determined', 'deeplake', 'blaze', 'statsmodels', 'xgboost', 'catboost', 'typer', 'dash', 'open-metric-learning', 'detectron2', 'nilearn', 'matplotlib', 'langflow', 'pyqtgraph', 'bentoml', 'tensorflow', 'altair', 'aim', 'numpy', 'mlens', 'retro', 'pynlpl', 'pytorch-image-models', 'deeppy', 'bigartm', 'gensim', 'ray', 'skll', 'PyStanfordDependencies', 'pydantic', 'zipline', 'mars', 'catalyst', 'jax', 'mlflow', 'pytorch', 'streamlit', 'rasa', 'cortex', 'mist', 'scikit-learn-intelex', 'scikit-image', 'loso', 'mindsdb', 'superset', 'pytorch-lightning', 'gradio', 'transformers', 'DI-engine', 'ViZDoom', 'neuraltalk', 'colibri-core', 'danswerai', 'DIGITS', 'shogun', 'Spearmint', 'rep', 'open-webui', 'bokeh', 'determined', 'deeplake', 'blaze', 'statsmodels', 'xgboost', 'catboost', 'typer', 'dash', 'open-metric-learning', 'detectron2', 'nilearn', 'matplotlib', 'langflow', 'pyqtgraph', 'bentoml', 'tensorflow', 'altair', 'aim', 'numpy', 'mlens', 'retro', 'pynlpl', 'pytorch-image-models', 'deeppy', 'bigartm', 'gensim', 'ray', 'skll', 'PyStanfordDependencies', 'pydantic', 'zipline', 'mars', 'catalyst', 'jax', 'mlflow', 'pytorch', 'streamlit', 'rasa', 'cortex', 'mist', 'scikit-learn-intelex', 'scikit-image', 'loso', 'mindsdb', 'superset', 'pytorch-lightning', 'gradio', 'transformers', 'DI-engine', 'ViZDoom', 'neuraltalk', 'colibri-core', 'danswerai', 'feast', 'rasa', 'DeepPavlov', 'open-webui', 'mindsdb', 'determined', 'deeplake', 'mlflow']"
122,category,811,OWASP Top Ten 2010 Category A2 - Cross-Site Scripting (XSS),21,30,"['cornac', 'feast', 'bowtie', 'DIGITS', 'mindsdb', 'mars', 'deepface', 'mlflow', 'PyTorchCV', 'machine-learning']"
123,category,813,OWASP Top Ten 2010 Category A4 - Insecure Direct Object References,24,14048,"['tpot', 'neural-style-pt', 'chainer', 'skorch', 'pybrain', 'bokeh', 'autogluon', 'pytorch_geometric', 'pkuseg-python', 'open-metric-learning', 'detectron2', 'nilearn', 'mljar-supervised', 'altair', 'pyqtgraph', 'bentoml', 'caffe', 'river', 'numpy', 'CompreFace', 'FEDOT', 'sktime', 'PyTorchCV', 'pytorch-image-models', 'pebl', 'bigartm', 'BioPy', 'python-timbl', 'lightwood', 'mlx', 'zipline', 'pgmpy', 'Petrel', 'mlflow', 'DrQA', 'Parris', 'scikit-learn', 'pytorch', 'SynapseML', 'superset', 'transformers', 'ColossalAI', 'vispy', 'joliGEN', 'danswerai', 'shogun', 'Spearmint', 'xgboost', 'rosetta', 'catboost', 'dash', 'tesseract', 'stellargraph', 'maze', 'cleanlab', 'lightly', 'pymc', 'scikit-opt', 'deeppy', 'Gymnasium', 'skll', 'emcee', 'vigra', 'dtaidistance', 'mars', 'neuraltalk2', 'jax', 'scikit-survival', 'pytorch-frame', 'streamlit', 'mlxtend', 'cortex', 'DeepPavlov', 'alibi-detect', 'gradio', 'xlearn', 'langfuse', 'DI-engine', 'pyss3', 'DIGITS', 'LightGBM', 'CoreNLP', 'yalign', 'determined', 'deeplake', 'blaze', 'somoclu', 'xcessiv', 'matplotlib', 'tensorflow', 'PySyft', 'haystack', 'mlens', 'retro', 'machine-learning', 'gensim', 'neuropredict', 'feast', 'rasa', 'loso', 'lab', 'mindsdb', 'dowel', 'nut', 'retinaface', 'ViZDoom', 'neuraltalk', 'optuna', 'open-webui', 'NeuroNER', 'deepface', 'statsmodels', 'jProcessing', 'typer', 'python-recsys', 'textacy', 'ggpy', 'cornac', 'spaCy', 'langflow', 'igel', 'keras-tuner', 'Metaworld', 'aim', 'pynlpl', 'ray', 'cltk', 'recommenders', 'seaborn', 'evidently', 'deepchecks', 'garage', 'hebel', 'jieba', 'catalyst', 'pytensor', 'lambdo', 'prodmodel', 'zpar', 'polyglot', 'scikit-learn-intelex', 'scikit-image', 'pytorch-lightning', 'colibri-core', 'bolt', 'tpot', 'neural-style-pt', 'chainer', 'skorch', 'pybrain', 'bokeh', 'autogluon', 'pytorch_geometric', 'pkuseg-python', 'open-metric-learning', 'detectron2', 'nilearn', 'mljar-supervised', 'altair', 'pyqtgraph', 'bentoml', 'caffe', 'river', 'numpy', 'CompreFace', 'FEDOT', 'sktime', 'PyTorchCV', 'pytorch-image-models', 'pebl', 'bigartm', 'BioPy', 'python-timbl', 'lightwood', 'mlx', 'zipline', 'pgmpy', 'Petrel', 'mlflow', 'DrQA', 'Parris', 'scikit-learn', 'pytorch', 'SynapseML', 'superset', 'transformers', 'ColossalAI', 'vispy', 'joliGEN', 'danswerai', 'shogun', 'Spearmint', 'xgboost', 'rosetta', 'catboost', 'dash', 'tesseract', 'stellargraph', 'maze', 'cleanlab', 'lightly', 'pymc', 'scikit-opt', 'deeppy', 'Gymnasium', 'skll', 'emcee', 'vigra', 'dtaidistance', 'mars', 'neuraltalk2', 'jax', 'scikit-survival', 'pytorch-frame', 'streamlit', 'mlxtend', 'cortex', 'DeepPavlov', 'alibi-detect', 'gradio', 'xlearn', 'langfuse', 'DI-engine', 'pyss3', 'DIGITS', 'LightGBM', 'CoreNLP', 'yalign', 'determined', 'deeplake', 'blaze', 'somoclu', 'xcessiv', 'matplotlib', 'tensorflow', 'PySyft', 'haystack', 'mlens', 'retro', 'machine-learning', 'gensim', 'neuropredict', 'feast', 'rasa', 'loso', 'lab', 'mindsdb', 'dowel', 'nut', 'retinaface', 'ViZDoom', 'neuraltalk', 'optuna', 'open-webui', 'NeuroNER', 'deepface', 'statsmodels', 'jProcessing', 'typer', 'python-recsys', 'textacy', 'ggpy', 'cornac', 'spaCy', 'langflow', 'igel', 'keras-tuner', 'Metaworld', 'aim', 'pynlpl', 'ray', 'cltk', 'recommenders', 'seaborn', 'evidently', 'deepchecks', 'garage', 'hebel', 'jieba', 'catalyst', 'pytensor', 'lambdo', 'prodmodel', 'zpar', 'polyglot', 'scikit-learn-intelex', 'scikit-image', 'pytorch-lightning', 'colibri-core', 'bolt']"
124,category,815,OWASP Top Ten 2010 Category A6 - Security Misconfiguration,17,88,"['danswerai', 'feast', 'DIGITS', 'langflow', 'open-webui', 'PySyft', 'superset', 'mindsdb', 'gradio', 'aim', 'deepface', 'blaze', 'mlflow', 'ColossalAI', 'joliGEN', 'machine-learning', 'dash', 'ray']"
125,category,816,OWASP Top Ten 2010 Category A7 - Insecure Cryptographic Storage,63,86,"['danswerai', 'feast', 'cortex', 'Neural', 'langflow', 'bentoml', 'open-webui', 'mindsdb', 'gradio', 'bokeh', 'determined', 'deepface', 'mlflow', 'comet-llm', 'pattern', 'typer', 'ray', 'danswerai', 'feast', 'cortex', 'Neural', 'langflow', 'bentoml', 'open-webui', 'mindsdb', 'gradio', 'bokeh', 'determined', 'deepface', 'mlflow', 'comet-llm', 'pattern', 'typer', 'ray', 'streamlit', 'danswerai', 'couler', 'langflow', 'open-webui', 'gradio', 'lightly', 'mars', 'determined', 'mlflow', 'streamlit', 'danswerai', 'couler', 'langflow', 'open-webui', 'gradio', 'lightly', 'mars', 'determined', 'mlflow', 'streamlit', 'danswerai', 'couler', 'langflow', 'open-webui', 'gradio', 'lightly', 'mars', 'determined', 'mlflow']"
126,category,819,OWASP Top Ten 2010 Category A10 - Unvalidated Redirects and Forwards,6,14,"['DIGITS', 'langflow', 'mindsdb', 'superset', 'face_recognition']"
127,category,845,The CERT Oracle Secure Coding Standard for Java (2011) Chapter 2 - Input Validation and Data Sanitization (IDS),39,465,"['danswerai', 'DIGITS', 'shogun', 'Spearmint', 'rep', 'open-webui', 'bokeh', 'determined', 'deeplake', 'blaze', 'statsmodels', 'xgboost', 'catboost', 'typer', 'dash', 'open-metric-learning', 'detectron2', 'nilearn', 'matplotlib', 'langflow', 'pyqtgraph', 'bentoml', 'tensorflow', 'altair', 'aim', 'numpy', 'mlens', 'retro', 'pynlpl', 'pytorch-image-models', 'deeppy', 'bigartm', 'gensim', 'ray', 'skll', 'PyStanfordDependencies', 'pydantic', 'zipline', 'mars', 'catalyst', 'jax', 'mlflow', 'pytorch', 'streamlit', 'rasa', 'cortex', 'mist', 'scikit-learn-intelex', 'scikit-image', 'loso', 'mindsdb', 'superset', 'pytorch-lightning', 'gradio', 'transformers', 'DI-engine', 'ViZDoom', 'neuraltalk', 'colibri-core', 'couler', 'DIGITS', 'tpot', 'open-webui', 'chainer', 'pybrain', 'deepface', 'statsmodels', 'catboost', 'ggpy', 'dash', 'cornac', 'rgf', 'pyqtgraph', 'tensorflow', 'stellargraph', 'cleanlab', 'numpy', 'FEDOT', 'bytehub', 'PyTorchCV', 'segmentation_models', 'pebl', 'machine-learning', 'deeppy', 'bigartm', 'scikit-multiflow', 'recommenders', 'seaborn', 'nupic.studio', 'vigra', 'gan', 'python-timbl', 'notebook', 'pyod', 'catalyst', 'rockpool', 'mars', 'mlflow', 'metric-learn', 'lambdo', 'pytorch', 'zpar', 'streamlit', 'alibi', 'annoy', 'feast', 'bowtie', 'scikit-image', 'mist', 'DeepPavlov', 'breze', 'superset', 'imbalanced-ensemble', 'alibi-detect', 'mindsdb', 'xlearn', 'snips-nlu', 'transformers', 'lifelines', 'ColossalAI', 'DI-engine', 'couler', 'DIGITS', 'tpot', 'open-webui', 'chainer', 'pybrain', 'deepface', 'statsmodels', 'catboost', 'ggpy', 'dash', 'cornac', 'rgf', 'pyqtgraph', 'tensorflow', 'stellargraph', 'cleanlab', 'numpy', 'FEDOT', 'bytehub', 'PyTorchCV', 'segmentation_models', 'pebl', 'machine-learning', 'deeppy', 'bigartm', 'scikit-multiflow', 'recommenders', 'seaborn', 'nupic.studio', 'vigra', 'gan', 'python-timbl', 'notebook', 'pyod', 'catalyst', 'rockpool', 'mars', 'mlflow', 'metric-learn', 'lambdo', 'pytorch', 'zpar', 'streamlit', 'alibi', 'annoy', 'feast', 'bowtie', 'scikit-image', 'mist', 'DeepPavlov', 'breze', 'superset', 'imbalanced-ensemble', 'alibi-detect', 'mindsdb', 'xlearn', 'snips-nlu', 'transformers', 'lifelines', 'ColossalAI', 'DI-engine', 'couler', 'DIGITS', 'tpot', 'open-webui', 'chainer', 'pybrain', 'deepface', 'statsmodels', 'catboost', 'ggpy', 'dash', 'cornac', 'rgf', 'pyqtgraph', 'tensorflow', 'stellargraph', 'cleanlab', 'numpy', 'FEDOT', 'bytehub', 'PyTorchCV', 'segmentation_models', 'pebl', 'machine-learning', 'deeppy', 'bigartm', 'scikit-multiflow', 'recommenders', 'seaborn', 'nupic.studio', 'vigra', 'gan', 'python-timbl', 'notebook', 'pyod', 'catalyst', 'rockpool', 'mars', 'mlflow', 'metric-learn', 'lambdo', 'pytorch', 'zpar', 'streamlit', 'alibi', 'annoy', 'feast', 'bowtie', 'scikit-image', 'mist', 'DeepPavlov', 'breze', 'superset', 'imbalanced-ensemble', 'alibi-detect', 'mindsdb', 'xlearn', 'snips-nlu', 'transformers', 'lifelines', 'ColossalAI', 'DI-engine']"
128,category,851,The CERT Oracle Secure Coding Standard for Java (2011) Chapter 8 - Exceptional Behavior (ERR),24,176,"['danswerai', 'feast', 'DIGITS', 'langflow', 'open-webui', 'PySyft', 'superset', 'mindsdb', 'gradio', 'aim', 'deepface', 'blaze', 'mlflow', 'ColossalAI', 'joliGEN', 'machine-learning', 'dash', 'ray', 'danswerai', 'feast', 'DIGITS', 'langflow', 'open-webui', 'PySyft', 'superset', 'mindsdb', 'gradio', 'aim', 'deepface', 'blaze', 'mlflow', 'ColossalAI', 'joliGEN', 'machine-learning', 'dash', 'ray']"
129,category,857,The CERT Oracle Secure Coding Standard for Java (2011) Chapter 14 - Input Output (FIO),16,149,"['danswerai', 'feast', 'cortex', 'Neural', 'langflow', 'bentoml', 'open-webui', 'mindsdb', 'gradio', 'bokeh', 'determined', 'deepface', 'mlflow', 'comet-llm', 'pattern', 'typer', 'ray', 'danswerai', 'feast', 'cortex', 'Neural', 'langflow', 'bentoml', 'open-webui', 'mindsdb', 'gradio', 'bokeh', 'determined', 'deepface', 'mlflow', 'comet-llm', 'pattern', 'typer', 'ray', 'danswerai', 'feast', 'cortex', 'langflow', 'open-webui', 'gradio', 'bokeh', 'determined', 'deepface', 'mlflow', 'comet-llm', 'pattern', 'typer', 'ray', 'rasa', 'shogun', 'bentoml', 'tensorflow', 'pytorch', 'mindsdb', 'python-timbl', 'nut', 'lightly', 'transformers', 'DI-engine', 'gensim']"
130,category,858,The CERT Oracle Secure Coding Standard for Java (2011) Chapter 15 - Serialization (SER),44,1050,"['neural-style-pt', 'chainer', 'skorch', 'pybrain', 'bokeh', 'neurolab', 'autogluon', 'pytorch_geometric', 'face_recognition', 'pkuseg-python', 'open-metric-learning', 'detectron2', 'mljar-supervised', 'pyqtgraph', 'bentoml', 'caffe', 'river', 'numpy', 'FEDOT', 'opfython', 'PyTorchCV', 'pytorch-image-models', 'pebl', 'bigartm', 'lightwood', 'zipline', 'Petrel', 'mlflow', 'DrQA', 'scikit-learn', 'pytorch', 'TResNet', 'segmentation_models.pytorch', 'shapash', 'transformers', 'ColossalAI', 'joliGEN', 'simpleai', 'xgboost', 'catboost', 'maze', 'cleanlab', 'lightly', 'deeppy', 'chefboost', 'opytimizer', 'skll', 'pytorch_geometric_temporal', 'dl-translate', 'mars', 'evostra', 'pytorch-frame', 'streamlit', 'mlxtend', 'DeepPavlov', 'snownlp', 'alibi-detect', 'Sklearn-genetic-opt', 'DI-engine', 'lightning-bolts', 'DIGITS', 'rep', 'LightGBM', 'yalign', 'determined', 'miraiml', 'matplotlib', 'tensorflow', 'haystack', 'mlens', 'machine-learning', 'neuropredict', 'frouros', 'feast', 'rasa', 'loso', 'mindsdb', 'nut', 'ViZDoom', 'neuraltalk', 'sentiment_classifier', 'NeuroNER', 'deepface', 'statsmodels', 'jProcessing', 'dedupe', 'python-recsys', 'cornac', 'eurybia', 'igel', 'keras-tuner', 'backprop', 'ray', 'cltk', 'recommenders', 'sentiment-analyzer', 'evidently', 'deepchecks', 'garage', 'hebel', 'jieba', 'pyod', 'catalyst', 'pytensor', 'lambdo', 'tflearn', 'prodmodel', 'zpar', 'polyglot', 'alibi', 'scikit-learn-intelex', 'pytorch-lightning', 'bolt', 'PCV', 'danswerai', 'DIGITS', 'LightGBM', 'open-webui', 'CoreNLP', 'chainer', 'bokeh', 'determined', 'blaze', 'xgboost', 'catboost', 'jProcessing', 'typer', 'dash', 'ViZDoom', 'langflow', 'pyqtgraph', 'bentoml', 'caffe', 'tensorflow', 'numpy', 'haystack', 'pymc', 'PyTorchCV', 'retro', 'pebl', 'bigartm', 'gensim', 'ray', 'skll', 'emcee', 'vigra', 'deepchecks', 'pgmpy', 'pydantic', 'zipline', 'mars', 'jax', 'mlflow', 'DrQA', 'lambdo', 'scikit-learn', 'zpar', 'streamlit', 'pytorch', 'rasa', 'cortex', 'scikit-learn-intelex', 'DeepPavlov', 'mindsdb', 'pytorch-lightning', 'gradio', 'dirty_cat', 'xlearn', 'transformers', 'ColossalAI', 'vispy', 'pattern', 'DI-engine', 'pyss3', 'lightning-bolts', 'danswerai', 'DIGITS', 'LightGBM', 'open-webui', 'CoreNLP', 'chainer', 'bokeh', 'determined', 'blaze', 'xgboost', 'catboost', 'jProcessing', 'typer', 'dash', 'ViZDoom', 'langflow', 'pyqtgraph', 'bentoml', 'caffe', 'tensorflow', 'numpy', 'haystack', 'pymc', 'PyTorchCV', 'retro', 'pebl', 'bigartm', 'gensim', 'ray', 'skll', 'emcee', 'vigra', 'deepchecks', 'pgmpy', 'pydantic', 'zipline', 'mars', 'jax', 'mlflow', 'DrQA', 'lambdo', 'scikit-learn', 'zpar', 'streamlit', 'pytorch', 'rasa', 'cortex', 'scikit-learn-intelex', 'DeepPavlov', 'mindsdb', 'pytorch-lightning', 'gradio', 'dirty_cat', 'xlearn', 'transformers', 'ColossalAI', 'vispy', 'pattern', 'DI-engine', 'pyss3', 'lightning-bolts', 'danswerai', 'DIGITS', 'LightGBM', 'open-webui', 'CoreNLP', 'chainer', 'bokeh', 'determined', 'blaze', 'xgboost', 'catboost', 'jProcessing', 'typer', 'dash', 'ViZDoom', 'langflow', 'pyqtgraph', 'bentoml', 'caffe', 'tensorflow', 'numpy', 'haystack', 'pymc', 'PyTorchCV', 'retro', 'pebl', 'bigartm', 'gensim', 'ray', 'skll', 'emcee', 'vigra', 'deepchecks', 'pgmpy', 'pydantic', 'zipline', 'mars', 'jax', 'mlflow', 'DrQA', 'lambdo', 'scikit-learn', 'zpar', 'streamlit', 'pytorch', 'rasa', 'cortex', 'scikit-learn-intelex', 'DeepPavlov', 'mindsdb', 'pytorch-lightning', 'gradio', 'dirty_cat', 'xlearn', 'transformers', 'ColossalAI', 'vispy', 'pattern', 'DI-engine', 'pyss3', 'lightning-bolts']"
131,category,861,The CERT Oracle Secure Coding Standard for Java (2011) Chapter 18 - Miscellaneous (MSC),42,354,"['danswerai', 'DIGITS', 'LightGBM', 'open-webui', 'CoreNLP', 'chainer', 'bokeh', 'determined', 'blaze', 'xgboost', 'catboost', 'jProcessing', 'typer', 'dash', 'ViZDoom', 'langflow', 'pyqtgraph', 'bentoml', 'caffe', 'tensorflow', 'numpy', 'haystack', 'pymc', 'PyTorchCV', 'retro', 'pebl', 'bigartm', 'gensim', 'ray', 'skll', 'emcee', 'vigra', 'deepchecks', 'pgmpy', 'pydantic', 'zipline', 'mars', 'jax', 'mlflow', 'DrQA', 'lambdo', 'scikit-learn', 'zpar', 'streamlit', 'pytorch', 'rasa', 'cortex', 'scikit-learn-intelex', 'DeepPavlov', 'mindsdb', 'pytorch-lightning', 'gradio', 'dirty_cat', 'xlearn', 'transformers', 'ColossalAI', 'vispy', 'pattern', 'DI-engine', 'pyss3', 'lightning-bolts', 'danswerai', 'DIGITS', 'LightGBM', 'open-webui', 'CoreNLP', 'chainer', 'bokeh', 'determined', 'blaze', 'xgboost', 'catboost', 'jProcessing', 'typer', 'dash', 'ViZDoom', 'langflow', 'pyqtgraph', 'bentoml', 'caffe', 'tensorflow', 'numpy', 'haystack', 'pymc', 'PyTorchCV', 'retro', 'pebl', 'bigartm', 'gensim', 'ray', 'skll', 'emcee', 'vigra', 'deepchecks', 'pgmpy', 'pydantic', 'zipline', 'mars', 'jax', 'mlflow', 'DrQA', 'lambdo', 'scikit-learn', 'zpar', 'streamlit', 'pytorch', 'rasa', 'cortex', 'scikit-learn-intelex', 'DeepPavlov', 'mindsdb', 'pytorch-lightning', 'gradio', 'dirty_cat', 'xlearn', 'transformers', 'ColossalAI', 'vispy', 'pattern', 'DI-engine', 'pyss3', 'lightning-bolts', 'danswerai', 'DIGITS', 'LightGBM', 'open-webui', 'CoreNLP', 'chainer', 'bokeh', 'determined', 'blaze', 'xgboost', 'catboost', 'jProcessing', 'typer', 'dash', 'ViZDoom', 'langflow', 'pyqtgraph', 'bentoml', 'caffe', 'tensorflow', 'numpy', 'haystack', 'pymc', 'PyTorchCV', 'retro', 'pebl', 'bigartm', 'gensim', 'ray', 'skll', 'emcee', 'vigra', 'deepchecks', 'pgmpy', 'pydantic', 'zipline', 'mars', 'jax', 'mlflow', 'DrQA', 'lambdo', 'scikit-learn', 'zpar', 'streamlit', 'pytorch', 'rasa', 'cortex', 'scikit-learn-intelex', 'DeepPavlov', 'mindsdb', 'pytorch-lightning', 'gradio', 'dirty_cat', 'xlearn', 'transformers', 'ColossalAI', 'vispy', 'pattern', 'DI-engine', 'pyss3', 'lightning-bolts']"
132,category,864,2011 Top 25 - Insecure Interaction Between Components,60,371,"['DIGITS', 'langflow', 'mindsdb', 'superset', 'face_recognition', 'danswerai', 'DIGITS', 'shogun', 'Spearmint', 'rep', 'open-webui', 'bokeh', 'determined', 'deeplake', 'blaze', 'statsmodels', 'xgboost', 'catboost', 'typer', 'dash', 'open-metric-learning', 'detectron2', 'nilearn', 'matplotlib', 'langflow', 'pyqtgraph', 'bentoml', 'tensorflow', 'altair', 'aim', 'numpy', 'mlens', 'retro', 'pynlpl', 'pytorch-image-models', 'deeppy', 'bigartm', 'gensim', 'ray', 'skll', 'PyStanfordDependencies', 'pydantic', 'zipline', 'mars', 'catalyst', 'jax', 'mlflow', 'pytorch', 'streamlit', 'rasa', 'cortex', 'mist', 'scikit-learn-intelex', 'scikit-image', 'loso', 'mindsdb', 'superset', 'pytorch-lightning', 'gradio', 'transformers', 'DI-engine', 'ViZDoom', 'neuraltalk', 'colibri-core', 'cornac', 'feast', 'bowtie', 'DIGITS', 'mindsdb', 'mars', 'deepface', 'mlflow', 'PyTorchCV', 'machine-learning', 'danswerai', 'feast', 'rasa', 'DeepPavlov', 'open-webui', 'mindsdb', 'determined', 'deeplake', 'mlflow']"
133,category,865,2011 Top 25 - Risky Resource Management,19,7024,"['tpot', 'neural-style-pt', 'chainer', 'skorch', 'pybrain', 'bokeh', 'autogluon', 'pytorch_geometric', 'pkuseg-python', 'open-metric-learning', 'detectron2', 'nilearn', 'mljar-supervised', 'altair', 'pyqtgraph', 'bentoml', 'caffe', 'river', 'numpy', 'CompreFace', 'FEDOT', 'sktime', 'PyTorchCV', 'pytorch-image-models', 'pebl', 'bigartm', 'BioPy', 'python-timbl', 'lightwood', 'mlx', 'zipline', 'pgmpy', 'Petrel', 'mlflow', 'DrQA', 'Parris', 'scikit-learn', 'pytorch', 'SynapseML', 'superset', 'transformers', 'ColossalAI', 'vispy', 'joliGEN', 'danswerai', 'shogun', 'Spearmint', 'xgboost', 'rosetta', 'catboost', 'dash', 'tesseract', 'stellargraph', 'maze', 'cleanlab', 'lightly', 'pymc', 'scikit-opt', 'deeppy', 'Gymnasium', 'skll', 'emcee', 'vigra', 'dtaidistance', 'mars', 'neuraltalk2', 'jax', 'scikit-survival', 'pytorch-frame', 'streamlit', 'mlxtend', 'cortex', 'DeepPavlov', 'alibi-detect', 'gradio', 'xlearn', 'langfuse', 'DI-engine', 'pyss3', 'DIGITS', 'LightGBM', 'CoreNLP', 'yalign', 'determined', 'deeplake', 'blaze', 'somoclu', 'xcessiv', 'matplotlib', 'tensorflow', 'PySyft', 'haystack', 'mlens', 'retro', 'machine-learning', 'gensim', 'neuropredict', 'feast', 'rasa', 'loso', 'lab', 'mindsdb', 'dowel', 'nut', 'retinaface', 'ViZDoom', 'neuraltalk', 'optuna', 'open-webui', 'NeuroNER', 'deepface', 'statsmodels', 'jProcessing', 'typer', 'python-recsys', 'textacy', 'ggpy', 'cornac', 'spaCy', 'langflow', 'igel', 'keras-tuner', 'Metaworld', 'aim', 'pynlpl', 'ray', 'cltk', 'recommenders', 'seaborn', 'evidently', 'deepchecks', 'garage', 'hebel', 'jieba', 'catalyst', 'pytensor', 'lambdo', 'prodmodel', 'zpar', 'polyglot', 'scikit-learn-intelex', 'scikit-image', 'pytorch-lightning', 'colibri-core', 'bolt']"
134,category,866,2011 Top 25 - Porous Defenses,42,15,"['streamlit', 'danswerai', 'couler', 'langflow', 'open-webui', 'gradio', 'lightly', 'mars', 'determined', 'mlflow', 'streamlit', 'danswerai', 'couler', 'langflow', 'open-webui', 'gradio', 'lightly', 'mars', 'determined', 'mlflow', 'streamlit', 'danswerai', 'couler', 'langflow', 'open-webui', 'gradio', 'lightly', 'mars', 'determined', 'mlflow']"
135,category,867,2011 Top 25 - Weaknesses On the Cusp,19,88,"['danswerai', 'feast', 'DIGITS', 'langflow', 'open-webui', 'PySyft', 'superset', 'mindsdb', 'gradio', 'aim', 'deepface', 'blaze', 'mlflow', 'ColossalAI', 'joliGEN', 'machine-learning', 'dash', 'ray']"
136,category,872,CERT C++ Secure Coding Section 04 - Integers (INT),255,91,"['danswerai', 'DIGITS', 'open-webui', 'fastapi', 'bokeh', 'nalp', 'spammy', 'ViZDoom', 'langflow', 'PySyft', 'numpy', 'lightly', 'retro', 'ray', 'pydantic', 'pytensor', 'mlflow', 'pytorch', 'streamlit', 'feast', 'rasa', 'mindsdb', 'superset', 'gradio', 'transformers', 'pattern', 'AutoViz', 'Auto_ViML', 'danswerai', 'DIGITS', 'open-webui', 'fastapi', 'bokeh', 'nalp', 'spammy', 'ViZDoom', 'langflow', 'PySyft', 'numpy', 'lightly', 'retro', 'ray', 'pydantic', 'pytensor', 'mlflow', 'pytorch', 'streamlit', 'feast', 'rasa', 'mindsdb', 'superset', 'gradio', 'transformers', 'pattern', 'AutoViz', 'Auto_ViML', 'danswerai', 'DIGITS', 'open-webui', 'fastapi', 'bokeh', 'nalp', 'spammy', 'ViZDoom', 'langflow', 'PySyft', 'numpy', 'lightly', 'retro', 'ray', 'pydantic', 'pytensor', 'mlflow', 'pytorch', 'streamlit', 'feast', 'rasa', 'mindsdb', 'superset', 'gradio', 'transformers', 'pattern', 'AutoViz', 'Auto_ViML', 'danswerai', 'DIGITS', 'open-webui', 'fastapi', 'bokeh', 'nalp', 'spammy', 'ViZDoom', 'langflow', 'PySyft', 'numpy', 'lightly', 'retro', 'ray', 'pydantic', 'pytensor', 'mlflow', 'pytorch', 'streamlit', 'feast', 'rasa', 'mindsdb', 'superset', 'gradio', 'transformers', 'pattern', 'AutoViz', 'Auto_ViML', 'danswerai', 'DIGITS', 'open-webui', 'fastapi', 'bokeh', 'nalp', 'spammy', 'ViZDoom', 'langflow', 'PySyft', 'numpy', 'lightly', 'retro', 'ray', 'pydantic', 'pytensor', 'mlflow', 'pytorch', 'streamlit', 'feast', 'rasa', 'mindsdb', 'superset', 'gradio', 'transformers', 'pattern', 'AutoViz', 'Auto_ViML']"
137,category,875,CERT C++ Secure Coding Section 07 - Characters and Strings (STR),26,600,"['danswerai', 'DIGITS', 'shogun', 'Spearmint', 'rep', 'open-webui', 'bokeh', 'determined', 'deeplake', 'blaze', 'statsmodels', 'xgboost', 'catboost', 'typer', 'dash', 'open-metric-learning', 'detectron2', 'nilearn', 'matplotlib', 'langflow', 'pyqtgraph', 'bentoml', 'tensorflow', 'altair', 'aim', 'numpy', 'mlens', 'retro', 'pynlpl', 'pytorch-image-models', 'deeppy', 'bigartm', 'gensim', 'ray', 'skll', 'PyStanfordDependencies', 'pydantic', 'zipline', 'mars', 'catalyst', 'jax', 'mlflow', 'pytorch', 'streamlit', 'rasa', 'cortex', 'mist', 'scikit-learn-intelex', 'scikit-image', 'loso', 'mindsdb', 'superset', 'pytorch-lightning', 'gradio', 'transformers', 'DI-engine', 'ViZDoom', 'neuraltalk', 'colibri-core', 'danswerai', 'DIGITS', 'shogun', 'Spearmint', 'rep', 'open-webui', 'bokeh', 'determined', 'deeplake', 'blaze', 'statsmodels', 'xgboost', 'catboost', 'typer', 'dash', 'open-metric-learning', 'detectron2', 'nilearn', 'matplotlib', 'langflow', 'pyqtgraph', 'bentoml', 'tensorflow', 'altair', 'aim', 'numpy', 'mlens', 'retro', 'pynlpl', 'pytorch-image-models', 'deeppy', 'bigartm', 'gensim', 'ray', 'skll', 'PyStanfordDependencies', 'pydantic', 'zipline', 'mars', 'catalyst', 'jax', 'mlflow', 'pytorch', 'streamlit', 'rasa', 'cortex', 'mist', 'scikit-learn-intelex', 'scikit-image', 'loso', 'mindsdb', 'superset', 'pytorch-lightning', 'gradio', 'transformers', 'DI-engine', 'ViZDoom', 'neuraltalk', 'colibri-core']"
138,category,876,CERT C++ Secure Coding Section 08 - Memory Management (MEM),260,91,"['danswerai', 'DIGITS', 'open-webui', 'fastapi', 'bokeh', 'nalp', 'spammy', 'ViZDoom', 'langflow', 'PySyft', 'numpy', 'lightly', 'retro', 'ray', 'pydantic', 'pytensor', 'mlflow', 'pytorch', 'streamlit', 'feast', 'rasa', 'mindsdb', 'superset', 'gradio', 'transformers', 'pattern', 'AutoViz', 'Auto_ViML', 'danswerai', 'DIGITS', 'open-webui', 'fastapi', 'bokeh', 'nalp', 'spammy', 'ViZDoom', 'langflow', 'PySyft', 'numpy', 'lightly', 'retro', 'ray', 'pydantic', 'pytensor', 'mlflow', 'pytorch', 'streamlit', 'feast', 'rasa', 'mindsdb', 'superset', 'gradio', 'transformers', 'pattern', 'AutoViz', 'Auto_ViML', 'danswerai', 'DIGITS', 'open-webui', 'fastapi', 'bokeh', 'nalp', 'spammy', 'ViZDoom', 'langflow', 'PySyft', 'numpy', 'lightly', 'retro', 'ray', 'pydantic', 'pytensor', 'mlflow', 'pytorch', 'streamlit', 'feast', 'rasa', 'mindsdb', 'superset', 'gradio', 'transformers', 'pattern', 'AutoViz', 'Auto_ViML', 'danswerai', 'DIGITS', 'open-webui', 'fastapi', 'bokeh', 'nalp', 'spammy', 'ViZDoom', 'langflow', 'PySyft', 'numpy', 'lightly', 'retro', 'ray', 'pydantic', 'pytensor', 'mlflow', 'pytorch', 'streamlit', 'feast', 'rasa', 'mindsdb', 'superset', 'gradio', 'transformers', 'pattern', 'AutoViz', 'Auto_ViML', 'danswerai', 'DIGITS', 'open-webui', 'fastapi', 'bokeh', 'nalp', 'spammy', 'ViZDoom', 'langflow', 'PySyft', 'numpy', 'lightly', 'retro', 'ray', 'pydantic', 'pytensor', 'mlflow', 'pytorch', 'streamlit', 'feast', 'rasa', 'mindsdb', 'superset', 'gradio', 'transformers', 'pattern', 'AutoViz', 'Auto_ViML']"
139,category,877,CERT C++ Secure Coding Section 09 - Input Output (FIO),33,14048,"['tpot', 'neural-style-pt', 'chainer', 'skorch', 'pybrain', 'bokeh', 'autogluon', 'pytorch_geometric', 'pkuseg-python', 'open-metric-learning', 'detectron2', 'nilearn', 'mljar-supervised', 'altair', 'pyqtgraph', 'bentoml', 'caffe', 'river', 'numpy', 'CompreFace', 'FEDOT', 'sktime', 'PyTorchCV', 'pytorch-image-models', 'pebl', 'bigartm', 'BioPy', 'python-timbl', 'lightwood', 'mlx', 'zipline', 'pgmpy', 'Petrel', 'mlflow', 'DrQA', 'Parris', 'scikit-learn', 'pytorch', 'SynapseML', 'superset', 'transformers', 'ColossalAI', 'vispy', 'joliGEN', 'danswerai', 'shogun', 'Spearmint', 'xgboost', 'rosetta', 'catboost', 'dash', 'tesseract', 'stellargraph', 'maze', 'cleanlab', 'lightly', 'pymc', 'scikit-opt', 'deeppy', 'Gymnasium', 'skll', 'emcee', 'vigra', 'dtaidistance', 'mars', 'neuraltalk2', 'jax', 'scikit-survival', 'pytorch-frame', 'streamlit', 'mlxtend', 'cortex', 'DeepPavlov', 'alibi-detect', 'gradio', 'xlearn', 'langfuse', 'DI-engine', 'pyss3', 'DIGITS', 'LightGBM', 'CoreNLP', 'yalign', 'determined', 'deeplake', 'blaze', 'somoclu', 'xcessiv', 'matplotlib', 'tensorflow', 'PySyft', 'haystack', 'mlens', 'retro', 'machine-learning', 'gensim', 'neuropredict', 'feast', 'rasa', 'loso', 'lab', 'mindsdb', 'dowel', 'nut', 'retinaface', 'ViZDoom', 'neuraltalk', 'optuna', 'open-webui', 'NeuroNER', 'deepface', 'statsmodels', 'jProcessing', 'typer', 'python-recsys', 'textacy', 'ggpy', 'cornac', 'spaCy', 'langflow', 'igel', 'keras-tuner', 'Metaworld', 'aim', 'pynlpl', 'ray', 'cltk', 'recommenders', 'seaborn', 'evidently', 'deepchecks', 'garage', 'hebel', 'jieba', 'catalyst', 'pytensor', 'lambdo', 'prodmodel', 'zpar', 'polyglot', 'scikit-learn-intelex', 'scikit-image', 'pytorch-lightning', 'colibri-core', 'bolt', 'tpot', 'neural-style-pt', 'chainer', 'skorch', 'pybrain', 'bokeh', 'autogluon', 'pytorch_geometric', 'pkuseg-python', 'open-metric-learning', 'detectron2', 'nilearn', 'mljar-supervised', 'altair', 'pyqtgraph', 'bentoml', 'caffe', 'river', 'numpy', 'CompreFace', 'FEDOT', 'sktime', 'PyTorchCV', 'pytorch-image-models', 'pebl', 'bigartm', 'BioPy', 'python-timbl', 'lightwood', 'mlx', 'zipline', 'pgmpy', 'Petrel', 'mlflow', 'DrQA', 'Parris', 'scikit-learn', 'pytorch', 'SynapseML', 'superset', 'transformers', 'ColossalAI', 'vispy', 'joliGEN', 'danswerai', 'shogun', 'Spearmint', 'xgboost', 'rosetta', 'catboost', 'dash', 'tesseract', 'stellargraph', 'maze', 'cleanlab', 'lightly', 'pymc', 'scikit-opt', 'deeppy', 'Gymnasium', 'skll', 'emcee', 'vigra', 'dtaidistance', 'mars', 'neuraltalk2', 'jax', 'scikit-survival', 'pytorch-frame', 'streamlit', 'mlxtend', 'cortex', 'DeepPavlov', 'alibi-detect', 'gradio', 'xlearn', 'langfuse', 'DI-engine', 'pyss3', 'DIGITS', 'LightGBM', 'CoreNLP', 'yalign', 'determined', 'deeplake', 'blaze', 'somoclu', 'xcessiv', 'matplotlib', 'tensorflow', 'PySyft', 'haystack', 'mlens', 'retro', 'machine-learning', 'gensim', 'neuropredict', 'feast', 'rasa', 'loso', 'lab', 'mindsdb', 'dowel', 'nut', 'retinaface', 'ViZDoom', 'neuraltalk', 'optuna', 'open-webui', 'NeuroNER', 'deepface', 'statsmodels', 'jProcessing', 'typer', 'python-recsys', 'textacy', 'ggpy', 'cornac', 'spaCy', 'langflow', 'igel', 'keras-tuner', 'Metaworld', 'aim', 'pynlpl', 'ray', 'cltk', 'recommenders', 'seaborn', 'evidently', 'deepchecks', 'garage', 'hebel', 'jieba', 'catalyst', 'pytensor', 'lambdo', 'prodmodel', 'zpar', 'polyglot', 'scikit-learn-intelex', 'scikit-image', 'pytorch-lightning', 'colibri-core', 'bolt']"
140,category,878,CERT C++ Secure Coding Section 10 - Environment (ENV),28,600,"['danswerai', 'DIGITS', 'shogun', 'Spearmint', 'rep', 'open-webui', 'bokeh', 'determined', 'deeplake', 'blaze', 'statsmodels', 'xgboost', 'catboost', 'typer', 'dash', 'open-metric-learning', 'detectron2', 'nilearn', 'matplotlib', 'langflow', 'pyqtgraph', 'bentoml', 'tensorflow', 'altair', 'aim', 'numpy', 'mlens', 'retro', 'pynlpl', 'pytorch-image-models', 'deeppy', 'bigartm', 'gensim', 'ray', 'skll', 'PyStanfordDependencies', 'pydantic', 'zipline', 'mars', 'catalyst', 'jax', 'mlflow', 'pytorch', 'streamlit', 'rasa', 'cortex', 'mist', 'scikit-learn-intelex', 'scikit-image', 'loso', 'mindsdb', 'superset', 'pytorch-lightning', 'gradio', 'transformers', 'DI-engine', 'ViZDoom', 'neuraltalk', 'colibri-core', 'danswerai', 'DIGITS', 'shogun', 'Spearmint', 'rep', 'open-webui', 'bokeh', 'determined', 'deeplake', 'blaze', 'statsmodels', 'xgboost', 'catboost', 'typer', 'dash', 'open-metric-learning', 'detectron2', 'nilearn', 'matplotlib', 'langflow', 'pyqtgraph', 'bentoml', 'tensorflow', 'altair', 'aim', 'numpy', 'mlens', 'retro', 'pynlpl', 'pytorch-image-models', 'deeppy', 'bigartm', 'gensim', 'ray', 'skll', 'PyStanfordDependencies', 'pydantic', 'zipline', 'mars', 'catalyst', 'jax', 'mlflow', 'pytorch', 'streamlit', 'rasa', 'cortex', 'mist', 'scikit-learn-intelex', 'scikit-image', 'loso', 'mindsdb', 'superset', 'pytorch-lightning', 'gradio', 'transformers', 'DI-engine', 'ViZDoom', 'neuraltalk', 'colibri-core']"
141,category,880,CERT C++ Secure Coding Section 12 - Exceptions and Error Handling (ERR),27,176,"['danswerai', 'feast', 'DIGITS', 'langflow', 'open-webui', 'PySyft', 'superset', 'mindsdb', 'gradio', 'aim', 'deepface', 'blaze', 'mlflow', 'ColossalAI', 'joliGEN', 'machine-learning', 'dash', 'ray', 'danswerai', 'feast', 'DIGITS', 'langflow', 'open-webui', 'PySyft', 'superset', 'mindsdb', 'gradio', 'aim', 'deepface', 'blaze', 'mlflow', 'ColossalAI', 'joliGEN', 'machine-learning', 'dash', 'ray']"
142,category,883,CERT C++ Secure Coding Section 49 - Miscellaneous (MSC),337,271,"['danswerai', 'DIGITS', 'open-webui', 'fastapi', 'bokeh', 'nalp', 'spammy', 'ViZDoom', 'langflow', 'PySyft', 'numpy', 'lightly', 'retro', 'ray', 'pydantic', 'pytensor', 'mlflow', 'pytorch', 'streamlit', 'feast', 'rasa', 'mindsdb', 'superset', 'gradio', 'transformers', 'pattern', 'AutoViz', 'Auto_ViML', 'danswerai', 'DIGITS', 'open-webui', 'fastapi', 'bokeh', 'nalp', 'spammy', 'ViZDoom', 'langflow', 'PySyft', 'numpy', 'lightly', 'retro', 'ray', 'pydantic', 'pytensor', 'mlflow', 'pytorch', 'streamlit', 'feast', 'rasa', 'mindsdb', 'superset', 'gradio', 'transformers', 'pattern', 'AutoViz', 'Auto_ViML', 'couler', 'DIGITS', 'tpot', 'open-webui', 'chainer', 'pybrain', 'deepface', 'statsmodels', 'catboost', 'ggpy', 'dash', 'cornac', 'rgf', 'pyqtgraph', 'tensorflow', 'stellargraph', 'cleanlab', 'numpy', 'FEDOT', 'bytehub', 'PyTorchCV', 'segmentation_models', 'pebl', 'machine-learning', 'deeppy', 'bigartm', 'scikit-multiflow', 'recommenders', 'seaborn', 'nupic.studio', 'vigra', 'gan', 'python-timbl', 'notebook', 'pyod', 'catalyst', 'rockpool', 'mars', 'mlflow', 'metric-learn', 'lambdo', 'pytorch', 'zpar', 'streamlit', 'alibi', 'annoy', 'feast', 'bowtie', 'scikit-image', 'mist', 'DeepPavlov', 'breze', 'superset', 'imbalanced-ensemble', 'alibi-detect', 'mindsdb', 'xlearn', 'snips-nlu', 'transformers', 'lifelines', 'ColossalAI', 'DI-engine', 'danswerai', 'DIGITS', 'open-webui', 'fastapi', 'bokeh', 'nalp', 'spammy', 'ViZDoom', 'langflow', 'PySyft', 'numpy', 'lightly', 'retro', 'ray', 'pydantic', 'pytensor', 'mlflow', 'pytorch', 'streamlit', 'feast', 'rasa', 'mindsdb', 'superset', 'gradio', 'transformers', 'pattern', 'AutoViz', 'Auto_ViML', 'couler', 'DIGITS', 'tpot', 'open-webui', 'chainer', 'pybrain', 'deepface', 'statsmodels', 'catboost', 'ggpy', 'dash', 'cornac', 'rgf', 'pyqtgraph', 'tensorflow', 'stellargraph', 'cleanlab', 'numpy', 'FEDOT', 'bytehub', 'PyTorchCV', 'segmentation_models', 'pebl', 'machine-learning', 'deeppy', 'bigartm', 'scikit-multiflow', 'recommenders', 'seaborn', 'nupic.studio', 'vigra', 'gan', 'python-timbl', 'notebook', 'pyod', 'catalyst', 'rockpool', 'mars', 'mlflow', 'metric-learn', 'lambdo', 'pytorch', 'zpar', 'streamlit', 'alibi', 'annoy', 'feast', 'bowtie', 'scikit-image', 'mist', 'DeepPavlov', 'breze', 'superset', 'imbalanced-ensemble', 'alibi-detect', 'mindsdb', 'xlearn', 'snips-nlu', 'transformers', 'lifelines', 'ColossalAI', 'DI-engine', 'danswerai', 'DIGITS', 'open-webui', 'fastapi', 'bokeh', 'nalp', 'spammy', 'ViZDoom', 'langflow', 'PySyft', 'numpy', 'lightly', 'retro', 'ray', 'pydantic', 'pytensor', 'mlflow', 'pytorch', 'streamlit', 'feast', 'rasa', 'mindsdb', 'superset', 'gradio', 'transformers', 'pattern', 'AutoViz', 'Auto_ViML', 'danswerai', 'DIGITS', 'open-webui', 'fastapi', 'bokeh', 'nalp', 'spammy', 'ViZDoom', 'langflow', 'PySyft', 'numpy', 'lightly', 'retro', 'ray', 'pydantic', 'pytensor', 'mlflow', 'pytorch', 'streamlit', 'feast', 'rasa', 'mindsdb', 'superset', 'gradio', 'transformers', 'pattern', 'AutoViz', 'Auto_ViML', 'couler', 'DIGITS', 'tpot', 'open-webui', 'chainer', 'pybrain', 'deepface', 'statsmodels', 'catboost', 'ggpy', 'dash', 'cornac', 'rgf', 'pyqtgraph', 'tensorflow', 'stellargraph', 'cleanlab', 'numpy', 'FEDOT', 'bytehub', 'PyTorchCV', 'segmentation_models', 'pebl', 'machine-learning', 'deeppy', 'bigartm', 'scikit-multiflow', 'recommenders', 'seaborn', 'nupic.studio', 'vigra', 'gan', 'python-timbl', 'notebook', 'pyod', 'catalyst', 'rockpool', 'mars', 'mlflow', 'metric-learn', 'lambdo', 'pytorch', 'zpar', 'streamlit', 'alibi', 'annoy', 'feast', 'bowtie', 'scikit-image', 'mist', 'DeepPavlov', 'breze', 'superset', 'imbalanced-ensemble', 'alibi-detect', 'mindsdb', 'xlearn', 'snips-nlu', 'transformers', 'lifelines', 'ColossalAI', 'DI-engine', 'streamlit', 'danswerai', 'couler', 'langflow', 'open-webui', 'gradio', 'lightly', 'mars', 'determined', 'mlflow', 'streamlit', 'danswerai', 'couler', 'langflow', 'open-webui', 'gradio', 'lightly', 'mars', 'determined', 'mlflow', 'streamlit', 'danswerai', 'couler', 'langflow', 'open-webui', 'gradio', 'lightly', 'mars', 'determined', 'mlflow']"
143,category,929,OWASP Top Ten 2013 Category A1 - Injection,73,635,"['feast', 'DIGITS', 'superset', 'dl-translate', 'DI-engine', 'ray', 'danswerai', 'DIGITS', 'shogun', 'Spearmint', 'rep', 'open-webui', 'bokeh', 'determined', 'deeplake', 'blaze', 'statsmodels', 'xgboost', 'catboost', 'typer', 'dash', 'open-metric-learning', 'detectron2', 'nilearn', 'matplotlib', 'langflow', 'pyqtgraph', 'bentoml', 'tensorflow', 'altair', 'aim', 'numpy', 'mlens', 'retro', 'pynlpl', 'pytorch-image-models', 'deeppy', 'bigartm', 'gensim', 'ray', 'skll', 'PyStanfordDependencies', 'pydantic', 'zipline', 'mars', 'catalyst', 'jax', 'mlflow', 'pytorch', 'streamlit', 'rasa', 'cortex', 'mist', 'scikit-learn-intelex', 'scikit-image', 'loso', 'mindsdb', 'superset', 'pytorch-lightning', 'gradio', 'transformers', 'DI-engine', 'ViZDoom', 'neuraltalk', 'colibri-core', 'danswerai', 'DIGITS', 'shogun', 'Spearmint', 'rep', 'open-webui', 'bokeh', 'determined', 'deeplake', 'blaze', 'statsmodels', 'xgboost', 'catboost', 'typer', 'dash', 'open-metric-learning', 'detectron2', 'nilearn', 'matplotlib', 'langflow', 'pyqtgraph', 'bentoml', 'tensorflow', 'altair', 'aim', 'numpy', 'mlens', 'retro', 'pynlpl', 'pytorch-image-models', 'deeppy', 'bigartm', 'gensim', 'ray', 'skll', 'PyStanfordDependencies', 'pydantic', 'zipline', 'mars', 'catalyst', 'jax', 'mlflow', 'pytorch', 'streamlit', 'rasa', 'cortex', 'mist', 'scikit-learn-intelex', 'scikit-image', 'loso', 'mindsdb', 'superset', 'pytorch-lightning', 'gradio', 'transformers', 'DI-engine', 'ViZDoom', 'neuraltalk', 'colibri-core', 'danswerai', 'feast', 'rasa', 'DeepPavlov', 'open-webui', 'mindsdb', 'determined', 'deeplake', 'mlflow']"
144,category,931,OWASP Top Ten 2013 Category A3 - Cross-Site Scripting (XSS),24,30,"['cornac', 'feast', 'bowtie', 'DIGITS', 'mindsdb', 'mars', 'deepface', 'mlflow', 'PyTorchCV', 'machine-learning']"
145,category,932,OWASP Top Ten 2013 Category A4 - Insecure Direct Object References,30,14048,"['tpot', 'neural-style-pt', 'chainer', 'skorch', 'pybrain', 'bokeh', 'autogluon', 'pytorch_geometric', 'pkuseg-python', 'open-metric-learning', 'detectron2', 'nilearn', 'mljar-supervised', 'altair', 'pyqtgraph', 'bentoml', 'caffe', 'river', 'numpy', 'CompreFace', 'FEDOT', 'sktime', 'PyTorchCV', 'pytorch-image-models', 'pebl', 'bigartm', 'BioPy', 'python-timbl', 'lightwood', 'mlx', 'zipline', 'pgmpy', 'Petrel', 'mlflow', 'DrQA', 'Parris', 'scikit-learn', 'pytorch', 'SynapseML', 'superset', 'transformers', 'ColossalAI', 'vispy', 'joliGEN', 'danswerai', 'shogun', 'Spearmint', 'xgboost', 'rosetta', 'catboost', 'dash', 'tesseract', 'stellargraph', 'maze', 'cleanlab', 'lightly', 'pymc', 'scikit-opt', 'deeppy', 'Gymnasium', 'skll', 'emcee', 'vigra', 'dtaidistance', 'mars', 'neuraltalk2', 'jax', 'scikit-survival', 'pytorch-frame', 'streamlit', 'mlxtend', 'cortex', 'DeepPavlov', 'alibi-detect', 'gradio', 'xlearn', 'langfuse', 'DI-engine', 'pyss3', 'DIGITS', 'LightGBM', 'CoreNLP', 'yalign', 'determined', 'deeplake', 'blaze', 'somoclu', 'xcessiv', 'matplotlib', 'tensorflow', 'PySyft', 'haystack', 'mlens', 'retro', 'machine-learning', 'gensim', 'neuropredict', 'feast', 'rasa', 'loso', 'lab', 'mindsdb', 'dowel', 'nut', 'retinaface', 'ViZDoom', 'neuraltalk', 'optuna', 'open-webui', 'NeuroNER', 'deepface', 'statsmodels', 'jProcessing', 'typer', 'python-recsys', 'textacy', 'ggpy', 'cornac', 'spaCy', 'langflow', 'igel', 'keras-tuner', 'Metaworld', 'aim', 'pynlpl', 'ray', 'cltk', 'recommenders', 'seaborn', 'evidently', 'deepchecks', 'garage', 'hebel', 'jieba', 'catalyst', 'pytensor', 'lambdo', 'prodmodel', 'zpar', 'polyglot', 'scikit-learn-intelex', 'scikit-image', 'pytorch-lightning', 'colibri-core', 'bolt', 'tpot', 'neural-style-pt', 'chainer', 'skorch', 'pybrain', 'bokeh', 'autogluon', 'pytorch_geometric', 'pkuseg-python', 'open-metric-learning', 'detectron2', 'nilearn', 'mljar-supervised', 'altair', 'pyqtgraph', 'bentoml', 'caffe', 'river', 'numpy', 'CompreFace', 'FEDOT', 'sktime', 'PyTorchCV', 'pytorch-image-models', 'pebl', 'bigartm', 'BioPy', 'python-timbl', 'lightwood', 'mlx', 'zipline', 'pgmpy', 'Petrel', 'mlflow', 'DrQA', 'Parris', 'scikit-learn', 'pytorch', 'SynapseML', 'superset', 'transformers', 'ColossalAI', 'vispy', 'joliGEN', 'danswerai', 'shogun', 'Spearmint', 'xgboost', 'rosetta', 'catboost', 'dash', 'tesseract', 'stellargraph', 'maze', 'cleanlab', 'lightly', 'pymc', 'scikit-opt', 'deeppy', 'Gymnasium', 'skll', 'emcee', 'vigra', 'dtaidistance', 'mars', 'neuraltalk2', 'jax', 'scikit-survival', 'pytorch-frame', 'streamlit', 'mlxtend', 'cortex', 'DeepPavlov', 'alibi-detect', 'gradio', 'xlearn', 'langfuse', 'DI-engine', 'pyss3', 'DIGITS', 'LightGBM', 'CoreNLP', 'yalign', 'determined', 'deeplake', 'blaze', 'somoclu', 'xcessiv', 'matplotlib', 'tensorflow', 'PySyft', 'haystack', 'mlens', 'retro', 'machine-learning', 'gensim', 'neuropredict', 'feast', 'rasa', 'loso', 'lab', 'mindsdb', 'dowel', 'nut', 'retinaface', 'ViZDoom', 'neuraltalk', 'optuna', 'open-webui', 'NeuroNER', 'deepface', 'statsmodels', 'jProcessing', 'typer', 'python-recsys', 'textacy', 'ggpy', 'cornac', 'spaCy', 'langflow', 'igel', 'keras-tuner', 'Metaworld', 'aim', 'pynlpl', 'ray', 'cltk', 'recommenders', 'seaborn', 'evidently', 'deepchecks', 'garage', 'hebel', 'jieba', 'catalyst', 'pytensor', 'lambdo', 'prodmodel', 'zpar', 'polyglot', 'scikit-learn-intelex', 'scikit-image', 'pytorch-lightning', 'colibri-core', 'bolt']"
146,category,933,OWASP Top Ten 2013 Category A5 - Security Misconfiguration,27,94,"['danswerai', 'feast', 'DIGITS', 'langflow', 'open-webui', 'PySyft', 'superset', 'mindsdb', 'gradio', 'aim', 'deepface', 'blaze', 'mlflow', 'ColossalAI', 'joliGEN', 'machine-learning', 'dash', 'ray', 'caffe', 'CompreFace', 'bokeh', 'xcessiv', 'face_recognition']"
147,category,934,OWASP Top Ten 2013 Category A6 - Sensitive Data Exposure,84,97,"['danswerai', 'feast', 'cortex', 'Neural', 'langflow', 'bentoml', 'open-webui', 'mindsdb', 'gradio', 'bokeh', 'determined', 'deepface', 'mlflow', 'comet-llm', 'pattern', 'typer', 'ray', 'danswerai', 'feast', 'cortex', 'Neural', 'langflow', 'bentoml', 'open-webui', 'mindsdb', 'gradio', 'bokeh', 'determined', 'deepface', 'mlflow', 'comet-llm', 'pattern', 'typer', 'ray', 'streamlit', 'danswerai', 'couler', 'langflow', 'open-webui', 'gradio', 'lightly', 'mars', 'determined', 'mlflow', 'streamlit', 'danswerai', 'couler', 'langflow', 'gradio', 'mars', 'determined', 'mlflow', 'streamlit', 'danswerai', 'couler', 'langflow', 'open-webui', 'gradio', 'lightly', 'mars', 'determined', 'mlflow', 'streamlit', 'danswerai', 'couler', 'langflow', 'open-webui', 'gradio', 'lightly', 'mars', 'determined', 'mlflow']"
148,category,938,OWASP Top Ten 2013 Category A10 - Unvalidated Redirects and Forwards,9,14,"['DIGITS', 'langflow', 'mindsdb', 'superset', 'face_recognition']"
149,category,958,SFP Secondary Cluster: Broken Cryptography,60,26,"['streamlit', 'danswerai', 'couler', 'langflow', 'open-webui', 'gradio', 'lightly', 'mars', 'determined', 'mlflow', 'streamlit', 'danswerai', 'couler', 'langflow', 'gradio', 'mars', 'determined', 'mlflow', 'streamlit', 'danswerai', 'couler', 'langflow', 'open-webui', 'gradio', 'lightly', 'mars', 'determined', 'mlflow', 'streamlit', 'danswerai', 'couler', 'langflow', 'open-webui', 'gradio', 'lightly', 'mars', 'determined', 'mlflow']"
150,category,963,SFP Secondary Cluster: Exposed Data,95,383,"['LightGBM', 'bokeh', 'determined', 'catboost', 'pytorch_geometric', 'open-metric-learning', 'detectron2', 'spaCy', 'langflow', 'bentoml', 'aim', 'sinabs', 'ray', 'gan', 'jax', 'mlflow', 'streamlit', 'pytorch-lightning', 'gradio', 'transformers', 'ColossalAI', 'pyss3', 'danswerai', 'feast', 'DIGITS', 'langflow', 'open-webui', 'PySyft', 'superset', 'mindsdb', 'gradio', 'aim', 'deepface', 'blaze', 'mlflow', 'ColossalAI', 'joliGEN', 'machine-learning', 'dash', 'ray', 'danswerai', 'feast', 'DIGITS', 'langflow', 'open-webui', 'PySyft', 'superset', 'mindsdb', 'gradio', 'aim', 'deepface', 'blaze', 'mlflow', 'ColossalAI', 'joliGEN', 'machine-learning', 'dash', 'ray', 'caffe', 'CompreFace', 'bokeh', 'xcessiv', 'face_recognition', 'danswerai', 'feast', 'cortex', 'Neural', 'langflow', 'bentoml', 'open-webui', 'mindsdb', 'gradio', 'bokeh', 'determined', 'deepface', 'mlflow', 'comet-llm', 'pattern', 'typer', 'ray', 'feast', 'Neural', 'bentoml', 'langflow', 'mindsdb', 'gradio', 'mlflow', 'ray', 'danswerai', 'feast', 'cortex', 'Neural', 'langflow', 'bentoml', 'open-webui', 'mindsdb', 'gradio', 'bokeh', 'determined', 'deepface', 'mlflow', 'comet-llm', 'pattern', 'typer', 'ray', 'danswerai', 'feast', 'cortex', 'langflow', 'open-webui', 'gradio', 'bokeh', 'determined', 'deepface', 'mlflow', 'comet-llm', 'pattern', 'typer', 'ray']"
151,category,964,SFP Secondary Cluster: Exposure Temporary File,5,19,"['rasa', 'shogun', 'bentoml', 'tensorflow', 'pytorch', 'mindsdb', 'python-timbl', 'nut', 'lightly', 'transformers', 'DI-engine', 'gensim']"
152,category,966,SFP Secondary Cluster: Other Exposures,1,2,['DIGITS']
153,category,975,SFP Secondary Cluster: Architecture,10,71,"['danswerai', 'feast', 'cortex', 'Neural', 'langflow', 'bentoml', 'open-webui', 'mindsdb', 'gradio', 'bokeh', 'determined', 'deepface', 'mlflow', 'comet-llm', 'pattern', 'typer', 'ray', 'danswerai', 'feast', 'cortex', 'Neural', 'langflow', 'bentoml', 'open-webui', 'mindsdb', 'gradio', 'bokeh', 'determined', 'deepface', 'mlflow', 'comet-llm', 'pattern', 'typer', 'ray']"
154,category,981,SFP Secondary Cluster: Path Traversal,61,28096,"['tpot', 'neural-style-pt', 'chainer', 'skorch', 'pybrain', 'bokeh', 'autogluon', 'pytorch_geometric', 'pkuseg-python', 'open-metric-learning', 'detectron2', 'nilearn', 'mljar-supervised', 'altair', 'pyqtgraph', 'bentoml', 'caffe', 'river', 'numpy', 'CompreFace', 'FEDOT', 'sktime', 'PyTorchCV', 'pytorch-image-models', 'pebl', 'bigartm', 'BioPy', 'python-timbl', 'lightwood', 'mlx', 'zipline', 'pgmpy', 'Petrel', 'mlflow', 'DrQA', 'Parris', 'scikit-learn', 'pytorch', 'SynapseML', 'superset', 'transformers', 'ColossalAI', 'vispy', 'joliGEN', 'danswerai', 'shogun', 'Spearmint', 'xgboost', 'rosetta', 'catboost', 'dash', 'tesseract', 'stellargraph', 'maze', 'cleanlab', 'lightly', 'pymc', 'scikit-opt', 'deeppy', 'Gymnasium', 'skll', 'emcee', 'vigra', 'dtaidistance', 'mars', 'neuraltalk2', 'jax', 'scikit-survival', 'pytorch-frame', 'streamlit', 'mlxtend', 'cortex', 'DeepPavlov', 'alibi-detect', 'gradio', 'xlearn', 'langfuse', 'DI-engine', 'pyss3', 'DIGITS', 'LightGBM', 'CoreNLP', 'yalign', 'determined', 'deeplake', 'blaze', 'somoclu', 'xcessiv', 'matplotlib', 'tensorflow', 'PySyft', 'haystack', 'mlens', 'retro', 'machine-learning', 'gensim', 'neuropredict', 'feast', 'rasa', 'loso', 'lab', 'mindsdb', 'dowel', 'nut', 'retinaface', 'ViZDoom', 'neuraltalk', 'optuna', 'open-webui', 'NeuroNER', 'deepface', 'statsmodels', 'jProcessing', 'typer', 'python-recsys', 'textacy', 'ggpy', 'cornac', 'spaCy', 'langflow', 'igel', 'keras-tuner', 'Metaworld', 'aim', 'pynlpl', 'ray', 'cltk', 'recommenders', 'seaborn', 'evidently', 'deepchecks', 'garage', 'hebel', 'jieba', 'catalyst', 'pytensor', 'lambdo', 'prodmodel', 'zpar', 'polyglot', 'scikit-learn-intelex', 'scikit-image', 'pytorch-lightning', 'colibri-core', 'bolt', 'tpot', 'neural-style-pt', 'chainer', 'skorch', 'pybrain', 'bokeh', 'autogluon', 'pytorch_geometric', 'pkuseg-python', 'open-metric-learning', 'detectron2', 'nilearn', 'mljar-supervised', 'altair', 'pyqtgraph', 'bentoml', 'caffe', 'river', 'numpy', 'CompreFace', 'FEDOT', 'sktime', 'PyTorchCV', 'pytorch-image-models', 'pebl', 'bigartm', 'BioPy', 'python-timbl', 'lightwood', 'mlx', 'zipline', 'pgmpy', 'Petrel', 'mlflow', 'DrQA', 'Parris', 'scikit-learn', 'pytorch', 'SynapseML', 'superset', 'transformers', 'ColossalAI', 'vispy', 'joliGEN', 'danswerai', 'shogun', 'Spearmint', 'xgboost', 'rosetta', 'catboost', 'dash', 'tesseract', 'stellargraph', 'maze', 'cleanlab', 'lightly', 'pymc', 'scikit-opt', 'deeppy', 'Gymnasium', 'skll', 'emcee', 'vigra', 'dtaidistance', 'mars', 'neuraltalk2', 'jax', 'scikit-survival', 'pytorch-frame', 'streamlit', 'mlxtend', 'cortex', 'DeepPavlov', 'alibi-detect', 'gradio', 'xlearn', 'langfuse', 'DI-engine', 'pyss3', 'DIGITS', 'LightGBM', 'CoreNLP', 'yalign', 'determined', 'deeplake', 'blaze', 'somoclu', 'xcessiv', 'matplotlib', 'tensorflow', 'PySyft', 'haystack', 'mlens', 'retro', 'machine-learning', 'gensim', 'neuropredict', 'feast', 'rasa', 'loso', 'lab', 'mindsdb', 'dowel', 'nut', 'retinaface', 'ViZDoom', 'neuraltalk', 'optuna', 'open-webui', 'NeuroNER', 'deepface', 'statsmodels', 'jProcessing', 'typer', 'python-recsys', 'textacy', 'ggpy', 'cornac', 'spaCy', 'langflow', 'igel', 'keras-tuner', 'Metaworld', 'aim', 'pynlpl', 'ray', 'cltk', 'recommenders', 'seaborn', 'evidently', 'deepchecks', 'garage', 'hebel', 'jieba', 'catalyst', 'pytensor', 'lambdo', 'prodmodel', 'zpar', 'polyglot', 'scikit-learn-intelex', 'scikit-image', 'pytorch-lightning', 'colibri-core', 'bolt', 'tpot', 'neural-style-pt', 'chainer', 'skorch', 'pybrain', 'bokeh', 'autogluon', 'pytorch_geometric', 'pkuseg-python', 'open-metric-learning', 'detectron2', 'nilearn', 'mljar-supervised', 'altair', 'pyqtgraph', 'bentoml', 'caffe', 'river', 'numpy', 'CompreFace', 'FEDOT', 'sktime', 'PyTorchCV', 'pytorch-image-models', 'pebl', 'bigartm', 'BioPy', 'python-timbl', 'lightwood', 'mlx', 'zipline', 'pgmpy', 'Petrel', 'mlflow', 'DrQA', 'Parris', 'scikit-learn', 'pytorch', 'SynapseML', 'superset', 'transformers', 'ColossalAI', 'vispy', 'joliGEN', 'danswerai', 'shogun', 'Spearmint', 'xgboost', 'rosetta', 'catboost', 'dash', 'tesseract', 'stellargraph', 'maze', 'cleanlab', 'lightly', 'pymc', 'scikit-opt', 'deeppy', 'Gymnasium', 'skll', 'emcee', 'vigra', 'dtaidistance', 'mars', 'neuraltalk2', 'jax', 'scikit-survival', 'pytorch-frame', 'streamlit', 'mlxtend', 'cortex', 'DeepPavlov', 'alibi-detect', 'gradio', 'xlearn', 'langfuse', 'DI-engine', 'pyss3', 'DIGITS', 'LightGBM', 'CoreNLP', 'yalign', 'determined', 'deeplake', 'blaze', 'somoclu', 'xcessiv', 'matplotlib', 'tensorflow', 'PySyft', 'haystack', 'mlens', 'retro', 'machine-learning', 'gensim', 'neuropredict', 'feast', 'rasa', 'loso', 'lab', 'mindsdb', 'dowel', 'nut', 'retinaface', 'ViZDoom', 'neuraltalk', 'optuna', 'open-webui', 'NeuroNER', 'deepface', 'statsmodels', 'jProcessing', 'typer', 'python-recsys', 'textacy', 'ggpy', 'cornac', 'spaCy', 'langflow', 'igel', 'keras-tuner', 'Metaworld', 'aim', 'pynlpl', 'ray', 'cltk', 'recommenders', 'seaborn', 'evidently', 'deepchecks', 'garage', 'hebel', 'jieba', 'catalyst', 'pytensor', 'lambdo', 'prodmodel', 'zpar', 'polyglot', 'scikit-learn-intelex', 'scikit-image', 'pytorch-lightning', 'colibri-core', 'bolt', 'tpot', 'neural-style-pt', 'chainer', 'skorch', 'pybrain', 'bokeh', 'autogluon', 'pytorch_geometric', 'pkuseg-python', 'open-metric-learning', 'detectron2', 'nilearn', 'mljar-supervised', 'altair', 'pyqtgraph', 'bentoml', 'caffe', 'river', 'numpy', 'CompreFace', 'FEDOT', 'sktime', 'PyTorchCV', 'pytorch-image-models', 'pebl', 'bigartm', 'BioPy', 'python-timbl', 'lightwood', 'mlx', 'zipline', 'pgmpy', 'Petrel', 'mlflow', 'DrQA', 'Parris', 'scikit-learn', 'pytorch', 'SynapseML', 'superset', 'transformers', 'ColossalAI', 'vispy', 'joliGEN', 'danswerai', 'shogun', 'Spearmint', 'xgboost', 'rosetta', 'catboost', 'dash', 'tesseract', 'stellargraph', 'maze', 'cleanlab', 'lightly', 'pymc', 'scikit-opt', 'deeppy', 'Gymnasium', 'skll', 'emcee', 'vigra', 'dtaidistance', 'mars', 'neuraltalk2', 'jax', 'scikit-survival', 'pytorch-frame', 'streamlit', 'mlxtend', 'cortex', 'DeepPavlov', 'alibi-detect', 'gradio', 'xlearn', 'langfuse', 'DI-engine', 'pyss3', 'DIGITS', 'LightGBM', 'CoreNLP', 'yalign', 'determined', 'deeplake', 'blaze', 'somoclu', 'xcessiv', 'matplotlib', 'tensorflow', 'PySyft', 'haystack', 'mlens', 'retro', 'machine-learning', 'gensim', 'neuropredict', 'feast', 'rasa', 'loso', 'lab', 'mindsdb', 'dowel', 'nut', 'retinaface', 'ViZDoom', 'neuraltalk', 'optuna', 'open-webui', 'NeuroNER', 'deepface', 'statsmodels', 'jProcessing', 'typer', 'python-recsys', 'textacy', 'ggpy', 'cornac', 'spaCy', 'langflow', 'igel', 'keras-tuner', 'Metaworld', 'aim', 'pynlpl', 'ray', 'cltk', 'recommenders', 'seaborn', 'evidently', 'deepchecks', 'garage', 'hebel', 'jieba', 'catalyst', 'pytensor', 'lambdo', 'prodmodel', 'zpar', 'polyglot', 'scikit-learn-intelex', 'scikit-image', 'pytorch-lightning', 'colibri-core', 'bolt']"
155,category,985,SFP Secondary Cluster: Unrestricted Consumption,48,354,"['danswerai', 'DIGITS', 'LightGBM', 'open-webui', 'CoreNLP', 'chainer', 'bokeh', 'determined', 'blaze', 'xgboost', 'catboost', 'jProcessing', 'typer', 'dash', 'ViZDoom', 'langflow', 'pyqtgraph', 'bentoml', 'caffe', 'tensorflow', 'numpy', 'haystack', 'pymc', 'PyTorchCV', 'retro', 'pebl', 'bigartm', 'gensim', 'ray', 'skll', 'emcee', 'vigra', 'deepchecks', 'pgmpy', 'pydantic', 'zipline', 'mars', 'jax', 'mlflow', 'DrQA', 'lambdo', 'scikit-learn', 'zpar', 'streamlit', 'pytorch', 'rasa', 'cortex', 'scikit-learn-intelex', 'DeepPavlov', 'mindsdb', 'pytorch-lightning', 'gradio', 'dirty_cat', 'xlearn', 'transformers', 'ColossalAI', 'vispy', 'pattern', 'DI-engine', 'pyss3', 'lightning-bolts', 'danswerai', 'DIGITS', 'LightGBM', 'open-webui', 'CoreNLP', 'chainer', 'bokeh', 'determined', 'blaze', 'xgboost', 'catboost', 'jProcessing', 'typer', 'dash', 'ViZDoom', 'langflow', 'pyqtgraph', 'bentoml', 'caffe', 'tensorflow', 'numpy', 'haystack', 'pymc', 'PyTorchCV', 'retro', 'pebl', 'bigartm', 'gensim', 'ray', 'skll', 'emcee', 'vigra', 'deepchecks', 'pgmpy', 'pydantic', 'zipline', 'mars', 'jax', 'mlflow', 'DrQA', 'lambdo', 'scikit-learn', 'zpar', 'streamlit', 'pytorch', 'rasa', 'cortex', 'scikit-learn-intelex', 'DeepPavlov', 'mindsdb', 'pytorch-lightning', 'gradio', 'dirty_cat', 'xlearn', 'transformers', 'ColossalAI', 'vispy', 'pattern', 'DI-engine', 'pyss3', 'lightning-bolts', 'danswerai', 'DIGITS', 'LightGBM', 'open-webui', 'CoreNLP', 'chainer', 'bokeh', 'determined', 'blaze', 'xgboost', 'catboost', 'jProcessing', 'typer', 'dash', 'ViZDoom', 'langflow', 'pyqtgraph', 'bentoml', 'caffe', 'tensorflow', 'numpy', 'haystack', 'pymc', 'PyTorchCV', 'retro', 'pebl', 'bigartm', 'gensim', 'ray', 'skll', 'emcee', 'vigra', 'deepchecks', 'pgmpy', 'pydantic', 'zipline', 'mars', 'jax', 'mlflow', 'DrQA', 'lambdo', 'scikit-learn', 'zpar', 'streamlit', 'pytorch', 'rasa', 'cortex', 'scikit-learn-intelex', 'DeepPavlov', 'mindsdb', 'pytorch-lightning', 'gradio', 'dirty_cat', 'xlearn', 'transformers', 'ColossalAI', 'vispy', 'pattern', 'DI-engine', 'pyss3', 'lightning-bolts']"
156,category,990,SFP Secondary Cluster: Tainted Input to Command,134,7841,"['DIGITS', 'langflow', 'mindsdb', 'superset', 'face_recognition', 'feast', 'DIGITS', 'superset', 'dl-translate', 'DI-engine', 'ray', 'danswerai', 'DIGITS', 'shogun', 'Spearmint', 'rep', 'open-webui', 'bokeh', 'determined', 'deeplake', 'blaze', 'statsmodels', 'xgboost', 'catboost', 'typer', 'dash', 'open-metric-learning', 'detectron2', 'nilearn', 'matplotlib', 'langflow', 'pyqtgraph', 'bentoml', 'tensorflow', 'altair', 'aim', 'numpy', 'mlens', 'retro', 'pynlpl', 'pytorch-image-models', 'deeppy', 'bigartm', 'gensim', 'ray', 'skll', 'PyStanfordDependencies', 'pydantic', 'zipline', 'mars', 'catalyst', 'jax', 'mlflow', 'pytorch', 'streamlit', 'rasa', 'cortex', 'mist', 'scikit-learn-intelex', 'scikit-image', 'loso', 'mindsdb', 'superset', 'pytorch-lightning', 'gradio', 'transformers', 'DI-engine', 'ViZDoom', 'neuraltalk', 'colibri-core', 'danswerai', 'DIGITS', 'shogun', 'Spearmint', 'rep', 'open-webui', 'bokeh', 'determined', 'deeplake', 'blaze', 'statsmodels', 'xgboost', 'catboost', 'typer', 'dash', 'open-metric-learning', 'detectron2', 'nilearn', 'matplotlib', 'langflow', 'pyqtgraph', 'bentoml', 'tensorflow', 'altair', 'aim', 'numpy', 'mlens', 'retro', 'pynlpl', 'pytorch-image-models', 'deeppy', 'bigartm', 'gensim', 'ray', 'skll', 'PyStanfordDependencies', 'pydantic', 'zipline', 'mars', 'catalyst', 'jax', 'mlflow', 'pytorch', 'streamlit', 'rasa', 'cortex', 'mist', 'scikit-learn-intelex', 'scikit-image', 'loso', 'mindsdb', 'superset', 'pytorch-lightning', 'gradio', 'transformers', 'DI-engine', 'ViZDoom', 'neuraltalk', 'colibri-core', 'couler', 'DIGITS', 'tpot', 'open-webui', 'chainer', 'pybrain', 'statsmodels', 'catboost', 'ggpy', 'dash', 'cornac', 'rgf', 'pyqtgraph', 'tensorflow', 'stellargraph', 'cleanlab', 'numpy', 'FEDOT', 'bytehub', 'segmentation_models', 'pebl', 'deeppy', 'bigartm', 'scikit-multiflow', 'recommenders', 'seaborn', 'nupic.studio', 'vigra', 'gan', 'python-timbl', 'notebook', 'pyod', 'catalyst', 'rockpool', 'metric-learn', 'lambdo', 'pytorch', 'zpar', 'streamlit', 'alibi', 'annoy', 'mist', 'scikit-image', 'DeepPavlov', 'breze', 'superset', 'imbalanced-ensemble', 'alibi-detect', 'mindsdb', 'xlearn', 'snips-nlu', 'lifelines', 'ColossalAI', 'DI-engine', 'transformers', 'superset', 'transformers', 'superset', 'tpot', 'neural-style-pt', 'chainer', 'skorch', 'pybrain', 'bokeh', 'autogluon', 'pytorch_geometric', 'pkuseg-python', 'open-metric-learning', 'detectron2', 'nilearn', 'mljar-supervised', 'altair', 'pyqtgraph', 'bentoml', 'caffe', 'river', 'numpy', 'CompreFace', 'FEDOT', 'sktime', 'PyTorchCV', 'pytorch-image-models', 'pebl', 'bigartm', 'BioPy', 'python-timbl', 'lightwood', 'mlx', 'zipline', 'pgmpy', 'Petrel', 'mlflow', 'DrQA', 'Parris', 'scikit-learn', 'pytorch', 'SynapseML', 'superset', 'transformers', 'ColossalAI', 'vispy', 'joliGEN', 'danswerai', 'shogun', 'Spearmint', 'xgboost', 'rosetta', 'catboost', 'dash', 'tesseract', 'stellargraph', 'maze', 'cleanlab', 'lightly', 'pymc', 'scikit-opt', 'deeppy', 'Gymnasium', 'skll', 'emcee', 'vigra', 'dtaidistance', 'mars', 'neuraltalk2', 'jax', 'scikit-survival', 'pytorch-frame', 'streamlit', 'mlxtend', 'cortex', 'DeepPavlov', 'alibi-detect', 'gradio', 'xlearn', 'langfuse', 'DI-engine', 'pyss3', 'DIGITS', 'LightGBM', 'CoreNLP', 'yalign', 'determined', 'deeplake', 'blaze', 'somoclu', 'xcessiv', 'matplotlib', 'tensorflow', 'PySyft', 'haystack', 'mlens', 'retro', 'machine-learning', 'gensim', 'neuropredict', 'feast', 'rasa', 'loso', 'lab', 'mindsdb', 'dowel', 'nut', 'retinaface', 'ViZDoom', 'neuraltalk', 'optuna', 'open-webui', 'NeuroNER', 'deepface', 'statsmodels', 'jProcessing', 'typer', 'python-recsys', 'textacy', 'ggpy', 'cornac', 'spaCy', 'langflow', 'igel', 'keras-tuner', 'Metaworld', 'aim', 'pynlpl', 'ray', 'cltk', 'recommenders', 'seaborn', 'evidently', 'deepchecks', 'garage', 'hebel', 'jieba', 'catalyst', 'pytensor', 'lambdo', 'prodmodel', 'zpar', 'polyglot', 'scikit-learn-intelex', 'scikit-image', 'pytorch-lightning', 'colibri-core', 'bolt', 'cornac', 'feast', 'bowtie', 'DIGITS', 'mindsdb', 'mars', 'deepface', 'mlflow', 'PyTorchCV', 'machine-learning', 'danswerai', 'feast', 'rasa', 'DeepPavlov', 'open-webui', 'mindsdb', 'determined', 'deeplake', 'mlflow']"
157,category,991,SFP Secondary Cluster: Tainted Input to Environment,12,132,"['couler', 'DIGITS', 'tpot', 'open-webui', 'chainer', 'pybrain', 'statsmodels', 'catboost', 'ggpy', 'dash', 'cornac', 'rgf', 'pyqtgraph', 'tensorflow', 'stellargraph', 'cleanlab', 'numpy', 'FEDOT', 'bytehub', 'segmentation_models', 'pebl', 'deeppy', 'bigartm', 'scikit-multiflow', 'recommenders', 'seaborn', 'nupic.studio', 'vigra', 'gan', 'python-timbl', 'notebook', 'pyod', 'catalyst', 'rockpool', 'metric-learn', 'lambdo', 'pytorch', 'zpar', 'streamlit', 'alibi', 'annoy', 'mist', 'scikit-image', 'DeepPavlov', 'breze', 'superset', 'imbalanced-ensemble', 'alibi-detect', 'mindsdb', 'xlearn', 'snips-nlu', 'lifelines', 'ColossalAI', 'DI-engine']"
158,category,992,SFP Secondary Cluster: Faulty Input Transformation,30,165,"['couler', 'DIGITS', 'tpot', 'open-webui', 'chainer', 'pybrain', 'deepface', 'statsmodels', 'catboost', 'ggpy', 'dash', 'cornac', 'rgf', 'pyqtgraph', 'tensorflow', 'stellargraph', 'cleanlab', 'numpy', 'FEDOT', 'bytehub', 'PyTorchCV', 'segmentation_models', 'pebl', 'machine-learning', 'deeppy', 'bigartm', 'scikit-multiflow', 'recommenders', 'seaborn', 'nupic.studio', 'vigra', 'gan', 'python-timbl', 'notebook', 'pyod', 'catalyst', 'rockpool', 'mars', 'mlflow', 'metric-learn', 'lambdo', 'pytorch', 'zpar', 'streamlit', 'alibi', 'annoy', 'feast', 'bowtie', 'scikit-image', 'mist', 'DeepPavlov', 'breze', 'superset', 'imbalanced-ensemble', 'alibi-detect', 'mindsdb', 'xlearn', 'snips-nlu', 'transformers', 'lifelines', 'ColossalAI', 'DI-engine', 'couler', 'DIGITS', 'tpot', 'open-webui', 'chainer', 'pybrain', 'deepface', 'statsmodels', 'catboost', 'ggpy', 'dash', 'cornac', 'rgf', 'pyqtgraph', 'tensorflow', 'stellargraph', 'cleanlab', 'numpy', 'FEDOT', 'bytehub', 'PyTorchCV', 'segmentation_models', 'pebl', 'machine-learning', 'deeppy', 'bigartm', 'scikit-multiflow', 'recommenders', 'seaborn', 'nupic.studio', 'vigra', 'gan', 'python-timbl', 'notebook', 'pyod', 'catalyst', 'rockpool', 'mars', 'mlflow', 'metric-learn', 'lambdo', 'pytorch', 'zpar', 'streamlit', 'alibi', 'annoy', 'feast', 'bowtie', 'scikit-image', 'mist', 'DeepPavlov', 'breze', 'superset', 'imbalanced-ensemble', 'alibi-detect', 'mindsdb', 'xlearn', 'snips-nlu', 'transformers', 'lifelines', 'ColossalAI', 'DI-engine', 'couler', 'DIGITS', 'tpot', 'open-webui', 'chainer', 'pybrain', 'deepface', 'statsmodels', 'catboost', 'ggpy', 'dash', 'cornac', 'rgf', 'pyqtgraph', 'tensorflow', 'stellargraph', 'cleanlab', 'numpy', 'FEDOT', 'bytehub', 'PyTorchCV', 'segmentation_models', 'pebl', 'machine-learning', 'deeppy', 'bigartm', 'scikit-multiflow', 'recommenders', 'seaborn', 'nupic.studio', 'vigra', 'gan', 'python-timbl', 'notebook', 'pyod', 'catalyst', 'rockpool', 'mars', 'mlflow', 'metric-learn', 'lambdo', 'pytorch', 'zpar', 'streamlit', 'alibi', 'annoy', 'feast', 'bowtie', 'scikit-image', 'mist', 'DeepPavlov', 'breze', 'superset', 'imbalanced-ensemble', 'alibi-detect', 'mindsdb', 'xlearn', 'snips-nlu', 'transformers', 'lifelines', 'ColossalAI', 'DI-engine']"
159,category,994,SFP Secondary Cluster: Tainted Input to Variable,277,787,"['danswerai', 'DIGITS', 'open-webui', 'fastapi', 'bokeh', 'nalp', 'spammy', 'ViZDoom', 'langflow', 'PySyft', 'numpy', 'lightly', 'retro', 'ray', 'pydantic', 'pytensor', 'mlflow', 'pytorch', 'streamlit', 'feast', 'rasa', 'mindsdb', 'superset', 'gradio', 'transformers', 'pattern', 'AutoViz', 'Auto_ViML', 'danswerai', 'DIGITS', 'open-webui', 'fastapi', 'bokeh', 'nalp', 'spammy', 'ViZDoom', 'langflow', 'PySyft', 'numpy', 'lightly', 'retro', 'ray', 'pydantic', 'pytensor', 'mlflow', 'pytorch', 'streamlit', 'feast', 'rasa', 'mindsdb', 'superset', 'gradio', 'transformers', 'pattern', 'AutoViz', 'Auto_ViML', 'neural-style-pt', 'chainer', 'skorch', 'pybrain', 'bokeh', 'neurolab', 'autogluon', 'pytorch_geometric', 'face_recognition', 'pkuseg-python', 'open-metric-learning', 'detectron2', 'mljar-supervised', 'pyqtgraph', 'bentoml', 'caffe', 'river', 'numpy', 'FEDOT', 'opfython', 'PyTorchCV', 'pytorch-image-models', 'pebl', 'bigartm', 'lightwood', 'zipline', 'Petrel', 'mlflow', 'DrQA', 'scikit-learn', 'pytorch', 'TResNet', 'segmentation_models.pytorch', 'shapash', 'transformers', 'ColossalAI', 'joliGEN', 'simpleai', 'xgboost', 'catboost', 'maze', 'cleanlab', 'lightly', 'deeppy', 'chefboost', 'opytimizer', 'skll', 'pytorch_geometric_temporal', 'dl-translate', 'mars', 'evostra', 'pytorch-frame', 'streamlit', 'mlxtend', 'DeepPavlov', 'snownlp', 'alibi-detect', 'Sklearn-genetic-opt', 'DI-engine', 'lightning-bolts', 'DIGITS', 'rep', 'LightGBM', 'yalign', 'determined', 'miraiml', 'matplotlib', 'tensorflow', 'haystack', 'mlens', 'machine-learning', 'neuropredict', 'frouros', 'feast', 'rasa', 'loso', 'mindsdb', 'nut', 'ViZDoom', 'neuraltalk', 'sentiment_classifier', 'NeuroNER', 'deepface', 'statsmodels', 'jProcessing', 'dedupe', 'python-recsys', 'cornac', 'eurybia', 'igel', 'keras-tuner', 'backprop', 'ray', 'cltk', 'recommenders', 'sentiment-analyzer', 'evidently', 'deepchecks', 'garage', 'hebel', 'jieba', 'pyod', 'catalyst', 'pytensor', 'lambdo', 'tflearn', 'prodmodel', 'zpar', 'polyglot', 'alibi', 'scikit-learn-intelex', 'pytorch-lightning', 'bolt', 'PCV', 'danswerai', 'DIGITS', 'open-webui', 'fastapi', 'bokeh', 'nalp', 'spammy', 'ViZDoom', 'langflow', 'PySyft', 'numpy', 'lightly', 'retro', 'ray', 'pydantic', 'pytensor', 'mlflow', 'pytorch', 'streamlit', 'feast', 'rasa', 'mindsdb', 'superset', 'gradio', 'transformers', 'pattern', 'AutoViz', 'Auto_ViML', 'danswerai', 'DIGITS', 'open-webui', 'fastapi', 'bokeh', 'nalp', 'spammy', 'ViZDoom', 'langflow', 'PySyft', 'numpy', 'lightly', 'retro', 'ray', 'pydantic', 'pytensor', 'mlflow', 'pytorch', 'streamlit', 'feast', 'rasa', 'mindsdb', 'superset', 'gradio', 'transformers', 'pattern', 'AutoViz', 'Auto_ViML', 'danswerai', 'DIGITS', 'open-webui', 'fastapi', 'bokeh', 'nalp', 'spammy', 'ViZDoom', 'langflow', 'PySyft', 'numpy', 'lightly', 'retro', 'ray', 'pydantic', 'pytensor', 'mlflow', 'pytorch', 'streamlit', 'feast', 'rasa', 'mindsdb', 'superset', 'gradio', 'transformers', 'pattern', 'AutoViz', 'Auto_ViML']"
160,category,1002,SFP Secondary Cluster: Unexpected Entry Points,6,6,"['caffe', 'CompreFace', 'bokeh', 'xcessiv', 'face_recognition']"
161,category,1005,7PK - Input Validation and Representation,330,7172,"['danswerai', 'DIGITS', 'open-webui', 'fastapi', 'bokeh', 'nalp', 'spammy', 'ViZDoom', 'langflow', 'PySyft', 'numpy', 'lightly', 'retro', 'ray', 'pydantic', 'pytensor', 'mlflow', 'pytorch', 'streamlit', 'feast', 'rasa', 'mindsdb', 'superset', 'gradio', 'transformers', 'pattern', 'AutoViz', 'Auto_ViML', 'danswerai', 'DIGITS', 'open-webui', 'fastapi', 'bokeh', 'nalp', 'spammy', 'ViZDoom', 'langflow', 'PySyft', 'numpy', 'lightly', 'retro', 'ray', 'pydantic', 'pytensor', 'mlflow', 'pytorch', 'streamlit', 'feast', 'rasa', 'mindsdb', 'superset', 'gradio', 'transformers', 'pattern', 'AutoViz', 'Auto_ViML', 'danswerai', 'DIGITS', 'open-webui', 'fastapi', 'bokeh', 'nalp', 'spammy', 'ViZDoom', 'langflow', 'PySyft', 'numpy', 'lightly', 'retro', 'ray', 'pydantic', 'pytensor', 'mlflow', 'pytorch', 'streamlit', 'feast', 'rasa', 'mindsdb', 'superset', 'gradio', 'transformers', 'pattern', 'AutoViz', 'Auto_ViML', 'danswerai', 'DIGITS', 'open-webui', 'fastapi', 'bokeh', 'nalp', 'spammy', 'ViZDoom', 'langflow', 'PySyft', 'numpy', 'lightly', 'retro', 'ray', 'pydantic', 'pytensor', 'mlflow', 'pytorch', 'streamlit', 'feast', 'rasa', 'mindsdb', 'superset', 'gradio', 'transformers', 'pattern', 'AutoViz', 'Auto_ViML', 'danswerai', 'DIGITS', 'open-webui', 'fastapi', 'bokeh', 'nalp', 'spammy', 'ViZDoom', 'langflow', 'PySyft', 'numpy', 'lightly', 'retro', 'ray', 'pydantic', 'pytensor', 'mlflow', 'pytorch', 'streamlit', 'feast', 'rasa', 'mindsdb', 'superset', 'gradio', 'transformers', 'pattern', 'AutoViz', 'Auto_ViML', 'tpot', 'neural-style-pt', 'chainer', 'skorch', 'pybrain', 'bokeh', 'autogluon', 'pytorch_geometric', 'pkuseg-python', 'open-metric-learning', 'detectron2', 'nilearn', 'mljar-supervised', 'altair', 'pyqtgraph', 'bentoml', 'caffe', 'river', 'numpy', 'CompreFace', 'FEDOT', 'sktime', 'PyTorchCV', 'pytorch-image-models', 'pebl', 'bigartm', 'BioPy', 'python-timbl', 'lightwood', 'mlx', 'zipline', 'pgmpy', 'Petrel', 'mlflow', 'DrQA', 'Parris', 'scikit-learn', 'pytorch', 'SynapseML', 'superset', 'transformers', 'ColossalAI', 'vispy', 'joliGEN', 'danswerai', 'shogun', 'Spearmint', 'xgboost', 'rosetta', 'catboost', 'dash', 'tesseract', 'stellargraph', 'maze', 'cleanlab', 'lightly', 'pymc', 'scikit-opt', 'deeppy', 'Gymnasium', 'skll', 'emcee', 'vigra', 'dtaidistance', 'mars', 'neuraltalk2', 'jax', 'scikit-survival', 'pytorch-frame', 'streamlit', 'mlxtend', 'cortex', 'DeepPavlov', 'alibi-detect', 'gradio', 'xlearn', 'langfuse', 'DI-engine', 'pyss3', 'DIGITS', 'LightGBM', 'CoreNLP', 'yalign', 'determined', 'deeplake', 'blaze', 'somoclu', 'xcessiv', 'matplotlib', 'tensorflow', 'PySyft', 'haystack', 'mlens', 'retro', 'machine-learning', 'gensim', 'neuropredict', 'feast', 'rasa', 'loso', 'lab', 'mindsdb', 'dowel', 'nut', 'retinaface', 'ViZDoom', 'neuraltalk', 'optuna', 'open-webui', 'NeuroNER', 'deepface', 'statsmodels', 'jProcessing', 'typer', 'python-recsys', 'textacy', 'ggpy', 'cornac', 'spaCy', 'langflow', 'igel', 'keras-tuner', 'Metaworld', 'aim', 'pynlpl', 'ray', 'cltk', 'recommenders', 'seaborn', 'evidently', 'deepchecks', 'garage', 'hebel', 'jieba', 'catalyst', 'pytensor', 'lambdo', 'prodmodel', 'zpar', 'polyglot', 'scikit-learn-intelex', 'scikit-image', 'pytorch-lightning', 'colibri-core', 'bolt', 'cornac', 'feast', 'bowtie', 'DIGITS', 'mindsdb', 'mars', 'deepface', 'mlflow', 'PyTorchCV', 'machine-learning', 'danswerai', 'feast', 'rasa', 'DeepPavlov', 'open-webui', 'mindsdb', 'determined', 'deeplake', 'mlflow']"
162,category,1006,Bad Coding Practices,3,6,"['caffe', 'CompreFace', 'bokeh', 'xcessiv', 'face_recognition']"
163,category,1009,Audit,2,59,"['danswerai', 'feast', 'cortex', 'langflow', 'open-webui', 'gradio', 'bokeh', 'determined', 'deepface', 'mlflow', 'comet-llm', 'pattern', 'typer', 'ray']"
164,category,1010,Authenticate Actors,6,11,"['streamlit', 'danswerai', 'couler', 'langflow', 'gradio', 'mars', 'determined', 'mlflow']"
165,category,1011,Authorize Actors,4,71,"['danswerai', 'feast', 'cortex', 'Neural', 'langflow', 'bentoml', 'open-webui', 'mindsdb', 'gradio', 'bokeh', 'determined', 'deepface', 'mlflow', 'comet-llm', 'pattern', 'typer', 'ray', 'danswerai', 'feast', 'cortex', 'Neural', 'langflow', 'bentoml', 'open-webui', 'mindsdb', 'gradio', 'bokeh', 'determined', 'deepface', 'mlflow', 'comet-llm', 'pattern', 'typer', 'ray']"
166,category,1013,Encrypt Data,54,109,"['danswerai', 'feast', 'cortex', 'Neural', 'langflow', 'bentoml', 'open-webui', 'mindsdb', 'gradio', 'bokeh', 'determined', 'deepface', 'mlflow', 'comet-llm', 'pattern', 'typer', 'ray', 'feast', 'Neural', 'bentoml', 'langflow', 'mindsdb', 'gradio', 'mlflow', 'ray', 'danswerai', 'feast', 'cortex', 'Neural', 'langflow', 'bentoml', 'open-webui', 'mindsdb', 'gradio', 'bokeh', 'determined', 'deepface', 'mlflow', 'comet-llm', 'pattern', 'typer', 'ray', 'streamlit', 'danswerai', 'couler', 'langflow', 'open-webui', 'gradio', 'lightly', 'mars', 'determined', 'mlflow', 'streamlit', 'danswerai', 'couler', 'langflow', 'gradio', 'mars', 'determined', 'mlflow', 'streamlit', 'danswerai', 'couler', 'langflow', 'open-webui', 'gradio', 'lightly', 'mars', 'determined', 'mlflow', 'streamlit', 'danswerai', 'couler', 'langflow', 'open-webui', 'gradio', 'lightly', 'mars', 'determined', 'mlflow']"
167,category,1014,Identify Actors,9,1,['ray']
168,category,1015,Limit Access,20,7112,"['danswerai', 'feast', 'DIGITS', 'langflow', 'open-webui', 'PySyft', 'superset', 'mindsdb', 'gradio', 'aim', 'deepface', 'blaze', 'mlflow', 'ColossalAI', 'joliGEN', 'machine-learning', 'dash', 'ray', 'tpot', 'neural-style-pt', 'chainer', 'skorch', 'pybrain', 'bokeh', 'autogluon', 'pytorch_geometric', 'pkuseg-python', 'open-metric-learning', 'detectron2', 'nilearn', 'mljar-supervised', 'altair', 'pyqtgraph', 'bentoml', 'caffe', 'river', 'numpy', 'CompreFace', 'FEDOT', 'sktime', 'PyTorchCV', 'pytorch-image-models', 'pebl', 'bigartm', 'BioPy', 'python-timbl', 'lightwood', 'mlx', 'zipline', 'pgmpy', 'Petrel', 'mlflow', 'DrQA', 'Parris', 'scikit-learn', 'pytorch', 'SynapseML', 'superset', 'transformers', 'ColossalAI', 'vispy', 'joliGEN', 'danswerai', 'shogun', 'Spearmint', 'xgboost', 'rosetta', 'catboost', 'dash', 'tesseract', 'stellargraph', 'maze', 'cleanlab', 'lightly', 'pymc', 'scikit-opt', 'deeppy', 'Gymnasium', 'skll', 'emcee', 'vigra', 'dtaidistance', 'mars', 'neuraltalk2', 'jax', 'scikit-survival', 'pytorch-frame', 'streamlit', 'mlxtend', 'cortex', 'DeepPavlov', 'alibi-detect', 'gradio', 'xlearn', 'langfuse', 'DI-engine', 'pyss3', 'DIGITS', 'LightGBM', 'CoreNLP', 'yalign', 'determined', 'deeplake', 'blaze', 'somoclu', 'xcessiv', 'matplotlib', 'tensorflow', 'PySyft', 'haystack', 'mlens', 'retro', 'machine-learning', 'gensim', 'neuropredict', 'feast', 'rasa', 'loso', 'lab', 'mindsdb', 'dowel', 'nut', 'retinaface', 'ViZDoom', 'neuraltalk', 'optuna', 'open-webui', 'NeuroNER', 'deepface', 'statsmodels', 'jProcessing', 'typer', 'python-recsys', 'textacy', 'ggpy', 'cornac', 'spaCy', 'langflow', 'igel', 'keras-tuner', 'Metaworld', 'aim', 'pynlpl', 'ray', 'cltk', 'recommenders', 'seaborn', 'evidently', 'deepchecks', 'garage', 'hebel', 'jieba', 'catalyst', 'pytensor', 'lambdo', 'prodmodel', 'zpar', 'polyglot', 'scikit-learn-intelex', 'scikit-image', 'pytorch-lightning', 'colibri-core', 'bolt']"
169,category,1019,Validate Inputs,169,8756,"['danswerai', 'DIGITS', 'open-webui', 'fastapi', 'bokeh', 'nalp', 'spammy', 'ViZDoom', 'langflow', 'PySyft', 'numpy', 'lightly', 'retro', 'ray', 'pydantic', 'pytensor', 'mlflow', 'pytorch', 'streamlit', 'feast', 'rasa', 'mindsdb', 'superset', 'gradio', 'transformers', 'pattern', 'AutoViz', 'Auto_ViML', 'danswerai', 'DIGITS', 'open-webui', 'fastapi', 'bokeh', 'nalp', 'spammy', 'ViZDoom', 'langflow', 'PySyft', 'numpy', 'lightly', 'retro', 'ray', 'pydantic', 'pytensor', 'mlflow', 'pytorch', 'streamlit', 'feast', 'rasa', 'mindsdb', 'superset', 'gradio', 'transformers', 'pattern', 'AutoViz', 'Auto_ViML', 'DIGITS', 'langflow', 'mindsdb', 'superset', 'face_recognition', 'feast', 'DIGITS', 'superset', 'dl-translate', 'DI-engine', 'ray', 'danswerai', 'DIGITS', 'shogun', 'Spearmint', 'rep', 'open-webui', 'bokeh', 'determined', 'deeplake', 'blaze', 'statsmodels', 'xgboost', 'catboost', 'typer', 'dash', 'open-metric-learning', 'detectron2', 'nilearn', 'matplotlib', 'langflow', 'pyqtgraph', 'bentoml', 'tensorflow', 'altair', 'aim', 'numpy', 'mlens', 'retro', 'pynlpl', 'pytorch-image-models', 'deeppy', 'bigartm', 'gensim', 'ray', 'skll', 'PyStanfordDependencies', 'pydantic', 'zipline', 'mars', 'catalyst', 'jax', 'mlflow', 'pytorch', 'streamlit', 'rasa', 'cortex', 'mist', 'scikit-learn-intelex', 'scikit-image', 'loso', 'mindsdb', 'superset', 'pytorch-lightning', 'gradio', 'transformers', 'DI-engine', 'ViZDoom', 'neuraltalk', 'colibri-core', 'danswerai', 'DIGITS', 'shogun', 'Spearmint', 'rep', 'open-webui', 'bokeh', 'determined', 'deeplake', 'blaze', 'statsmodels', 'xgboost', 'catboost', 'typer', 'dash', 'open-metric-learning', 'detectron2', 'nilearn', 'matplotlib', 'langflow', 'pyqtgraph', 'bentoml', 'tensorflow', 'altair', 'aim', 'numpy', 'mlens', 'retro', 'pynlpl', 'pytorch-image-models', 'deeppy', 'bigartm', 'gensim', 'ray', 'skll', 'PyStanfordDependencies', 'pydantic', 'zipline', 'mars', 'catalyst', 'jax', 'mlflow', 'pytorch', 'streamlit', 'rasa', 'cortex', 'mist', 'scikit-learn-intelex', 'scikit-image', 'loso', 'mindsdb', 'superset', 'pytorch-lightning', 'gradio', 'transformers', 'DI-engine', 'ViZDoom', 'neuraltalk', 'colibri-core', 'couler', 'DIGITS', 'tpot', 'open-webui', 'chainer', 'pybrain', 'statsmodels', 'catboost', 'ggpy', 'dash', 'cornac', 'rgf', 'pyqtgraph', 'tensorflow', 'stellargraph', 'cleanlab', 'numpy', 'FEDOT', 'bytehub', 'segmentation_models', 'pebl', 'deeppy', 'bigartm', 'scikit-multiflow', 'recommenders', 'seaborn', 'nupic.studio', 'vigra', 'gan', 'python-timbl', 'notebook', 'pyod', 'catalyst', 'rockpool', 'metric-learn', 'lambdo', 'pytorch', 'zpar', 'streamlit', 'alibi', 'annoy', 'mist', 'scikit-image', 'DeepPavlov', 'breze', 'superset', 'imbalanced-ensemble', 'alibi-detect', 'mindsdb', 'xlearn', 'snips-nlu', 'lifelines', 'ColossalAI', 'DI-engine', 'couler', 'DIGITS', 'tpot', 'open-webui', 'chainer', 'pybrain', 'statsmodels', 'catboost', 'ggpy', 'dash', 'cornac', 'rgf', 'pyqtgraph', 'tensorflow', 'stellargraph', 'cleanlab', 'numpy', 'FEDOT', 'bytehub', 'segmentation_models', 'pebl', 'deeppy', 'bigartm', 'scikit-multiflow', 'recommenders', 'seaborn', 'nupic.studio', 'vigra', 'gan', 'python-timbl', 'notebook', 'pyod', 'catalyst', 'rockpool', 'metric-learn', 'lambdo', 'pytorch', 'zpar', 'streamlit', 'alibi', 'annoy', 'mist', 'scikit-image', 'DeepPavlov', 'breze', 'superset', 'imbalanced-ensemble', 'alibi-detect', 'mindsdb', 'xlearn', 'snips-nlu', 'lifelines', 'ColossalAI', 'DI-engine', 'neural-style-pt', 'chainer', 'skorch', 'pybrain', 'bokeh', 'neurolab', 'autogluon', 'pytorch_geometric', 'face_recognition', 'pkuseg-python', 'open-metric-learning', 'detectron2', 'mljar-supervised', 'pyqtgraph', 'bentoml', 'caffe', 'river', 'numpy', 'FEDOT', 'opfython', 'PyTorchCV', 'pytorch-image-models', 'pebl', 'bigartm', 'lightwood', 'zipline', 'Petrel', 'mlflow', 'DrQA', 'scikit-learn', 'pytorch', 'TResNet', 'segmentation_models.pytorch', 'shapash', 'transformers', 'ColossalAI', 'joliGEN', 'simpleai', 'xgboost', 'catboost', 'maze', 'cleanlab', 'lightly', 'deeppy', 'chefboost', 'opytimizer', 'skll', 'pytorch_geometric_temporal', 'dl-translate', 'mars', 'evostra', 'pytorch-frame', 'streamlit', 'mlxtend', 'DeepPavlov', 'snownlp', 'alibi-detect', 'Sklearn-genetic-opt', 'DI-engine', 'lightning-bolts', 'DIGITS', 'rep', 'LightGBM', 'yalign', 'determined', 'miraiml', 'matplotlib', 'tensorflow', 'haystack', 'mlens', 'machine-learning', 'neuropredict', 'frouros', 'feast', 'rasa', 'loso', 'mindsdb', 'nut', 'ViZDoom', 'neuraltalk', 'sentiment_classifier', 'NeuroNER', 'deepface', 'statsmodels', 'jProcessing', 'dedupe', 'python-recsys', 'cornac', 'eurybia', 'igel', 'keras-tuner', 'backprop', 'ray', 'cltk', 'recommenders', 'sentiment-analyzer', 'evidently', 'deepchecks', 'garage', 'hebel', 'jieba', 'pyod', 'catalyst', 'pytensor', 'lambdo', 'tflearn', 'prodmodel', 'zpar', 'polyglot', 'alibi', 'scikit-learn-intelex', 'pytorch-lightning', 'bolt', 'PCV', 'danswerai', 'DIGITS', 'open-webui', 'fastapi', 'bokeh', 'nalp', 'spammy', 'ViZDoom', 'langflow', 'PySyft', 'numpy', 'lightly', 'retro', 'ray', 'pydantic', 'pytensor', 'mlflow', 'pytorch', 'streamlit', 'feast', 'rasa', 'mindsdb', 'superset', 'gradio', 'transformers', 'pattern', 'AutoViz', 'Auto_ViML', 'danswerai', 'DIGITS', 'open-webui', 'fastapi', 'bokeh', 'nalp', 'spammy', 'ViZDoom', 'langflow', 'PySyft', 'numpy', 'lightly', 'retro', 'ray', 'pydantic', 'pytensor', 'mlflow', 'pytorch', 'streamlit', 'feast', 'rasa', 'mindsdb', 'superset', 'gradio', 'transformers', 'pattern', 'AutoViz', 'Auto_ViML', 'danswerai', 'DIGITS', 'open-webui', 'fastapi', 'bokeh', 'nalp', 'spammy', 'ViZDoom', 'langflow', 'PySyft', 'numpy', 'lightly', 'retro', 'ray', 'pydantic', 'pytensor', 'mlflow', 'pytorch', 'streamlit', 'feast', 'rasa', 'mindsdb', 'superset', 'gradio', 'transformers', 'pattern', 'AutoViz', 'Auto_ViML', 'tpot', 'neural-style-pt', 'chainer', 'skorch', 'pybrain', 'bokeh', 'autogluon', 'pytorch_geometric', 'pkuseg-python', 'open-metric-learning', 'detectron2', 'nilearn', 'mljar-supervised', 'altair', 'pyqtgraph', 'bentoml', 'caffe', 'river', 'numpy', 'CompreFace', 'FEDOT', 'sktime', 'PyTorchCV', 'pytorch-image-models', 'pebl', 'bigartm', 'BioPy', 'python-timbl', 'lightwood', 'mlx', 'zipline', 'pgmpy', 'Petrel', 'mlflow', 'DrQA', 'Parris', 'scikit-learn', 'pytorch', 'SynapseML', 'superset', 'transformers', 'ColossalAI', 'vispy', 'joliGEN', 'danswerai', 'shogun', 'Spearmint', 'xgboost', 'rosetta', 'catboost', 'dash', 'tesseract', 'stellargraph', 'maze', 'cleanlab', 'lightly', 'pymc', 'scikit-opt', 'deeppy', 'Gymnasium', 'skll', 'emcee', 'vigra', 'dtaidistance', 'mars', 'neuraltalk2', 'jax', 'scikit-survival', 'pytorch-frame', 'streamlit', 'mlxtend', 'cortex', 'DeepPavlov', 'alibi-detect', 'gradio', 'xlearn', 'langfuse', 'DI-engine', 'pyss3', 'DIGITS', 'LightGBM', 'CoreNLP', 'yalign', 'determined', 'deeplake', 'blaze', 'somoclu', 'xcessiv', 'matplotlib', 'tensorflow', 'PySyft', 'haystack', 'mlens', 'retro', 'machine-learning', 'gensim', 'neuropredict', 'feast', 'rasa', 'loso', 'lab', 'mindsdb', 'dowel', 'nut', 'retinaface', 'ViZDoom', 'neuraltalk', 'optuna', 'open-webui', 'NeuroNER', 'deepface', 'statsmodels', 'jProcessing', 'typer', 'python-recsys', 'textacy', 'ggpy', 'cornac', 'spaCy', 'langflow', 'igel', 'keras-tuner', 'Metaworld', 'aim', 'pynlpl', 'ray', 'cltk', 'recommenders', 'seaborn', 'evidently', 'deepchecks', 'garage', 'hebel', 'jieba', 'catalyst', 'pytensor', 'lambdo', 'prodmodel', 'zpar', 'polyglot', 'scikit-learn-intelex', 'scikit-image', 'pytorch-lightning', 'colibri-core', 'bolt', 'cornac', 'feast', 'bowtie', 'DIGITS', 'mindsdb', 'mars', 'deepface', 'mlflow', 'PyTorchCV', 'machine-learning', 'danswerai', 'feast', 'rasa', 'DeepPavlov', 'open-webui', 'mindsdb', 'determined', 'deeplake', 'mlflow', 'machine-learning']"
170,category,1027,OWASP Top Ten 2017 Category A1 - Injection,62,629,"['danswerai', 'DIGITS', 'shogun', 'Spearmint', 'rep', 'open-webui', 'bokeh', 'determined', 'deeplake', 'blaze', 'statsmodels', 'xgboost', 'catboost', 'typer', 'dash', 'open-metric-learning', 'detectron2', 'nilearn', 'matplotlib', 'langflow', 'pyqtgraph', 'bentoml', 'tensorflow', 'altair', 'aim', 'numpy', 'mlens', 'retro', 'pynlpl', 'pytorch-image-models', 'deeppy', 'bigartm', 'gensim', 'ray', 'skll', 'PyStanfordDependencies', 'pydantic', 'zipline', 'mars', 'catalyst', 'jax', 'mlflow', 'pytorch', 'streamlit', 'rasa', 'cortex', 'mist', 'scikit-learn-intelex', 'scikit-image', 'loso', 'mindsdb', 'superset', 'pytorch-lightning', 'gradio', 'transformers', 'DI-engine', 'ViZDoom', 'neuraltalk', 'colibri-core', 'danswerai', 'DIGITS', 'shogun', 'Spearmint', 'rep', 'open-webui', 'bokeh', 'determined', 'deeplake', 'blaze', 'statsmodels', 'xgboost', 'catboost', 'typer', 'dash', 'open-metric-learning', 'detectron2', 'nilearn', 'matplotlib', 'langflow', 'pyqtgraph', 'bentoml', 'tensorflow', 'altair', 'aim', 'numpy', 'mlens', 'retro', 'pynlpl', 'pytorch-image-models', 'deeppy', 'bigartm', 'gensim', 'ray', 'skll', 'PyStanfordDependencies', 'pydantic', 'zipline', 'mars', 'catalyst', 'jax', 'mlflow', 'pytorch', 'streamlit', 'rasa', 'cortex', 'mist', 'scikit-learn-intelex', 'scikit-image', 'loso', 'mindsdb', 'superset', 'pytorch-lightning', 'gradio', 'transformers', 'DI-engine', 'ViZDoom', 'neuraltalk', 'colibri-core', 'danswerai', 'feast', 'rasa', 'DeepPavlov', 'open-webui', 'mindsdb', 'determined', 'deeplake', 'mlflow', 'machine-learning']"
171,category,1029,OWASP Top Ten 2017 Category A3 - Sensitive Data Exposure,119,169,"['ray', 'danswerai', 'feast', 'cortex', 'Neural', 'langflow', 'bentoml', 'open-webui', 'mindsdb', 'gradio', 'bokeh', 'determined', 'deepface', 'mlflow', 'comet-llm', 'pattern', 'typer', 'ray', 'danswerai', 'feast', 'cortex', 'Neural', 'langflow', 'bentoml', 'open-webui', 'mindsdb', 'gradio', 'bokeh', 'determined', 'deepface', 'mlflow', 'comet-llm', 'pattern', 'typer', 'ray', 'danswerai', 'feast', 'cortex', 'Neural', 'langflow', 'bentoml', 'open-webui', 'mindsdb', 'gradio', 'bokeh', 'determined', 'deepface', 'mlflow', 'comet-llm', 'pattern', 'typer', 'ray', 'danswerai', 'feast', 'cortex', 'Neural', 'langflow', 'bentoml', 'open-webui', 'mindsdb', 'gradio', 'bokeh', 'determined', 'deepface', 'mlflow', 'comet-llm', 'pattern', 'typer', 'ray', 'streamlit', 'danswerai', 'couler', 'langflow', 'open-webui', 'gradio', 'lightly', 'mars', 'determined', 'mlflow', 'streamlit', 'danswerai', 'couler', 'langflow', 'gradio', 'mars', 'determined', 'mlflow', 'streamlit', 'danswerai', 'couler', 'langflow', 'open-webui', 'gradio', 'lightly', 'mars', 'determined', 'mlflow', 'streamlit', 'danswerai', 'couler', 'langflow', 'open-webui', 'gradio', 'lightly', 'mars', 'determined', 'mlflow']"
172,category,1031,OWASP Top Ten 2017 Category A5 - Broken Access Control,24,7024,"['tpot', 'neural-style-pt', 'chainer', 'skorch', 'pybrain', 'bokeh', 'autogluon', 'pytorch_geometric', 'pkuseg-python', 'open-metric-learning', 'detectron2', 'nilearn', 'mljar-supervised', 'altair', 'pyqtgraph', 'bentoml', 'caffe', 'river', 'numpy', 'CompreFace', 'FEDOT', 'sktime', 'PyTorchCV', 'pytorch-image-models', 'pebl', 'bigartm', 'BioPy', 'python-timbl', 'lightwood', 'mlx', 'zipline', 'pgmpy', 'Petrel', 'mlflow', 'DrQA', 'Parris', 'scikit-learn', 'pytorch', 'SynapseML', 'superset', 'transformers', 'ColossalAI', 'vispy', 'joliGEN', 'danswerai', 'shogun', 'Spearmint', 'xgboost', 'rosetta', 'catboost', 'dash', 'tesseract', 'stellargraph', 'maze', 'cleanlab', 'lightly', 'pymc', 'scikit-opt', 'deeppy', 'Gymnasium', 'skll', 'emcee', 'vigra', 'dtaidistance', 'mars', 'neuraltalk2', 'jax', 'scikit-survival', 'pytorch-frame', 'streamlit', 'mlxtend', 'cortex', 'DeepPavlov', 'alibi-detect', 'gradio', 'xlearn', 'langfuse', 'DI-engine', 'pyss3', 'DIGITS', 'LightGBM', 'CoreNLP', 'yalign', 'determined', 'deeplake', 'blaze', 'somoclu', 'xcessiv', 'matplotlib', 'tensorflow', 'PySyft', 'haystack', 'mlens', 'retro', 'machine-learning', 'gensim', 'neuropredict', 'feast', 'rasa', 'loso', 'lab', 'mindsdb', 'dowel', 'nut', 'retinaface', 'ViZDoom', 'neuraltalk', 'optuna', 'open-webui', 'NeuroNER', 'deepface', 'statsmodels', 'jProcessing', 'typer', 'python-recsys', 'textacy', 'ggpy', 'cornac', 'spaCy', 'langflow', 'igel', 'keras-tuner', 'Metaworld', 'aim', 'pynlpl', 'ray', 'cltk', 'recommenders', 'seaborn', 'evidently', 'deepchecks', 'garage', 'hebel', 'jieba', 'catalyst', 'pytensor', 'lambdo', 'prodmodel', 'zpar', 'polyglot', 'scikit-learn-intelex', 'scikit-image', 'pytorch-lightning', 'colibri-core', 'bolt']"
173,category,1032,OWASP Top Ten 2017 Category A6 - Security Misconfiguration,24,88,"['danswerai', 'feast', 'DIGITS', 'langflow', 'open-webui', 'PySyft', 'superset', 'mindsdb', 'gradio', 'aim', 'deepface', 'blaze', 'mlflow', 'ColossalAI', 'joliGEN', 'machine-learning', 'dash', 'ray']"
174,category,1033,OWASP Top Ten 2017 Category A7 - Cross-Site Scripting (XSS),27,30,"['cornac', 'feast', 'bowtie', 'DIGITS', 'mindsdb', 'mars', 'deepface', 'mlflow', 'PyTorchCV', 'machine-learning']"
175,category,1034,OWASP Top Ten 2017 Category A8 - Insecure Deserialization,8,696,"['neural-style-pt', 'chainer', 'skorch', 'pybrain', 'bokeh', 'neurolab', 'autogluon', 'pytorch_geometric', 'face_recognition', 'pkuseg-python', 'open-metric-learning', 'detectron2', 'mljar-supervised', 'pyqtgraph', 'bentoml', 'caffe', 'river', 'numpy', 'FEDOT', 'opfython', 'PyTorchCV', 'pytorch-image-models', 'pebl', 'bigartm', 'lightwood', 'zipline', 'Petrel', 'mlflow', 'DrQA', 'scikit-learn', 'pytorch', 'TResNet', 'segmentation_models.pytorch', 'shapash', 'transformers', 'ColossalAI', 'joliGEN', 'simpleai', 'xgboost', 'catboost', 'maze', 'cleanlab', 'lightly', 'deeppy', 'chefboost', 'opytimizer', 'skll', 'pytorch_geometric_temporal', 'dl-translate', 'mars', 'evostra', 'pytorch-frame', 'streamlit', 'mlxtend', 'DeepPavlov', 'snownlp', 'alibi-detect', 'Sklearn-genetic-opt', 'DI-engine', 'lightning-bolts', 'DIGITS', 'rep', 'LightGBM', 'yalign', 'determined', 'miraiml', 'matplotlib', 'tensorflow', 'haystack', 'mlens', 'machine-learning', 'neuropredict', 'frouros', 'feast', 'rasa', 'loso', 'mindsdb', 'nut', 'ViZDoom', 'neuraltalk', 'sentiment_classifier', 'NeuroNER', 'deepface', 'statsmodels', 'jProcessing', 'dedupe', 'python-recsys', 'cornac', 'eurybia', 'igel', 'keras-tuner', 'backprop', 'ray', 'cltk', 'recommenders', 'sentiment-analyzer', 'evidently', 'deepchecks', 'garage', 'hebel', 'jieba', 'pyod', 'catalyst', 'pytensor', 'lambdo', 'tflearn', 'prodmodel', 'zpar', 'polyglot', 'alibi', 'scikit-learn-intelex', 'pytorch-lightning', 'bolt', 'PCV']"
176,category,1131,CISQ Quality Measures (2016) - Security,168,14420,"['danswerai', 'DIGITS', 'shogun', 'Spearmint', 'rep', 'open-webui', 'bokeh', 'determined', 'deeplake', 'blaze', 'statsmodels', 'xgboost', 'catboost', 'typer', 'dash', 'open-metric-learning', 'detectron2', 'nilearn', 'matplotlib', 'langflow', 'pyqtgraph', 'bentoml', 'tensorflow', 'altair', 'aim', 'numpy', 'mlens', 'retro', 'pynlpl', 'pytorch-image-models', 'deeppy', 'bigartm', 'gensim', 'ray', 'skll', 'PyStanfordDependencies', 'pydantic', 'zipline', 'mars', 'catalyst', 'jax', 'mlflow', 'pytorch', 'streamlit', 'rasa', 'cortex', 'mist', 'scikit-learn-intelex', 'scikit-image', 'loso', 'mindsdb', 'superset', 'pytorch-lightning', 'gradio', 'transformers', 'DI-engine', 'ViZDoom', 'neuraltalk', 'colibri-core', 'tpot', 'neural-style-pt', 'chainer', 'skorch', 'pybrain', 'bokeh', 'autogluon', 'pytorch_geometric', 'pkuseg-python', 'open-metric-learning', 'detectron2', 'nilearn', 'mljar-supervised', 'altair', 'pyqtgraph', 'bentoml', 'caffe', 'river', 'numpy', 'CompreFace', 'FEDOT', 'sktime', 'PyTorchCV', 'pytorch-image-models', 'pebl', 'bigartm', 'BioPy', 'python-timbl', 'lightwood', 'mlx', 'zipline', 'pgmpy', 'Petrel', 'mlflow', 'DrQA', 'Parris', 'scikit-learn', 'pytorch', 'SynapseML', 'superset', 'transformers', 'ColossalAI', 'vispy', 'joliGEN', 'danswerai', 'shogun', 'Spearmint', 'xgboost', 'rosetta', 'catboost', 'dash', 'tesseract', 'stellargraph', 'maze', 'cleanlab', 'lightly', 'pymc', 'scikit-opt', 'deeppy', 'Gymnasium', 'skll', 'emcee', 'vigra', 'dtaidistance', 'mars', 'neuraltalk2', 'jax', 'scikit-survival', 'pytorch-frame', 'streamlit', 'mlxtend', 'cortex', 'DeepPavlov', 'alibi-detect', 'gradio', 'xlearn', 'langfuse', 'DI-engine', 'pyss3', 'DIGITS', 'LightGBM', 'CoreNLP', 'yalign', 'determined', 'deeplake', 'blaze', 'somoclu', 'xcessiv', 'matplotlib', 'tensorflow', 'PySyft', 'haystack', 'mlens', 'retro', 'machine-learning', 'gensim', 'neuropredict', 'feast', 'rasa', 'loso', 'lab', 'mindsdb', 'dowel', 'nut', 'retinaface', 'ViZDoom', 'neuraltalk', 'optuna', 'open-webui', 'NeuroNER', 'deepface', 'statsmodels', 'jProcessing', 'typer', 'python-recsys', 'textacy', 'ggpy', 'cornac', 'spaCy', 'langflow', 'igel', 'keras-tuner', 'Metaworld', 'aim', 'pynlpl', 'ray', 'cltk', 'recommenders', 'seaborn', 'evidently', 'deepchecks', 'garage', 'hebel', 'jieba', 'catalyst', 'pytensor', 'lambdo', 'prodmodel', 'zpar', 'polyglot', 'scikit-learn-intelex', 'scikit-image', 'pytorch-lightning', 'colibri-core', 'bolt', 'tpot', 'neural-style-pt', 'chainer', 'skorch', 'pybrain', 'bokeh', 'autogluon', 'pytorch_geometric', 'pkuseg-python', 'open-metric-learning', 'detectron2', 'nilearn', 'mljar-supervised', 'altair', 'pyqtgraph', 'bentoml', 'caffe', 'river', 'numpy', 'CompreFace', 'FEDOT', 'sktime', 'PyTorchCV', 'pytorch-image-models', 'pebl', 'bigartm', 'BioPy', 'python-timbl', 'lightwood', 'mlx', 'zipline', 'pgmpy', 'Petrel', 'mlflow', 'DrQA', 'Parris', 'scikit-learn', 'pytorch', 'SynapseML', 'superset', 'transformers', 'ColossalAI', 'vispy', 'joliGEN', 'danswerai', 'shogun', 'Spearmint', 'xgboost', 'rosetta', 'catboost', 'dash', 'tesseract', 'stellargraph', 'maze', 'cleanlab', 'lightly', 'pymc', 'scikit-opt', 'deeppy', 'Gymnasium', 'skll', 'emcee', 'vigra', 'dtaidistance', 'mars', 'neuraltalk2', 'jax', 'scikit-survival', 'pytorch-frame', 'streamlit', 'mlxtend', 'cortex', 'DeepPavlov', 'alibi-detect', 'gradio', 'xlearn', 'langfuse', 'DI-engine', 'pyss3', 'DIGITS', 'LightGBM', 'CoreNLP', 'yalign', 'determined', 'deeplake', 'blaze', 'somoclu', 'xcessiv', 'matplotlib', 'tensorflow', 'PySyft', 'haystack', 'mlens', 'retro', 'machine-learning', 'gensim', 'neuropredict', 'feast', 'rasa', 'loso', 'lab', 'mindsdb', 'dowel', 'nut', 'retinaface', 'ViZDoom', 'neuraltalk', 'optuna', 'open-webui', 'NeuroNER', 'deepface', 'statsmodels', 'jProcessing', 'typer', 'python-recsys', 'textacy', 'ggpy', 'cornac', 'spaCy', 'langflow', 'igel', 'keras-tuner', 'Metaworld', 'aim', 'pynlpl', 'ray', 'cltk', 'recommenders', 'seaborn', 'evidently', 'deepchecks', 'garage', 'hebel', 'jieba', 'catalyst', 'pytensor', 'lambdo', 'prodmodel', 'zpar', 'polyglot', 'scikit-learn-intelex', 'scikit-image', 'pytorch-lightning', 'colibri-core', 'bolt', 'cornac', 'feast', 'bowtie', 'DIGITS', 'mindsdb', 'mars', 'deepface', 'mlflow', 'PyTorchCV', 'machine-learning', 'danswerai', 'feast', 'rasa', 'DeepPavlov', 'open-webui', 'mindsdb', 'determined', 'deeplake', 'mlflow', 'streamlit', 'danswerai', 'couler', 'langflow', 'open-webui', 'gradio', 'lightly', 'mars', 'determined', 'mlflow', 'streamlit', 'danswerai', 'couler', 'langflow', 'open-webui', 'gradio', 'lightly', 'mars', 'determined', 'mlflow', 'streamlit', 'danswerai', 'couler', 'langflow', 'open-webui', 'gradio', 'lightly', 'mars', 'determined', 'mlflow']"
177,category,1134,SEI CERT Oracle Secure Coding Standard for Java - Guidelines 00. Input Validation and Data Sanitization (IDS),57,465,"['danswerai', 'DIGITS', 'shogun', 'Spearmint', 'rep', 'open-webui', 'bokeh', 'determined', 'deeplake', 'blaze', 'statsmodels', 'xgboost', 'catboost', 'typer', 'dash', 'open-metric-learning', 'detectron2', 'nilearn', 'matplotlib', 'langflow', 'pyqtgraph', 'bentoml', 'tensorflow', 'altair', 'aim', 'numpy', 'mlens', 'retro', 'pynlpl', 'pytorch-image-models', 'deeppy', 'bigartm', 'gensim', 'ray', 'skll', 'PyStanfordDependencies', 'pydantic', 'zipline', 'mars', 'catalyst', 'jax', 'mlflow', 'pytorch', 'streamlit', 'rasa', 'cortex', 'mist', 'scikit-learn-intelex', 'scikit-image', 'loso', 'mindsdb', 'superset', 'pytorch-lightning', 'gradio', 'transformers', 'DI-engine', 'ViZDoom', 'neuraltalk', 'colibri-core', 'couler', 'DIGITS', 'tpot', 'open-webui', 'chainer', 'pybrain', 'deepface', 'statsmodels', 'catboost', 'ggpy', 'dash', 'cornac', 'rgf', 'pyqtgraph', 'tensorflow', 'stellargraph', 'cleanlab', 'numpy', 'FEDOT', 'bytehub', 'PyTorchCV', 'segmentation_models', 'pebl', 'machine-learning', 'deeppy', 'bigartm', 'scikit-multiflow', 'recommenders', 'seaborn', 'nupic.studio', 'vigra', 'gan', 'python-timbl', 'notebook', 'pyod', 'catalyst', 'rockpool', 'mars', 'mlflow', 'metric-learn', 'lambdo', 'pytorch', 'zpar', 'streamlit', 'alibi', 'annoy', 'feast', 'bowtie', 'scikit-image', 'mist', 'DeepPavlov', 'breze', 'superset', 'imbalanced-ensemble', 'alibi-detect', 'mindsdb', 'xlearn', 'snips-nlu', 'transformers', 'lifelines', 'ColossalAI', 'DI-engine', 'couler', 'DIGITS', 'tpot', 'open-webui', 'chainer', 'pybrain', 'deepface', 'statsmodels', 'catboost', 'ggpy', 'dash', 'cornac', 'rgf', 'pyqtgraph', 'tensorflow', 'stellargraph', 'cleanlab', 'numpy', 'FEDOT', 'bytehub', 'PyTorchCV', 'segmentation_models', 'pebl', 'machine-learning', 'deeppy', 'bigartm', 'scikit-multiflow', 'recommenders', 'seaborn', 'nupic.studio', 'vigra', 'gan', 'python-timbl', 'notebook', 'pyod', 'catalyst', 'rockpool', 'mars', 'mlflow', 'metric-learn', 'lambdo', 'pytorch', 'zpar', 'streamlit', 'alibi', 'annoy', 'feast', 'bowtie', 'scikit-image', 'mist', 'DeepPavlov', 'breze', 'superset', 'imbalanced-ensemble', 'alibi-detect', 'mindsdb', 'xlearn', 'snips-nlu', 'transformers', 'lifelines', 'ColossalAI', 'DI-engine', 'couler', 'DIGITS', 'tpot', 'open-webui', 'chainer', 'pybrain', 'deepface', 'statsmodels', 'catboost', 'ggpy', 'dash', 'cornac', 'rgf', 'pyqtgraph', 'tensorflow', 'stellargraph', 'cleanlab', 'numpy', 'FEDOT', 'bytehub', 'PyTorchCV', 'segmentation_models', 'pebl', 'machine-learning', 'deeppy', 'bigartm', 'scikit-multiflow', 'recommenders', 'seaborn', 'nupic.studio', 'vigra', 'gan', 'python-timbl', 'notebook', 'pyod', 'catalyst', 'rockpool', 'mars', 'mlflow', 'metric-learn', 'lambdo', 'pytorch', 'zpar', 'streamlit', 'alibi', 'annoy', 'feast', 'bowtie', 'scikit-image', 'mist', 'DeepPavlov', 'breze', 'superset', 'imbalanced-ensemble', 'alibi-detect', 'mindsdb', 'xlearn', 'snips-nlu', 'transformers', 'lifelines', 'ColossalAI', 'DI-engine']"
178,category,1147,SEI CERT Oracle Secure Coding Standard for Java - Guidelines 13. Input Output (FIO),26,149,"['danswerai', 'feast', 'cortex', 'Neural', 'langflow', 'bentoml', 'open-webui', 'mindsdb', 'gradio', 'bokeh', 'determined', 'deepface', 'mlflow', 'comet-llm', 'pattern', 'typer', 'ray', 'danswerai', 'feast', 'cortex', 'Neural', 'langflow', 'bentoml', 'open-webui', 'mindsdb', 'gradio', 'bokeh', 'determined', 'deepface', 'mlflow', 'comet-llm', 'pattern', 'typer', 'ray', 'danswerai', 'feast', 'cortex', 'langflow', 'open-webui', 'gradio', 'bokeh', 'determined', 'deepface', 'mlflow', 'comet-llm', 'pattern', 'typer', 'ray', 'rasa', 'shogun', 'bentoml', 'tensorflow', 'pytorch', 'mindsdb', 'python-timbl', 'nut', 'lightly', 'transformers', 'DI-engine', 'gensim']"
179,category,1148,SEI CERT Oracle Secure Coding Standard for Java - Guidelines 14. Serialization (SER),60,1050,"['neural-style-pt', 'chainer', 'skorch', 'pybrain', 'bokeh', 'neurolab', 'autogluon', 'pytorch_geometric', 'face_recognition', 'pkuseg-python', 'open-metric-learning', 'detectron2', 'mljar-supervised', 'pyqtgraph', 'bentoml', 'caffe', 'river', 'numpy', 'FEDOT', 'opfython', 'PyTorchCV', 'pytorch-image-models', 'pebl', 'bigartm', 'lightwood', 'zipline', 'Petrel', 'mlflow', 'DrQA', 'scikit-learn', 'pytorch', 'TResNet', 'segmentation_models.pytorch', 'shapash', 'transformers', 'ColossalAI', 'joliGEN', 'simpleai', 'xgboost', 'catboost', 'maze', 'cleanlab', 'lightly', 'deeppy', 'chefboost', 'opytimizer', 'skll', 'pytorch_geometric_temporal', 'dl-translate', 'mars', 'evostra', 'pytorch-frame', 'streamlit', 'mlxtend', 'DeepPavlov', 'snownlp', 'alibi-detect', 'Sklearn-genetic-opt', 'DI-engine', 'lightning-bolts', 'DIGITS', 'rep', 'LightGBM', 'yalign', 'determined', 'miraiml', 'matplotlib', 'tensorflow', 'haystack', 'mlens', 'machine-learning', 'neuropredict', 'frouros', 'feast', 'rasa', 'loso', 'mindsdb', 'nut', 'ViZDoom', 'neuraltalk', 'sentiment_classifier', 'NeuroNER', 'deepface', 'statsmodels', 'jProcessing', 'dedupe', 'python-recsys', 'cornac', 'eurybia', 'igel', 'keras-tuner', 'backprop', 'ray', 'cltk', 'recommenders', 'sentiment-analyzer', 'evidently', 'deepchecks', 'garage', 'hebel', 'jieba', 'pyod', 'catalyst', 'pytensor', 'lambdo', 'tflearn', 'prodmodel', 'zpar', 'polyglot', 'alibi', 'scikit-learn-intelex', 'pytorch-lightning', 'bolt', 'PCV', 'danswerai', 'DIGITS', 'LightGBM', 'open-webui', 'CoreNLP', 'chainer', 'bokeh', 'determined', 'blaze', 'xgboost', 'catboost', 'jProcessing', 'typer', 'dash', 'ViZDoom', 'langflow', 'pyqtgraph', 'bentoml', 'caffe', 'tensorflow', 'numpy', 'haystack', 'pymc', 'PyTorchCV', 'retro', 'pebl', 'bigartm', 'gensim', 'ray', 'skll', 'emcee', 'vigra', 'deepchecks', 'pgmpy', 'pydantic', 'zipline', 'mars', 'jax', 'mlflow', 'DrQA', 'lambdo', 'scikit-learn', 'zpar', 'streamlit', 'pytorch', 'rasa', 'cortex', 'scikit-learn-intelex', 'DeepPavlov', 'mindsdb', 'pytorch-lightning', 'gradio', 'dirty_cat', 'xlearn', 'transformers', 'ColossalAI', 'vispy', 'pattern', 'DI-engine', 'pyss3', 'lightning-bolts', 'danswerai', 'DIGITS', 'LightGBM', 'open-webui', 'CoreNLP', 'chainer', 'bokeh', 'determined', 'blaze', 'xgboost', 'catboost', 'jProcessing', 'typer', 'dash', 'ViZDoom', 'langflow', 'pyqtgraph', 'bentoml', 'caffe', 'tensorflow', 'numpy', 'haystack', 'pymc', 'PyTorchCV', 'retro', 'pebl', 'bigartm', 'gensim', 'ray', 'skll', 'emcee', 'vigra', 'deepchecks', 'pgmpy', 'pydantic', 'zipline', 'mars', 'jax', 'mlflow', 'DrQA', 'lambdo', 'scikit-learn', 'zpar', 'streamlit', 'pytorch', 'rasa', 'cortex', 'scikit-learn-intelex', 'DeepPavlov', 'mindsdb', 'pytorch-lightning', 'gradio', 'dirty_cat', 'xlearn', 'transformers', 'ColossalAI', 'vispy', 'pattern', 'DI-engine', 'pyss3', 'lightning-bolts', 'danswerai', 'DIGITS', 'LightGBM', 'open-webui', 'CoreNLP', 'chainer', 'bokeh', 'determined', 'blaze', 'xgboost', 'catboost', 'jProcessing', 'typer', 'dash', 'ViZDoom', 'langflow', 'pyqtgraph', 'bentoml', 'caffe', 'tensorflow', 'numpy', 'haystack', 'pymc', 'PyTorchCV', 'retro', 'pebl', 'bigartm', 'gensim', 'ray', 'skll', 'emcee', 'vigra', 'deepchecks', 'pgmpy', 'pydantic', 'zipline', 'mars', 'jax', 'mlflow', 'DrQA', 'lambdo', 'scikit-learn', 'zpar', 'streamlit', 'pytorch', 'rasa', 'cortex', 'scikit-learn-intelex', 'DeepPavlov', 'mindsdb', 'pytorch-lightning', 'gradio', 'dirty_cat', 'xlearn', 'transformers', 'ColossalAI', 'vispy', 'pattern', 'DI-engine', 'pyss3', 'lightning-bolts']"
180,category,1152,SEI CERT Oracle Secure Coding Standard for Java - Guidelines 49. Miscellaneous (MSC),117,369,"['danswerai', 'DIGITS', 'LightGBM', 'open-webui', 'CoreNLP', 'chainer', 'bokeh', 'determined', 'blaze', 'xgboost', 'catboost', 'jProcessing', 'typer', 'dash', 'ViZDoom', 'langflow', 'pyqtgraph', 'bentoml', 'caffe', 'tensorflow', 'numpy', 'haystack', 'pymc', 'PyTorchCV', 'retro', 'pebl', 'bigartm', 'gensim', 'ray', 'skll', 'emcee', 'vigra', 'deepchecks', 'pgmpy', 'pydantic', 'zipline', 'mars', 'jax', 'mlflow', 'DrQA', 'lambdo', 'scikit-learn', 'zpar', 'streamlit', 'pytorch', 'rasa', 'cortex', 'scikit-learn-intelex', 'DeepPavlov', 'mindsdb', 'pytorch-lightning', 'gradio', 'dirty_cat', 'xlearn', 'transformers', 'ColossalAI', 'vispy', 'pattern', 'DI-engine', 'pyss3', 'lightning-bolts', 'danswerai', 'DIGITS', 'LightGBM', 'open-webui', 'CoreNLP', 'chainer', 'bokeh', 'determined', 'blaze', 'xgboost', 'catboost', 'jProcessing', 'typer', 'dash', 'ViZDoom', 'langflow', 'pyqtgraph', 'bentoml', 'caffe', 'tensorflow', 'numpy', 'haystack', 'pymc', 'PyTorchCV', 'retro', 'pebl', 'bigartm', 'gensim', 'ray', 'skll', 'emcee', 'vigra', 'deepchecks', 'pgmpy', 'pydantic', 'zipline', 'mars', 'jax', 'mlflow', 'DrQA', 'lambdo', 'scikit-learn', 'zpar', 'streamlit', 'pytorch', 'rasa', 'cortex', 'scikit-learn-intelex', 'DeepPavlov', 'mindsdb', 'pytorch-lightning', 'gradio', 'dirty_cat', 'xlearn', 'transformers', 'ColossalAI', 'vispy', 'pattern', 'DI-engine', 'pyss3', 'lightning-bolts', 'streamlit', 'danswerai', 'couler', 'langflow', 'open-webui', 'gradio', 'lightly', 'mars', 'determined', 'mlflow', 'streamlit', 'danswerai', 'couler', 'langflow', 'open-webui', 'gradio', 'lightly', 'mars', 'determined', 'mlflow', 'streamlit', 'danswerai', 'couler', 'langflow', 'open-webui', 'gradio', 'lightly', 'mars', 'determined', 'mlflow', 'danswerai', 'DIGITS', 'LightGBM', 'open-webui', 'CoreNLP', 'chainer', 'bokeh', 'determined', 'blaze', 'xgboost', 'catboost', 'jProcessing', 'typer', 'dash', 'ViZDoom', 'langflow', 'pyqtgraph', 'bentoml', 'caffe', 'tensorflow', 'numpy', 'haystack', 'pymc', 'PyTorchCV', 'retro', 'pebl', 'bigartm', 'gensim', 'ray', 'skll', 'emcee', 'vigra', 'deepchecks', 'pgmpy', 'pydantic', 'zipline', 'mars', 'jax', 'mlflow', 'DrQA', 'lambdo', 'scikit-learn', 'zpar', 'streamlit', 'pytorch', 'rasa', 'cortex', 'scikit-learn-intelex', 'DeepPavlov', 'mindsdb', 'pytorch-lightning', 'gradio', 'dirty_cat', 'xlearn', 'transformers', 'ColossalAI', 'vispy', 'pattern', 'DI-engine', 'pyss3', 'lightning-bolts']"
181,category,1163,SEI CERT C Coding Standard - Guidelines 09. Input Output (FIO),280,91,"['danswerai', 'DIGITS', 'open-webui', 'fastapi', 'bokeh', 'nalp', 'spammy', 'ViZDoom', 'langflow', 'PySyft', 'numpy', 'lightly', 'retro', 'ray', 'pydantic', 'pytensor', 'mlflow', 'pytorch', 'streamlit', 'feast', 'rasa', 'mindsdb', 'superset', 'gradio', 'transformers', 'pattern', 'AutoViz', 'Auto_ViML', 'danswerai', 'DIGITS', 'open-webui', 'fastapi', 'bokeh', 'nalp', 'spammy', 'ViZDoom', 'langflow', 'PySyft', 'numpy', 'lightly', 'retro', 'ray', 'pydantic', 'pytensor', 'mlflow', 'pytorch', 'streamlit', 'feast', 'rasa', 'mindsdb', 'superset', 'gradio', 'transformers', 'pattern', 'AutoViz', 'Auto_ViML', 'danswerai', 'DIGITS', 'open-webui', 'fastapi', 'bokeh', 'nalp', 'spammy', 'ViZDoom', 'langflow', 'PySyft', 'numpy', 'lightly', 'retro', 'ray', 'pydantic', 'pytensor', 'mlflow', 'pytorch', 'streamlit', 'feast', 'rasa', 'mindsdb', 'superset', 'gradio', 'transformers', 'pattern', 'AutoViz', 'Auto_ViML', 'danswerai', 'DIGITS', 'open-webui', 'fastapi', 'bokeh', 'nalp', 'spammy', 'ViZDoom', 'langflow', 'PySyft', 'numpy', 'lightly', 'retro', 'ray', 'pydantic', 'pytensor', 'mlflow', 'pytorch', 'streamlit', 'feast', 'rasa', 'mindsdb', 'superset', 'gradio', 'transformers', 'pattern', 'AutoViz', 'Auto_ViML', 'danswerai', 'DIGITS', 'open-webui', 'fastapi', 'bokeh', 'nalp', 'spammy', 'ViZDoom', 'langflow', 'PySyft', 'numpy', 'lightly', 'retro', 'ray', 'pydantic', 'pytensor', 'mlflow', 'pytorch', 'streamlit', 'feast', 'rasa', 'mindsdb', 'superset', 'gradio', 'transformers', 'pattern', 'AutoViz', 'Auto_ViML']"
182,category,1165,SEI CERT C Coding Standard - Guidelines 10. Environment (ENV),40,600,"['danswerai', 'DIGITS', 'shogun', 'Spearmint', 'rep', 'open-webui', 'bokeh', 'determined', 'deeplake', 'blaze', 'statsmodels', 'xgboost', 'catboost', 'typer', 'dash', 'open-metric-learning', 'detectron2', 'nilearn', 'matplotlib', 'langflow', 'pyqtgraph', 'bentoml', 'tensorflow', 'altair', 'aim', 'numpy', 'mlens', 'retro', 'pynlpl', 'pytorch-image-models', 'deeppy', 'bigartm', 'gensim', 'ray', 'skll', 'PyStanfordDependencies', 'pydantic', 'zipline', 'mars', 'catalyst', 'jax', 'mlflow', 'pytorch', 'streamlit', 'rasa', 'cortex', 'mist', 'scikit-learn-intelex', 'scikit-image', 'loso', 'mindsdb', 'superset', 'pytorch-lightning', 'gradio', 'transformers', 'DI-engine', 'ViZDoom', 'neuraltalk', 'colibri-core', 'danswerai', 'DIGITS', 'shogun', 'Spearmint', 'rep', 'open-webui', 'bokeh', 'determined', 'deeplake', 'blaze', 'statsmodels', 'xgboost', 'catboost', 'typer', 'dash', 'open-metric-learning', 'detectron2', 'nilearn', 'matplotlib', 'langflow', 'pyqtgraph', 'bentoml', 'tensorflow', 'altair', 'aim', 'numpy', 'mlens', 'retro', 'pynlpl', 'pytorch-image-models', 'deeppy', 'bigartm', 'gensim', 'ray', 'skll', 'PyStanfordDependencies', 'pydantic', 'zipline', 'mars', 'catalyst', 'jax', 'mlflow', 'pytorch', 'streamlit', 'rasa', 'cortex', 'mist', 'scikit-learn-intelex', 'scikit-image', 'loso', 'mindsdb', 'superset', 'pytorch-lightning', 'gradio', 'transformers', 'DI-engine', 'ViZDoom', 'neuraltalk', 'colibri-core']"
183,category,1169,SEI CERT C Coding Standard - Guidelines 14. Concurrency (CON),7,19,"['rasa', 'shogun', 'bentoml', 'tensorflow', 'pytorch', 'mindsdb', 'python-timbl', 'nut', 'lightly', 'transformers', 'DI-engine', 'gensim']"
184,category,1170,SEI CERT C Coding Standard - Guidelines 48. Miscellaneous (MSC),66,15,"['streamlit', 'danswerai', 'couler', 'langflow', 'open-webui', 'gradio', 'lightly', 'mars', 'determined', 'mlflow', 'streamlit', 'danswerai', 'couler', 'langflow', 'open-webui', 'gradio', 'lightly', 'mars', 'determined', 'mlflow', 'streamlit', 'danswerai', 'couler', 'langflow', 'open-webui', 'gradio', 'lightly', 'mars', 'determined', 'mlflow']"
185,category,1179,SEI CERT Perl Coding Standard - Guidelines 01. Input Validation and Data Sanitization (IDS),68,7321,"['couler', 'DIGITS', 'tpot', 'open-webui', 'chainer', 'pybrain', 'statsmodels', 'catboost', 'ggpy', 'dash', 'cornac', 'rgf', 'pyqtgraph', 'tensorflow', 'stellargraph', 'cleanlab', 'numpy', 'FEDOT', 'bytehub', 'segmentation_models', 'pebl', 'deeppy', 'bigartm', 'scikit-multiflow', 'recommenders', 'seaborn', 'nupic.studio', 'vigra', 'gan', 'python-timbl', 'notebook', 'pyod', 'catalyst', 'rockpool', 'metric-learn', 'lambdo', 'pytorch', 'zpar', 'streamlit', 'alibi', 'annoy', 'mist', 'scikit-image', 'DeepPavlov', 'breze', 'superset', 'imbalanced-ensemble', 'alibi-detect', 'mindsdb', 'xlearn', 'snips-nlu', 'lifelines', 'ColossalAI', 'DI-engine', 'couler', 'DIGITS', 'tpot', 'open-webui', 'chainer', 'pybrain', 'deepface', 'statsmodels', 'catboost', 'ggpy', 'dash', 'cornac', 'rgf', 'pyqtgraph', 'tensorflow', 'stellargraph', 'cleanlab', 'numpy', 'FEDOT', 'bytehub', 'PyTorchCV', 'segmentation_models', 'pebl', 'machine-learning', 'deeppy', 'bigartm', 'scikit-multiflow', 'recommenders', 'seaborn', 'nupic.studio', 'vigra', 'gan', 'python-timbl', 'notebook', 'pyod', 'catalyst', 'rockpool', 'mars', 'mlflow', 'metric-learn', 'lambdo', 'pytorch', 'zpar', 'streamlit', 'alibi', 'annoy', 'feast', 'bowtie', 'scikit-image', 'mist', 'DeepPavlov', 'breze', 'superset', 'imbalanced-ensemble', 'alibi-detect', 'mindsdb', 'xlearn', 'snips-nlu', 'transformers', 'lifelines', 'ColossalAI', 'DI-engine', 'couler', 'DIGITS', 'tpot', 'open-webui', 'chainer', 'pybrain', 'deepface', 'statsmodels', 'catboost', 'ggpy', 'dash', 'cornac', 'rgf', 'pyqtgraph', 'tensorflow', 'stellargraph', 'cleanlab', 'numpy', 'FEDOT', 'bytehub', 'PyTorchCV', 'segmentation_models', 'pebl', 'machine-learning', 'deeppy', 'bigartm', 'scikit-multiflow', 'recommenders', 'seaborn', 'nupic.studio', 'vigra', 'gan', 'python-timbl', 'notebook', 'pyod', 'catalyst', 'rockpool', 'mars', 'mlflow', 'metric-learn', 'lambdo', 'pytorch', 'zpar', 'streamlit', 'alibi', 'annoy', 'feast', 'bowtie', 'scikit-image', 'mist', 'DeepPavlov', 'breze', 'superset', 'imbalanced-ensemble', 'alibi-detect', 'mindsdb', 'xlearn', 'snips-nlu', 'transformers', 'lifelines', 'ColossalAI', 'DI-engine', 'tpot', 'neural-style-pt', 'chainer', 'skorch', 'pybrain', 'bokeh', 'autogluon', 'pytorch_geometric', 'pkuseg-python', 'open-metric-learning', 'detectron2', 'nilearn', 'mljar-supervised', 'altair', 'pyqtgraph', 'bentoml', 'caffe', 'river', 'numpy', 'CompreFace', 'FEDOT', 'sktime', 'PyTorchCV', 'pytorch-image-models', 'pebl', 'bigartm', 'BioPy', 'python-timbl', 'lightwood', 'mlx', 'zipline', 'pgmpy', 'Petrel', 'mlflow', 'DrQA', 'Parris', 'scikit-learn', 'pytorch', 'SynapseML', 'superset', 'transformers', 'ColossalAI', 'vispy', 'joliGEN', 'danswerai', 'shogun', 'Spearmint', 'xgboost', 'rosetta', 'catboost', 'dash', 'tesseract', 'stellargraph', 'maze', 'cleanlab', 'lightly', 'pymc', 'scikit-opt', 'deeppy', 'Gymnasium', 'skll', 'emcee', 'vigra', 'dtaidistance', 'mars', 'neuraltalk2', 'jax', 'scikit-survival', 'pytorch-frame', 'streamlit', 'mlxtend', 'cortex', 'DeepPavlov', 'alibi-detect', 'gradio', 'xlearn', 'langfuse', 'DI-engine', 'pyss3', 'DIGITS', 'LightGBM', 'CoreNLP', 'yalign', 'determined', 'deeplake', 'blaze', 'somoclu', 'xcessiv', 'matplotlib', 'tensorflow', 'PySyft', 'haystack', 'mlens', 'retro', 'machine-learning', 'gensim', 'neuropredict', 'feast', 'rasa', 'loso', 'lab', 'mindsdb', 'dowel', 'nut', 'retinaface', 'ViZDoom', 'neuraltalk', 'optuna', 'open-webui', 'NeuroNER', 'deepface', 'statsmodels', 'jProcessing', 'typer', 'python-recsys', 'textacy', 'ggpy', 'cornac', 'spaCy', 'langflow', 'igel', 'keras-tuner', 'Metaworld', 'aim', 'pynlpl', 'ray', 'cltk', 'recommenders', 'seaborn', 'evidently', 'deepchecks', 'garage', 'hebel', 'jieba', 'catalyst', 'pytensor', 'lambdo', 'prodmodel', 'zpar', 'polyglot', 'scikit-learn-intelex', 'scikit-image', 'pytorch-lightning', 'colibri-core', 'bolt', 'couler', 'DIGITS', 'tpot', 'open-webui', 'chainer', 'pybrain', 'deepface', 'statsmodels', 'catboost', 'ggpy', 'dash', 'cornac', 'rgf', 'pyqtgraph', 'tensorflow', 'stellargraph', 'cleanlab', 'numpy', 'FEDOT', 'bytehub', 'PyTorchCV', 'segmentation_models', 'pebl', 'machine-learning', 'deeppy', 'bigartm', 'scikit-multiflow', 'recommenders', 'seaborn', 'nupic.studio', 'vigra', 'gan', 'python-timbl', 'notebook', 'pyod', 'catalyst', 'rockpool', 'mars', 'mlflow', 'metric-learn', 'lambdo', 'pytorch', 'zpar', 'streamlit', 'alibi', 'annoy', 'feast', 'bowtie', 'scikit-image', 'mist', 'DeepPavlov', 'breze', 'superset', 'imbalanced-ensemble', 'alibi-detect', 'mindsdb', 'xlearn', 'snips-nlu', 'transformers', 'lifelines', 'ColossalAI', 'DI-engine']"
186,category,1211,Authentication Errors,7,1,['ray']
187,category,1219,File Handling Issues,7,7024,"['tpot', 'neural-style-pt', 'chainer', 'skorch', 'pybrain', 'bokeh', 'autogluon', 'pytorch_geometric', 'pkuseg-python', 'open-metric-learning', 'detectron2', 'nilearn', 'mljar-supervised', 'altair', 'pyqtgraph', 'bentoml', 'caffe', 'river', 'numpy', 'CompreFace', 'FEDOT', 'sktime', 'PyTorchCV', 'pytorch-image-models', 'pebl', 'bigartm', 'BioPy', 'python-timbl', 'lightwood', 'mlx', 'zipline', 'pgmpy', 'Petrel', 'mlflow', 'DrQA', 'Parris', 'scikit-learn', 'pytorch', 'SynapseML', 'superset', 'transformers', 'ColossalAI', 'vispy', 'joliGEN', 'danswerai', 'shogun', 'Spearmint', 'xgboost', 'rosetta', 'catboost', 'dash', 'tesseract', 'stellargraph', 'maze', 'cleanlab', 'lightly', 'pymc', 'scikit-opt', 'deeppy', 'Gymnasium', 'skll', 'emcee', 'vigra', 'dtaidistance', 'mars', 'neuraltalk2', 'jax', 'scikit-survival', 'pytorch-frame', 'streamlit', 'mlxtend', 'cortex', 'DeepPavlov', 'alibi-detect', 'gradio', 'xlearn', 'langfuse', 'DI-engine', 'pyss3', 'DIGITS', 'LightGBM', 'CoreNLP', 'yalign', 'determined', 'deeplake', 'blaze', 'somoclu', 'xcessiv', 'matplotlib', 'tensorflow', 'PySyft', 'haystack', 'mlens', 'retro', 'machine-learning', 'gensim', 'neuropredict', 'feast', 'rasa', 'loso', 'lab', 'mindsdb', 'dowel', 'nut', 'retinaface', 'ViZDoom', 'neuraltalk', 'optuna', 'open-webui', 'NeuroNER', 'deepface', 'statsmodels', 'jProcessing', 'typer', 'python-recsys', 'textacy', 'ggpy', 'cornac', 'spaCy', 'langflow', 'igel', 'keras-tuner', 'Metaworld', 'aim', 'pynlpl', 'ray', 'cltk', 'recommenders', 'seaborn', 'evidently', 'deepchecks', 'garage', 'hebel', 'jieba', 'catalyst', 'pytensor', 'lambdo', 'prodmodel', 'zpar', 'polyglot', 'scikit-learn-intelex', 'scikit-image', 'pytorch-lightning', 'colibri-core', 'bolt']"
188,category,1226,Complexity Issues,2,297,"['danswerai', 'DIGITS', 'LightGBM', 'open-webui', 'CoreNLP', 'chainer', 'bokeh', 'determined', 'blaze', 'xgboost', 'catboost', 'jProcessing', 'typer', 'dash', 'ViZDoom', 'langflow', 'pyqtgraph', 'bentoml', 'caffe', 'tensorflow', 'numpy', 'haystack', 'pymc', 'PyTorchCV', 'retro', 'pebl', 'bigartm', 'gensim', 'ray', 'skll', 'emcee', 'vigra', 'deepchecks', 'pgmpy', 'pydantic', 'zipline', 'mars', 'jax', 'mlflow', 'DrQA', 'lambdo', 'scikit-learn', 'zpar', 'streamlit', 'pytorch', 'cortex', 'scikit-learn-intelex', 'DeepPavlov', 'mindsdb', 'pytorch-lightning', 'gradio', 'dirty_cat', 'xlearn', 'transformers', 'ColossalAI', 'vispy', 'pattern', 'DI-engine', 'pyss3', 'lightning-bolts', 'danswerai', 'DIGITS', 'LightGBM', 'open-webui', 'CoreNLP', 'chainer', 'bokeh', 'determined', 'blaze', 'xgboost', 'catboost', 'jProcessing', 'typer', 'dash', 'ViZDoom', 'langflow', 'pyqtgraph', 'bentoml', 'caffe', 'tensorflow', 'numpy', 'haystack', 'pymc', 'PyTorchCV', 'retro', 'pebl', 'bigartm', 'gensim', 'ray', 'skll', 'emcee', 'vigra', 'deepchecks', 'pgmpy', 'pydantic', 'zipline', 'mars', 'jax', 'mlflow', 'DrQA', 'lambdo', 'scikit-learn', 'zpar', 'streamlit', 'pytorch', 'cortex', 'scikit-learn-intelex', 'DeepPavlov', 'mindsdb', 'pytorch-lightning', 'gradio', 'dirty_cat', 'xlearn', 'transformers', 'ColossalAI', 'vispy', 'pattern', 'DI-engine', 'pyss3', 'lightning-bolts']"
189,category,1308,CISQ Quality Measures - Security,104,14801,"['neural-style-pt', 'chainer', 'skorch', 'pybrain', 'bokeh', 'neurolab', 'autogluon', 'pytorch_geometric', 'face_recognition', 'pkuseg-python', 'open-metric-learning', 'detectron2', 'mljar-supervised', 'pyqtgraph', 'bentoml', 'caffe', 'river', 'numpy', 'FEDOT', 'opfython', 'PyTorchCV', 'pytorch-image-models', 'pebl', 'bigartm', 'lightwood', 'zipline', 'Petrel', 'mlflow', 'DrQA', 'scikit-learn', 'pytorch', 'TResNet', 'segmentation_models.pytorch', 'shapash', 'transformers', 'ColossalAI', 'joliGEN', 'simpleai', 'xgboost', 'catboost', 'maze', 'cleanlab', 'lightly', 'deeppy', 'chefboost', 'opytimizer', 'skll', 'pytorch_geometric_temporal', 'dl-translate', 'mars', 'evostra', 'pytorch-frame', 'streamlit', 'mlxtend', 'DeepPavlov', 'snownlp', 'alibi-detect', 'Sklearn-genetic-opt', 'DI-engine', 'lightning-bolts', 'DIGITS', 'rep', 'LightGBM', 'yalign', 'determined', 'miraiml', 'matplotlib', 'tensorflow', 'haystack', 'mlens', 'machine-learning', 'neuropredict', 'frouros', 'feast', 'rasa', 'loso', 'mindsdb', 'nut', 'ViZDoom', 'neuraltalk', 'sentiment_classifier', 'NeuroNER', 'deepface', 'statsmodels', 'jProcessing', 'dedupe', 'python-recsys', 'cornac', 'eurybia', 'igel', 'keras-tuner', 'backprop', 'ray', 'cltk', 'recommenders', 'sentiment-analyzer', 'evidently', 'deepchecks', 'garage', 'hebel', 'jieba', 'pyod', 'catalyst', 'pytensor', 'lambdo', 'tflearn', 'prodmodel', 'zpar', 'polyglot', 'alibi', 'scikit-learn-intelex', 'pytorch-lightning', 'bolt', 'PCV', 'tpot', 'neural-style-pt', 'chainer', 'skorch', 'pybrain', 'bokeh', 'autogluon', 'pytorch_geometric', 'pkuseg-python', 'open-metric-learning', 'detectron2', 'nilearn', 'mljar-supervised', 'altair', 'pyqtgraph', 'bentoml', 'caffe', 'river', 'numpy', 'CompreFace', 'FEDOT', 'sktime', 'PyTorchCV', 'pytorch-image-models', 'pebl', 'bigartm', 'BioPy', 'python-timbl', 'lightwood', 'mlx', 'zipline', 'pgmpy', 'Petrel', 'mlflow', 'DrQA', 'Parris', 'scikit-learn', 'pytorch', 'SynapseML', 'superset', 'transformers', 'ColossalAI', 'vispy', 'joliGEN', 'danswerai', 'shogun', 'Spearmint', 'xgboost', 'rosetta', 'catboost', 'dash', 'tesseract', 'stellargraph', 'maze', 'cleanlab', 'lightly', 'pymc', 'scikit-opt', 'deeppy', 'Gymnasium', 'skll', 'emcee', 'vigra', 'dtaidistance', 'mars', 'neuraltalk2', 'jax', 'scikit-survival', 'pytorch-frame', 'streamlit', 'mlxtend', 'cortex', 'DeepPavlov', 'alibi-detect', 'gradio', 'xlearn', 'langfuse', 'DI-engine', 'pyss3', 'DIGITS', 'LightGBM', 'CoreNLP', 'yalign', 'determined', 'deeplake', 'blaze', 'somoclu', 'xcessiv', 'matplotlib', 'tensorflow', 'PySyft', 'haystack', 'mlens', 'retro', 'machine-learning', 'gensim', 'neuropredict', 'feast', 'rasa', 'loso', 'lab', 'mindsdb', 'dowel', 'nut', 'retinaface', 'ViZDoom', 'neuraltalk', 'optuna', 'open-webui', 'NeuroNER', 'deepface', 'statsmodels', 'jProcessing', 'typer', 'python-recsys', 'textacy', 'ggpy', 'cornac', 'spaCy', 'langflow', 'igel', 'keras-tuner', 'Metaworld', 'aim', 'pynlpl', 'ray', 'cltk', 'recommenders', 'seaborn', 'evidently', 'deepchecks', 'garage', 'hebel', 'jieba', 'catalyst', 'pytensor', 'lambdo', 'prodmodel', 'zpar', 'polyglot', 'scikit-learn-intelex', 'scikit-image', 'pytorch-lightning', 'colibri-core', 'bolt', 'tpot', 'neural-style-pt', 'chainer', 'skorch', 'pybrain', 'bokeh', 'autogluon', 'pytorch_geometric', 'pkuseg-python', 'open-metric-learning', 'detectron2', 'nilearn', 'mljar-supervised', 'altair', 'pyqtgraph', 'bentoml', 'caffe', 'river', 'numpy', 'CompreFace', 'FEDOT', 'sktime', 'PyTorchCV', 'pytorch-image-models', 'pebl', 'bigartm', 'BioPy', 'python-timbl', 'lightwood', 'mlx', 'zipline', 'pgmpy', 'Petrel', 'mlflow', 'DrQA', 'Parris', 'scikit-learn', 'pytorch', 'SynapseML', 'superset', 'transformers', 'ColossalAI', 'vispy', 'joliGEN', 'danswerai', 'shogun', 'Spearmint', 'xgboost', 'rosetta', 'catboost', 'dash', 'tesseract', 'stellargraph', 'maze', 'cleanlab', 'lightly', 'pymc', 'scikit-opt', 'deeppy', 'Gymnasium', 'skll', 'emcee', 'vigra', 'dtaidistance', 'mars', 'neuraltalk2', 'jax', 'scikit-survival', 'pytorch-frame', 'streamlit', 'mlxtend', 'cortex', 'DeepPavlov', 'alibi-detect', 'gradio', 'xlearn', 'langfuse', 'DI-engine', 'pyss3', 'DIGITS', 'LightGBM', 'CoreNLP', 'yalign', 'determined', 'deeplake', 'blaze', 'somoclu', 'xcessiv', 'matplotlib', 'tensorflow', 'PySyft', 'haystack', 'mlens', 'retro', 'machine-learning', 'gensim', 'neuropredict', 'feast', 'rasa', 'loso', 'lab', 'mindsdb', 'dowel', 'nut', 'retinaface', 'ViZDoom', 'neuraltalk', 'optuna', 'open-webui', 'NeuroNER', 'deepface', 'statsmodels', 'jProcessing', 'typer', 'python-recsys', 'textacy', 'ggpy', 'cornac', 'spaCy', 'langflow', 'igel', 'keras-tuner', 'Metaworld', 'aim', 'pynlpl', 'ray', 'cltk', 'recommenders', 'seaborn', 'evidently', 'deepchecks', 'garage', 'hebel', 'jieba', 'catalyst', 'pytensor', 'lambdo', 'prodmodel', 'zpar', 'polyglot', 'scikit-learn-intelex', 'scikit-image', 'pytorch-lightning', 'colibri-core', 'bolt', 'cornac', 'feast', 'bowtie', 'DIGITS', 'mindsdb', 'mars', 'deepface', 'mlflow', 'PyTorchCV', 'machine-learning', 'danswerai', 'feast', 'rasa', 'DeepPavlov', 'open-webui', 'mindsdb', 'determined', 'deeplake', 'mlflow']"
190,category,1345,OWASP Top Ten 2021 Category A01:2021 - Broken Access Control,118,14299,"['LightGBM', 'bokeh', 'determined', 'catboost', 'pytorch_geometric', 'open-metric-learning', 'detectron2', 'spaCy', 'langflow', 'bentoml', 'aim', 'sinabs', 'ray', 'gan', 'jax', 'mlflow', 'streamlit', 'pytorch-lightning', 'gradio', 'transformers', 'ColossalAI', 'pyss3', 'danswerai', 'feast', 'DIGITS', 'langflow', 'open-webui', 'PySyft', 'superset', 'mindsdb', 'gradio', 'aim', 'deepface', 'blaze', 'mlflow', 'ColossalAI', 'joliGEN', 'machine-learning', 'dash', 'ray', 'DIGITS', 'langflow', 'mindsdb', 'superset', 'face_recognition', 'tpot', 'neural-style-pt', 'chainer', 'skorch', 'pybrain', 'bokeh', 'autogluon', 'pytorch_geometric', 'pkuseg-python', 'open-metric-learning', 'detectron2', 'nilearn', 'mljar-supervised', 'altair', 'pyqtgraph', 'bentoml', 'caffe', 'river', 'numpy', 'CompreFace', 'FEDOT', 'sktime', 'PyTorchCV', 'pytorch-image-models', 'pebl', 'bigartm', 'BioPy', 'python-timbl', 'lightwood', 'mlx', 'zipline', 'pgmpy', 'Petrel', 'mlflow', 'DrQA', 'Parris', 'scikit-learn', 'pytorch', 'SynapseML', 'superset', 'transformers', 'ColossalAI', 'vispy', 'joliGEN', 'danswerai', 'shogun', 'Spearmint', 'xgboost', 'rosetta', 'catboost', 'dash', 'tesseract', 'stellargraph', 'maze', 'cleanlab', 'lightly', 'pymc', 'scikit-opt', 'deeppy', 'Gymnasium', 'skll', 'emcee', 'vigra', 'dtaidistance', 'mars', 'neuraltalk2', 'jax', 'scikit-survival', 'pytorch-frame', 'streamlit', 'mlxtend', 'cortex', 'DeepPavlov', 'alibi-detect', 'gradio', 'xlearn', 'langfuse', 'DI-engine', 'pyss3', 'DIGITS', 'LightGBM', 'CoreNLP', 'yalign', 'determined', 'deeplake', 'blaze', 'somoclu', 'xcessiv', 'matplotlib', 'tensorflow', 'PySyft', 'haystack', 'mlens', 'retro', 'machine-learning', 'gensim', 'neuropredict', 'feast', 'rasa', 'loso', 'lab', 'mindsdb', 'dowel', 'nut', 'retinaface', 'ViZDoom', 'neuraltalk', 'optuna', 'open-webui', 'NeuroNER', 'deepface', 'statsmodels', 'jProcessing', 'typer', 'python-recsys', 'textacy', 'ggpy', 'cornac', 'spaCy', 'langflow', 'igel', 'keras-tuner', 'Metaworld', 'aim', 'pynlpl', 'ray', 'cltk', 'recommenders', 'seaborn', 'evidently', 'deepchecks', 'garage', 'hebel', 'jieba', 'catalyst', 'pytensor', 'lambdo', 'prodmodel', 'zpar', 'polyglot', 'scikit-learn-intelex', 'scikit-image', 'pytorch-lightning', 'colibri-core', 'bolt', 'tpot', 'neural-style-pt', 'chainer', 'skorch', 'pybrain', 'bokeh', 'autogluon', 'pytorch_geometric', 'pkuseg-python', 'open-metric-learning', 'detectron2', 'nilearn', 'mljar-supervised', 'altair', 'pyqtgraph', 'bentoml', 'caffe', 'river', 'numpy', 'CompreFace', 'FEDOT', 'sktime', 'PyTorchCV', 'pytorch-image-models', 'pebl', 'bigartm', 'BioPy', 'python-timbl', 'lightwood', 'mlx', 'zipline', 'pgmpy', 'Petrel', 'mlflow', 'DrQA', 'Parris', 'scikit-learn', 'pytorch', 'SynapseML', 'superset', 'transformers', 'ColossalAI', 'vispy', 'joliGEN', 'danswerai', 'shogun', 'Spearmint', 'xgboost', 'rosetta', 'catboost', 'dash', 'tesseract', 'stellargraph', 'maze', 'cleanlab', 'lightly', 'pymc', 'scikit-opt', 'deeppy', 'Gymnasium', 'skll', 'emcee', 'vigra', 'dtaidistance', 'mars', 'neuraltalk2', 'jax', 'scikit-survival', 'pytorch-frame', 'streamlit', 'mlxtend', 'cortex', 'DeepPavlov', 'alibi-detect', 'gradio', 'xlearn', 'langfuse', 'DI-engine', 'pyss3', 'DIGITS', 'LightGBM', 'CoreNLP', 'yalign', 'determined', 'deeplake', 'blaze', 'somoclu', 'xcessiv', 'matplotlib', 'tensorflow', 'PySyft', 'haystack', 'mlens', 'retro', 'machine-learning', 'gensim', 'neuropredict', 'feast', 'rasa', 'loso', 'lab', 'mindsdb', 'dowel', 'nut', 'retinaface', 'ViZDoom', 'neuraltalk', 'optuna', 'open-webui', 'NeuroNER', 'deepface', 'statsmodels', 'jProcessing', 'typer', 'python-recsys', 'textacy', 'ggpy', 'cornac', 'spaCy', 'langflow', 'igel', 'keras-tuner', 'Metaworld', 'aim', 'pynlpl', 'ray', 'cltk', 'recommenders', 'seaborn', 'evidently', 'deepchecks', 'garage', 'hebel', 'jieba', 'catalyst', 'pytensor', 'lambdo', 'prodmodel', 'zpar', 'polyglot', 'scikit-learn-intelex', 'scikit-image', 'pytorch-lightning', 'colibri-core', 'bolt', 'danswerai', 'feast', 'cortex', 'Neural', 'langflow', 'bentoml', 'open-webui', 'mindsdb', 'gradio', 'bokeh', 'determined', 'deepface', 'mlflow', 'comet-llm', 'pattern', 'typer', 'ray', 'danswerai', 'feast', 'cortex', 'Neural', 'langflow', 'bentoml', 'open-webui', 'mindsdb', 'gradio', 'bokeh', 'determined', 'deepface', 'mlflow', 'comet-llm', 'pattern', 'typer', 'ray', 'rasa', 'shogun', 'bentoml', 'tensorflow', 'pytorch', 'mindsdb', 'python-timbl', 'nut', 'lightly', 'transformers', 'DI-engine', 'gensim']"
191,category,1346,OWASP Top Ten 2021 Category A02:2021 - Cryptographic Failures,84,37,"['streamlit', 'danswerai', 'couler', 'langflow', 'open-webui', 'gradio', 'lightly', 'mars', 'determined', 'mlflow', 'streamlit', 'danswerai', 'couler', 'langflow', 'gradio', 'mars', 'determined', 'mlflow', 'streamlit', 'danswerai', 'couler', 'langflow', 'gradio', 'mars', 'determined', 'mlflow', 'streamlit', 'danswerai', 'couler', 'langflow', 'open-webui', 'gradio', 'lightly', 'mars', 'determined', 'mlflow', 'streamlit', 'danswerai', 'couler', 'langflow', 'open-webui', 'gradio', 'lightly', 'mars', 'determined', 'mlflow']"
192,category,1347,OWASP Top Ten 2021 Category A03:2021 - Injection,498,8209,"['danswerai', 'DIGITS', 'open-webui', 'fastapi', 'bokeh', 'nalp', 'spammy', 'ViZDoom', 'langflow', 'PySyft', 'numpy', 'lightly', 'retro', 'ray', 'pydantic', 'pytensor', 'mlflow', 'pytorch', 'streamlit', 'feast', 'rasa', 'mindsdb', 'superset', 'gradio', 'transformers', 'pattern', 'AutoViz', 'Auto_ViML', 'danswerai', 'DIGITS', 'open-webui', 'fastapi', 'bokeh', 'nalp', 'spammy', 'ViZDoom', 'langflow', 'PySyft', 'numpy', 'lightly', 'retro', 'ray', 'pydantic', 'pytensor', 'mlflow', 'pytorch', 'streamlit', 'feast', 'rasa', 'mindsdb', 'superset', 'gradio', 'transformers', 'pattern', 'AutoViz', 'Auto_ViML', 'feast', 'DIGITS', 'superset', 'dl-translate', 'DI-engine', 'ray', 'danswerai', 'DIGITS', 'shogun', 'Spearmint', 'rep', 'open-webui', 'bokeh', 'determined', 'deeplake', 'blaze', 'statsmodels', 'xgboost', 'catboost', 'typer', 'dash', 'open-metric-learning', 'detectron2', 'nilearn', 'matplotlib', 'langflow', 'pyqtgraph', 'bentoml', 'tensorflow', 'altair', 'aim', 'numpy', 'mlens', 'retro', 'pynlpl', 'pytorch-image-models', 'deeppy', 'bigartm', 'gensim', 'ray', 'skll', 'PyStanfordDependencies', 'pydantic', 'zipline', 'mars', 'catalyst', 'jax', 'mlflow', 'pytorch', 'streamlit', 'rasa', 'cortex', 'mist', 'scikit-learn-intelex', 'scikit-image', 'loso', 'mindsdb', 'superset', 'pytorch-lightning', 'gradio', 'transformers', 'DI-engine', 'ViZDoom', 'neuraltalk', 'colibri-core', 'danswerai', 'DIGITS', 'shogun', 'Spearmint', 'rep', 'open-webui', 'bokeh', 'determined', 'deeplake', 'blaze', 'statsmodels', 'xgboost', 'catboost', 'typer', 'dash', 'open-metric-learning', 'detectron2', 'nilearn', 'matplotlib', 'langflow', 'pyqtgraph', 'bentoml', 'tensorflow', 'altair', 'aim', 'numpy', 'mlens', 'retro', 'pynlpl', 'pytorch-image-models', 'deeppy', 'bigartm', 'gensim', 'ray', 'skll', 'PyStanfordDependencies', 'pydantic', 'zipline', 'mars', 'catalyst', 'jax', 'mlflow', 'pytorch', 'streamlit', 'rasa', 'cortex', 'mist', 'scikit-learn-intelex', 'scikit-image', 'loso', 'mindsdb', 'superset', 'pytorch-lightning', 'gradio', 'transformers', 'DI-engine', 'ViZDoom', 'neuraltalk', 'colibri-core', 'couler', 'DIGITS', 'tpot', 'open-webui', 'chainer', 'pybrain', 'statsmodels', 'catboost', 'ggpy', 'dash', 'cornac', 'rgf', 'pyqtgraph', 'tensorflow', 'stellargraph', 'cleanlab', 'numpy', 'FEDOT', 'bytehub', 'segmentation_models', 'pebl', 'deeppy', 'bigartm', 'scikit-multiflow', 'recommenders', 'seaborn', 'nupic.studio', 'vigra', 'gan', 'python-timbl', 'notebook', 'pyod', 'catalyst', 'rockpool', 'metric-learn', 'lambdo', 'pytorch', 'zpar', 'streamlit', 'alibi', 'annoy', 'mist', 'scikit-image', 'DeepPavlov', 'breze', 'superset', 'imbalanced-ensemble', 'alibi-detect', 'mindsdb', 'xlearn', 'snips-nlu', 'lifelines', 'ColossalAI', 'DI-engine', 'couler', 'DIGITS', 'tpot', 'open-webui', 'chainer', 'pybrain', 'statsmodels', 'catboost', 'ggpy', 'dash', 'cornac', 'rgf', 'pyqtgraph', 'tensorflow', 'stellargraph', 'cleanlab', 'numpy', 'FEDOT', 'bytehub', 'segmentation_models', 'pebl', 'deeppy', 'bigartm', 'scikit-multiflow', 'recommenders', 'seaborn', 'nupic.studio', 'vigra', 'gan', 'python-timbl', 'notebook', 'pyod', 'catalyst', 'rockpool', 'metric-learn', 'lambdo', 'pytorch', 'zpar', 'streamlit', 'alibi', 'annoy', 'mist', 'scikit-image', 'DeepPavlov', 'breze', 'superset', 'imbalanced-ensemble', 'alibi-detect', 'mindsdb', 'xlearn', 'snips-nlu', 'lifelines', 'ColossalAI', 'DI-engine', 'couler', 'DIGITS', 'tpot', 'open-webui', 'chainer', 'pybrain', 'deepface', 'statsmodels', 'catboost', 'ggpy', 'dash', 'cornac', 'rgf', 'pyqtgraph', 'tensorflow', 'stellargraph', 'cleanlab', 'numpy', 'FEDOT', 'bytehub', 'PyTorchCV', 'segmentation_models', 'pebl', 'machine-learning', 'deeppy', 'bigartm', 'scikit-multiflow', 'recommenders', 'seaborn', 'nupic.studio', 'vigra', 'gan', 'python-timbl', 'notebook', 'pyod', 'catalyst', 'rockpool', 'mars', 'mlflow', 'metric-learn', 'lambdo', 'pytorch', 'zpar', 'streamlit', 'alibi', 'annoy', 'feast', 'bowtie', 'scikit-image', 'mist', 'DeepPavlov', 'breze', 'superset', 'imbalanced-ensemble', 'alibi-detect', 'mindsdb', 'xlearn', 'snips-nlu', 'transformers', 'lifelines', 'ColossalAI', 'DI-engine', 'danswerai', 'DIGITS', 'open-webui', 'fastapi', 'bokeh', 'nalp', 'spammy', 'ViZDoom', 'langflow', 'PySyft', 'numpy', 'lightly', 'retro', 'ray', 'pydantic', 'pytensor', 'mlflow', 'pytorch', 'streamlit', 'feast', 'rasa', 'mindsdb', 'superset', 'gradio', 'transformers', 'pattern', 'AutoViz', 'Auto_ViML', 'couler', 'DIGITS', 'tpot', 'open-webui', 'chainer', 'pybrain', 'deepface', 'statsmodels', 'catboost', 'ggpy', 'dash', 'cornac', 'rgf', 'pyqtgraph', 'tensorflow', 'stellargraph', 'cleanlab', 'numpy', 'FEDOT', 'bytehub', 'PyTorchCV', 'segmentation_models', 'pebl', 'machine-learning', 'deeppy', 'bigartm', 'scikit-multiflow', 'recommenders', 'seaborn', 'nupic.studio', 'vigra', 'gan', 'python-timbl', 'notebook', 'pyod', 'catalyst', 'rockpool', 'mars', 'mlflow', 'metric-learn', 'lambdo', 'pytorch', 'zpar', 'streamlit', 'alibi', 'annoy', 'feast', 'bowtie', 'scikit-image', 'mist', 'DeepPavlov', 'breze', 'superset', 'imbalanced-ensemble', 'alibi-detect', 'mindsdb', 'xlearn', 'snips-nlu', 'transformers', 'lifelines', 'ColossalAI', 'DI-engine', 'danswerai', 'DIGITS', 'open-webui', 'fastapi', 'bokeh', 'nalp', 'spammy', 'ViZDoom', 'langflow', 'PySyft', 'numpy', 'lightly', 'retro', 'ray', 'pydantic', 'pytensor', 'mlflow', 'pytorch', 'streamlit', 'feast', 'rasa', 'mindsdb', 'superset', 'gradio', 'transformers', 'pattern', 'AutoViz', 'Auto_ViML', 'danswerai', 'DIGITS', 'open-webui', 'fastapi', 'bokeh', 'nalp', 'spammy', 'ViZDoom', 'langflow', 'PySyft', 'numpy', 'lightly', 'retro', 'ray', 'pydantic', 'pytensor', 'mlflow', 'pytorch', 'streamlit', 'feast', 'rasa', 'mindsdb', 'superset', 'gradio', 'transformers', 'pattern', 'AutoViz', 'Auto_ViML', 'tpot', 'neural-style-pt', 'chainer', 'skorch', 'pybrain', 'bokeh', 'autogluon', 'pytorch_geometric', 'pkuseg-python', 'open-metric-learning', 'detectron2', 'nilearn', 'mljar-supervised', 'altair', 'pyqtgraph', 'bentoml', 'caffe', 'river', 'numpy', 'CompreFace', 'FEDOT', 'sktime', 'PyTorchCV', 'pytorch-image-models', 'pebl', 'bigartm', 'BioPy', 'python-timbl', 'lightwood', 'mlx', 'zipline', 'pgmpy', 'Petrel', 'mlflow', 'DrQA', 'Parris', 'scikit-learn', 'pytorch', 'SynapseML', 'superset', 'transformers', 'ColossalAI', 'vispy', 'joliGEN', 'danswerai', 'shogun', 'Spearmint', 'xgboost', 'rosetta', 'catboost', 'dash', 'tesseract', 'stellargraph', 'maze', 'cleanlab', 'lightly', 'pymc', 'scikit-opt', 'deeppy', 'Gymnasium', 'skll', 'emcee', 'vigra', 'dtaidistance', 'mars', 'neuraltalk2', 'jax', 'scikit-survival', 'pytorch-frame', 'streamlit', 'mlxtend', 'cortex', 'DeepPavlov', 'alibi-detect', 'gradio', 'xlearn', 'langfuse', 'DI-engine', 'pyss3', 'DIGITS', 'LightGBM', 'CoreNLP', 'yalign', 'determined', 'deeplake', 'blaze', 'somoclu', 'xcessiv', 'matplotlib', 'tensorflow', 'PySyft', 'haystack', 'mlens', 'retro', 'machine-learning', 'gensim', 'neuropredict', 'feast', 'rasa', 'loso', 'lab', 'mindsdb', 'dowel', 'nut', 'retinaface', 'ViZDoom', 'neuraltalk', 'optuna', 'open-webui', 'NeuroNER', 'deepface', 'statsmodels', 'jProcessing', 'typer', 'python-recsys', 'textacy', 'ggpy', 'cornac', 'spaCy', 'langflow', 'igel', 'keras-tuner', 'Metaworld', 'aim', 'pynlpl', 'ray', 'cltk', 'recommenders', 'seaborn', 'evidently', 'deepchecks', 'garage', 'hebel', 'jieba', 'catalyst', 'pytensor', 'lambdo', 'prodmodel', 'zpar', 'polyglot', 'scikit-learn-intelex', 'scikit-image', 'pytorch-lightning', 'colibri-core', 'bolt', 'cornac', 'feast', 'bowtie', 'DIGITS', 'mindsdb', 'mars', 'deepface', 'mlflow', 'PyTorchCV', 'machine-learning', 'couler', 'DIGITS', 'tpot', 'open-webui', 'chainer', 'pybrain', 'deepface', 'statsmodels', 'catboost', 'ggpy', 'dash', 'cornac', 'rgf', 'pyqtgraph', 'tensorflow', 'stellargraph', 'cleanlab', 'numpy', 'FEDOT', 'bytehub', 'PyTorchCV', 'segmentation_models', 'pebl', 'machine-learning', 'deeppy', 'bigartm', 'scikit-multiflow', 'recommenders', 'seaborn', 'nupic.studio', 'vigra', 'gan', 'python-timbl', 'notebook', 'pyod', 'catalyst', 'rockpool', 'mars', 'mlflow', 'metric-learn', 'lambdo', 'pytorch', 'zpar', 'streamlit', 'alibi', 'annoy', 'feast', 'bowtie', 'scikit-image', 'mist', 'DeepPavlov', 'breze', 'superset', 'imbalanced-ensemble', 'alibi-detect', 'mindsdb', 'xlearn', 'snips-nlu', 'transformers', 'lifelines', 'ColossalAI', 'DI-engine', 'danswerai', 'feast', 'rasa', 'DeepPavlov', 'open-webui', 'mindsdb', 'determined', 'deeplake', 'mlflow']"
193,category,1348,OWASP Top Ten 2021 Category A04:2021 - Insecure Design,74,7183,"['danswerai', 'feast', 'DIGITS', 'langflow', 'open-webui', 'PySyft', 'superset', 'mindsdb', 'gradio', 'aim', 'deepface', 'blaze', 'mlflow', 'ColossalAI', 'joliGEN', 'machine-learning', 'dash', 'ray', 'tpot', 'neural-style-pt', 'chainer', 'skorch', 'pybrain', 'bokeh', 'autogluon', 'pytorch_geometric', 'pkuseg-python', 'open-metric-learning', 'detectron2', 'nilearn', 'mljar-supervised', 'altair', 'pyqtgraph', 'bentoml', 'caffe', 'river', 'numpy', 'CompreFace', 'FEDOT', 'sktime', 'PyTorchCV', 'pytorch-image-models', 'pebl', 'bigartm', 'BioPy', 'python-timbl', 'lightwood', 'mlx', 'zipline', 'pgmpy', 'Petrel', 'mlflow', 'DrQA', 'Parris', 'scikit-learn', 'pytorch', 'SynapseML', 'superset', 'transformers', 'ColossalAI', 'vispy', 'joliGEN', 'danswerai', 'shogun', 'Spearmint', 'xgboost', 'rosetta', 'catboost', 'dash', 'tesseract', 'stellargraph', 'maze', 'cleanlab', 'lightly', 'pymc', 'scikit-opt', 'deeppy', 'Gymnasium', 'skll', 'emcee', 'vigra', 'dtaidistance', 'mars', 'neuraltalk2', 'jax', 'scikit-survival', 'pytorch-frame', 'streamlit', 'mlxtend', 'cortex', 'DeepPavlov', 'alibi-detect', 'gradio', 'xlearn', 'langfuse', 'DI-engine', 'pyss3', 'DIGITS', 'LightGBM', 'CoreNLP', 'yalign', 'determined', 'deeplake', 'blaze', 'somoclu', 'xcessiv', 'matplotlib', 'tensorflow', 'PySyft', 'haystack', 'mlens', 'retro', 'machine-learning', 'gensim', 'neuropredict', 'feast', 'rasa', 'loso', 'lab', 'mindsdb', 'dowel', 'nut', 'retinaface', 'ViZDoom', 'neuraltalk', 'optuna', 'open-webui', 'NeuroNER', 'deepface', 'statsmodels', 'jProcessing', 'typer', 'python-recsys', 'textacy', 'ggpy', 'cornac', 'spaCy', 'langflow', 'igel', 'keras-tuner', 'Metaworld', 'aim', 'pynlpl', 'ray', 'cltk', 'recommenders', 'seaborn', 'evidently', 'deepchecks', 'garage', 'hebel', 'jieba', 'catalyst', 'pytensor', 'lambdo', 'prodmodel', 'zpar', 'polyglot', 'scikit-learn-intelex', 'scikit-image', 'pytorch-lightning', 'colibri-core', 'bolt', 'danswerai', 'feast', 'cortex', 'Neural', 'langflow', 'bentoml', 'open-webui', 'mindsdb', 'gradio', 'bokeh', 'determined', 'deepface', 'mlflow', 'comet-llm', 'pattern', 'typer', 'ray', 'danswerai', 'feast', 'cortex', 'Neural', 'langflow', 'bentoml', 'open-webui', 'mindsdb', 'gradio', 'bokeh', 'determined', 'deepface', 'mlflow', 'comet-llm', 'pattern', 'typer', 'ray']"
194,category,1349,OWASP Top Ten 2021 Category A05:2021 - Security Misconfiguration,6,16,"['DIGITS', 'DIGITS', 'feast', 'Neural', 'bentoml', 'langflow', 'mindsdb', 'gradio', 'mlflow', 'ray']"
195,category,1353,OWASP Top Ten 2021 Category A07:2021 - Identification and Authentication Failures,13,1,['ray']
196,category,1354,OWASP Top Ten 2021 Category A08:2021 - Software and Data Integrity Failures,15,696,"['neural-style-pt', 'chainer', 'skorch', 'pybrain', 'bokeh', 'neurolab', 'autogluon', 'pytorch_geometric', 'face_recognition', 'pkuseg-python', 'open-metric-learning', 'detectron2', 'mljar-supervised', 'pyqtgraph', 'bentoml', 'caffe', 'river', 'numpy', 'FEDOT', 'opfython', 'PyTorchCV', 'pytorch-image-models', 'pebl', 'bigartm', 'lightwood', 'zipline', 'Petrel', 'mlflow', 'DrQA', 'scikit-learn', 'pytorch', 'TResNet', 'segmentation_models.pytorch', 'shapash', 'transformers', 'ColossalAI', 'joliGEN', 'simpleai', 'xgboost', 'catboost', 'maze', 'cleanlab', 'lightly', 'deeppy', 'chefboost', 'opytimizer', 'skll', 'pytorch_geometric_temporal', 'dl-translate', 'mars', 'evostra', 'pytorch-frame', 'streamlit', 'mlxtend', 'DeepPavlov', 'snownlp', 'alibi-detect', 'Sklearn-genetic-opt', 'DI-engine', 'lightning-bolts', 'DIGITS', 'rep', 'LightGBM', 'yalign', 'determined', 'miraiml', 'matplotlib', 'tensorflow', 'haystack', 'mlens', 'machine-learning', 'neuropredict', 'frouros', 'feast', 'rasa', 'loso', 'mindsdb', 'nut', 'ViZDoom', 'neuraltalk', 'sentiment_classifier', 'NeuroNER', 'deepface', 'statsmodels', 'jProcessing', 'dedupe', 'python-recsys', 'cornac', 'eurybia', 'igel', 'keras-tuner', 'backprop', 'ray', 'cltk', 'recommenders', 'sentiment-analyzer', 'evidently', 'deepchecks', 'garage', 'hebel', 'jieba', 'pyod', 'catalyst', 'pytensor', 'lambdo', 'tflearn', 'prodmodel', 'zpar', 'polyglot', 'alibi', 'scikit-learn-intelex', 'pytorch-lightning', 'bolt', 'PCV']"
197,category,1355,OWASP Top Ten 2021 Category A09:2021 - Security Logging and Monitoring Failures,7,59,"['danswerai', 'feast', 'cortex', 'langflow', 'open-webui', 'gradio', 'bokeh', 'determined', 'deepface', 'mlflow', 'comet-llm', 'pattern', 'typer', 'ray']"
198,category,1356,OWASP Top Ten 2021 Category A10:2021 - Server-Side Request Forgery (SSRF),4,81,"['danswerai', 'DIGITS', 'rep', 'open-webui', 'determined', 'deepface', 'upgini', 'matplotlib', 'langflow', 'keras-tuner', 'numpy', 'lightly', 'machine-learning', 'ray', 'mlflow', 'tflearn', 'pytorch-frame', 'streamlit', 'rasa', 'cortex', 'scikit-image', 'DeepPavlov', 'mindsdb', 'gradio', 'transformers', 'ColossalAI']"
199,category,1366,ICS Communications: Frail Security in Protocols,117,105,"['danswerai', 'feast', 'cortex', 'Neural', 'langflow', 'bentoml', 'open-webui', 'mindsdb', 'gradio', 'bokeh', 'determined', 'deepface', 'mlflow', 'comet-llm', 'pattern', 'typer', 'ray', 'danswerai', 'feast', 'cortex', 'Neural', 'langflow', 'bentoml', 'open-webui', 'mindsdb', 'gradio', 'bokeh', 'determined', 'deepface', 'mlflow', 'comet-llm', 'pattern', 'typer', 'ray', 'streamlit', 'danswerai', 'couler', 'langflow', 'open-webui', 'gradio', 'lightly', 'mars', 'determined', 'mlflow', 'streamlit', 'danswerai', 'couler', 'langflow', 'open-webui', 'gradio', 'lightly', 'mars', 'determined', 'mlflow', 'streamlit', 'danswerai', 'couler', 'langflow', 'open-webui', 'gradio', 'lightly', 'mars', 'determined', 'mlflow', 'rasa', 'shogun', 'bentoml', 'tensorflow', 'pytorch', 'mindsdb', 'python-timbl', 'nut', 'lightly', 'transformers', 'DI-engine', 'gensim']"
200,category,1368,ICS Dependencies (& Architecture): External Digital Systems,38,71,"['danswerai', 'feast', 'cortex', 'Neural', 'langflow', 'bentoml', 'open-webui', 'mindsdb', 'gradio', 'bokeh', 'determined', 'deepface', 'mlflow', 'comet-llm', 'pattern', 'typer', 'ray', 'danswerai', 'feast', 'cortex', 'Neural', 'langflow', 'bentoml', 'open-webui', 'mindsdb', 'gradio', 'bokeh', 'determined', 'deepface', 'mlflow', 'comet-llm', 'pattern', 'typer', 'ray']"
201,category,1371,ICS Supply Chain: Poorly Documented or Undocumented Features,7,6,"['caffe', 'CompreFace', 'bokeh', 'xcessiv', 'face_recognition']"
202,category,1382,ICS Operations (& Maintenance): Emerging Energy Technologies,331,106,"['danswerai', 'DIGITS', 'open-webui', 'fastapi', 'bokeh', 'nalp', 'spammy', 'ViZDoom', 'langflow', 'PySyft', 'numpy', 'lightly', 'retro', 'ray', 'pydantic', 'pytensor', 'mlflow', 'pytorch', 'streamlit', 'feast', 'rasa', 'mindsdb', 'superset', 'gradio', 'transformers', 'pattern', 'AutoViz', 'Auto_ViML', 'danswerai', 'DIGITS', 'open-webui', 'fastapi', 'bokeh', 'nalp', 'spammy', 'ViZDoom', 'langflow', 'PySyft', 'numpy', 'lightly', 'retro', 'ray', 'pydantic', 'pytensor', 'mlflow', 'pytorch', 'streamlit', 'feast', 'rasa', 'mindsdb', 'superset', 'gradio', 'transformers', 'pattern', 'AutoViz', 'Auto_ViML', 'DIGITS', 'langflow', 'mindsdb', 'superset', 'face_recognition', 'danswerai', 'DIGITS', 'open-webui', 'fastapi', 'bokeh', 'nalp', 'spammy', 'ViZDoom', 'langflow', 'PySyft', 'numpy', 'lightly', 'retro', 'ray', 'pydantic', 'pytensor', 'mlflow', 'pytorch', 'streamlit', 'feast', 'rasa', 'mindsdb', 'superset', 'gradio', 'transformers', 'pattern', 'AutoViz', 'Auto_ViML', 'danswerai', 'DIGITS', 'open-webui', 'fastapi', 'bokeh', 'nalp', 'spammy', 'ViZDoom', 'langflow', 'PySyft', 'numpy', 'lightly', 'retro', 'ray', 'pydantic', 'pytensor', 'mlflow', 'pytorch', 'streamlit', 'feast', 'rasa', 'mindsdb', 'superset', 'gradio', 'transformers', 'pattern', 'AutoViz', 'Auto_ViML', 'danswerai', 'DIGITS', 'open-webui', 'fastapi', 'bokeh', 'nalp', 'spammy', 'ViZDoom', 'langflow', 'PySyft', 'numpy', 'lightly', 'retro', 'ray', 'pydantic', 'pytensor', 'mlflow', 'pytorch', 'streamlit', 'feast', 'rasa', 'mindsdb', 'superset', 'gradio', 'transformers', 'pattern', 'AutoViz', 'Auto_ViML', 'ray']"
203,category,1396,Comprehensive Categorization: Access Control,36,98,"['DIGITS', 'DIGITS', 'langflow', 'mindsdb', 'superset', 'face_recognition', 'danswerai', 'DIGITS', 'rep', 'open-webui', 'determined', 'deepface', 'upgini', 'matplotlib', 'langflow', 'keras-tuner', 'numpy', 'lightly', 'machine-learning', 'ray', 'mlflow', 'tflearn', 'pytorch-frame', 'streamlit', 'rasa', 'cortex', 'scikit-image', 'DeepPavlov', 'mindsdb', 'gradio', 'transformers', 'ColossalAI', 'ray']"
204,category,1397,Comprehensive Categorization: Comparison,10,6,"['transformers', 'superset', 'transformers', 'superset']"
205,category,1402,Comprehensive Categorization: Encryption,139,122,"['DIGITS', 'danswerai', 'feast', 'cortex', 'Neural', 'langflow', 'bentoml', 'open-webui', 'mindsdb', 'gradio', 'bokeh', 'determined', 'deepface', 'mlflow', 'comet-llm', 'pattern', 'typer', 'ray', 'feast', 'Neural', 'bentoml', 'langflow', 'mindsdb', 'gradio', 'mlflow', 'ray', 'danswerai', 'feast', 'cortex', 'Neural', 'langflow', 'bentoml', 'open-webui', 'mindsdb', 'gradio', 'bokeh', 'determined', 'deepface', 'mlflow', 'comet-llm', 'pattern', 'typer', 'ray', 'streamlit', 'danswerai', 'couler', 'langflow', 'open-webui', 'gradio', 'lightly', 'mars', 'determined', 'mlflow', 'streamlit', 'danswerai', 'couler', 'langflow', 'gradio', 'mars', 'determined', 'mlflow', 'streamlit', 'danswerai', 'couler', 'langflow', 'gradio', 'mars', 'determined', 'mlflow', 'streamlit', 'danswerai', 'couler', 'langflow', 'open-webui', 'gradio', 'lightly', 'mars', 'determined', 'mlflow', 'streamlit', 'danswerai', 'couler', 'langflow', 'open-webui', 'gradio', 'lightly', 'mars', 'determined', 'mlflow']"
206,category,1403,Comprehensive Categorization: Exposed Resource,26,7043,"['tpot', 'neural-style-pt', 'chainer', 'skorch', 'pybrain', 'bokeh', 'autogluon', 'pytorch_geometric', 'pkuseg-python', 'open-metric-learning', 'detectron2', 'nilearn', 'mljar-supervised', 'altair', 'pyqtgraph', 'bentoml', 'caffe', 'river', 'numpy', 'CompreFace', 'FEDOT', 'sktime', 'PyTorchCV', 'pytorch-image-models', 'pebl', 'bigartm', 'BioPy', 'python-timbl', 'lightwood', 'mlx', 'zipline', 'pgmpy', 'Petrel', 'mlflow', 'DrQA', 'Parris', 'scikit-learn', 'pytorch', 'SynapseML', 'superset', 'transformers', 'ColossalAI', 'vispy', 'joliGEN', 'danswerai', 'shogun', 'Spearmint', 'xgboost', 'rosetta', 'catboost', 'dash', 'tesseract', 'stellargraph', 'maze', 'cleanlab', 'lightly', 'pymc', 'scikit-opt', 'deeppy', 'Gymnasium', 'skll', 'emcee', 'vigra', 'dtaidistance', 'mars', 'neuraltalk2', 'jax', 'scikit-survival', 'pytorch-frame', 'streamlit', 'mlxtend', 'cortex', 'DeepPavlov', 'alibi-detect', 'gradio', 'xlearn', 'langfuse', 'DI-engine', 'pyss3', 'DIGITS', 'LightGBM', 'CoreNLP', 'yalign', 'determined', 'deeplake', 'blaze', 'somoclu', 'xcessiv', 'matplotlib', 'tensorflow', 'PySyft', 'haystack', 'mlens', 'retro', 'machine-learning', 'gensim', 'neuropredict', 'feast', 'rasa', 'loso', 'lab', 'mindsdb', 'dowel', 'nut', 'retinaface', 'ViZDoom', 'neuraltalk', 'optuna', 'open-webui', 'NeuroNER', 'deepface', 'statsmodels', 'jProcessing', 'typer', 'python-recsys', 'textacy', 'ggpy', 'cornac', 'spaCy', 'langflow', 'igel', 'keras-tuner', 'Metaworld', 'aim', 'pynlpl', 'ray', 'cltk', 'recommenders', 'seaborn', 'evidently', 'deepchecks', 'garage', 'hebel', 'jieba', 'catalyst', 'pytensor', 'lambdo', 'prodmodel', 'zpar', 'polyglot', 'scikit-learn-intelex', 'scikit-image', 'pytorch-lightning', 'colibri-core', 'bolt', 'rasa', 'shogun', 'bentoml', 'tensorflow', 'pytorch', 'mindsdb', 'python-timbl', 'nut', 'lightly', 'transformers', 'DI-engine', 'gensim']"
207,category,1404,Comprehensive Categorization: File Handling,61,21072,"['tpot', 'neural-style-pt', 'chainer', 'skorch', 'pybrain', 'bokeh', 'autogluon', 'pytorch_geometric', 'pkuseg-python', 'open-metric-learning', 'detectron2', 'nilearn', 'mljar-supervised', 'altair', 'pyqtgraph', 'bentoml', 'caffe', 'river', 'numpy', 'CompreFace', 'FEDOT', 'sktime', 'PyTorchCV', 'pytorch-image-models', 'pebl', 'bigartm', 'BioPy', 'python-timbl', 'lightwood', 'mlx', 'zipline', 'pgmpy', 'Petrel', 'mlflow', 'DrQA', 'Parris', 'scikit-learn', 'pytorch', 'SynapseML', 'superset', 'transformers', 'ColossalAI', 'vispy', 'joliGEN', 'danswerai', 'shogun', 'Spearmint', 'xgboost', 'rosetta', 'catboost', 'dash', 'tesseract', 'stellargraph', 'maze', 'cleanlab', 'lightly', 'pymc', 'scikit-opt', 'deeppy', 'Gymnasium', 'skll', 'emcee', 'vigra', 'dtaidistance', 'mars', 'neuraltalk2', 'jax', 'scikit-survival', 'pytorch-frame', 'streamlit', 'mlxtend', 'cortex', 'DeepPavlov', 'alibi-detect', 'gradio', 'xlearn', 'langfuse', 'DI-engine', 'pyss3', 'DIGITS', 'LightGBM', 'CoreNLP', 'yalign', 'determined', 'deeplake', 'blaze', 'somoclu', 'xcessiv', 'matplotlib', 'tensorflow', 'PySyft', 'haystack', 'mlens', 'retro', 'machine-learning', 'gensim', 'neuropredict', 'feast', 'rasa', 'loso', 'lab', 'mindsdb', 'dowel', 'nut', 'retinaface', 'ViZDoom', 'neuraltalk', 'optuna', 'open-webui', 'NeuroNER', 'deepface', 'statsmodels', 'jProcessing', 'typer', 'python-recsys', 'textacy', 'ggpy', 'cornac', 'spaCy', 'langflow', 'igel', 'keras-tuner', 'Metaworld', 'aim', 'pynlpl', 'ray', 'cltk', 'recommenders', 'seaborn', 'evidently', 'deepchecks', 'garage', 'hebel', 'jieba', 'catalyst', 'pytensor', 'lambdo', 'prodmodel', 'zpar', 'polyglot', 'scikit-learn-intelex', 'scikit-image', 'pytorch-lightning', 'colibri-core', 'bolt', 'tpot', 'neural-style-pt', 'chainer', 'skorch', 'pybrain', 'bokeh', 'autogluon', 'pytorch_geometric', 'pkuseg-python', 'open-metric-learning', 'detectron2', 'nilearn', 'mljar-supervised', 'altair', 'pyqtgraph', 'bentoml', 'caffe', 'river', 'numpy', 'CompreFace', 'FEDOT', 'sktime', 'PyTorchCV', 'pytorch-image-models', 'pebl', 'bigartm', 'BioPy', 'python-timbl', 'lightwood', 'mlx', 'zipline', 'pgmpy', 'Petrel', 'mlflow', 'DrQA', 'Parris', 'scikit-learn', 'pytorch', 'SynapseML', 'superset', 'transformers', 'ColossalAI', 'vispy', 'joliGEN', 'danswerai', 'shogun', 'Spearmint', 'xgboost', 'rosetta', 'catboost', 'dash', 'tesseract', 'stellargraph', 'maze', 'cleanlab', 'lightly', 'pymc', 'scikit-opt', 'deeppy', 'Gymnasium', 'skll', 'emcee', 'vigra', 'dtaidistance', 'mars', 'neuraltalk2', 'jax', 'scikit-survival', 'pytorch-frame', 'streamlit', 'mlxtend', 'cortex', 'DeepPavlov', 'alibi-detect', 'gradio', 'xlearn', 'langfuse', 'DI-engine', 'pyss3', 'DIGITS', 'LightGBM', 'CoreNLP', 'yalign', 'determined', 'deeplake', 'blaze', 'somoclu', 'xcessiv', 'matplotlib', 'tensorflow', 'PySyft', 'haystack', 'mlens', 'retro', 'machine-learning', 'gensim', 'neuropredict', 'feast', 'rasa', 'loso', 'lab', 'mindsdb', 'dowel', 'nut', 'retinaface', 'ViZDoom', 'neuraltalk', 'optuna', 'open-webui', 'NeuroNER', 'deepface', 'statsmodels', 'jProcessing', 'typer', 'python-recsys', 'textacy', 'ggpy', 'cornac', 'spaCy', 'langflow', 'igel', 'keras-tuner', 'Metaworld', 'aim', 'pynlpl', 'ray', 'cltk', 'recommenders', 'seaborn', 'evidently', 'deepchecks', 'garage', 'hebel', 'jieba', 'catalyst', 'pytensor', 'lambdo', 'prodmodel', 'zpar', 'polyglot', 'scikit-learn-intelex', 'scikit-image', 'pytorch-lightning', 'colibri-core', 'bolt', 'tpot', 'neural-style-pt', 'chainer', 'skorch', 'pybrain', 'bokeh', 'autogluon', 'pytorch_geometric', 'pkuseg-python', 'open-metric-learning', 'detectron2', 'nilearn', 'mljar-supervised', 'altair', 'pyqtgraph', 'bentoml', 'caffe', 'river', 'numpy', 'CompreFace', 'FEDOT', 'sktime', 'PyTorchCV', 'pytorch-image-models', 'pebl', 'bigartm', 'BioPy', 'python-timbl', 'lightwood', 'mlx', 'zipline', 'pgmpy', 'Petrel', 'mlflow', 'DrQA', 'Parris', 'scikit-learn', 'pytorch', 'SynapseML', 'superset', 'transformers', 'ColossalAI', 'vispy', 'joliGEN', 'danswerai', 'shogun', 'Spearmint', 'xgboost', 'rosetta', 'catboost', 'dash', 'tesseract', 'stellargraph', 'maze', 'cleanlab', 'lightly', 'pymc', 'scikit-opt', 'deeppy', 'Gymnasium', 'skll', 'emcee', 'vigra', 'dtaidistance', 'mars', 'neuraltalk2', 'jax', 'scikit-survival', 'pytorch-frame', 'streamlit', 'mlxtend', 'cortex', 'DeepPavlov', 'alibi-detect', 'gradio', 'xlearn', 'langfuse', 'DI-engine', 'pyss3', 'DIGITS', 'LightGBM', 'CoreNLP', 'yalign', 'determined', 'deeplake', 'blaze', 'somoclu', 'xcessiv', 'matplotlib', 'tensorflow', 'PySyft', 'haystack', 'mlens', 'retro', 'machine-learning', 'gensim', 'neuropredict', 'feast', 'rasa', 'loso', 'lab', 'mindsdb', 'dowel', 'nut', 'retinaface', 'ViZDoom', 'neuraltalk', 'optuna', 'open-webui', 'NeuroNER', 'deepface', 'statsmodels', 'jProcessing', 'typer', 'python-recsys', 'textacy', 'ggpy', 'cornac', 'spaCy', 'langflow', 'igel', 'keras-tuner', 'Metaworld', 'aim', 'pynlpl', 'ray', 'cltk', 'recommenders', 'seaborn', 'evidently', 'deepchecks', 'garage', 'hebel', 'jieba', 'catalyst', 'pytensor', 'lambdo', 'prodmodel', 'zpar', 'polyglot', 'scikit-learn-intelex', 'scikit-image', 'pytorch-lightning', 'colibri-core', 'bolt']"
208,category,1406,Comprehensive Categorization: Improper Input Validation,315,91,"['danswerai', 'DIGITS', 'open-webui', 'fastapi', 'bokeh', 'nalp', 'spammy', 'ViZDoom', 'langflow', 'PySyft', 'numpy', 'lightly', 'retro', 'ray', 'pydantic', 'pytensor', 'mlflow', 'pytorch', 'streamlit', 'feast', 'rasa', 'mindsdb', 'superset', 'gradio', 'transformers', 'pattern', 'AutoViz', 'Auto_ViML', 'danswerai', 'DIGITS', 'open-webui', 'fastapi', 'bokeh', 'nalp', 'spammy', 'ViZDoom', 'langflow', 'PySyft', 'numpy', 'lightly', 'retro', 'ray', 'pydantic', 'pytensor', 'mlflow', 'pytorch', 'streamlit', 'feast', 'rasa', 'mindsdb', 'superset', 'gradio', 'transformers', 'pattern', 'AutoViz', 'Auto_ViML', 'danswerai', 'DIGITS', 'open-webui', 'fastapi', 'bokeh', 'nalp', 'spammy', 'ViZDoom', 'langflow', 'PySyft', 'numpy', 'lightly', 'retro', 'ray', 'pydantic', 'pytensor', 'mlflow', 'pytorch', 'streamlit', 'feast', 'rasa', 'mindsdb', 'superset', 'gradio', 'transformers', 'pattern', 'AutoViz', 'Auto_ViML', 'danswerai', 'DIGITS', 'open-webui', 'fastapi', 'bokeh', 'nalp', 'spammy', 'ViZDoom', 'langflow', 'PySyft', 'numpy', 'lightly', 'retro', 'ray', 'pydantic', 'pytensor', 'mlflow', 'pytorch', 'streamlit', 'feast', 'rasa', 'mindsdb', 'superset', 'gradio', 'transformers', 'pattern', 'AutoViz', 'Auto_ViML', 'danswerai', 'DIGITS', 'open-webui', 'fastapi', 'bokeh', 'nalp', 'spammy', 'ViZDoom', 'langflow', 'PySyft', 'numpy', 'lightly', 'retro', 'ray', 'pydantic', 'pytensor', 'mlflow', 'pytorch', 'streamlit', 'feast', 'rasa', 'mindsdb', 'superset', 'gradio', 'transformers', 'pattern', 'AutoViz', 'Auto_ViML']"
209,category,1407,Comprehensive Categorization: Improper Neutralization,42,165,"['couler', 'DIGITS', 'tpot', 'open-webui', 'chainer', 'pybrain', 'deepface', 'statsmodels', 'catboost', 'ggpy', 'dash', 'cornac', 'rgf', 'pyqtgraph', 'tensorflow', 'stellargraph', 'cleanlab', 'numpy', 'FEDOT', 'bytehub', 'PyTorchCV', 'segmentation_models', 'pebl', 'machine-learning', 'deeppy', 'bigartm', 'scikit-multiflow', 'recommenders', 'seaborn', 'nupic.studio', 'vigra', 'gan', 'python-timbl', 'notebook', 'pyod', 'catalyst', 'rockpool', 'mars', 'mlflow', 'metric-learn', 'lambdo', 'pytorch', 'zpar', 'streamlit', 'alibi', 'annoy', 'feast', 'bowtie', 'scikit-image', 'mist', 'DeepPavlov', 'breze', 'superset', 'imbalanced-ensemble', 'alibi-detect', 'mindsdb', 'xlearn', 'snips-nlu', 'transformers', 'lifelines', 'ColossalAI', 'DI-engine', 'couler', 'DIGITS', 'tpot', 'open-webui', 'chainer', 'pybrain', 'deepface', 'statsmodels', 'catboost', 'ggpy', 'dash', 'cornac', 'rgf', 'pyqtgraph', 'tensorflow', 'stellargraph', 'cleanlab', 'numpy', 'FEDOT', 'bytehub', 'PyTorchCV', 'segmentation_models', 'pebl', 'machine-learning', 'deeppy', 'bigartm', 'scikit-multiflow', 'recommenders', 'seaborn', 'nupic.studio', 'vigra', 'gan', 'python-timbl', 'notebook', 'pyod', 'catalyst', 'rockpool', 'mars', 'mlflow', 'metric-learn', 'lambdo', 'pytorch', 'zpar', 'streamlit', 'alibi', 'annoy', 'feast', 'bowtie', 'scikit-image', 'mist', 'DeepPavlov', 'breze', 'superset', 'imbalanced-ensemble', 'alibi-detect', 'mindsdb', 'xlearn', 'snips-nlu', 'transformers', 'lifelines', 'ColossalAI', 'DI-engine', 'couler', 'DIGITS', 'tpot', 'open-webui', 'chainer', 'pybrain', 'deepface', 'statsmodels', 'catboost', 'ggpy', 'dash', 'cornac', 'rgf', 'pyqtgraph', 'tensorflow', 'stellargraph', 'cleanlab', 'numpy', 'FEDOT', 'bytehub', 'PyTorchCV', 'segmentation_models', 'pebl', 'machine-learning', 'deeppy', 'bigartm', 'scikit-multiflow', 'recommenders', 'seaborn', 'nupic.studio', 'vigra', 'gan', 'python-timbl', 'notebook', 'pyod', 'catalyst', 'rockpool', 'mars', 'mlflow', 'metric-learn', 'lambdo', 'pytorch', 'zpar', 'streamlit', 'alibi', 'annoy', 'feast', 'bowtie', 'scikit-image', 'mist', 'DeepPavlov', 'breze', 'superset', 'imbalanced-ensemble', 'alibi-detect', 'mindsdb', 'xlearn', 'snips-nlu', 'transformers', 'lifelines', 'ColossalAI', 'DI-engine']"
210,category,1409,Comprehensive Categorization: Injection,187,7955,"['feast', 'DIGITS', 'superset', 'dl-translate', 'DI-engine', 'ray', 'danswerai', 'DIGITS', 'shogun', 'Spearmint', 'rep', 'open-webui', 'bokeh', 'determined', 'deeplake', 'blaze', 'statsmodels', 'xgboost', 'catboost', 'typer', 'dash', 'open-metric-learning', 'detectron2', 'nilearn', 'matplotlib', 'langflow', 'pyqtgraph', 'bentoml', 'tensorflow', 'altair', 'aim', 'numpy', 'mlens', 'retro', 'pynlpl', 'pytorch-image-models', 'deeppy', 'bigartm', 'gensim', 'ray', 'skll', 'PyStanfordDependencies', 'pydantic', 'zipline', 'mars', 'catalyst', 'jax', 'mlflow', 'pytorch', 'streamlit', 'rasa', 'cortex', 'mist', 'scikit-learn-intelex', 'scikit-image', 'loso', 'mindsdb', 'superset', 'pytorch-lightning', 'gradio', 'transformers', 'DI-engine', 'ViZDoom', 'neuraltalk', 'colibri-core', 'danswerai', 'DIGITS', 'shogun', 'Spearmint', 'rep', 'open-webui', 'bokeh', 'determined', 'deeplake', 'blaze', 'statsmodels', 'xgboost', 'catboost', 'typer', 'dash', 'open-metric-learning', 'detectron2', 'nilearn', 'matplotlib', 'langflow', 'pyqtgraph', 'bentoml', 'tensorflow', 'altair', 'aim', 'numpy', 'mlens', 'retro', 'pynlpl', 'pytorch-image-models', 'deeppy', 'bigartm', 'gensim', 'ray', 'skll', 'PyStanfordDependencies', 'pydantic', 'zipline', 'mars', 'catalyst', 'jax', 'mlflow', 'pytorch', 'streamlit', 'rasa', 'cortex', 'mist', 'scikit-learn-intelex', 'scikit-image', 'loso', 'mindsdb', 'superset', 'pytorch-lightning', 'gradio', 'transformers', 'DI-engine', 'ViZDoom', 'neuraltalk', 'colibri-core', 'couler', 'DIGITS', 'tpot', 'open-webui', 'chainer', 'pybrain', 'statsmodels', 'catboost', 'ggpy', 'dash', 'cornac', 'rgf', 'pyqtgraph', 'tensorflow', 'stellargraph', 'cleanlab', 'numpy', 'FEDOT', 'bytehub', 'segmentation_models', 'pebl', 'deeppy', 'bigartm', 'scikit-multiflow', 'recommenders', 'seaborn', 'nupic.studio', 'vigra', 'gan', 'python-timbl', 'notebook', 'pyod', 'catalyst', 'rockpool', 'metric-learn', 'lambdo', 'pytorch', 'zpar', 'streamlit', 'alibi', 'annoy', 'mist', 'scikit-image', 'DeepPavlov', 'breze', 'superset', 'imbalanced-ensemble', 'alibi-detect', 'mindsdb', 'xlearn', 'snips-nlu', 'lifelines', 'ColossalAI', 'DI-engine', 'couler', 'DIGITS', 'tpot', 'open-webui', 'chainer', 'pybrain', 'statsmodels', 'catboost', 'ggpy', 'dash', 'cornac', 'rgf', 'pyqtgraph', 'tensorflow', 'stellargraph', 'cleanlab', 'numpy', 'FEDOT', 'bytehub', 'segmentation_models', 'pebl', 'deeppy', 'bigartm', 'scikit-multiflow', 'recommenders', 'seaborn', 'nupic.studio', 'vigra', 'gan', 'python-timbl', 'notebook', 'pyod', 'catalyst', 'rockpool', 'metric-learn', 'lambdo', 'pytorch', 'zpar', 'streamlit', 'alibi', 'annoy', 'mist', 'scikit-image', 'DeepPavlov', 'breze', 'superset', 'imbalanced-ensemble', 'alibi-detect', 'mindsdb', 'xlearn', 'snips-nlu', 'lifelines', 'ColossalAI', 'DI-engine', 'tpot', 'neural-style-pt', 'chainer', 'skorch', 'pybrain', 'bokeh', 'autogluon', 'pytorch_geometric', 'pkuseg-python', 'open-metric-learning', 'detectron2', 'nilearn', 'mljar-supervised', 'altair', 'pyqtgraph', 'bentoml', 'caffe', 'river', 'numpy', 'CompreFace', 'FEDOT', 'sktime', 'PyTorchCV', 'pytorch-image-models', 'pebl', 'bigartm', 'BioPy', 'python-timbl', 'lightwood', 'mlx', 'zipline', 'pgmpy', 'Petrel', 'mlflow', 'DrQA', 'Parris', 'scikit-learn', 'pytorch', 'SynapseML', 'superset', 'transformers', 'ColossalAI', 'vispy', 'joliGEN', 'danswerai', 'shogun', 'Spearmint', 'xgboost', 'rosetta', 'catboost', 'dash', 'tesseract', 'stellargraph', 'maze', 'cleanlab', 'lightly', 'pymc', 'scikit-opt', 'deeppy', 'Gymnasium', 'skll', 'emcee', 'vigra', 'dtaidistance', 'mars', 'neuraltalk2', 'jax', 'scikit-survival', 'pytorch-frame', 'streamlit', 'mlxtend', 'cortex', 'DeepPavlov', 'alibi-detect', 'gradio', 'xlearn', 'langfuse', 'DI-engine', 'pyss3', 'DIGITS', 'LightGBM', 'CoreNLP', 'yalign', 'determined', 'deeplake', 'blaze', 'somoclu', 'xcessiv', 'matplotlib', 'tensorflow', 'PySyft', 'haystack', 'mlens', 'retro', 'machine-learning', 'gensim', 'neuropredict', 'feast', 'rasa', 'loso', 'lab', 'mindsdb', 'dowel', 'nut', 'retinaface', 'ViZDoom', 'neuraltalk', 'optuna', 'open-webui', 'NeuroNER', 'deepface', 'statsmodels', 'jProcessing', 'typer', 'python-recsys', 'textacy', 'ggpy', 'cornac', 'spaCy', 'langflow', 'igel', 'keras-tuner', 'Metaworld', 'aim', 'pynlpl', 'ray', 'cltk', 'recommenders', 'seaborn', 'evidently', 'deepchecks', 'garage', 'hebel', 'jieba', 'catalyst', 'pytensor', 'lambdo', 'prodmodel', 'zpar', 'polyglot', 'scikit-learn-intelex', 'scikit-image', 'pytorch-lightning', 'colibri-core', 'bolt', 'cornac', 'feast', 'bowtie', 'DIGITS', 'mindsdb', 'mars', 'deepface', 'mlflow', 'PyTorchCV', 'machine-learning', 'danswerai', 'feast', 'rasa', 'DeepPavlov', 'open-webui', 'mindsdb', 'determined', 'deeplake', 'mlflow', 'machine-learning']"
211,category,1412,Comprehensive Categorization: Poor Coding Practices,8,6,"['caffe', 'CompreFace', 'bokeh', 'xcessiv', 'face_recognition']"
212,category,1415,Comprehensive Categorization: Resource Control,17,696,"['neural-style-pt', 'chainer', 'skorch', 'pybrain', 'bokeh', 'neurolab', 'autogluon', 'pytorch_geometric', 'face_recognition', 'pkuseg-python', 'open-metric-learning', 'detectron2', 'mljar-supervised', 'pyqtgraph', 'bentoml', 'caffe', 'river', 'numpy', 'FEDOT', 'opfython', 'PyTorchCV', 'pytorch-image-models', 'pebl', 'bigartm', 'lightwood', 'zipline', 'Petrel', 'mlflow', 'DrQA', 'scikit-learn', 'pytorch', 'TResNet', 'segmentation_models.pytorch', 'shapash', 'transformers', 'ColossalAI', 'joliGEN', 'simpleai', 'xgboost', 'catboost', 'maze', 'cleanlab', 'lightly', 'deeppy', 'chefboost', 'opytimizer', 'skll', 'pytorch_geometric_temporal', 'dl-translate', 'mars', 'evostra', 'pytorch-frame', 'streamlit', 'mlxtend', 'DeepPavlov', 'snownlp', 'alibi-detect', 'Sklearn-genetic-opt', 'DI-engine', 'lightning-bolts', 'DIGITS', 'rep', 'LightGBM', 'yalign', 'determined', 'miraiml', 'matplotlib', 'tensorflow', 'haystack', 'mlens', 'machine-learning', 'neuropredict', 'frouros', 'feast', 'rasa', 'loso', 'mindsdb', 'nut', 'ViZDoom', 'neuraltalk', 'sentiment_classifier', 'NeuroNER', 'deepface', 'statsmodels', 'jProcessing', 'dedupe', 'python-recsys', 'cornac', 'eurybia', 'igel', 'keras-tuner', 'backprop', 'ray', 'cltk', 'recommenders', 'sentiment-analyzer', 'evidently', 'deepchecks', 'garage', 'hebel', 'jieba', 'pyod', 'catalyst', 'pytensor', 'lambdo', 'tflearn', 'prodmodel', 'zpar', 'polyglot', 'alibi', 'scikit-learn-intelex', 'pytorch-lightning', 'bolt', 'PCV']"
213,category,1416,Comprehensive Categorization: Resource Lifecycle Management,72,651,"['danswerai', 'DIGITS', 'LightGBM', 'open-webui', 'CoreNLP', 'chainer', 'bokeh', 'determined', 'blaze', 'xgboost', 'catboost', 'jProcessing', 'typer', 'dash', 'ViZDoom', 'langflow', 'pyqtgraph', 'bentoml', 'caffe', 'tensorflow', 'numpy', 'haystack', 'pymc', 'PyTorchCV', 'retro', 'pebl', 'bigartm', 'gensim', 'ray', 'skll', 'emcee', 'vigra', 'deepchecks', 'pgmpy', 'pydantic', 'zipline', 'mars', 'jax', 'mlflow', 'DrQA', 'lambdo', 'scikit-learn', 'zpar', 'streamlit', 'pytorch', 'cortex', 'scikit-learn-intelex', 'DeepPavlov', 'mindsdb', 'pytorch-lightning', 'gradio', 'dirty_cat', 'xlearn', 'transformers', 'ColossalAI', 'vispy', 'pattern', 'DI-engine', 'pyss3', 'lightning-bolts', 'danswerai', 'DIGITS', 'LightGBM', 'open-webui', 'CoreNLP', 'chainer', 'bokeh', 'determined', 'blaze', 'xgboost', 'catboost', 'jProcessing', 'typer', 'dash', 'ViZDoom', 'langflow', 'pyqtgraph', 'bentoml', 'caffe', 'tensorflow', 'numpy', 'haystack', 'pymc', 'PyTorchCV', 'retro', 'pebl', 'bigartm', 'gensim', 'ray', 'skll', 'emcee', 'vigra', 'deepchecks', 'pgmpy', 'pydantic', 'zipline', 'mars', 'jax', 'mlflow', 'DrQA', 'lambdo', 'scikit-learn', 'zpar', 'streamlit', 'pytorch', 'rasa', 'cortex', 'scikit-learn-intelex', 'DeepPavlov', 'mindsdb', 'pytorch-lightning', 'gradio', 'dirty_cat', 'xlearn', 'transformers', 'ColossalAI', 'vispy', 'pattern', 'DI-engine', 'pyss3', 'lightning-bolts', 'danswerai', 'DIGITS', 'LightGBM', 'open-webui', 'CoreNLP', 'chainer', 'bokeh', 'determined', 'blaze', 'xgboost', 'catboost', 'jProcessing', 'typer', 'dash', 'ViZDoom', 'langflow', 'pyqtgraph', 'bentoml', 'caffe', 'tensorflow', 'numpy', 'haystack', 'pymc', 'PyTorchCV', 'retro', 'pebl', 'bigartm', 'gensim', 'ray', 'skll', 'emcee', 'vigra', 'deepchecks', 'pgmpy', 'pydantic', 'zipline', 'mars', 'jax', 'mlflow', 'DrQA', 'lambdo', 'scikit-learn', 'zpar', 'streamlit', 'pytorch', 'cortex', 'scikit-learn-intelex', 'DeepPavlov', 'mindsdb', 'pytorch-lightning', 'gradio', 'dirty_cat', 'xlearn', 'transformers', 'ColossalAI', 'vispy', 'pattern', 'DI-engine', 'pyss3', 'lightning-bolts', 'danswerai', 'DIGITS', 'LightGBM', 'open-webui', 'CoreNLP', 'chainer', 'bokeh', 'determined', 'blaze', 'xgboost', 'catboost', 'jProcessing', 'typer', 'dash', 'ViZDoom', 'langflow', 'pyqtgraph', 'bentoml', 'caffe', 'tensorflow', 'numpy', 'haystack', 'pymc', 'PyTorchCV', 'retro', 'pebl', 'bigartm', 'gensim', 'ray', 'skll', 'emcee', 'vigra', 'deepchecks', 'pgmpy', 'pydantic', 'zipline', 'mars', 'jax', 'mlflow', 'DrQA', 'lambdo', 'scikit-learn', 'zpar', 'streamlit', 'pytorch', 'rasa', 'cortex', 'scikit-learn-intelex', 'DeepPavlov', 'mindsdb', 'pytorch-lightning', 'gradio', 'dirty_cat', 'xlearn', 'transformers', 'ColossalAI', 'vispy', 'pattern', 'DI-engine', 'pyss3', 'lightning-bolts', 'danswerai', 'DIGITS', 'LightGBM', 'open-webui', 'CoreNLP', 'chainer', 'bokeh', 'determined', 'blaze', 'xgboost', 'catboost', 'jProcessing', 'typer', 'dash', 'ViZDoom', 'langflow', 'pyqtgraph', 'bentoml', 'caffe', 'tensorflow', 'numpy', 'haystack', 'pymc', 'PyTorchCV', 'retro', 'pebl', 'bigartm', 'gensim', 'ray', 'skll', 'emcee', 'vigra', 'deepchecks', 'pgmpy', 'pydantic', 'zipline', 'mars', 'jax', 'mlflow', 'DrQA', 'lambdo', 'scikit-learn', 'zpar', 'streamlit', 'pytorch', 'rasa', 'cortex', 'scikit-learn-intelex', 'DeepPavlov', 'mindsdb', 'pytorch-lightning', 'gradio', 'dirty_cat', 'xlearn', 'transformers', 'ColossalAI', 'vispy', 'pattern', 'DI-engine', 'pyss3', 'lightning-bolts']"
214,category,1417,Comprehensive Categorization: Sensitive Information Exposure,97,371,"['LightGBM', 'bokeh', 'determined', 'catboost', 'pytorch_geometric', 'open-metric-learning', 'detectron2', 'spaCy', 'langflow', 'bentoml', 'aim', 'sinabs', 'ray', 'gan', 'jax', 'mlflow', 'streamlit', 'pytorch-lightning', 'gradio', 'transformers', 'ColossalAI', 'pyss3', 'danswerai', 'feast', 'DIGITS', 'langflow', 'open-webui', 'PySyft', 'superset', 'mindsdb', 'gradio', 'aim', 'deepface', 'blaze', 'mlflow', 'ColossalAI', 'joliGEN', 'machine-learning', 'dash', 'ray', 'danswerai', 'feast', 'DIGITS', 'langflow', 'open-webui', 'PySyft', 'superset', 'mindsdb', 'gradio', 'aim', 'deepface', 'blaze', 'mlflow', 'ColossalAI', 'joliGEN', 'machine-learning', 'dash', 'ray', 'caffe', 'CompreFace', 'bokeh', 'xcessiv', 'face_recognition', 'danswerai', 'feast', 'cortex', 'Neural', 'langflow', 'bentoml', 'open-webui', 'mindsdb', 'gradio', 'bokeh', 'determined', 'deepface', 'mlflow', 'comet-llm', 'pattern', 'typer', 'ray', 'danswerai', 'feast', 'cortex', 'Neural', 'langflow', 'bentoml', 'open-webui', 'mindsdb', 'gradio', 'bokeh', 'determined', 'deepface', 'mlflow', 'comet-llm', 'pattern', 'typer', 'ray', 'danswerai', 'feast', 'cortex', 'langflow', 'open-webui', 'gradio', 'bokeh', 'determined', 'deepface', 'mlflow', 'comet-llm', 'pattern', 'typer', 'ray']"
215,category,1436,OWASP Top Ten 2025 Category A01:2025 - Broken Access Control,164,21404,"['LightGBM', 'bokeh', 'determined', 'catboost', 'pytorch_geometric', 'open-metric-learning', 'detectron2', 'spaCy', 'langflow', 'bentoml', 'aim', 'sinabs', 'ray', 'gan', 'jax', 'mlflow', 'streamlit', 'pytorch-lightning', 'gradio', 'transformers', 'ColossalAI', 'pyss3', 'danswerai', 'feast', 'DIGITS', 'langflow', 'open-webui', 'PySyft', 'superset', 'mindsdb', 'gradio', 'aim', 'deepface', 'blaze', 'mlflow', 'ColossalAI', 'joliGEN', 'machine-learning', 'dash', 'ray', 'DIGITS', 'langflow', 'mindsdb', 'superset', 'face_recognition', 'danswerai', 'DIGITS', 'rep', 'open-webui', 'determined', 'deepface', 'upgini', 'matplotlib', 'langflow', 'keras-tuner', 'numpy', 'lightly', 'machine-learning', 'ray', 'mlflow', 'tflearn', 'pytorch-frame', 'streamlit', 'rasa', 'cortex', 'scikit-image', 'DeepPavlov', 'mindsdb', 'gradio', 'transformers', 'ColossalAI', 'tpot', 'neural-style-pt', 'chainer', 'skorch', 'pybrain', 'bokeh', 'autogluon', 'pytorch_geometric', 'pkuseg-python', 'open-metric-learning', 'detectron2', 'nilearn', 'mljar-supervised', 'altair', 'pyqtgraph', 'bentoml', 'caffe', 'river', 'numpy', 'CompreFace', 'FEDOT', 'sktime', 'PyTorchCV', 'pytorch-image-models', 'pebl', 'bigartm', 'BioPy', 'python-timbl', 'lightwood', 'mlx', 'zipline', 'pgmpy', 'Petrel', 'mlflow', 'DrQA', 'Parris', 'scikit-learn', 'pytorch', 'SynapseML', 'superset', 'transformers', 'ColossalAI', 'vispy', 'joliGEN', 'danswerai', 'shogun', 'Spearmint', 'xgboost', 'rosetta', 'catboost', 'dash', 'tesseract', 'stellargraph', 'maze', 'cleanlab', 'lightly', 'pymc', 'scikit-opt', 'deeppy', 'Gymnasium', 'skll', 'emcee', 'vigra', 'dtaidistance', 'mars', 'neuraltalk2', 'jax', 'scikit-survival', 'pytorch-frame', 'streamlit', 'mlxtend', 'cortex', 'DeepPavlov', 'alibi-detect', 'gradio', 'xlearn', 'langfuse', 'DI-engine', 'pyss3', 'DIGITS', 'LightGBM', 'CoreNLP', 'yalign', 'determined', 'deeplake', 'blaze', 'somoclu', 'xcessiv', 'matplotlib', 'tensorflow', 'PySyft', 'haystack', 'mlens', 'retro', 'machine-learning', 'gensim', 'neuropredict', 'feast', 'rasa', 'loso', 'lab', 'mindsdb', 'dowel', 'nut', 'retinaface', 'ViZDoom', 'neuraltalk', 'optuna', 'open-webui', 'NeuroNER', 'deepface', 'statsmodels', 'jProcessing', 'typer', 'python-recsys', 'textacy', 'ggpy', 'cornac', 'spaCy', 'langflow', 'igel', 'keras-tuner', 'Metaworld', 'aim', 'pynlpl', 'ray', 'cltk', 'recommenders', 'seaborn', 'evidently', 'deepchecks', 'garage', 'hebel', 'jieba', 'catalyst', 'pytensor', 'lambdo', 'prodmodel', 'zpar', 'polyglot', 'scikit-learn-intelex', 'scikit-image', 'pytorch-lightning', 'colibri-core', 'bolt', 'tpot', 'neural-style-pt', 'chainer', 'skorch', 'pybrain', 'bokeh', 'autogluon', 'pytorch_geometric', 'pkuseg-python', 'open-metric-learning', 'detectron2', 'nilearn', 'mljar-supervised', 'altair', 'pyqtgraph', 'bentoml', 'caffe', 'river', 'numpy', 'CompreFace', 'FEDOT', 'sktime', 'PyTorchCV', 'pytorch-image-models', 'pebl', 'bigartm', 'BioPy', 'python-timbl', 'lightwood', 'mlx', 'zipline', 'pgmpy', 'Petrel', 'mlflow', 'DrQA', 'Parris', 'scikit-learn', 'pytorch', 'SynapseML', 'superset', 'transformers', 'ColossalAI', 'vispy', 'joliGEN', 'danswerai', 'shogun', 'Spearmint', 'xgboost', 'rosetta', 'catboost', 'dash', 'tesseract', 'stellargraph', 'maze', 'cleanlab', 'lightly', 'pymc', 'scikit-opt', 'deeppy', 'Gymnasium', 'skll', 'emcee', 'vigra', 'dtaidistance', 'mars', 'neuraltalk2', 'jax', 'scikit-survival', 'pytorch-frame', 'streamlit', 'mlxtend', 'cortex', 'DeepPavlov', 'alibi-detect', 'gradio', 'xlearn', 'langfuse', 'DI-engine', 'pyss3', 'DIGITS', 'LightGBM', 'CoreNLP', 'yalign', 'determined', 'deeplake', 'blaze', 'somoclu', 'xcessiv', 'matplotlib', 'tensorflow', 'PySyft', 'haystack', 'mlens', 'retro', 'machine-learning', 'gensim', 'neuropredict', 'feast', 'rasa', 'loso', 'lab', 'mindsdb', 'dowel', 'nut', 'retinaface', 'ViZDoom', 'neuraltalk', 'optuna', 'open-webui', 'NeuroNER', 'deepface', 'statsmodels', 'jProcessing', 'typer', 'python-recsys', 'textacy', 'ggpy', 'cornac', 'spaCy', 'langflow', 'igel', 'keras-tuner', 'Metaworld', 'aim', 'pynlpl', 'ray', 'cltk', 'recommenders', 'seaborn', 'evidently', 'deepchecks', 'garage', 'hebel', 'jieba', 'catalyst', 'pytensor', 'lambdo', 'prodmodel', 'zpar', 'polyglot', 'scikit-learn-intelex', 'scikit-image', 'pytorch-lightning', 'colibri-core', 'bolt', 'tpot', 'neural-style-pt', 'chainer', 'skorch', 'pybrain', 'bokeh', 'autogluon', 'pytorch_geometric', 'pkuseg-python', 'open-metric-learning', 'detectron2', 'nilearn', 'mljar-supervised', 'altair', 'pyqtgraph', 'bentoml', 'caffe', 'river', 'numpy', 'CompreFace', 'FEDOT', 'sktime', 'PyTorchCV', 'pytorch-image-models', 'pebl', 'bigartm', 'BioPy', 'python-timbl', 'lightwood', 'mlx', 'zipline', 'pgmpy', 'Petrel', 'mlflow', 'DrQA', 'Parris', 'scikit-learn', 'pytorch', 'SynapseML', 'superset', 'transformers', 'ColossalAI', 'vispy', 'joliGEN', 'danswerai', 'shogun', 'Spearmint', 'xgboost', 'rosetta', 'catboost', 'dash', 'tesseract', 'stellargraph', 'maze', 'cleanlab', 'lightly', 'pymc', 'scikit-opt', 'deeppy', 'Gymnasium', 'skll', 'emcee', 'vigra', 'dtaidistance', 'mars', 'neuraltalk2', 'jax', 'scikit-survival', 'pytorch-frame', 'streamlit', 'mlxtend', 'cortex', 'DeepPavlov', 'alibi-detect', 'gradio', 'xlearn', 'langfuse', 'DI-engine', 'pyss3', 'DIGITS', 'LightGBM', 'CoreNLP', 'yalign', 'determined', 'deeplake', 'blaze', 'somoclu', 'xcessiv', 'matplotlib', 'tensorflow', 'PySyft', 'haystack', 'mlens', 'retro', 'machine-learning', 'gensim', 'neuropredict', 'feast', 'rasa', 'loso', 'lab', 'mindsdb', 'dowel', 'nut', 'retinaface', 'ViZDoom', 'neuraltalk', 'optuna', 'open-webui', 'NeuroNER', 'deepface', 'statsmodels', 'jProcessing', 'typer', 'python-recsys', 'textacy', 'ggpy', 'cornac', 'spaCy', 'langflow', 'igel', 'keras-tuner', 'Metaworld', 'aim', 'pynlpl', 'ray', 'cltk', 'recommenders', 'seaborn', 'evidently', 'deepchecks', 'garage', 'hebel', 'jieba', 'catalyst', 'pytensor', 'lambdo', 'prodmodel', 'zpar', 'polyglot', 'scikit-learn-intelex', 'scikit-image', 'pytorch-lightning', 'colibri-core', 'bolt', 'danswerai', 'feast', 'cortex', 'Neural', 'langflow', 'bentoml', 'open-webui', 'mindsdb', 'gradio', 'bokeh', 'determined', 'deepface', 'mlflow', 'comet-llm', 'pattern', 'typer', 'ray', 'danswerai', 'feast', 'cortex', 'Neural', 'langflow', 'bentoml', 'open-webui', 'mindsdb', 'gradio', 'bokeh', 'determined', 'deepface', 'mlflow', 'comet-llm', 'pattern', 'typer', 'ray', 'rasa', 'shogun', 'bentoml', 'tensorflow', 'pytorch', 'mindsdb', 'python-timbl', 'nut', 'lightly', 'transformers', 'DI-engine', 'gensim']"
216,category,1437,OWASP Top Ten 2025 Category A02:2025 - Security Misconfiguration,21,22,"['DIGITS', 'DIGITS', 'caffe', 'CompreFace', 'bokeh', 'xcessiv', 'face_recognition', 'feast', 'Neural', 'bentoml', 'langflow', 'mindsdb', 'gradio', 'mlflow', 'ray']"
217,category,1439,OWASP Top Ten 2025 Category A04:2025 - Cryptographic Failures,97,37,"['streamlit', 'danswerai', 'couler', 'langflow', 'open-webui', 'gradio', 'lightly', 'mars', 'determined', 'mlflow', 'streamlit', 'danswerai', 'couler', 'langflow', 'gradio', 'mars', 'determined', 'mlflow', 'streamlit', 'danswerai', 'couler', 'langflow', 'gradio', 'mars', 'determined', 'mlflow', 'streamlit', 'danswerai', 'couler', 'langflow', 'open-webui', 'gradio', 'lightly', 'mars', 'determined', 'mlflow', 'streamlit', 'danswerai', 'couler', 'langflow', 'open-webui', 'gradio', 'lightly', 'mars', 'determined', 'mlflow']"
218,category,1440,OWASP Top Ten 2025 Category A05:2025 - Injection,580,8209,"['danswerai', 'DIGITS', 'open-webui', 'fastapi', 'bokeh', 'nalp', 'spammy', 'ViZDoom', 'langflow', 'PySyft', 'numpy', 'lightly', 'retro', 'ray', 'pydantic', 'pytensor', 'mlflow', 'pytorch', 'streamlit', 'feast', 'rasa', 'mindsdb', 'superset', 'gradio', 'transformers', 'pattern', 'AutoViz', 'Auto_ViML', 'danswerai', 'DIGITS', 'open-webui', 'fastapi', 'bokeh', 'nalp', 'spammy', 'ViZDoom', 'langflow', 'PySyft', 'numpy', 'lightly', 'retro', 'ray', 'pydantic', 'pytensor', 'mlflow', 'pytorch', 'streamlit', 'feast', 'rasa', 'mindsdb', 'superset', 'gradio', 'transformers', 'pattern', 'AutoViz', 'Auto_ViML', 'feast', 'DIGITS', 'superset', 'dl-translate', 'DI-engine', 'ray', 'danswerai', 'DIGITS', 'shogun', 'Spearmint', 'rep', 'open-webui', 'bokeh', 'determined', 'deeplake', 'blaze', 'statsmodels', 'xgboost', 'catboost', 'typer', 'dash', 'open-metric-learning', 'detectron2', 'nilearn', 'matplotlib', 'langflow', 'pyqtgraph', 'bentoml', 'tensorflow', 'altair', 'aim', 'numpy', 'mlens', 'retro', 'pynlpl', 'pytorch-image-models', 'deeppy', 'bigartm', 'gensim', 'ray', 'skll', 'PyStanfordDependencies', 'pydantic', 'zipline', 'mars', 'catalyst', 'jax', 'mlflow', 'pytorch', 'streamlit', 'rasa', 'cortex', 'mist', 'scikit-learn-intelex', 'scikit-image', 'loso', 'mindsdb', 'superset', 'pytorch-lightning', 'gradio', 'transformers', 'DI-engine', 'ViZDoom', 'neuraltalk', 'colibri-core', 'danswerai', 'DIGITS', 'shogun', 'Spearmint', 'rep', 'open-webui', 'bokeh', 'determined', 'deeplake', 'blaze', 'statsmodels', 'xgboost', 'catboost', 'typer', 'dash', 'open-metric-learning', 'detectron2', 'nilearn', 'matplotlib', 'langflow', 'pyqtgraph', 'bentoml', 'tensorflow', 'altair', 'aim', 'numpy', 'mlens', 'retro', 'pynlpl', 'pytorch-image-models', 'deeppy', 'bigartm', 'gensim', 'ray', 'skll', 'PyStanfordDependencies', 'pydantic', 'zipline', 'mars', 'catalyst', 'jax', 'mlflow', 'pytorch', 'streamlit', 'rasa', 'cortex', 'mist', 'scikit-learn-intelex', 'scikit-image', 'loso', 'mindsdb', 'superset', 'pytorch-lightning', 'gradio', 'transformers', 'DI-engine', 'ViZDoom', 'neuraltalk', 'colibri-core', 'couler', 'DIGITS', 'tpot', 'open-webui', 'chainer', 'pybrain', 'statsmodels', 'catboost', 'ggpy', 'dash', 'cornac', 'rgf', 'pyqtgraph', 'tensorflow', 'stellargraph', 'cleanlab', 'numpy', 'FEDOT', 'bytehub', 'segmentation_models', 'pebl', 'deeppy', 'bigartm', 'scikit-multiflow', 'recommenders', 'seaborn', 'nupic.studio', 'vigra', 'gan', 'python-timbl', 'notebook', 'pyod', 'catalyst', 'rockpool', 'metric-learn', 'lambdo', 'pytorch', 'zpar', 'streamlit', 'alibi', 'annoy', 'mist', 'scikit-image', 'DeepPavlov', 'breze', 'superset', 'imbalanced-ensemble', 'alibi-detect', 'mindsdb', 'xlearn', 'snips-nlu', 'lifelines', 'ColossalAI', 'DI-engine', 'couler', 'DIGITS', 'tpot', 'open-webui', 'chainer', 'pybrain', 'statsmodels', 'catboost', 'ggpy', 'dash', 'cornac', 'rgf', 'pyqtgraph', 'tensorflow', 'stellargraph', 'cleanlab', 'numpy', 'FEDOT', 'bytehub', 'segmentation_models', 'pebl', 'deeppy', 'bigartm', 'scikit-multiflow', 'recommenders', 'seaborn', 'nupic.studio', 'vigra', 'gan', 'python-timbl', 'notebook', 'pyod', 'catalyst', 'rockpool', 'metric-learn', 'lambdo', 'pytorch', 'zpar', 'streamlit', 'alibi', 'annoy', 'mist', 'scikit-image', 'DeepPavlov', 'breze', 'superset', 'imbalanced-ensemble', 'alibi-detect', 'mindsdb', 'xlearn', 'snips-nlu', 'lifelines', 'ColossalAI', 'DI-engine', 'couler', 'DIGITS', 'tpot', 'open-webui', 'chainer', 'pybrain', 'deepface', 'statsmodels', 'catboost', 'ggpy', 'dash', 'cornac', 'rgf', 'pyqtgraph', 'tensorflow', 'stellargraph', 'cleanlab', 'numpy', 'FEDOT', 'bytehub', 'PyTorchCV', 'segmentation_models', 'pebl', 'machine-learning', 'deeppy', 'bigartm', 'scikit-multiflow', 'recommenders', 'seaborn', 'nupic.studio', 'vigra', 'gan', 'python-timbl', 'notebook', 'pyod', 'catalyst', 'rockpool', 'mars', 'mlflow', 'metric-learn', 'lambdo', 'pytorch', 'zpar', 'streamlit', 'alibi', 'annoy', 'feast', 'bowtie', 'scikit-image', 'mist', 'DeepPavlov', 'breze', 'superset', 'imbalanced-ensemble', 'alibi-detect', 'mindsdb', 'xlearn', 'snips-nlu', 'transformers', 'lifelines', 'ColossalAI', 'DI-engine', 'danswerai', 'DIGITS', 'open-webui', 'fastapi', 'bokeh', 'nalp', 'spammy', 'ViZDoom', 'langflow', 'PySyft', 'numpy', 'lightly', 'retro', 'ray', 'pydantic', 'pytensor', 'mlflow', 'pytorch', 'streamlit', 'feast', 'rasa', 'mindsdb', 'superset', 'gradio', 'transformers', 'pattern', 'AutoViz', 'Auto_ViML', 'couler', 'DIGITS', 'tpot', 'open-webui', 'chainer', 'pybrain', 'deepface', 'statsmodels', 'catboost', 'ggpy', 'dash', 'cornac', 'rgf', 'pyqtgraph', 'tensorflow', 'stellargraph', 'cleanlab', 'numpy', 'FEDOT', 'bytehub', 'PyTorchCV', 'segmentation_models', 'pebl', 'machine-learning', 'deeppy', 'bigartm', 'scikit-multiflow', 'recommenders', 'seaborn', 'nupic.studio', 'vigra', 'gan', 'python-timbl', 'notebook', 'pyod', 'catalyst', 'rockpool', 'mars', 'mlflow', 'metric-learn', 'lambdo', 'pytorch', 'zpar', 'streamlit', 'alibi', 'annoy', 'feast', 'bowtie', 'scikit-image', 'mist', 'DeepPavlov', 'breze', 'superset', 'imbalanced-ensemble', 'alibi-detect', 'mindsdb', 'xlearn', 'snips-nlu', 'transformers', 'lifelines', 'ColossalAI', 'DI-engine', 'danswerai', 'DIGITS', 'open-webui', 'fastapi', 'bokeh', 'nalp', 'spammy', 'ViZDoom', 'langflow', 'PySyft', 'numpy', 'lightly', 'retro', 'ray', 'pydantic', 'pytensor', 'mlflow', 'pytorch', 'streamlit', 'feast', 'rasa', 'mindsdb', 'superset', 'gradio', 'transformers', 'pattern', 'AutoViz', 'Auto_ViML', 'danswerai', 'DIGITS', 'open-webui', 'fastapi', 'bokeh', 'nalp', 'spammy', 'ViZDoom', 'langflow', 'PySyft', 'numpy', 'lightly', 'retro', 'ray', 'pydantic', 'pytensor', 'mlflow', 'pytorch', 'streamlit', 'feast', 'rasa', 'mindsdb', 'superset', 'gradio', 'transformers', 'pattern', 'AutoViz', 'Auto_ViML', 'tpot', 'neural-style-pt', 'chainer', 'skorch', 'pybrain', 'bokeh', 'autogluon', 'pytorch_geometric', 'pkuseg-python', 'open-metric-learning', 'detectron2', 'nilearn', 'mljar-supervised', 'altair', 'pyqtgraph', 'bentoml', 'caffe', 'river', 'numpy', 'CompreFace', 'FEDOT', 'sktime', 'PyTorchCV', 'pytorch-image-models', 'pebl', 'bigartm', 'BioPy', 'python-timbl', 'lightwood', 'mlx', 'zipline', 'pgmpy', 'Petrel', 'mlflow', 'DrQA', 'Parris', 'scikit-learn', 'pytorch', 'SynapseML', 'superset', 'transformers', 'ColossalAI', 'vispy', 'joliGEN', 'danswerai', 'shogun', 'Spearmint', 'xgboost', 'rosetta', 'catboost', 'dash', 'tesseract', 'stellargraph', 'maze', 'cleanlab', 'lightly', 'pymc', 'scikit-opt', 'deeppy', 'Gymnasium', 'skll', 'emcee', 'vigra', 'dtaidistance', 'mars', 'neuraltalk2', 'jax', 'scikit-survival', 'pytorch-frame', 'streamlit', 'mlxtend', 'cortex', 'DeepPavlov', 'alibi-detect', 'gradio', 'xlearn', 'langfuse', 'DI-engine', 'pyss3', 'DIGITS', 'LightGBM', 'CoreNLP', 'yalign', 'determined', 'deeplake', 'blaze', 'somoclu', 'xcessiv', 'matplotlib', 'tensorflow', 'PySyft', 'haystack', 'mlens', 'retro', 'machine-learning', 'gensim', 'neuropredict', 'feast', 'rasa', 'loso', 'lab', 'mindsdb', 'dowel', 'nut', 'retinaface', 'ViZDoom', 'neuraltalk', 'optuna', 'open-webui', 'NeuroNER', 'deepface', 'statsmodels', 'jProcessing', 'typer', 'python-recsys', 'textacy', 'ggpy', 'cornac', 'spaCy', 'langflow', 'igel', 'keras-tuner', 'Metaworld', 'aim', 'pynlpl', 'ray', 'cltk', 'recommenders', 'seaborn', 'evidently', 'deepchecks', 'garage', 'hebel', 'jieba', 'catalyst', 'pytensor', 'lambdo', 'prodmodel', 'zpar', 'polyglot', 'scikit-learn-intelex', 'scikit-image', 'pytorch-lightning', 'colibri-core', 'bolt', 'cornac', 'feast', 'bowtie', 'DIGITS', 'mindsdb', 'mars', 'deepface', 'mlflow', 'PyTorchCV', 'machine-learning', 'couler', 'DIGITS', 'tpot', 'open-webui', 'chainer', 'pybrain', 'deepface', 'statsmodels', 'catboost', 'ggpy', 'dash', 'cornac', 'rgf', 'pyqtgraph', 'tensorflow', 'stellargraph', 'cleanlab', 'numpy', 'FEDOT', 'bytehub', 'PyTorchCV', 'segmentation_models', 'pebl', 'machine-learning', 'deeppy', 'bigartm', 'scikit-multiflow', 'recommenders', 'seaborn', 'nupic.studio', 'vigra', 'gan', 'python-timbl', 'notebook', 'pyod', 'catalyst', 'rockpool', 'mars', 'mlflow', 'metric-learn', 'lambdo', 'pytorch', 'zpar', 'streamlit', 'alibi', 'annoy', 'feast', 'bowtie', 'scikit-image', 'mist', 'DeepPavlov', 'breze', 'superset', 'imbalanced-ensemble', 'alibi-detect', 'mindsdb', 'xlearn', 'snips-nlu', 'transformers', 'lifelines', 'ColossalAI', 'DI-engine', 'danswerai', 'feast', 'rasa', 'DeepPavlov', 'open-webui', 'mindsdb', 'determined', 'deeplake', 'mlflow']"
219,category,1441,OWASP Top Ten 2025 Category A06:2025 - Insecure Design,59,7095,"['tpot', 'neural-style-pt', 'chainer', 'skorch', 'pybrain', 'bokeh', 'autogluon', 'pytorch_geometric', 'pkuseg-python', 'open-metric-learning', 'detectron2', 'nilearn', 'mljar-supervised', 'altair', 'pyqtgraph', 'bentoml', 'caffe', 'river', 'numpy', 'CompreFace', 'FEDOT', 'sktime', 'PyTorchCV', 'pytorch-image-models', 'pebl', 'bigartm', 'BioPy', 'python-timbl', 'lightwood', 'mlx', 'zipline', 'pgmpy', 'Petrel', 'mlflow', 'DrQA', 'Parris', 'scikit-learn', 'pytorch', 'SynapseML', 'superset', 'transformers', 'ColossalAI', 'vispy', 'joliGEN', 'danswerai', 'shogun', 'Spearmint', 'xgboost', 'rosetta', 'catboost', 'dash', 'tesseract', 'stellargraph', 'maze', 'cleanlab', 'lightly', 'pymc', 'scikit-opt', 'deeppy', 'Gymnasium', 'skll', 'emcee', 'vigra', 'dtaidistance', 'mars', 'neuraltalk2', 'jax', 'scikit-survival', 'pytorch-frame', 'streamlit', 'mlxtend', 'cortex', 'DeepPavlov', 'alibi-detect', 'gradio', 'xlearn', 'langfuse', 'DI-engine', 'pyss3', 'DIGITS', 'LightGBM', 'CoreNLP', 'yalign', 'determined', 'deeplake', 'blaze', 'somoclu', 'xcessiv', 'matplotlib', 'tensorflow', 'PySyft', 'haystack', 'mlens', 'retro', 'machine-learning', 'gensim', 'neuropredict', 'feast', 'rasa', 'loso', 'lab', 'mindsdb', 'dowel', 'nut', 'retinaface', 'ViZDoom', 'neuraltalk', 'optuna', 'open-webui', 'NeuroNER', 'deepface', 'statsmodels', 'jProcessing', 'typer', 'python-recsys', 'textacy', 'ggpy', 'cornac', 'spaCy', 'langflow', 'igel', 'keras-tuner', 'Metaworld', 'aim', 'pynlpl', 'ray', 'cltk', 'recommenders', 'seaborn', 'evidently', 'deepchecks', 'garage', 'hebel', 'jieba', 'catalyst', 'pytensor', 'lambdo', 'prodmodel', 'zpar', 'polyglot', 'scikit-learn-intelex', 'scikit-image', 'pytorch-lightning', 'colibri-core', 'bolt', 'danswerai', 'feast', 'cortex', 'Neural', 'langflow', 'bentoml', 'open-webui', 'mindsdb', 'gradio', 'bokeh', 'determined', 'deepface', 'mlflow', 'comet-llm', 'pattern', 'typer', 'ray', 'danswerai', 'feast', 'cortex', 'Neural', 'langflow', 'bentoml', 'open-webui', 'mindsdb', 'gradio', 'bokeh', 'determined', 'deepface', 'mlflow', 'comet-llm', 'pattern', 'typer', 'ray']"
220,category,1442,OWASP Top Ten 2025 Category A07:2025 - Authentication Failures,16,1,['ray']
221,category,1443,OWASP Top Ten 2025 Category A08:2025 - Software or Data Integrity Failures,21,696,"['neural-style-pt', 'chainer', 'skorch', 'pybrain', 'bokeh', 'neurolab', 'autogluon', 'pytorch_geometric', 'face_recognition', 'pkuseg-python', 'open-metric-learning', 'detectron2', 'mljar-supervised', 'pyqtgraph', 'bentoml', 'caffe', 'river', 'numpy', 'FEDOT', 'opfython', 'PyTorchCV', 'pytorch-image-models', 'pebl', 'bigartm', 'lightwood', 'zipline', 'Petrel', 'mlflow', 'DrQA', 'scikit-learn', 'pytorch', 'TResNet', 'segmentation_models.pytorch', 'shapash', 'transformers', 'ColossalAI', 'joliGEN', 'simpleai', 'xgboost', 'catboost', 'maze', 'cleanlab', 'lightly', 'deeppy', 'chefboost', 'opytimizer', 'skll', 'pytorch_geometric_temporal', 'dl-translate', 'mars', 'evostra', 'pytorch-frame', 'streamlit', 'mlxtend', 'DeepPavlov', 'snownlp', 'alibi-detect', 'Sklearn-genetic-opt', 'DI-engine', 'lightning-bolts', 'DIGITS', 'rep', 'LightGBM', 'yalign', 'determined', 'miraiml', 'matplotlib', 'tensorflow', 'haystack', 'mlens', 'machine-learning', 'neuropredict', 'frouros', 'feast', 'rasa', 'loso', 'mindsdb', 'nut', 'ViZDoom', 'neuraltalk', 'sentiment_classifier', 'NeuroNER', 'deepface', 'statsmodels', 'jProcessing', 'dedupe', 'python-recsys', 'cornac', 'eurybia', 'igel', 'keras-tuner', 'backprop', 'ray', 'cltk', 'recommenders', 'sentiment-analyzer', 'evidently', 'deepchecks', 'garage', 'hebel', 'jieba', 'pyod', 'catalyst', 'pytensor', 'lambdo', 'tflearn', 'prodmodel', 'zpar', 'polyglot', 'alibi', 'scikit-learn-intelex', 'pytorch-lightning', 'bolt', 'PCV']"
222,category,1444,OWASP Top Ten 2025 Category A09:2025 - Logging & Alerting Failures,9,59,"['danswerai', 'feast', 'cortex', 'langflow', 'open-webui', 'gradio', 'bokeh', 'determined', 'deepface', 'mlflow', 'comet-llm', 'pattern', 'typer', 'ray']"
223,category,1445,OWASP Top Ten 2025 Category A10:2025 - Mishandling of Exceptional Conditions,35,94,"['danswerai', 'feast', 'DIGITS', 'langflow', 'open-webui', 'PySyft', 'superset', 'mindsdb', 'gradio', 'aim', 'deepface', 'blaze', 'mlflow', 'ColossalAI', 'joliGEN', 'machine-learning', 'dash', 'ray', 'caffe', 'CompreFace', 'bokeh', 'xcessiv', 'face_recognition']"
224,category,1447,General Software Weaknesses that Appear in Products that Use or Support AI/ML Technology,229,8560,"['danswerai', 'DIGITS', 'shogun', 'Spearmint', 'rep', 'open-webui', 'bokeh', 'determined', 'deeplake', 'blaze', 'statsmodels', 'xgboost', 'catboost', 'typer', 'dash', 'open-metric-learning', 'detectron2', 'nilearn', 'matplotlib', 'langflow', 'pyqtgraph', 'bentoml', 'tensorflow', 'altair', 'aim', 'numpy', 'mlens', 'retro', 'pynlpl', 'pytorch-image-models', 'deeppy', 'bigartm', 'gensim', 'ray', 'skll', 'PyStanfordDependencies', 'pydantic', 'zipline', 'mars', 'catalyst', 'jax', 'mlflow', 'pytorch', 'streamlit', 'rasa', 'cortex', 'mist', 'scikit-learn-intelex', 'scikit-image', 'loso', 'mindsdb', 'superset', 'pytorch-lightning', 'gradio', 'transformers', 'DI-engine', 'ViZDoom', 'neuraltalk', 'colibri-core', 'couler', 'DIGITS', 'tpot', 'open-webui', 'chainer', 'pybrain', 'statsmodels', 'catboost', 'ggpy', 'dash', 'cornac', 'rgf', 'pyqtgraph', 'tensorflow', 'stellargraph', 'cleanlab', 'numpy', 'FEDOT', 'bytehub', 'segmentation_models', 'pebl', 'deeppy', 'bigartm', 'scikit-multiflow', 'recommenders', 'seaborn', 'nupic.studio', 'vigra', 'gan', 'python-timbl', 'notebook', 'pyod', 'catalyst', 'rockpool', 'metric-learn', 'lambdo', 'pytorch', 'zpar', 'streamlit', 'alibi', 'annoy', 'mist', 'scikit-image', 'DeepPavlov', 'breze', 'superset', 'imbalanced-ensemble', 'alibi-detect', 'mindsdb', 'xlearn', 'snips-nlu', 'lifelines', 'ColossalAI', 'DI-engine', 'couler', 'DIGITS', 'tpot', 'open-webui', 'chainer', 'pybrain', 'statsmodels', 'catboost', 'ggpy', 'dash', 'cornac', 'rgf', 'pyqtgraph', 'tensorflow', 'stellargraph', 'cleanlab', 'numpy', 'FEDOT', 'bytehub', 'segmentation_models', 'pebl', 'deeppy', 'bigartm', 'scikit-multiflow', 'recommenders', 'seaborn', 'nupic.studio', 'vigra', 'gan', 'python-timbl', 'notebook', 'pyod', 'catalyst', 'rockpool', 'metric-learn', 'lambdo', 'pytorch', 'zpar', 'streamlit', 'alibi', 'annoy', 'mist', 'scikit-image', 'DeepPavlov', 'breze', 'superset', 'imbalanced-ensemble', 'alibi-detect', 'mindsdb', 'xlearn', 'snips-nlu', 'lifelines', 'ColossalAI', 'DI-engine', 'couler', 'DIGITS', 'tpot', 'open-webui', 'chainer', 'pybrain', 'deepface', 'statsmodels', 'catboost', 'ggpy', 'dash', 'cornac', 'rgf', 'pyqtgraph', 'tensorflow', 'stellargraph', 'cleanlab', 'numpy', 'FEDOT', 'bytehub', 'PyTorchCV', 'segmentation_models', 'pebl', 'machine-learning', 'deeppy', 'bigartm', 'scikit-multiflow', 'recommenders', 'seaborn', 'nupic.studio', 'vigra', 'gan', 'python-timbl', 'notebook', 'pyod', 'catalyst', 'rockpool', 'mars', 'mlflow', 'metric-learn', 'lambdo', 'pytorch', 'zpar', 'streamlit', 'alibi', 'annoy', 'feast', 'bowtie', 'scikit-image', 'mist', 'DeepPavlov', 'breze', 'superset', 'imbalanced-ensemble', 'alibi-detect', 'mindsdb', 'xlearn', 'snips-nlu', 'transformers', 'lifelines', 'ColossalAI', 'DI-engine', 'neural-style-pt', 'chainer', 'skorch', 'pybrain', 'bokeh', 'neurolab', 'autogluon', 'pytorch_geometric', 'face_recognition', 'pkuseg-python', 'open-metric-learning', 'detectron2', 'mljar-supervised', 'pyqtgraph', 'bentoml', 'caffe', 'river', 'numpy', 'FEDOT', 'opfython', 'PyTorchCV', 'pytorch-image-models', 'pebl', 'bigartm', 'lightwood', 'zipline', 'Petrel', 'mlflow', 'DrQA', 'scikit-learn', 'pytorch', 'TResNet', 'segmentation_models.pytorch', 'shapash', 'transformers', 'ColossalAI', 'joliGEN', 'simpleai', 'xgboost', 'catboost', 'maze', 'cleanlab', 'lightly', 'deeppy', 'chefboost', 'opytimizer', 'skll', 'pytorch_geometric_temporal', 'dl-translate', 'mars', 'evostra', 'pytorch-frame', 'streamlit', 'mlxtend', 'DeepPavlov', 'snownlp', 'alibi-detect', 'Sklearn-genetic-opt', 'DI-engine', 'lightning-bolts', 'DIGITS', 'rep', 'LightGBM', 'yalign', 'determined', 'miraiml', 'matplotlib', 'tensorflow', 'haystack', 'mlens', 'machine-learning', 'neuropredict', 'frouros', 'feast', 'rasa', 'loso', 'mindsdb', 'nut', 'ViZDoom', 'neuraltalk', 'sentiment_classifier', 'NeuroNER', 'deepface', 'statsmodels', 'jProcessing', 'dedupe', 'python-recsys', 'cornac', 'eurybia', 'igel', 'keras-tuner', 'backprop', 'ray', 'cltk', 'recommenders', 'sentiment-analyzer', 'evidently', 'deepchecks', 'garage', 'hebel', 'jieba', 'pyod', 'catalyst', 'pytensor', 'lambdo', 'tflearn', 'prodmodel', 'zpar', 'polyglot', 'alibi', 'scikit-learn-intelex', 'pytorch-lightning', 'bolt', 'PCV', 'danswerai', 'DIGITS', 'rep', 'open-webui', 'determined', 'deepface', 'upgini', 'matplotlib', 'langflow', 'keras-tuner', 'numpy', 'lightly', 'machine-learning', 'ray', 'mlflow', 'tflearn', 'pytorch-frame', 'streamlit', 'rasa', 'cortex', 'scikit-image', 'DeepPavlov', 'mindsdb', 'gradio', 'transformers', 'ColossalAI', 'couler', 'DIGITS', 'tpot', 'open-webui', 'chainer', 'pybrain', 'deepface', 'statsmodels', 'catboost', 'ggpy', 'dash', 'cornac', 'rgf', 'pyqtgraph', 'tensorflow', 'stellargraph', 'cleanlab', 'numpy', 'FEDOT', 'bytehub', 'PyTorchCV', 'segmentation_models', 'pebl', 'machine-learning', 'deeppy', 'bigartm', 'scikit-multiflow', 'recommenders', 'seaborn', 'nupic.studio', 'vigra', 'gan', 'python-timbl', 'notebook', 'pyod', 'catalyst', 'rockpool', 'mars', 'mlflow', 'metric-learn', 'lambdo', 'pytorch', 'zpar', 'streamlit', 'alibi', 'annoy', 'feast', 'bowtie', 'scikit-image', 'mist', 'DeepPavlov', 'breze', 'superset', 'imbalanced-ensemble', 'alibi-detect', 'mindsdb', 'xlearn', 'snips-nlu', 'transformers', 'lifelines', 'ColossalAI', 'DI-engine', 'tpot', 'neural-style-pt', 'chainer', 'skorch', 'pybrain', 'bokeh', 'autogluon', 'pytorch_geometric', 'pkuseg-python', 'open-metric-learning', 'detectron2', 'nilearn', 'mljar-supervised', 'altair', 'pyqtgraph', 'bentoml', 'caffe', 'river', 'numpy', 'CompreFace', 'FEDOT', 'sktime', 'PyTorchCV', 'pytorch-image-models', 'pebl', 'bigartm', 'BioPy', 'python-timbl', 'lightwood', 'mlx', 'zipline', 'pgmpy', 'Petrel', 'mlflow', 'DrQA', 'Parris', 'scikit-learn', 'pytorch', 'SynapseML', 'superset', 'transformers', 'ColossalAI', 'vispy', 'joliGEN', 'danswerai', 'shogun', 'Spearmint', 'xgboost', 'rosetta', 'catboost', 'dash', 'tesseract', 'stellargraph', 'maze', 'cleanlab', 'lightly', 'pymc', 'scikit-opt', 'deeppy', 'Gymnasium', 'skll', 'emcee', 'vigra', 'dtaidistance', 'mars', 'neuraltalk2', 'jax', 'scikit-survival', 'pytorch-frame', 'streamlit', 'mlxtend', 'cortex', 'DeepPavlov', 'alibi-detect', 'gradio', 'xlearn', 'langfuse', 'DI-engine', 'pyss3', 'DIGITS', 'LightGBM', 'CoreNLP', 'yalign', 'determined', 'deeplake', 'blaze', 'somoclu', 'xcessiv', 'matplotlib', 'tensorflow', 'PySyft', 'haystack', 'mlens', 'retro', 'machine-learning', 'gensim', 'neuropredict', 'feast', 'rasa', 'loso', 'lab', 'mindsdb', 'dowel', 'nut', 'retinaface', 'ViZDoom', 'neuraltalk', 'optuna', 'open-webui', 'NeuroNER', 'deepface', 'statsmodels', 'jProcessing', 'typer', 'python-recsys', 'textacy', 'ggpy', 'cornac', 'spaCy', 'langflow', 'igel', 'keras-tuner', 'Metaworld', 'aim', 'pynlpl', 'ray', 'cltk', 'recommenders', 'seaborn', 'evidently', 'deepchecks', 'garage', 'hebel', 'jieba', 'catalyst', 'pytensor', 'lambdo', 'prodmodel', 'zpar', 'polyglot', 'scikit-learn-intelex', 'scikit-image', 'pytorch-lightning', 'colibri-core', 'bolt', 'cornac', 'feast', 'bowtie', 'DIGITS', 'mindsdb', 'mars', 'deepface', 'mlflow', 'PyTorchCV', 'machine-learning', 'couler', 'DIGITS', 'tpot', 'open-webui', 'chainer', 'pybrain', 'deepface', 'statsmodels', 'catboost', 'ggpy', 'dash', 'cornac', 'rgf', 'pyqtgraph', 'tensorflow', 'stellargraph', 'cleanlab', 'numpy', 'FEDOT', 'bytehub', 'PyTorchCV', 'segmentation_models', 'pebl', 'machine-learning', 'deeppy', 'bigartm', 'scikit-multiflow', 'recommenders', 'seaborn', 'nupic.studio', 'vigra', 'gan', 'python-timbl', 'notebook', 'pyod', 'catalyst', 'rockpool', 'mars', 'mlflow', 'metric-learn', 'lambdo', 'pytorch', 'zpar', 'streamlit', 'alibi', 'annoy', 'feast', 'bowtie', 'scikit-image', 'mist', 'DeepPavlov', 'breze', 'superset', 'imbalanced-ensemble', 'alibi-detect', 'mindsdb', 'xlearn', 'snips-nlu', 'transformers', 'lifelines', 'ColossalAI', 'DI-engine']"
225,class,20,Improper Input Validation,23,14056,"['feast', 'DIGITS', 'superset', 'dl-translate', 'DI-engine', 'ray', 'tpot', 'neural-style-pt', 'chainer', 'skorch', 'pybrain', 'bokeh', 'autogluon', 'pytorch_geometric', 'pkuseg-python', 'open-metric-learning', 'detectron2', 'nilearn', 'mljar-supervised', 'altair', 'pyqtgraph', 'bentoml', 'caffe', 'river', 'numpy', 'CompreFace', 'FEDOT', 'sktime', 'PyTorchCV', 'pytorch-image-models', 'pebl', 'bigartm', 'BioPy', 'python-timbl', 'lightwood', 'mlx', 'zipline', 'pgmpy', 'Petrel', 'mlflow', 'DrQA', 'Parris', 'scikit-learn', 'pytorch', 'SynapseML', 'superset', 'transformers', 'ColossalAI', 'vispy', 'joliGEN', 'danswerai', 'shogun', 'Spearmint', 'xgboost', 'rosetta', 'catboost', 'dash', 'tesseract', 'stellargraph', 'maze', 'cleanlab', 'lightly', 'pymc', 'scikit-opt', 'deeppy', 'Gymnasium', 'skll', 'emcee', 'vigra', 'dtaidistance', 'mars', 'neuraltalk2', 'jax', 'scikit-survival', 'pytorch-frame', 'streamlit', 'mlxtend', 'cortex', 'DeepPavlov', 'alibi-detect', 'gradio', 'xlearn', 'langfuse', 'DI-engine', 'pyss3', 'DIGITS', 'LightGBM', 'CoreNLP', 'yalign', 'determined', 'deeplake', 'blaze', 'somoclu', 'xcessiv', 'matplotlib', 'tensorflow', 'PySyft', 'haystack', 'mlens', 'retro', 'machine-learning', 'gensim', 'neuropredict', 'feast', 'rasa', 'loso', 'lab', 'mindsdb', 'dowel', 'nut', 'retinaface', 'ViZDoom', 'neuraltalk', 'optuna', 'open-webui', 'NeuroNER', 'deepface', 'statsmodels', 'jProcessing', 'typer', 'python-recsys', 'textacy', 'ggpy', 'cornac', 'spaCy', 'langflow', 'igel', 'keras-tuner', 'Metaworld', 'aim', 'pynlpl', 'ray', 'cltk', 'recommenders', 'seaborn', 'evidently', 'deepchecks', 'garage', 'hebel', 'jieba', 'catalyst', 'pytensor', 'lambdo', 'prodmodel', 'zpar', 'polyglot', 'scikit-learn-intelex', 'scikit-image', 'pytorch-lightning', 'colibri-core', 'bolt', 'tpot', 'neural-style-pt', 'chainer', 'skorch', 'pybrain', 'bokeh', 'autogluon', 'pytorch_geometric', 'pkuseg-python', 'open-metric-learning', 'detectron2', 'nilearn', 'mljar-supervised', 'altair', 'pyqtgraph', 'bentoml', 'caffe', 'river', 'numpy', 'CompreFace', 'FEDOT', 'sktime', 'PyTorchCV', 'pytorch-image-models', 'pebl', 'bigartm', 'BioPy', 'python-timbl', 'lightwood', 'mlx', 'zipline', 'pgmpy', 'Petrel', 'mlflow', 'DrQA', 'Parris', 'scikit-learn', 'pytorch', 'SynapseML', 'superset', 'transformers', 'ColossalAI', 'vispy', 'joliGEN', 'danswerai', 'shogun', 'Spearmint', 'xgboost', 'rosetta', 'catboost', 'dash', 'tesseract', 'stellargraph', 'maze', 'cleanlab', 'lightly', 'pymc', 'scikit-opt', 'deeppy', 'Gymnasium', 'skll', 'emcee', 'vigra', 'dtaidistance', 'mars', 'neuraltalk2', 'jax', 'scikit-survival', 'pytorch-frame', 'streamlit', 'mlxtend', 'cortex', 'DeepPavlov', 'alibi-detect', 'gradio', 'xlearn', 'langfuse', 'DI-engine', 'pyss3', 'DIGITS', 'LightGBM', 'CoreNLP', 'yalign', 'determined', 'deeplake', 'blaze', 'somoclu', 'xcessiv', 'matplotlib', 'tensorflow', 'PySyft', 'haystack', 'mlens', 'retro', 'machine-learning', 'gensim', 'neuropredict', 'feast', 'rasa', 'loso', 'lab', 'mindsdb', 'dowel', 'nut', 'retinaface', 'ViZDoom', 'neuraltalk', 'optuna', 'open-webui', 'NeuroNER', 'deepface', 'statsmodels', 'jProcessing', 'typer', 'python-recsys', 'textacy', 'ggpy', 'cornac', 'spaCy', 'langflow', 'igel', 'keras-tuner', 'Metaworld', 'aim', 'pynlpl', 'ray', 'cltk', 'recommenders', 'seaborn', 'evidently', 'deepchecks', 'garage', 'hebel', 'jieba', 'catalyst', 'pytensor', 'lambdo', 'prodmodel', 'zpar', 'polyglot', 'scikit-learn-intelex', 'scikit-image', 'pytorch-lightning', 'colibri-core', 'bolt']"
226,class,74,Improper Neutralization of Special Elements in Output Used by a Downstream Component ('Injection'),106,8233,"['danswerai', 'DIGITS', 'open-webui', 'fastapi', 'bokeh', 'nalp', 'spammy', 'ViZDoom', 'langflow', 'PySyft', 'numpy', 'lightly', 'retro', 'ray', 'pydantic', 'pytensor', 'mlflow', 'pytorch', 'streamlit', 'feast', 'rasa', 'mindsdb', 'superset', 'gradio', 'transformers', 'pattern', 'AutoViz', 'Auto_ViML', 'danswerai', 'DIGITS', 'open-webui', 'fastapi', 'bokeh', 'nalp', 'spammy', 'ViZDoom', 'langflow', 'PySyft', 'numpy', 'lightly', 'retro', 'ray', 'pydantic', 'pytensor', 'mlflow', 'pytorch', 'streamlit', 'feast', 'rasa', 'mindsdb', 'superset', 'gradio', 'transformers', 'pattern', 'AutoViz', 'Auto_ViML', 'danswerai', 'DIGITS', 'shogun', 'Spearmint', 'rep', 'open-webui', 'bokeh', 'determined', 'deeplake', 'blaze', 'statsmodels', 'xgboost', 'catboost', 'typer', 'dash', 'open-metric-learning', 'detectron2', 'nilearn', 'matplotlib', 'langflow', 'pyqtgraph', 'bentoml', 'tensorflow', 'altair', 'aim', 'numpy', 'mlens', 'retro', 'pynlpl', 'pytorch-image-models', 'deeppy', 'bigartm', 'gensim', 'ray', 'skll', 'PyStanfordDependencies', 'pydantic', 'zipline', 'mars', 'catalyst', 'jax', 'mlflow', 'pytorch', 'streamlit', 'rasa', 'cortex', 'mist', 'scikit-learn-intelex', 'scikit-image', 'loso', 'mindsdb', 'superset', 'pytorch-lightning', 'gradio', 'transformers', 'DI-engine', 'ViZDoom', 'neuraltalk', 'colibri-core', 'danswerai', 'DIGITS', 'shogun', 'Spearmint', 'rep', 'open-webui', 'bokeh', 'determined', 'deeplake', 'blaze', 'statsmodels', 'xgboost', 'catboost', 'typer', 'dash', 'open-metric-learning', 'detectron2', 'nilearn', 'matplotlib', 'langflow', 'pyqtgraph', 'bentoml', 'tensorflow', 'altair', 'aim', 'numpy', 'mlens', 'retro', 'pynlpl', 'pytorch-image-models', 'deeppy', 'bigartm', 'gensim', 'ray', 'skll', 'PyStanfordDependencies', 'pydantic', 'zipline', 'mars', 'catalyst', 'jax', 'mlflow', 'pytorch', 'streamlit', 'rasa', 'cortex', 'mist', 'scikit-learn-intelex', 'scikit-image', 'loso', 'mindsdb', 'superset', 'pytorch-lightning', 'gradio', 'transformers', 'DI-engine', 'ViZDoom', 'neuraltalk', 'colibri-core', 'couler', 'DIGITS', 'tpot', 'open-webui', 'chainer', 'pybrain', 'statsmodels', 'catboost', 'ggpy', 'dash', 'cornac', 'rgf', 'pyqtgraph', 'tensorflow', 'stellargraph', 'cleanlab', 'numpy', 'FEDOT', 'bytehub', 'segmentation_models', 'pebl', 'deeppy', 'bigartm', 'scikit-multiflow', 'recommenders', 'seaborn', 'nupic.studio', 'vigra', 'gan', 'python-timbl', 'notebook', 'pyod', 'catalyst', 'rockpool', 'metric-learn', 'lambdo', 'pytorch', 'zpar', 'streamlit', 'alibi', 'annoy', 'mist', 'scikit-image', 'DeepPavlov', 'breze', 'superset', 'imbalanced-ensemble', 'alibi-detect', 'mindsdb', 'xlearn', 'snips-nlu', 'lifelines', 'ColossalAI', 'DI-engine', 'couler', 'DIGITS', 'tpot', 'open-webui', 'chainer', 'pybrain', 'statsmodels', 'catboost', 'ggpy', 'dash', 'cornac', 'rgf', 'pyqtgraph', 'tensorflow', 'stellargraph', 'cleanlab', 'numpy', 'FEDOT', 'bytehub', 'segmentation_models', 'pebl', 'deeppy', 'bigartm', 'scikit-multiflow', 'recommenders', 'seaborn', 'nupic.studio', 'vigra', 'gan', 'python-timbl', 'notebook', 'pyod', 'catalyst', 'rockpool', 'metric-learn', 'lambdo', 'pytorch', 'zpar', 'streamlit', 'alibi', 'annoy', 'mist', 'scikit-image', 'DeepPavlov', 'breze', 'superset', 'imbalanced-ensemble', 'alibi-detect', 'mindsdb', 'xlearn', 'snips-nlu', 'lifelines', 'ColossalAI', 'DI-engine', 'couler', 'DIGITS', 'tpot', 'open-webui', 'chainer', 'pybrain', 'deepface', 'statsmodels', 'catboost', 'ggpy', 'dash', 'cornac', 'rgf', 'pyqtgraph', 'tensorflow', 'stellargraph', 'cleanlab', 'numpy', 'FEDOT', 'bytehub', 'PyTorchCV', 'segmentation_models', 'pebl', 'machine-learning', 'deeppy', 'bigartm', 'scikit-multiflow', 'recommenders', 'seaborn', 'nupic.studio', 'vigra', 'gan', 'python-timbl', 'notebook', 'pyod', 'catalyst', 'rockpool', 'mars', 'mlflow', 'metric-learn', 'lambdo', 'pytorch', 'zpar', 'streamlit', 'alibi', 'annoy', 'feast', 'bowtie', 'scikit-image', 'mist', 'DeepPavlov', 'breze', 'superset', 'imbalanced-ensemble', 'alibi-detect', 'mindsdb', 'xlearn', 'snips-nlu', 'transformers', 'lifelines', 'ColossalAI', 'DI-engine', 'danswerai', 'DIGITS', 'open-webui', 'fastapi', 'bokeh', 'nalp', 'spammy', 'ViZDoom', 'langflow', 'PySyft', 'numpy', 'lightly', 'retro', 'ray', 'pydantic', 'pytensor', 'mlflow', 'pytorch', 'streamlit', 'feast', 'rasa', 'mindsdb', 'superset', 'gradio', 'transformers', 'pattern', 'AutoViz', 'Auto_ViML', 'couler', 'DIGITS', 'tpot', 'open-webui', 'chainer', 'pybrain', 'deepface', 'statsmodels', 'catboost', 'ggpy', 'dash', 'cornac', 'rgf', 'pyqtgraph', 'tensorflow', 'stellargraph', 'cleanlab', 'numpy', 'FEDOT', 'bytehub', 'PyTorchCV', 'segmentation_models', 'pebl', 'machine-learning', 'deeppy', 'bigartm', 'scikit-multiflow', 'recommenders', 'seaborn', 'nupic.studio', 'vigra', 'gan', 'python-timbl', 'notebook', 'pyod', 'catalyst', 'rockpool', 'mars', 'mlflow', 'metric-learn', 'lambdo', 'pytorch', 'zpar', 'streamlit', 'alibi', 'annoy', 'feast', 'bowtie', 'scikit-image', 'mist', 'DeepPavlov', 'breze', 'superset', 'imbalanced-ensemble', 'alibi-detect', 'mindsdb', 'xlearn', 'snips-nlu', 'transformers', 'lifelines', 'ColossalAI', 'DI-engine', 'danswerai', 'DIGITS', 'open-webui', 'fastapi', 'bokeh', 'nalp', 'spammy', 'ViZDoom', 'langflow', 'PySyft', 'numpy', 'lightly', 'retro', 'ray', 'pydantic', 'pytensor', 'mlflow', 'pytorch', 'streamlit', 'feast', 'rasa', 'mindsdb', 'superset', 'gradio', 'transformers', 'pattern', 'AutoViz', 'Auto_ViML', 'danswerai', 'DIGITS', 'open-webui', 'fastapi', 'bokeh', 'nalp', 'spammy', 'ViZDoom', 'langflow', 'PySyft', 'numpy', 'lightly', 'retro', 'ray', 'pydantic', 'pytensor', 'mlflow', 'pytorch', 'streamlit', 'feast', 'rasa', 'mindsdb', 'superset', 'gradio', 'transformers', 'pattern', 'AutoViz', 'Auto_ViML', 'tpot', 'neural-style-pt', 'chainer', 'skorch', 'pybrain', 'bokeh', 'autogluon', 'pytorch_geometric', 'pkuseg-python', 'open-metric-learning', 'detectron2', 'nilearn', 'mljar-supervised', 'altair', 'pyqtgraph', 'bentoml', 'caffe', 'river', 'numpy', 'CompreFace', 'FEDOT', 'sktime', 'PyTorchCV', 'pytorch-image-models', 'pebl', 'bigartm', 'BioPy', 'python-timbl', 'lightwood', 'mlx', 'zipline', 'pgmpy', 'Petrel', 'mlflow', 'DrQA', 'Parris', 'scikit-learn', 'pytorch', 'SynapseML', 'superset', 'transformers', 'ColossalAI', 'vispy', 'joliGEN', 'danswerai', 'shogun', 'Spearmint', 'xgboost', 'rosetta', 'catboost', 'dash', 'tesseract', 'stellargraph', 'maze', 'cleanlab', 'lightly', 'pymc', 'scikit-opt', 'deeppy', 'Gymnasium', 'skll', 'emcee', 'vigra', 'dtaidistance', 'mars', 'neuraltalk2', 'jax', 'scikit-survival', 'pytorch-frame', 'streamlit', 'mlxtend', 'cortex', 'DeepPavlov', 'alibi-detect', 'gradio', 'xlearn', 'langfuse', 'DI-engine', 'pyss3', 'DIGITS', 'LightGBM', 'CoreNLP', 'yalign', 'determined', 'deeplake', 'blaze', 'somoclu', 'xcessiv', 'matplotlib', 'tensorflow', 'PySyft', 'haystack', 'mlens', 'retro', 'machine-learning', 'gensim', 'neuropredict', 'feast', 'rasa', 'loso', 'lab', 'mindsdb', 'dowel', 'nut', 'retinaface', 'ViZDoom', 'neuraltalk', 'optuna', 'open-webui', 'NeuroNER', 'deepface', 'statsmodels', 'jProcessing', 'typer', 'python-recsys', 'textacy', 'ggpy', 'cornac', 'spaCy', 'langflow', 'igel', 'keras-tuner', 'Metaworld', 'aim', 'pynlpl', 'ray', 'cltk', 'recommenders', 'seaborn', 'evidently', 'deepchecks', 'garage', 'hebel', 'jieba', 'catalyst', 'pytensor', 'lambdo', 'prodmodel', 'zpar', 'polyglot', 'scikit-learn-intelex', 'scikit-image', 'pytorch-lightning', 'colibri-core', 'bolt', 'cornac', 'feast', 'bowtie', 'DIGITS', 'mindsdb', 'mars', 'deepface', 'mlflow', 'PyTorchCV', 'machine-learning', 'cornac', 'feast', 'bowtie', 'DIGITS', 'mindsdb', 'mars', 'deepface', 'mlflow', 'PyTorchCV', 'machine-learning', 'couler', 'DIGITS', 'tpot', 'open-webui', 'chainer', 'pybrain', 'deepface', 'statsmodels', 'catboost', 'ggpy', 'dash', 'cornac', 'rgf', 'pyqtgraph', 'tensorflow', 'stellargraph', 'cleanlab', 'numpy', 'FEDOT', 'bytehub', 'PyTorchCV', 'segmentation_models', 'pebl', 'machine-learning', 'deeppy', 'bigartm', 'scikit-multiflow', 'recommenders', 'seaborn', 'nupic.studio', 'vigra', 'gan', 'python-timbl', 'notebook', 'pyod', 'catalyst', 'rockpool', 'mars', 'mlflow', 'metric-learn', 'lambdo', 'pytorch', 'zpar', 'streamlit', 'alibi', 'annoy', 'feast', 'bowtie', 'scikit-image', 'mist', 'DeepPavlov', 'breze', 'superset', 'imbalanced-ensemble', 'alibi-detect', 'mindsdb', 'xlearn', 'snips-nlu', 'transformers', 'lifelines', 'ColossalAI', 'DI-engine', 'danswerai', 'feast', 'rasa', 'DeepPavlov', 'open-webui', 'mindsdb', 'determined', 'deeplake', 'mlflow', 'machine-learning']"
227,class,75,Failure to Sanitize Special Elements into a Different Plane (Special Element Injection),1,8,"['feast', 'DIGITS', 'superset', 'dl-translate', 'DI-engine', 'ray']"
228,class,77,Improper Neutralization of Special Elements used in a Command ('Command Injection'),35,1816,"['feast', 'DIGITS', 'superset', 'dl-translate', 'DI-engine', 'ray', 'feast', 'DIGITS', 'superset', 'dl-translate', 'DI-engine', 'ray', 'danswerai', 'DIGITS', 'shogun', 'Spearmint', 'rep', 'open-webui', 'bokeh', 'determined', 'deeplake', 'blaze', 'statsmodels', 'xgboost', 'catboost', 'typer', 'dash', 'open-metric-learning', 'detectron2', 'nilearn', 'matplotlib', 'langflow', 'pyqtgraph', 'bentoml', 'tensorflow', 'altair', 'aim', 'numpy', 'mlens', 'retro', 'pynlpl', 'pytorch-image-models', 'deeppy', 'bigartm', 'gensim', 'ray', 'skll', 'PyStanfordDependencies', 'pydantic', 'zipline', 'mars', 'catalyst', 'jax', 'mlflow', 'pytorch', 'streamlit', 'rasa', 'cortex', 'mist', 'scikit-learn-intelex', 'scikit-image', 'loso', 'mindsdb', 'superset', 'pytorch-lightning', 'gradio', 'transformers', 'DI-engine', 'ViZDoom', 'neuraltalk', 'colibri-core', 'danswerai', 'DIGITS', 'shogun', 'Spearmint', 'rep', 'open-webui', 'bokeh', 'determined', 'deeplake', 'blaze', 'statsmodels', 'xgboost', 'catboost', 'typer', 'dash', 'open-metric-learning', 'detectron2', 'nilearn', 'matplotlib', 'langflow', 'pyqtgraph', 'bentoml', 'tensorflow', 'altair', 'aim', 'numpy', 'mlens', 'retro', 'pynlpl', 'pytorch-image-models', 'deeppy', 'bigartm', 'gensim', 'ray', 'skll', 'PyStanfordDependencies', 'pydantic', 'zipline', 'mars', 'catalyst', 'jax', 'mlflow', 'pytorch', 'streamlit', 'rasa', 'cortex', 'mist', 'scikit-learn-intelex', 'scikit-image', 'loso', 'mindsdb', 'superset', 'pytorch-lightning', 'gradio', 'transformers', 'DI-engine', 'ViZDoom', 'neuraltalk', 'colibri-core', 'danswerai', 'DIGITS', 'shogun', 'Spearmint', 'rep', 'open-webui', 'bokeh', 'determined', 'deeplake', 'blaze', 'statsmodels', 'xgboost', 'catboost', 'typer', 'dash', 'open-metric-learning', 'detectron2', 'nilearn', 'matplotlib', 'langflow', 'pyqtgraph', 'bentoml', 'tensorflow', 'altair', 'aim', 'numpy', 'mlens', 'retro', 'pynlpl', 'pytorch-image-models', 'deeppy', 'bigartm', 'gensim', 'ray', 'skll', 'PyStanfordDependencies', 'pydantic', 'zipline', 'mars', 'catalyst', 'jax', 'mlflow', 'pytorch', 'streamlit', 'rasa', 'cortex', 'mist', 'scikit-learn-intelex', 'scikit-image', 'loso', 'mindsdb', 'superset', 'pytorch-lightning', 'gradio', 'transformers', 'DI-engine', 'ViZDoom', 'neuraltalk', 'colibri-core', 'danswerai', 'DIGITS', 'shogun', 'Spearmint', 'rep', 'open-webui', 'bokeh', 'determined', 'deeplake', 'blaze', 'statsmodels', 'xgboost', 'catboost', 'typer', 'dash', 'open-metric-learning', 'detectron2', 'nilearn', 'matplotlib', 'langflow', 'pyqtgraph', 'bentoml', 'tensorflow', 'altair', 'aim', 'numpy', 'mlens', 'retro', 'pynlpl', 'pytorch-image-models', 'deeppy', 'bigartm', 'gensim', 'ray', 'skll', 'PyStanfordDependencies', 'pydantic', 'zipline', 'mars', 'catalyst', 'jax', 'mlflow', 'pytorch', 'streamlit', 'rasa', 'cortex', 'mist', 'scikit-learn-intelex', 'scikit-image', 'loso', 'mindsdb', 'superset', 'pytorch-lightning', 'gradio', 'transformers', 'DI-engine', 'ViZDoom', 'neuraltalk', 'colibri-core', 'danswerai', 'DIGITS', 'shogun', 'Spearmint', 'rep', 'open-webui', 'bokeh', 'determined', 'deeplake', 'blaze', 'statsmodels', 'xgboost', 'catboost', 'typer', 'dash', 'open-metric-learning', 'detectron2', 'nilearn', 'matplotlib', 'langflow', 'pyqtgraph', 'bentoml', 'tensorflow', 'altair', 'aim', 'numpy', 'mlens', 'retro', 'pynlpl', 'pytorch-image-models', 'deeppy', 'bigartm', 'gensim', 'ray', 'skll', 'PyStanfordDependencies', 'pydantic', 'zipline', 'mars', 'catalyst', 'jax', 'mlflow', 'pytorch', 'streamlit', 'rasa', 'cortex', 'mist', 'scikit-learn-intelex', 'scikit-image', 'loso', 'mindsdb', 'superset', 'pytorch-lightning', 'gradio', 'transformers', 'DI-engine', 'ViZDoom', 'neuraltalk', 'colibri-core', 'danswerai', 'DIGITS', 'shogun', 'Spearmint', 'rep', 'open-webui', 'bokeh', 'determined', 'deeplake', 'blaze', 'statsmodels', 'xgboost', 'catboost', 'typer', 'dash', 'open-metric-learning', 'detectron2', 'nilearn', 'matplotlib', 'langflow', 'pyqtgraph', 'bentoml', 'tensorflow', 'altair', 'aim', 'numpy', 'mlens', 'retro', 'pynlpl', 'pytorch-image-models', 'deeppy', 'bigartm', 'gensim', 'ray', 'skll', 'PyStanfordDependencies', 'pydantic', 'zipline', 'mars', 'catalyst', 'jax', 'mlflow', 'pytorch', 'streamlit', 'rasa', 'cortex', 'mist', 'scikit-learn-intelex', 'scikit-image', 'loso', 'mindsdb', 'superset', 'pytorch-lightning', 'gradio', 'transformers', 'DI-engine', 'ViZDoom', 'neuraltalk', 'colibri-core']"
229,class,99,Improper Control of Resource Identifiers ('Resource Injection'),7,8,"['feast', 'DIGITS', 'superset', 'dl-translate', 'DI-engine', 'ray']"
230,class,114,Process Control,172,7115,"['danswerai', 'DIGITS', 'open-webui', 'fastapi', 'bokeh', 'nalp', 'spammy', 'ViZDoom', 'langflow', 'PySyft', 'numpy', 'lightly', 'retro', 'ray', 'pydantic', 'pytensor', 'mlflow', 'pytorch', 'streamlit', 'feast', 'rasa', 'mindsdb', 'superset', 'gradio', 'transformers', 'pattern', 'AutoViz', 'Auto_ViML', 'danswerai', 'DIGITS', 'open-webui', 'fastapi', 'bokeh', 'nalp', 'spammy', 'ViZDoom', 'langflow', 'PySyft', 'numpy', 'lightly', 'retro', 'ray', 'pydantic', 'pytensor', 'mlflow', 'pytorch', 'streamlit', 'feast', 'rasa', 'mindsdb', 'superset', 'gradio', 'transformers', 'pattern', 'AutoViz', 'Auto_ViML', 'danswerai', 'DIGITS', 'open-webui', 'fastapi', 'bokeh', 'nalp', 'spammy', 'ViZDoom', 'langflow', 'PySyft', 'numpy', 'lightly', 'retro', 'ray', 'pydantic', 'pytensor', 'mlflow', 'pytorch', 'streamlit', 'feast', 'rasa', 'mindsdb', 'superset', 'gradio', 'transformers', 'pattern', 'AutoViz', 'Auto_ViML', 'danswerai', 'DIGITS', 'open-webui', 'fastapi', 'bokeh', 'nalp', 'spammy', 'ViZDoom', 'langflow', 'PySyft', 'numpy', 'lightly', 'retro', 'ray', 'pydantic', 'pytensor', 'mlflow', 'pytorch', 'streamlit', 'feast', 'rasa', 'mindsdb', 'superset', 'gradio', 'transformers', 'pattern', 'AutoViz', 'Auto_ViML', 'danswerai', 'DIGITS', 'open-webui', 'fastapi', 'bokeh', 'nalp', 'spammy', 'ViZDoom', 'langflow', 'PySyft', 'numpy', 'lightly', 'retro', 'ray', 'pydantic', 'pytensor', 'mlflow', 'pytorch', 'streamlit', 'feast', 'rasa', 'mindsdb', 'superset', 'gradio', 'transformers', 'pattern', 'AutoViz', 'Auto_ViML', 'tpot', 'neural-style-pt', 'chainer', 'skorch', 'pybrain', 'bokeh', 'autogluon', 'pytorch_geometric', 'pkuseg-python', 'open-metric-learning', 'detectron2', 'nilearn', 'mljar-supervised', 'altair', 'pyqtgraph', 'bentoml', 'caffe', 'river', 'numpy', 'CompreFace', 'FEDOT', 'sktime', 'PyTorchCV', 'pytorch-image-models', 'pebl', 'bigartm', 'BioPy', 'python-timbl', 'lightwood', 'mlx', 'zipline', 'pgmpy', 'Petrel', 'mlflow', 'DrQA', 'Parris', 'scikit-learn', 'pytorch', 'SynapseML', 'superset', 'transformers', 'ColossalAI', 'vispy', 'joliGEN', 'danswerai', 'shogun', 'Spearmint', 'xgboost', 'rosetta', 'catboost', 'dash', 'tesseract', 'stellargraph', 'maze', 'cleanlab', 'lightly', 'pymc', 'scikit-opt', 'deeppy', 'Gymnasium', 'skll', 'emcee', 'vigra', 'dtaidistance', 'mars', 'neuraltalk2', 'jax', 'scikit-survival', 'pytorch-frame', 'streamlit', 'mlxtend', 'cortex', 'DeepPavlov', 'alibi-detect', 'gradio', 'xlearn', 'langfuse', 'DI-engine', 'pyss3', 'DIGITS', 'LightGBM', 'CoreNLP', 'yalign', 'determined', 'deeplake', 'blaze', 'somoclu', 'xcessiv', 'matplotlib', 'tensorflow', 'PySyft', 'haystack', 'mlens', 'retro', 'machine-learning', 'gensim', 'neuropredict', 'feast', 'rasa', 'loso', 'lab', 'mindsdb', 'dowel', 'nut', 'retinaface', 'ViZDoom', 'neuraltalk', 'optuna', 'open-webui', 'NeuroNER', 'deepface', 'statsmodels', 'jProcessing', 'typer', 'python-recsys', 'textacy', 'ggpy', 'cornac', 'spaCy', 'langflow', 'igel', 'keras-tuner', 'Metaworld', 'aim', 'pynlpl', 'ray', 'cltk', 'recommenders', 'seaborn', 'evidently', 'deepchecks', 'garage', 'hebel', 'jieba', 'catalyst', 'pytensor', 'lambdo', 'prodmodel', 'zpar', 'polyglot', 'scikit-learn-intelex', 'scikit-image', 'pytorch-lightning', 'colibri-core', 'bolt']"
231,class,116,Improper Encoding or Escaping of Output,11,8,"['feast', 'DIGITS', 'superset', 'dl-translate', 'DI-engine', 'ray']"
232,class,119,Improper Restriction of Operations within the Bounds of a Memory Buffer,250,182,"['danswerai', 'DIGITS', 'open-webui', 'fastapi', 'bokeh', 'nalp', 'spammy', 'ViZDoom', 'langflow', 'PySyft', 'numpy', 'lightly', 'retro', 'ray', 'pydantic', 'pytensor', 'mlflow', 'pytorch', 'streamlit', 'feast', 'rasa', 'mindsdb', 'superset', 'gradio', 'transformers', 'pattern', 'AutoViz', 'Auto_ViML', 'danswerai', 'DIGITS', 'open-webui', 'fastapi', 'bokeh', 'nalp', 'spammy', 'ViZDoom', 'langflow', 'PySyft', 'numpy', 'lightly', 'retro', 'ray', 'pydantic', 'pytensor', 'mlflow', 'pytorch', 'streamlit', 'feast', 'rasa', 'mindsdb', 'superset', 'gradio', 'transformers', 'pattern', 'AutoViz', 'Auto_ViML', 'danswerai', 'DIGITS', 'open-webui', 'fastapi', 'bokeh', 'nalp', 'spammy', 'ViZDoom', 'langflow', 'PySyft', 'numpy', 'lightly', 'retro', 'ray', 'pydantic', 'pytensor', 'mlflow', 'pytorch', 'streamlit', 'feast', 'rasa', 'mindsdb', 'superset', 'gradio', 'transformers', 'pattern', 'AutoViz', 'Auto_ViML', 'danswerai', 'DIGITS', 'open-webui', 'fastapi', 'bokeh', 'nalp', 'spammy', 'ViZDoom', 'langflow', 'PySyft', 'numpy', 'lightly', 'retro', 'ray', 'pydantic', 'pytensor', 'mlflow', 'pytorch', 'streamlit', 'feast', 'rasa', 'mindsdb', 'superset', 'gradio', 'transformers', 'pattern', 'AutoViz', 'Auto_ViML', 'danswerai', 'DIGITS', 'open-webui', 'fastapi', 'bokeh', 'nalp', 'spammy', 'ViZDoom', 'langflow', 'PySyft', 'numpy', 'lightly', 'retro', 'ray', 'pydantic', 'pytensor', 'mlflow', 'pytorch', 'streamlit', 'feast', 'rasa', 'mindsdb', 'superset', 'gradio', 'transformers', 'pattern', 'AutoViz', 'Auto_ViML', 'danswerai', 'DIGITS', 'open-webui', 'fastapi', 'bokeh', 'nalp', 'spammy', 'ViZDoom', 'langflow', 'PySyft', 'numpy', 'lightly', 'retro', 'ray', 'pydantic', 'pytensor', 'mlflow', 'pytorch', 'streamlit', 'feast', 'rasa', 'mindsdb', 'superset', 'gradio', 'transformers', 'pattern', 'AutoViz', 'Auto_ViML', 'danswerai', 'DIGITS', 'open-webui', 'fastapi', 'bokeh', 'nalp', 'spammy', 'ViZDoom', 'langflow', 'PySyft', 'numpy', 'lightly', 'retro', 'ray', 'pydantic', 'pytensor', 'mlflow', 'pytorch', 'streamlit', 'feast', 'rasa', 'mindsdb', 'superset', 'gradio', 'transformers', 'pattern', 'AutoViz', 'Auto_ViML', 'danswerai', 'DIGITS', 'open-webui', 'fastapi', 'bokeh', 'nalp', 'spammy', 'ViZDoom', 'langflow', 'PySyft', 'numpy', 'lightly', 'retro', 'ray', 'pydantic', 'pytensor', 'mlflow', 'pytorch', 'streamlit', 'feast', 'rasa', 'mindsdb', 'superset', 'gradio', 'transformers', 'pattern', 'AutoViz', 'Auto_ViML', 'danswerai', 'DIGITS', 'open-webui', 'fastapi', 'bokeh', 'nalp', 'spammy', 'ViZDoom', 'langflow', 'PySyft', 'numpy', 'lightly', 'retro', 'ray', 'pydantic', 'pytensor', 'mlflow', 'pytorch', 'streamlit', 'feast', 'rasa', 'mindsdb', 'superset', 'gradio', 'transformers', 'pattern', 'AutoViz', 'Auto_ViML', 'danswerai', 'DIGITS', 'open-webui', 'fastapi', 'bokeh', 'nalp', 'spammy', 'ViZDoom', 'langflow', 'PySyft', 'numpy', 'lightly', 'retro', 'ray', 'pydantic', 'pytensor', 'mlflow', 'pytorch', 'streamlit', 'feast', 'rasa', 'mindsdb', 'superset', 'gradio', 'transformers', 'pattern', 'AutoViz', 'Auto_ViML']"
233,class,172,Encoding Error,5,7024,"['tpot', 'neural-style-pt', 'chainer', 'skorch', 'pybrain', 'bokeh', 'autogluon', 'pytorch_geometric', 'pkuseg-python', 'open-metric-learning', 'detectron2', 'nilearn', 'mljar-supervised', 'altair', 'pyqtgraph', 'bentoml', 'caffe', 'river', 'numpy', 'CompreFace', 'FEDOT', 'sktime', 'PyTorchCV', 'pytorch-image-models', 'pebl', 'bigartm', 'BioPy', 'python-timbl', 'lightwood', 'mlx', 'zipline', 'pgmpy', 'Petrel', 'mlflow', 'DrQA', 'Parris', 'scikit-learn', 'pytorch', 'SynapseML', 'superset', 'transformers', 'ColossalAI', 'vispy', 'joliGEN', 'danswerai', 'shogun', 'Spearmint', 'xgboost', 'rosetta', 'catboost', 'dash', 'tesseract', 'stellargraph', 'maze', 'cleanlab', 'lightly', 'pymc', 'scikit-opt', 'deeppy', 'Gymnasium', 'skll', 'emcee', 'vigra', 'dtaidistance', 'mars', 'neuraltalk2', 'jax', 'scikit-survival', 'pytorch-frame', 'streamlit', 'mlxtend', 'cortex', 'DeepPavlov', 'alibi-detect', 'gradio', 'xlearn', 'langfuse', 'DI-engine', 'pyss3', 'DIGITS', 'LightGBM', 'CoreNLP', 'yalign', 'determined', 'deeplake', 'blaze', 'somoclu', 'xcessiv', 'matplotlib', 'tensorflow', 'PySyft', 'haystack', 'mlens', 'retro', 'machine-learning', 'gensim', 'neuropredict', 'feast', 'rasa', 'loso', 'lab', 'mindsdb', 'dowel', 'nut', 'retinaface', 'ViZDoom', 'neuraltalk', 'optuna', 'open-webui', 'NeuroNER', 'deepface', 'statsmodels', 'jProcessing', 'typer', 'python-recsys', 'textacy', 'ggpy', 'cornac', 'spaCy', 'langflow', 'igel', 'keras-tuner', 'Metaworld', 'aim', 'pynlpl', 'ray', 'cltk', 'recommenders', 'seaborn', 'evidently', 'deepchecks', 'garage', 'hebel', 'jieba', 'catalyst', 'pytensor', 'lambdo', 'prodmodel', 'zpar', 'polyglot', 'scikit-learn-intelex', 'scikit-image', 'pytorch-lightning', 'colibri-core', 'bolt']"
234,class,185,Incorrect Regular Expression,0,3,"['transformers', 'superset']"
235,class,200,Exposure of Sensitive Information to an Unauthorized Actor,11,400,"['danswerai', 'feast', 'DIGITS', 'langflow', 'open-webui', 'PySyft', 'superset', 'mindsdb', 'gradio', 'aim', 'deepface', 'blaze', 'mlflow', 'ColossalAI', 'joliGEN', 'machine-learning', 'dash', 'ray', 'danswerai', 'feast', 'DIGITS', 'langflow', 'open-webui', 'PySyft', 'superset', 'mindsdb', 'gradio', 'aim', 'deepface', 'blaze', 'mlflow', 'ColossalAI', 'joliGEN', 'machine-learning', 'dash', 'ray', 'danswerai', 'feast', 'DIGITS', 'langflow', 'open-webui', 'PySyft', 'superset', 'mindsdb', 'gradio', 'aim', 'deepface', 'blaze', 'mlflow', 'ColossalAI', 'joliGEN', 'machine-learning', 'dash', 'ray', 'caffe', 'CompreFace', 'bokeh', 'xcessiv', 'face_recognition', 'danswerai', 'feast', 'cortex', 'Neural', 'langflow', 'bentoml', 'open-webui', 'mindsdb', 'gradio', 'bokeh', 'determined', 'deepface', 'mlflow', 'comet-llm', 'pattern', 'typer', 'ray', 'danswerai', 'feast', 'cortex', 'Neural', 'langflow', 'bentoml', 'open-webui', 'mindsdb', 'gradio', 'bokeh', 'determined', 'deepface', 'mlflow', 'comet-llm', 'pattern', 'typer', 'ray', 'danswerai', 'feast', 'cortex', 'langflow', 'open-webui', 'gradio', 'bokeh', 'determined', 'deepface', 'mlflow', 'comet-llm', 'pattern', 'typer', 'ray']"
236,class,287,Improper Authentication,8,2,"['ray', 'ray']"
237,class,311,Missing Encryption of Sensitive Data,35,157,"['danswerai', 'feast', 'cortex', 'Neural', 'langflow', 'bentoml', 'open-webui', 'mindsdb', 'gradio', 'bokeh', 'determined', 'deepface', 'mlflow', 'comet-llm', 'pattern', 'typer', 'ray', 'danswerai', 'feast', 'cortex', 'Neural', 'langflow', 'bentoml', 'open-webui', 'mindsdb', 'gradio', 'bokeh', 'determined', 'deepface', 'mlflow', 'comet-llm', 'pattern', 'typer', 'ray', 'danswerai', 'feast', 'cortex', 'Neural', 'langflow', 'bentoml', 'open-webui', 'mindsdb', 'gradio', 'bokeh', 'determined', 'deepface', 'mlflow', 'comet-llm', 'pattern', 'typer', 'ray', 'danswerai', 'feast', 'cortex', 'Neural', 'langflow', 'bentoml', 'open-webui', 'mindsdb', 'gradio', 'bokeh', 'determined', 'deepface', 'mlflow', 'comet-llm', 'pattern', 'typer', 'ray', 'streamlit', 'danswerai', 'couler', 'langflow', 'open-webui', 'gradio', 'lightly', 'mars', 'determined', 'mlflow', 'streamlit', 'danswerai', 'couler', 'langflow', 'open-webui', 'gradio', 'lightly', 'mars', 'determined', 'mlflow', 'streamlit', 'danswerai', 'couler', 'langflow', 'open-webui', 'gradio', 'lightly', 'mars', 'determined', 'mlflow']"
238,class,326,Inadequate Encryption Strength,0,11,"['streamlit', 'danswerai', 'couler', 'langflow', 'gradio', 'mars', 'determined', 'mlflow']"
239,class,327,Use of a Broken or Risky Cryptographic Algorithm,6,22,"['streamlit', 'danswerai', 'couler', 'langflow', 'gradio', 'mars', 'determined', 'mlflow', 'streamlit', 'danswerai', 'couler', 'langflow', 'gradio', 'mars', 'determined', 'mlflow']"
240,class,345,Insufficient Verification of Data Authenticity,50,91,"['danswerai', 'DIGITS', 'open-webui', 'fastapi', 'bokeh', 'nalp', 'spammy', 'ViZDoom', 'langflow', 'PySyft', 'numpy', 'lightly', 'retro', 'ray', 'pydantic', 'pytensor', 'mlflow', 'pytorch', 'streamlit', 'feast', 'rasa', 'mindsdb', 'superset', 'gradio', 'transformers', 'pattern', 'AutoViz', 'Auto_ViML', 'danswerai', 'DIGITS', 'open-webui', 'fastapi', 'bokeh', 'nalp', 'spammy', 'ViZDoom', 'langflow', 'PySyft', 'numpy', 'lightly', 'retro', 'ray', 'pydantic', 'pytensor', 'mlflow', 'pytorch', 'streamlit', 'feast', 'rasa', 'mindsdb', 'superset', 'gradio', 'transformers', 'pattern', 'AutoViz', 'Auto_ViML', 'danswerai', 'DIGITS', 'open-webui', 'fastapi', 'bokeh', 'nalp', 'spammy', 'ViZDoom', 'langflow', 'PySyft', 'numpy', 'lightly', 'retro', 'ray', 'pydantic', 'pytensor', 'mlflow', 'pytorch', 'streamlit', 'feast', 'rasa', 'mindsdb', 'superset', 'gradio', 'transformers', 'pattern', 'AutoViz', 'Auto_ViML', 'danswerai', 'DIGITS', 'open-webui', 'fastapi', 'bokeh', 'nalp', 'spammy', 'ViZDoom', 'langflow', 'PySyft', 'numpy', 'lightly', 'retro', 'ray', 'pydantic', 'pytensor', 'mlflow', 'pytorch', 'streamlit', 'feast', 'rasa', 'mindsdb', 'superset', 'gradio', 'transformers', 'pattern', 'AutoViz', 'Auto_ViML', 'danswerai', 'DIGITS', 'open-webui', 'fastapi', 'bokeh', 'nalp', 'spammy', 'ViZDoom', 'langflow', 'PySyft', 'numpy', 'lightly', 'retro', 'ray', 'pydantic', 'pytensor', 'mlflow', 'pytorch', 'streamlit', 'feast', 'rasa', 'mindsdb', 'superset', 'gradio', 'transformers', 'pattern', 'AutoViz', 'Auto_ViML']"
241,class,405,Asymmetric Resource Consumption (Amplification),3,354,"['danswerai', 'DIGITS', 'LightGBM', 'open-webui', 'CoreNLP', 'chainer', 'bokeh', 'determined', 'blaze', 'xgboost', 'catboost', 'jProcessing', 'typer', 'dash', 'ViZDoom', 'langflow', 'pyqtgraph', 'bentoml', 'caffe', 'tensorflow', 'numpy', 'haystack', 'pymc', 'PyTorchCV', 'retro', 'pebl', 'bigartm', 'gensim', 'ray', 'skll', 'emcee', 'vigra', 'deepchecks', 'pgmpy', 'pydantic', 'zipline', 'mars', 'jax', 'mlflow', 'DrQA', 'lambdo', 'scikit-learn', 'zpar', 'streamlit', 'pytorch', 'rasa', 'cortex', 'scikit-learn-intelex', 'DeepPavlov', 'mindsdb', 'pytorch-lightning', 'gradio', 'dirty_cat', 'xlearn', 'transformers', 'ColossalAI', 'vispy', 'pattern', 'DI-engine', 'pyss3', 'lightning-bolts', 'danswerai', 'DIGITS', 'LightGBM', 'open-webui', 'CoreNLP', 'chainer', 'bokeh', 'determined', 'blaze', 'xgboost', 'catboost', 'jProcessing', 'typer', 'dash', 'ViZDoom', 'langflow', 'pyqtgraph', 'bentoml', 'caffe', 'tensorflow', 'numpy', 'haystack', 'pymc', 'PyTorchCV', 'retro', 'pebl', 'bigartm', 'gensim', 'ray', 'skll', 'emcee', 'vigra', 'deepchecks', 'pgmpy', 'pydantic', 'zipline', 'mars', 'jax', 'mlflow', 'DrQA', 'lambdo', 'scikit-learn', 'zpar', 'streamlit', 'pytorch', 'rasa', 'cortex', 'scikit-learn-intelex', 'DeepPavlov', 'mindsdb', 'pytorch-lightning', 'gradio', 'dirty_cat', 'xlearn', 'transformers', 'ColossalAI', 'vispy', 'pattern', 'DI-engine', 'pyss3', 'lightning-bolts', 'danswerai', 'DIGITS', 'LightGBM', 'open-webui', 'CoreNLP', 'chainer', 'bokeh', 'determined', 'blaze', 'xgboost', 'catboost', 'jProcessing', 'typer', 'dash', 'ViZDoom', 'langflow', 'pyqtgraph', 'bentoml', 'caffe', 'tensorflow', 'numpy', 'haystack', 'pymc', 'PyTorchCV', 'retro', 'pebl', 'bigartm', 'gensim', 'ray', 'skll', 'emcee', 'vigra', 'deepchecks', 'pgmpy', 'pydantic', 'zipline', 'mars', 'jax', 'mlflow', 'DrQA', 'lambdo', 'scikit-learn', 'zpar', 'streamlit', 'pytorch', 'rasa', 'cortex', 'scikit-learn-intelex', 'DeepPavlov', 'mindsdb', 'pytorch-lightning', 'gradio', 'dirty_cat', 'xlearn', 'transformers', 'ColossalAI', 'vispy', 'pattern', 'DI-engine', 'pyss3', 'lightning-bolts']"
242,class,407,Inefficient Algorithmic Complexity,4,594,"['danswerai', 'DIGITS', 'LightGBM', 'open-webui', 'CoreNLP', 'chainer', 'bokeh', 'determined', 'blaze', 'xgboost', 'catboost', 'jProcessing', 'typer', 'dash', 'ViZDoom', 'langflow', 'pyqtgraph', 'bentoml', 'caffe', 'tensorflow', 'numpy', 'haystack', 'pymc', 'PyTorchCV', 'retro', 'pebl', 'bigartm', 'gensim', 'ray', 'skll', 'emcee', 'vigra', 'deepchecks', 'pgmpy', 'pydantic', 'zipline', 'mars', 'jax', 'mlflow', 'DrQA', 'lambdo', 'scikit-learn', 'zpar', 'streamlit', 'pytorch', 'cortex', 'scikit-learn-intelex', 'DeepPavlov', 'mindsdb', 'pytorch-lightning', 'gradio', 'dirty_cat', 'xlearn', 'transformers', 'ColossalAI', 'vispy', 'pattern', 'DI-engine', 'pyss3', 'lightning-bolts', 'danswerai', 'DIGITS', 'LightGBM', 'open-webui', 'CoreNLP', 'chainer', 'bokeh', 'determined', 'blaze', 'xgboost', 'catboost', 'jProcessing', 'typer', 'dash', 'ViZDoom', 'langflow', 'pyqtgraph', 'bentoml', 'caffe', 'tensorflow', 'numpy', 'haystack', 'pymc', 'PyTorchCV', 'retro', 'pebl', 'bigartm', 'gensim', 'ray', 'skll', 'emcee', 'vigra', 'deepchecks', 'pgmpy', 'pydantic', 'zipline', 'mars', 'jax', 'mlflow', 'DrQA', 'lambdo', 'scikit-learn', 'zpar', 'streamlit', 'pytorch', 'cortex', 'scikit-learn-intelex', 'DeepPavlov', 'mindsdb', 'pytorch-lightning', 'gradio', 'dirty_cat', 'xlearn', 'transformers', 'ColossalAI', 'vispy', 'pattern', 'DI-engine', 'pyss3', 'lightning-bolts', 'danswerai', 'DIGITS', 'LightGBM', 'open-webui', 'CoreNLP', 'chainer', 'bokeh', 'determined', 'blaze', 'xgboost', 'catboost', 'jProcessing', 'typer', 'dash', 'ViZDoom', 'langflow', 'pyqtgraph', 'bentoml', 'caffe', 'tensorflow', 'numpy', 'haystack', 'pymc', 'PyTorchCV', 'retro', 'pebl', 'bigartm', 'gensim', 'ray', 'skll', 'emcee', 'vigra', 'deepchecks', 'pgmpy', 'pydantic', 'zipline', 'mars', 'jax', 'mlflow', 'DrQA', 'lambdo', 'scikit-learn', 'zpar', 'streamlit', 'pytorch', 'cortex', 'scikit-learn-intelex', 'DeepPavlov', 'mindsdb', 'pytorch-lightning', 'gradio', 'dirty_cat', 'xlearn', 'transformers', 'ColossalAI', 'vispy', 'pattern', 'DI-engine', 'pyss3', 'lightning-bolts', 'danswerai', 'DIGITS', 'LightGBM', 'open-webui', 'CoreNLP', 'chainer', 'bokeh', 'determined', 'blaze', 'xgboost', 'catboost', 'jProcessing', 'typer', 'dash', 'ViZDoom', 'langflow', 'pyqtgraph', 'bentoml', 'caffe', 'tensorflow', 'numpy', 'haystack', 'pymc', 'PyTorchCV', 'retro', 'pebl', 'bigartm', 'gensim', 'ray', 'skll', 'emcee', 'vigra', 'deepchecks', 'pgmpy', 'pydantic', 'zipline', 'mars', 'jax', 'mlflow', 'DrQA', 'lambdo', 'scikit-learn', 'zpar', 'streamlit', 'pytorch', 'cortex', 'scikit-learn-intelex', 'DeepPavlov', 'mindsdb', 'pytorch-lightning', 'gradio', 'dirty_cat', 'xlearn', 'transformers', 'ColossalAI', 'vispy', 'pattern', 'DI-engine', 'pyss3', 'lightning-bolts']"
243,class,410,Insufficient Resource Pool,24,354,"['danswerai', 'DIGITS', 'LightGBM', 'open-webui', 'CoreNLP', 'chainer', 'bokeh', 'determined', 'blaze', 'xgboost', 'catboost', 'jProcessing', 'typer', 'dash', 'ViZDoom', 'langflow', 'pyqtgraph', 'bentoml', 'caffe', 'tensorflow', 'numpy', 'haystack', 'pymc', 'PyTorchCV', 'retro', 'pebl', 'bigartm', 'gensim', 'ray', 'skll', 'emcee', 'vigra', 'deepchecks', 'pgmpy', 'pydantic', 'zipline', 'mars', 'jax', 'mlflow', 'DrQA', 'lambdo', 'scikit-learn', 'zpar', 'streamlit', 'pytorch', 'rasa', 'cortex', 'scikit-learn-intelex', 'DeepPavlov', 'mindsdb', 'pytorch-lightning', 'gradio', 'dirty_cat', 'xlearn', 'transformers', 'ColossalAI', 'vispy', 'pattern', 'DI-engine', 'pyss3', 'lightning-bolts', 'danswerai', 'DIGITS', 'LightGBM', 'open-webui', 'CoreNLP', 'chainer', 'bokeh', 'determined', 'blaze', 'xgboost', 'catboost', 'jProcessing', 'typer', 'dash', 'ViZDoom', 'langflow', 'pyqtgraph', 'bentoml', 'caffe', 'tensorflow', 'numpy', 'haystack', 'pymc', 'PyTorchCV', 'retro', 'pebl', 'bigartm', 'gensim', 'ray', 'skll', 'emcee', 'vigra', 'deepchecks', 'pgmpy', 'pydantic', 'zipline', 'mars', 'jax', 'mlflow', 'DrQA', 'lambdo', 'scikit-learn', 'zpar', 'streamlit', 'pytorch', 'rasa', 'cortex', 'scikit-learn-intelex', 'DeepPavlov', 'mindsdb', 'pytorch-lightning', 'gradio', 'dirty_cat', 'xlearn', 'transformers', 'ColossalAI', 'vispy', 'pattern', 'DI-engine', 'pyss3', 'lightning-bolts', 'danswerai', 'DIGITS', 'LightGBM', 'open-webui', 'CoreNLP', 'chainer', 'bokeh', 'determined', 'blaze', 'xgboost', 'catboost', 'jProcessing', 'typer', 'dash', 'ViZDoom', 'langflow', 'pyqtgraph', 'bentoml', 'caffe', 'tensorflow', 'numpy', 'haystack', 'pymc', 'PyTorchCV', 'retro', 'pebl', 'bigartm', 'gensim', 'ray', 'skll', 'emcee', 'vigra', 'deepchecks', 'pgmpy', 'pydantic', 'zipline', 'mars', 'jax', 'mlflow', 'DrQA', 'lambdo', 'scikit-learn', 'zpar', 'streamlit', 'pytorch', 'rasa', 'cortex', 'scikit-learn-intelex', 'DeepPavlov', 'mindsdb', 'pytorch-lightning', 'gradio', 'dirty_cat', 'xlearn', 'transformers', 'ColossalAI', 'vispy', 'pattern', 'DI-engine', 'pyss3', 'lightning-bolts']"
244,class,441,Unintended Proxy or Intermediary ('Confused Deputy'),0,81,"['danswerai', 'DIGITS', 'rep', 'open-webui', 'determined', 'deepface', 'upgini', 'matplotlib', 'langflow', 'keras-tuner', 'numpy', 'lightly', 'machine-learning', 'ray', 'mlflow', 'tflearn', 'pytorch-frame', 'streamlit', 'rasa', 'cortex', 'scikit-image', 'DeepPavlov', 'mindsdb', 'gradio', 'transformers', 'ColossalAI']"
245,class,610,Externally Controlled Reference to a Resource in Another Sphere,4,7133,"['DIGITS', 'langflow', 'mindsdb', 'superset', 'face_recognition', 'DIGITS', 'langflow', 'mindsdb', 'superset', 'face_recognition', 'danswerai', 'DIGITS', 'rep', 'open-webui', 'determined', 'deepface', 'upgini', 'matplotlib', 'langflow', 'keras-tuner', 'numpy', 'lightly', 'machine-learning', 'ray', 'mlflow', 'tflearn', 'pytorch-frame', 'streamlit', 'rasa', 'cortex', 'scikit-image', 'DeepPavlov', 'mindsdb', 'gradio', 'transformers', 'ColossalAI', 'tpot', 'neural-style-pt', 'chainer', 'skorch', 'pybrain', 'bokeh', 'autogluon', 'pytorch_geometric', 'pkuseg-python', 'open-metric-learning', 'detectron2', 'nilearn', 'mljar-supervised', 'altair', 'pyqtgraph', 'bentoml', 'caffe', 'river', 'numpy', 'CompreFace', 'FEDOT', 'sktime', 'PyTorchCV', 'pytorch-image-models', 'pebl', 'bigartm', 'BioPy', 'python-timbl', 'lightwood', 'mlx', 'zipline', 'pgmpy', 'Petrel', 'mlflow', 'DrQA', 'Parris', 'scikit-learn', 'pytorch', 'SynapseML', 'superset', 'transformers', 'ColossalAI', 'vispy', 'joliGEN', 'danswerai', 'shogun', 'Spearmint', 'xgboost', 'rosetta', 'catboost', 'dash', 'tesseract', 'stellargraph', 'maze', 'cleanlab', 'lightly', 'pymc', 'scikit-opt', 'deeppy', 'Gymnasium', 'skll', 'emcee', 'vigra', 'dtaidistance', 'mars', 'neuraltalk2', 'jax', 'scikit-survival', 'pytorch-frame', 'streamlit', 'mlxtend', 'cortex', 'DeepPavlov', 'alibi-detect', 'gradio', 'xlearn', 'langfuse', 'DI-engine', 'pyss3', 'DIGITS', 'LightGBM', 'CoreNLP', 'yalign', 'determined', 'deeplake', 'blaze', 'somoclu', 'xcessiv', 'matplotlib', 'tensorflow', 'PySyft', 'haystack', 'mlens', 'retro', 'machine-learning', 'gensim', 'neuropredict', 'feast', 'rasa', 'loso', 'lab', 'mindsdb', 'dowel', 'nut', 'retinaface', 'ViZDoom', 'neuraltalk', 'optuna', 'open-webui', 'NeuroNER', 'deepface', 'statsmodels', 'jProcessing', 'typer', 'python-recsys', 'textacy', 'ggpy', 'cornac', 'spaCy', 'langflow', 'igel', 'keras-tuner', 'Metaworld', 'aim', 'pynlpl', 'ray', 'cltk', 'recommenders', 'seaborn', 'evidently', 'deepchecks', 'garage', 'hebel', 'jieba', 'catalyst', 'pytensor', 'lambdo', 'prodmodel', 'zpar', 'polyglot', 'scikit-learn-intelex', 'scikit-image', 'pytorch-lightning', 'colibri-core', 'bolt']"
246,class,642,External Control of Critical State Data,1,7024,"['tpot', 'neural-style-pt', 'chainer', 'skorch', 'pybrain', 'bokeh', 'autogluon', 'pytorch_geometric', 'pkuseg-python', 'open-metric-learning', 'detectron2', 'nilearn', 'mljar-supervised', 'altair', 'pyqtgraph', 'bentoml', 'caffe', 'river', 'numpy', 'CompreFace', 'FEDOT', 'sktime', 'PyTorchCV', 'pytorch-image-models', 'pebl', 'bigartm', 'BioPy', 'python-timbl', 'lightwood', 'mlx', 'zipline', 'pgmpy', 'Petrel', 'mlflow', 'DrQA', 'Parris', 'scikit-learn', 'pytorch', 'SynapseML', 'superset', 'transformers', 'ColossalAI', 'vispy', 'joliGEN', 'danswerai', 'shogun', 'Spearmint', 'xgboost', 'rosetta', 'catboost', 'dash', 'tesseract', 'stellargraph', 'maze', 'cleanlab', 'lightly', 'pymc', 'scikit-opt', 'deeppy', 'Gymnasium', 'skll', 'emcee', 'vigra', 'dtaidistance', 'mars', 'neuraltalk2', 'jax', 'scikit-survival', 'pytorch-frame', 'streamlit', 'mlxtend', 'cortex', 'DeepPavlov', 'alibi-detect', 'gradio', 'xlearn', 'langfuse', 'DI-engine', 'pyss3', 'DIGITS', 'LightGBM', 'CoreNLP', 'yalign', 'determined', 'deeplake', 'blaze', 'somoclu', 'xcessiv', 'matplotlib', 'tensorflow', 'PySyft', 'haystack', 'mlens', 'retro', 'machine-learning', 'gensim', 'neuropredict', 'feast', 'rasa', 'loso', 'lab', 'mindsdb', 'dowel', 'nut', 'retinaface', 'ViZDoom', 'neuraltalk', 'optuna', 'open-webui', 'NeuroNER', 'deepface', 'statsmodels', 'jProcessing', 'typer', 'python-recsys', 'textacy', 'ggpy', 'cornac', 'spaCy', 'langflow', 'igel', 'keras-tuner', 'Metaworld', 'aim', 'pynlpl', 'ray', 'cltk', 'recommenders', 'seaborn', 'evidently', 'deepchecks', 'garage', 'hebel', 'jieba', 'catalyst', 'pytensor', 'lambdo', 'prodmodel', 'zpar', 'polyglot', 'scikit-learn-intelex', 'scikit-image', 'pytorch-lightning', 'colibri-core', 'bolt']"
247,class,668,Exposure of Resource to Wrong Sphere,6,7102,"['LightGBM', 'bokeh', 'determined', 'catboost', 'pytorch_geometric', 'open-metric-learning', 'detectron2', 'spaCy', 'langflow', 'bentoml', 'aim', 'sinabs', 'ray', 'gan', 'jax', 'mlflow', 'streamlit', 'pytorch-lightning', 'gradio', 'transformers', 'ColossalAI', 'pyss3', 'tpot', 'neural-style-pt', 'chainer', 'skorch', 'pybrain', 'bokeh', 'autogluon', 'pytorch_geometric', 'pkuseg-python', 'open-metric-learning', 'detectron2', 'nilearn', 'mljar-supervised', 'altair', 'pyqtgraph', 'bentoml', 'caffe', 'river', 'numpy', 'CompreFace', 'FEDOT', 'sktime', 'PyTorchCV', 'pytorch-image-models', 'pebl', 'bigartm', 'BioPy', 'python-timbl', 'lightwood', 'mlx', 'zipline', 'pgmpy', 'Petrel', 'mlflow', 'DrQA', 'Parris', 'scikit-learn', 'pytorch', 'SynapseML', 'superset', 'transformers', 'ColossalAI', 'vispy', 'joliGEN', 'danswerai', 'shogun', 'Spearmint', 'xgboost', 'rosetta', 'catboost', 'dash', 'tesseract', 'stellargraph', 'maze', 'cleanlab', 'lightly', 'pymc', 'scikit-opt', 'deeppy', 'Gymnasium', 'skll', 'emcee', 'vigra', 'dtaidistance', 'mars', 'neuraltalk2', 'jax', 'scikit-survival', 'pytorch-frame', 'streamlit', 'mlxtend', 'cortex', 'DeepPavlov', 'alibi-detect', 'gradio', 'xlearn', 'langfuse', 'DI-engine', 'pyss3', 'DIGITS', 'LightGBM', 'CoreNLP', 'yalign', 'determined', 'deeplake', 'blaze', 'somoclu', 'xcessiv', 'matplotlib', 'tensorflow', 'PySyft', 'haystack', 'mlens', 'retro', 'machine-learning', 'gensim', 'neuropredict', 'feast', 'rasa', 'loso', 'lab', 'mindsdb', 'dowel', 'nut', 'retinaface', 'ViZDoom', 'neuraltalk', 'optuna', 'open-webui', 'NeuroNER', 'deepface', 'statsmodels', 'jProcessing', 'typer', 'python-recsys', 'textacy', 'ggpy', 'cornac', 'spaCy', 'langflow', 'igel', 'keras-tuner', 'Metaworld', 'aim', 'pynlpl', 'ray', 'cltk', 'recommenders', 'seaborn', 'evidently', 'deepchecks', 'garage', 'hebel', 'jieba', 'catalyst', 'pytensor', 'lambdo', 'prodmodel', 'zpar', 'polyglot', 'scikit-learn-intelex', 'scikit-image', 'pytorch-lightning', 'colibri-core', 'bolt', 'rasa', 'shogun', 'bentoml', 'tensorflow', 'pytorch', 'mindsdb', 'python-timbl', 'nut', 'lightly', 'transformers', 'DI-engine', 'gensim']"
248,class,706,Use of Incorrectly-Resolved Name or Reference,12,21072,"['tpot', 'neural-style-pt', 'chainer', 'skorch', 'pybrain', 'bokeh', 'autogluon', 'pytorch_geometric', 'pkuseg-python', 'open-metric-learning', 'detectron2', 'nilearn', 'mljar-supervised', 'altair', 'pyqtgraph', 'bentoml', 'caffe', 'river', 'numpy', 'CompreFace', 'FEDOT', 'sktime', 'PyTorchCV', 'pytorch-image-models', 'pebl', 'bigartm', 'BioPy', 'python-timbl', 'lightwood', 'mlx', 'zipline', 'pgmpy', 'Petrel', 'mlflow', 'DrQA', 'Parris', 'scikit-learn', 'pytorch', 'SynapseML', 'superset', 'transformers', 'ColossalAI', 'vispy', 'joliGEN', 'danswerai', 'shogun', 'Spearmint', 'xgboost', 'rosetta', 'catboost', 'dash', 'tesseract', 'stellargraph', 'maze', 'cleanlab', 'lightly', 'pymc', 'scikit-opt', 'deeppy', 'Gymnasium', 'skll', 'emcee', 'vigra', 'dtaidistance', 'mars', 'neuraltalk2', 'jax', 'scikit-survival', 'pytorch-frame', 'streamlit', 'mlxtend', 'cortex', 'DeepPavlov', 'alibi-detect', 'gradio', 'xlearn', 'langfuse', 'DI-engine', 'pyss3', 'DIGITS', 'LightGBM', 'CoreNLP', 'yalign', 'determined', 'deeplake', 'blaze', 'somoclu', 'xcessiv', 'matplotlib', 'tensorflow', 'PySyft', 'haystack', 'mlens', 'retro', 'machine-learning', 'gensim', 'neuropredict', 'feast', 'rasa', 'loso', 'lab', 'mindsdb', 'dowel', 'nut', 'retinaface', 'ViZDoom', 'neuraltalk', 'optuna', 'open-webui', 'NeuroNER', 'deepface', 'statsmodels', 'jProcessing', 'typer', 'python-recsys', 'textacy', 'ggpy', 'cornac', 'spaCy', 'langflow', 'igel', 'keras-tuner', 'Metaworld', 'aim', 'pynlpl', 'ray', 'cltk', 'recommenders', 'seaborn', 'evidently', 'deepchecks', 'garage', 'hebel', 'jieba', 'catalyst', 'pytensor', 'lambdo', 'prodmodel', 'zpar', 'polyglot', 'scikit-learn-intelex', 'scikit-image', 'pytorch-lightning', 'colibri-core', 'bolt', 'tpot', 'neural-style-pt', 'chainer', 'skorch', 'pybrain', 'bokeh', 'autogluon', 'pytorch_geometric', 'pkuseg-python', 'open-metric-learning', 'detectron2', 'nilearn', 'mljar-supervised', 'altair', 'pyqtgraph', 'bentoml', 'caffe', 'river', 'numpy', 'CompreFace', 'FEDOT', 'sktime', 'PyTorchCV', 'pytorch-image-models', 'pebl', 'bigartm', 'BioPy', 'python-timbl', 'lightwood', 'mlx', 'zipline', 'pgmpy', 'Petrel', 'mlflow', 'DrQA', 'Parris', 'scikit-learn', 'pytorch', 'SynapseML', 'superset', 'transformers', 'ColossalAI', 'vispy', 'joliGEN', 'danswerai', 'shogun', 'Spearmint', 'xgboost', 'rosetta', 'catboost', 'dash', 'tesseract', 'stellargraph', 'maze', 'cleanlab', 'lightly', 'pymc', 'scikit-opt', 'deeppy', 'Gymnasium', 'skll', 'emcee', 'vigra', 'dtaidistance', 'mars', 'neuraltalk2', 'jax', 'scikit-survival', 'pytorch-frame', 'streamlit', 'mlxtend', 'cortex', 'DeepPavlov', 'alibi-detect', 'gradio', 'xlearn', 'langfuse', 'DI-engine', 'pyss3', 'DIGITS', 'LightGBM', 'CoreNLP', 'yalign', 'determined', 'deeplake', 'blaze', 'somoclu', 'xcessiv', 'matplotlib', 'tensorflow', 'PySyft', 'haystack', 'mlens', 'retro', 'machine-learning', 'gensim', 'neuropredict', 'feast', 'rasa', 'loso', 'lab', 'mindsdb', 'dowel', 'nut', 'retinaface', 'ViZDoom', 'neuraltalk', 'optuna', 'open-webui', 'NeuroNER', 'deepface', 'statsmodels', 'jProcessing', 'typer', 'python-recsys', 'textacy', 'ggpy', 'cornac', 'spaCy', 'langflow', 'igel', 'keras-tuner', 'Metaworld', 'aim', 'pynlpl', 'ray', 'cltk', 'recommenders', 'seaborn', 'evidently', 'deepchecks', 'garage', 'hebel', 'jieba', 'catalyst', 'pytensor', 'lambdo', 'prodmodel', 'zpar', 'polyglot', 'scikit-learn-intelex', 'scikit-image', 'pytorch-lightning', 'colibri-core', 'bolt', 'tpot', 'neural-style-pt', 'chainer', 'skorch', 'pybrain', 'bokeh', 'autogluon', 'pytorch_geometric', 'pkuseg-python', 'open-metric-learning', 'detectron2', 'nilearn', 'mljar-supervised', 'altair', 'pyqtgraph', 'bentoml', 'caffe', 'river', 'numpy', 'CompreFace', 'FEDOT', 'sktime', 'PyTorchCV', 'pytorch-image-models', 'pebl', 'bigartm', 'BioPy', 'python-timbl', 'lightwood', 'mlx', 'zipline', 'pgmpy', 'Petrel', 'mlflow', 'DrQA', 'Parris', 'scikit-learn', 'pytorch', 'SynapseML', 'superset', 'transformers', 'ColossalAI', 'vispy', 'joliGEN', 'danswerai', 'shogun', 'Spearmint', 'xgboost', 'rosetta', 'catboost', 'dash', 'tesseract', 'stellargraph', 'maze', 'cleanlab', 'lightly', 'pymc', 'scikit-opt', 'deeppy', 'Gymnasium', 'skll', 'emcee', 'vigra', 'dtaidistance', 'mars', 'neuraltalk2', 'jax', 'scikit-survival', 'pytorch-frame', 'streamlit', 'mlxtend', 'cortex', 'DeepPavlov', 'alibi-detect', 'gradio', 'xlearn', 'langfuse', 'DI-engine', 'pyss3', 'DIGITS', 'LightGBM', 'CoreNLP', 'yalign', 'determined', 'deeplake', 'blaze', 'somoclu', 'xcessiv', 'matplotlib', 'tensorflow', 'PySyft', 'haystack', 'mlens', 'retro', 'machine-learning', 'gensim', 'neuropredict', 'feast', 'rasa', 'loso', 'lab', 'mindsdb', 'dowel', 'nut', 'retinaface', 'ViZDoom', 'neuraltalk', 'optuna', 'open-webui', 'NeuroNER', 'deepface', 'statsmodels', 'jProcessing', 'typer', 'python-recsys', 'textacy', 'ggpy', 'cornac', 'spaCy', 'langflow', 'igel', 'keras-tuner', 'Metaworld', 'aim', 'pynlpl', 'ray', 'cltk', 'recommenders', 'seaborn', 'evidently', 'deepchecks', 'garage', 'hebel', 'jieba', 'catalyst', 'pytensor', 'lambdo', 'prodmodel', 'zpar', 'polyglot', 'scikit-learn-intelex', 'scikit-image', 'pytorch-lightning', 'colibri-core', 'bolt']"
249,class,732,Incorrect Permission Assignment for Critical Resource,0,2,['DIGITS']
250,class,755,Improper Handling of Exceptional Conditions,1,88,"['danswerai', 'feast', 'DIGITS', 'langflow', 'open-webui', 'PySyft', 'superset', 'mindsdb', 'gradio', 'aim', 'deepface', 'blaze', 'mlflow', 'ColossalAI', 'joliGEN', 'machine-learning', 'dash', 'ray']"
251,class,913,Improper Control of Dynamically-Managed Code Resources,4,1524,"['couler', 'DIGITS', 'tpot', 'open-webui', 'chainer', 'pybrain', 'statsmodels', 'catboost', 'ggpy', 'dash', 'cornac', 'rgf', 'pyqtgraph', 'tensorflow', 'stellargraph', 'cleanlab', 'numpy', 'FEDOT', 'bytehub', 'segmentation_models', 'pebl', 'deeppy', 'bigartm', 'scikit-multiflow', 'recommenders', 'seaborn', 'nupic.studio', 'vigra', 'gan', 'python-timbl', 'notebook', 'pyod', 'catalyst', 'rockpool', 'metric-learn', 'lambdo', 'pytorch', 'zpar', 'streamlit', 'alibi', 'annoy', 'mist', 'scikit-image', 'DeepPavlov', 'breze', 'superset', 'imbalanced-ensemble', 'alibi-detect', 'mindsdb', 'xlearn', 'snips-nlu', 'lifelines', 'ColossalAI', 'DI-engine', 'neural-style-pt', 'chainer', 'skorch', 'pybrain', 'bokeh', 'neurolab', 'autogluon', 'pytorch_geometric', 'face_recognition', 'pkuseg-python', 'open-metric-learning', 'detectron2', 'mljar-supervised', 'pyqtgraph', 'bentoml', 'caffe', 'river', 'numpy', 'FEDOT', 'opfython', 'PyTorchCV', 'pytorch-image-models', 'pebl', 'bigartm', 'lightwood', 'zipline', 'Petrel', 'mlflow', 'DrQA', 'scikit-learn', 'pytorch', 'TResNet', 'segmentation_models.pytorch', 'shapash', 'transformers', 'ColossalAI', 'joliGEN', 'simpleai', 'xgboost', 'catboost', 'maze', 'cleanlab', 'lightly', 'deeppy', 'chefboost', 'opytimizer', 'skll', 'pytorch_geometric_temporal', 'dl-translate', 'mars', 'evostra', 'pytorch-frame', 'streamlit', 'mlxtend', 'DeepPavlov', 'snownlp', 'alibi-detect', 'Sklearn-genetic-opt', 'DI-engine', 'lightning-bolts', 'DIGITS', 'rep', 'LightGBM', 'yalign', 'determined', 'miraiml', 'matplotlib', 'tensorflow', 'haystack', 'mlens', 'machine-learning', 'neuropredict', 'frouros', 'feast', 'rasa', 'loso', 'mindsdb', 'nut', 'ViZDoom', 'neuraltalk', 'sentiment_classifier', 'NeuroNER', 'deepface', 'statsmodels', 'jProcessing', 'dedupe', 'python-recsys', 'cornac', 'eurybia', 'igel', 'keras-tuner', 'backprop', 'ray', 'cltk', 'recommenders', 'sentiment-analyzer', 'evidently', 'deepchecks', 'garage', 'hebel', 'jieba', 'pyod', 'catalyst', 'pytensor', 'lambdo', 'tflearn', 'prodmodel', 'zpar', 'polyglot', 'alibi', 'scikit-learn-intelex', 'pytorch-lightning', 'bolt', 'PCV', 'neural-style-pt', 'chainer', 'skorch', 'pybrain', 'bokeh', 'neurolab', 'autogluon', 'pytorch_geometric', 'face_recognition', 'pkuseg-python', 'open-metric-learning', 'detectron2', 'mljar-supervised', 'pyqtgraph', 'bentoml', 'caffe', 'river', 'numpy', 'FEDOT', 'opfython', 'PyTorchCV', 'pytorch-image-models', 'pebl', 'bigartm', 'lightwood', 'zipline', 'Petrel', 'mlflow', 'DrQA', 'scikit-learn', 'pytorch', 'TResNet', 'segmentation_models.pytorch', 'shapash', 'transformers', 'ColossalAI', 'joliGEN', 'simpleai', 'xgboost', 'catboost', 'maze', 'cleanlab', 'lightly', 'deeppy', 'chefboost', 'opytimizer', 'skll', 'pytorch_geometric_temporal', 'dl-translate', 'mars', 'evostra', 'pytorch-frame', 'streamlit', 'mlxtend', 'DeepPavlov', 'snownlp', 'alibi-detect', 'Sklearn-genetic-opt', 'DI-engine', 'lightning-bolts', 'DIGITS', 'rep', 'LightGBM', 'yalign', 'determined', 'miraiml', 'matplotlib', 'tensorflow', 'haystack', 'mlens', 'machine-learning', 'neuropredict', 'frouros', 'feast', 'rasa', 'loso', 'mindsdb', 'nut', 'ViZDoom', 'neuraltalk', 'sentiment_classifier', 'NeuroNER', 'deepface', 'statsmodels', 'jProcessing', 'dedupe', 'python-recsys', 'cornac', 'eurybia', 'igel', 'keras-tuner', 'backprop', 'ray', 'cltk', 'recommenders', 'sentiment-analyzer', 'evidently', 'deepchecks', 'garage', 'hebel', 'jieba', 'pyod', 'catalyst', 'pytensor', 'lambdo', 'tflearn', 'prodmodel', 'zpar', 'polyglot', 'alibi', 'scikit-learn-intelex', 'pytorch-lightning', 'bolt', 'PCV']"
252,class,922,Insecure Storage of Sensitive Information,2,71,"['danswerai', 'feast', 'cortex', 'Neural', 'langflow', 'bentoml', 'open-webui', 'mindsdb', 'gradio', 'bokeh', 'determined', 'deepface', 'mlflow', 'comet-llm', 'pattern', 'typer', 'ray', 'danswerai', 'feast', 'cortex', 'Neural', 'langflow', 'bentoml', 'open-webui', 'mindsdb', 'gradio', 'bokeh', 'determined', 'deepface', 'mlflow', 'comet-llm', 'pattern', 'typer', 'ray']"
253,class,943,Improper Neutralization of Special Elements in Data Query Logic,8,35,"['feast', 'DIGITS', 'superset', 'dl-translate', 'DI-engine', 'ray', 'danswerai', 'feast', 'rasa', 'DeepPavlov', 'open-webui', 'mindsdb', 'determined', 'deeplake', 'mlflow']"
254,composite,352,Cross-Site Request Forgery (CSRF),8,30,"['cornac', 'feast', 'bowtie', 'DIGITS', 'mindsdb', 'mars', 'deepface', 'mlflow', 'PyTorchCV', 'machine-learning']"
255,pillar,664,Improper Control of a Resource Through its Lifetime,0,354,"['danswerai', 'DIGITS', 'LightGBM', 'open-webui', 'CoreNLP', 'chainer', 'bokeh', 'determined', 'blaze', 'xgboost', 'catboost', 'jProcessing', 'typer', 'dash', 'ViZDoom', 'langflow', 'pyqtgraph', 'bentoml', 'caffe', 'tensorflow', 'numpy', 'haystack', 'pymc', 'PyTorchCV', 'retro', 'pebl', 'bigartm', 'gensim', 'ray', 'skll', 'emcee', 'vigra', 'deepchecks', 'pgmpy', 'pydantic', 'zipline', 'mars', 'jax', 'mlflow', 'DrQA', 'lambdo', 'scikit-learn', 'zpar', 'streamlit', 'pytorch', 'rasa', 'cortex', 'scikit-learn-intelex', 'DeepPavlov', 'mindsdb', 'pytorch-lightning', 'gradio', 'dirty_cat', 'xlearn', 'transformers', 'ColossalAI', 'vispy', 'pattern', 'DI-engine', 'pyss3', 'lightning-bolts', 'danswerai', 'DIGITS', 'LightGBM', 'open-webui', 'CoreNLP', 'chainer', 'bokeh', 'determined', 'blaze', 'xgboost', 'catboost', 'jProcessing', 'typer', 'dash', 'ViZDoom', 'langflow', 'pyqtgraph', 'bentoml', 'caffe', 'tensorflow', 'numpy', 'haystack', 'pymc', 'PyTorchCV', 'retro', 'pebl', 'bigartm', 'gensim', 'ray', 'skll', 'emcee', 'vigra', 'deepchecks', 'pgmpy', 'pydantic', 'zipline', 'mars', 'jax', 'mlflow', 'DrQA', 'lambdo', 'scikit-learn', 'zpar', 'streamlit', 'pytorch', 'rasa', 'cortex', 'scikit-learn-intelex', 'DeepPavlov', 'mindsdb', 'pytorch-lightning', 'gradio', 'dirty_cat', 'xlearn', 'transformers', 'ColossalAI', 'vispy', 'pattern', 'DI-engine', 'pyss3', 'lightning-bolts', 'danswerai', 'DIGITS', 'LightGBM', 'open-webui', 'CoreNLP', 'chainer', 'bokeh', 'determined', 'blaze', 'xgboost', 'catboost', 'jProcessing', 'typer', 'dash', 'ViZDoom', 'langflow', 'pyqtgraph', 'bentoml', 'caffe', 'tensorflow', 'numpy', 'haystack', 'pymc', 'PyTorchCV', 'retro', 'pebl', 'bigartm', 'gensim', 'ray', 'skll', 'emcee', 'vigra', 'deepchecks', 'pgmpy', 'pydantic', 'zipline', 'mars', 'jax', 'mlflow', 'DrQA', 'lambdo', 'scikit-learn', 'zpar', 'streamlit', 'pytorch', 'rasa', 'cortex', 'scikit-learn-intelex', 'DeepPavlov', 'mindsdb', 'pytorch-lightning', 'gradio', 'dirty_cat', 'xlearn', 'transformers', 'ColossalAI', 'vispy', 'pattern', 'DI-engine', 'pyss3', 'lightning-bolts']"
256,pillar,693,Protection Mechanism Failure,0,15,"['streamlit', 'danswerai', 'couler', 'langflow', 'open-webui', 'gradio', 'lightly', 'mars', 'determined', 'mlflow', 'streamlit', 'danswerai', 'couler', 'langflow', 'open-webui', 'gradio', 'lightly', 'mars', 'determined', 'mlflow', 'streamlit', 'danswerai', 'couler', 'langflow', 'open-webui', 'gradio', 'lightly', 'mars', 'determined', 'mlflow']"
257,pillar,697,Incorrect Comparison,0,3,"['transformers', 'superset']"
258,pillar,707,Improper Neutralization,0,264,"['danswerai', 'DIGITS', 'open-webui', 'fastapi', 'bokeh', 'nalp', 'spammy', 'ViZDoom', 'langflow', 'PySyft', 'numpy', 'lightly', 'retro', 'ray', 'pydantic', 'pytensor', 'mlflow', 'pytorch', 'streamlit', 'feast', 'rasa', 'mindsdb', 'superset', 'gradio', 'transformers', 'pattern', 'AutoViz', 'Auto_ViML', 'danswerai', 'DIGITS', 'open-webui', 'fastapi', 'bokeh', 'nalp', 'spammy', 'ViZDoom', 'langflow', 'PySyft', 'numpy', 'lightly', 'retro', 'ray', 'pydantic', 'pytensor', 'mlflow', 'pytorch', 'streamlit', 'feast', 'rasa', 'mindsdb', 'superset', 'gradio', 'transformers', 'pattern', 'AutoViz', 'Auto_ViML', 'feast', 'DIGITS', 'superset', 'dl-translate', 'DI-engine', 'ray', 'couler', 'DIGITS', 'tpot', 'open-webui', 'chainer', 'pybrain', 'deepface', 'statsmodels', 'catboost', 'ggpy', 'dash', 'cornac', 'rgf', 'pyqtgraph', 'tensorflow', 'stellargraph', 'cleanlab', 'numpy', 'FEDOT', 'bytehub', 'PyTorchCV', 'segmentation_models', 'pebl', 'machine-learning', 'deeppy', 'bigartm', 'scikit-multiflow', 'recommenders', 'seaborn', 'nupic.studio', 'vigra', 'gan', 'python-timbl', 'notebook', 'pyod', 'catalyst', 'rockpool', 'mars', 'mlflow', 'metric-learn', 'lambdo', 'pytorch', 'zpar', 'streamlit', 'alibi', 'annoy', 'feast', 'bowtie', 'scikit-image', 'mist', 'DeepPavlov', 'breze', 'superset', 'imbalanced-ensemble', 'alibi-detect', 'mindsdb', 'xlearn', 'snips-nlu', 'transformers', 'lifelines', 'ColossalAI', 'DI-engine', 'danswerai', 'DIGITS', 'open-webui', 'fastapi', 'bokeh', 'nalp', 'spammy', 'ViZDoom', 'langflow', 'PySyft', 'numpy', 'lightly', 'retro', 'ray', 'pydantic', 'pytensor', 'mlflow', 'pytorch', 'streamlit', 'feast', 'rasa', 'mindsdb', 'superset', 'gradio', 'transformers', 'pattern', 'AutoViz', 'Auto_ViML', 'couler', 'DIGITS', 'tpot', 'open-webui', 'chainer', 'pybrain', 'deepface', 'statsmodels', 'catboost', 'ggpy', 'dash', 'cornac', 'rgf', 'pyqtgraph', 'tensorflow', 'stellargraph', 'cleanlab', 'numpy', 'FEDOT', 'bytehub', 'PyTorchCV', 'segmentation_models', 'pebl', 'machine-learning', 'deeppy', 'bigartm', 'scikit-multiflow', 'recommenders', 'seaborn', 'nupic.studio', 'vigra', 'gan', 'python-timbl', 'notebook', 'pyod', 'catalyst', 'rockpool', 'mars', 'mlflow', 'metric-learn', 'lambdo', 'pytorch', 'zpar', 'streamlit', 'alibi', 'annoy', 'feast', 'bowtie', 'scikit-image', 'mist', 'DeepPavlov', 'breze', 'superset', 'imbalanced-ensemble', 'alibi-detect', 'mindsdb', 'xlearn', 'snips-nlu', 'transformers', 'lifelines', 'ColossalAI', 'DI-engine', 'danswerai', 'DIGITS', 'open-webui', 'fastapi', 'bokeh', 'nalp', 'spammy', 'ViZDoom', 'langflow', 'PySyft', 'numpy', 'lightly', 'retro', 'ray', 'pydantic', 'pytensor', 'mlflow', 'pytorch', 'streamlit', 'feast', 'rasa', 'mindsdb', 'superset', 'gradio', 'transformers', 'pattern', 'AutoViz', 'Auto_ViML', 'danswerai', 'DIGITS', 'open-webui', 'fastapi', 'bokeh', 'nalp', 'spammy', 'ViZDoom', 'langflow', 'PySyft', 'numpy', 'lightly', 'retro', 'ray', 'pydantic', 'pytensor', 'mlflow', 'pytorch', 'streamlit', 'feast', 'rasa', 'mindsdb', 'superset', 'gradio', 'transformers', 'pattern', 'AutoViz', 'Auto_ViML', 'couler', 'DIGITS', 'tpot', 'open-webui', 'chainer', 'pybrain', 'deepface', 'statsmodels', 'catboost', 'ggpy', 'dash', 'cornac', 'rgf', 'pyqtgraph', 'tensorflow', 'stellargraph', 'cleanlab', 'numpy', 'FEDOT', 'bytehub', 'PyTorchCV', 'segmentation_models', 'pebl', 'machine-learning', 'deeppy', 'bigartm', 'scikit-multiflow', 'recommenders', 'seaborn', 'nupic.studio', 'vigra', 'gan', 'python-timbl', 'notebook', 'pyod', 'catalyst', 'rockpool', 'mars', 'mlflow', 'metric-learn', 'lambdo', 'pytorch', 'zpar', 'streamlit', 'alibi', 'annoy', 'feast', 'bowtie', 'scikit-image', 'mist', 'DeepPavlov', 'breze', 'superset', 'imbalanced-ensemble', 'alibi-detect', 'mindsdb', 'xlearn', 'snips-nlu', 'transformers', 'lifelines', 'ColossalAI', 'DI-engine']"
259,pillar,710,Improper Adherence to Coding Standards,0,6,"['caffe', 'CompreFace', 'bokeh', 'xcessiv', 'face_recognition']"
260,variant,11,ASP.NET Misconfiguration: Creating Debug Binary,1,6,"['caffe', 'CompreFace', 'bokeh', 'xcessiv', 'face_recognition']"
261,variant,24,Path Traversal: '../filedir',1,7024,"['tpot', 'neural-style-pt', 'chainer', 'skorch', 'pybrain', 'bokeh', 'autogluon', 'pytorch_geometric', 'pkuseg-python', 'open-metric-learning', 'detectron2', 'nilearn', 'mljar-supervised', 'altair', 'pyqtgraph', 'bentoml', 'caffe', 'river', 'numpy', 'CompreFace', 'FEDOT', 'sktime', 'PyTorchCV', 'pytorch-image-models', 'pebl', 'bigartm', 'BioPy', 'python-timbl', 'lightwood', 'mlx', 'zipline', 'pgmpy', 'Petrel', 'mlflow', 'DrQA', 'Parris', 'scikit-learn', 'pytorch', 'SynapseML', 'superset', 'transformers', 'ColossalAI', 'vispy', 'joliGEN', 'danswerai', 'shogun', 'Spearmint', 'xgboost', 'rosetta', 'catboost', 'dash', 'tesseract', 'stellargraph', 'maze', 'cleanlab', 'lightly', 'pymc', 'scikit-opt', 'deeppy', 'Gymnasium', 'skll', 'emcee', 'vigra', 'dtaidistance', 'mars', 'neuraltalk2', 'jax', 'scikit-survival', 'pytorch-frame', 'streamlit', 'mlxtend', 'cortex', 'DeepPavlov', 'alibi-detect', 'gradio', 'xlearn', 'langfuse', 'DI-engine', 'pyss3', 'DIGITS', 'LightGBM', 'CoreNLP', 'yalign', 'determined', 'deeplake', 'blaze', 'somoclu', 'xcessiv', 'matplotlib', 'tensorflow', 'PySyft', 'haystack', 'mlens', 'retro', 'machine-learning', 'gensim', 'neuropredict', 'feast', 'rasa', 'loso', 'lab', 'mindsdb', 'dowel', 'nut', 'retinaface', 'ViZDoom', 'neuraltalk', 'optuna', 'open-webui', 'NeuroNER', 'deepface', 'statsmodels', 'jProcessing', 'typer', 'python-recsys', 'textacy', 'ggpy', 'cornac', 'spaCy', 'langflow', 'igel', 'keras-tuner', 'Metaworld', 'aim', 'pynlpl', 'ray', 'cltk', 'recommenders', 'seaborn', 'evidently', 'deepchecks', 'garage', 'hebel', 'jieba', 'catalyst', 'pytensor', 'lambdo', 'prodmodel', 'zpar', 'polyglot', 'scikit-learn-intelex', 'scikit-image', 'pytorch-lightning', 'colibri-core', 'bolt']"
262,variant,25,Path Traversal: '/../filedir',2,7024,"['tpot', 'neural-style-pt', 'chainer', 'skorch', 'pybrain', 'bokeh', 'autogluon', 'pytorch_geometric', 'pkuseg-python', 'open-metric-learning', 'detectron2', 'nilearn', 'mljar-supervised', 'altair', 'pyqtgraph', 'bentoml', 'caffe', 'river', 'numpy', 'CompreFace', 'FEDOT', 'sktime', 'PyTorchCV', 'pytorch-image-models', 'pebl', 'bigartm', 'BioPy', 'python-timbl', 'lightwood', 'mlx', 'zipline', 'pgmpy', 'Petrel', 'mlflow', 'DrQA', 'Parris', 'scikit-learn', 'pytorch', 'SynapseML', 'superset', 'transformers', 'ColossalAI', 'vispy', 'joliGEN', 'danswerai', 'shogun', 'Spearmint', 'xgboost', 'rosetta', 'catboost', 'dash', 'tesseract', 'stellargraph', 'maze', 'cleanlab', 'lightly', 'pymc', 'scikit-opt', 'deeppy', 'Gymnasium', 'skll', 'emcee', 'vigra', 'dtaidistance', 'mars', 'neuraltalk2', 'jax', 'scikit-survival', 'pytorch-frame', 'streamlit', 'mlxtend', 'cortex', 'DeepPavlov', 'alibi-detect', 'gradio', 'xlearn', 'langfuse', 'DI-engine', 'pyss3', 'DIGITS', 'LightGBM', 'CoreNLP', 'yalign', 'determined', 'deeplake', 'blaze', 'somoclu', 'xcessiv', 'matplotlib', 'tensorflow', 'PySyft', 'haystack', 'mlens', 'retro', 'machine-learning', 'gensim', 'neuropredict', 'feast', 'rasa', 'loso', 'lab', 'mindsdb', 'dowel', 'nut', 'retinaface', 'ViZDoom', 'neuraltalk', 'optuna', 'open-webui', 'NeuroNER', 'deepface', 'statsmodels', 'jProcessing', 'typer', 'python-recsys', 'textacy', 'ggpy', 'cornac', 'spaCy', 'langflow', 'igel', 'keras-tuner', 'Metaworld', 'aim', 'pynlpl', 'ray', 'cltk', 'recommenders', 'seaborn', 'evidently', 'deepchecks', 'garage', 'hebel', 'jieba', 'catalyst', 'pytensor', 'lambdo', 'prodmodel', 'zpar', 'polyglot', 'scikit-learn-intelex', 'scikit-image', 'pytorch-lightning', 'colibri-core', 'bolt']"
263,variant,26,Path Traversal: '/dir/../filename',3,7024,"['tpot', 'neural-style-pt', 'chainer', 'skorch', 'pybrain', 'bokeh', 'autogluon', 'pytorch_geometric', 'pkuseg-python', 'open-metric-learning', 'detectron2', 'nilearn', 'mljar-supervised', 'altair', 'pyqtgraph', 'bentoml', 'caffe', 'river', 'numpy', 'CompreFace', 'FEDOT', 'sktime', 'PyTorchCV', 'pytorch-image-models', 'pebl', 'bigartm', 'BioPy', 'python-timbl', 'lightwood', 'mlx', 'zipline', 'pgmpy', 'Petrel', 'mlflow', 'DrQA', 'Parris', 'scikit-learn', 'pytorch', 'SynapseML', 'superset', 'transformers', 'ColossalAI', 'vispy', 'joliGEN', 'danswerai', 'shogun', 'Spearmint', 'xgboost', 'rosetta', 'catboost', 'dash', 'tesseract', 'stellargraph', 'maze', 'cleanlab', 'lightly', 'pymc', 'scikit-opt', 'deeppy', 'Gymnasium', 'skll', 'emcee', 'vigra', 'dtaidistance', 'mars', 'neuraltalk2', 'jax', 'scikit-survival', 'pytorch-frame', 'streamlit', 'mlxtend', 'cortex', 'DeepPavlov', 'alibi-detect', 'gradio', 'xlearn', 'langfuse', 'DI-engine', 'pyss3', 'DIGITS', 'LightGBM', 'CoreNLP', 'yalign', 'determined', 'deeplake', 'blaze', 'somoclu', 'xcessiv', 'matplotlib', 'tensorflow', 'PySyft', 'haystack', 'mlens', 'retro', 'machine-learning', 'gensim', 'neuropredict', 'feast', 'rasa', 'loso', 'lab', 'mindsdb', 'dowel', 'nut', 'retinaface', 'ViZDoom', 'neuraltalk', 'optuna', 'open-webui', 'NeuroNER', 'deepface', 'statsmodels', 'jProcessing', 'typer', 'python-recsys', 'textacy', 'ggpy', 'cornac', 'spaCy', 'langflow', 'igel', 'keras-tuner', 'Metaworld', 'aim', 'pynlpl', 'ray', 'cltk', 'recommenders', 'seaborn', 'evidently', 'deepchecks', 'garage', 'hebel', 'jieba', 'catalyst', 'pytensor', 'lambdo', 'prodmodel', 'zpar', 'polyglot', 'scikit-learn-intelex', 'scikit-image', 'pytorch-lightning', 'colibri-core', 'bolt']"
264,variant,27,Path Traversal: 'dir/../../filename',4,7024,"['tpot', 'neural-style-pt', 'chainer', 'skorch', 'pybrain', 'bokeh', 'autogluon', 'pytorch_geometric', 'pkuseg-python', 'open-metric-learning', 'detectron2', 'nilearn', 'mljar-supervised', 'altair', 'pyqtgraph', 'bentoml', 'caffe', 'river', 'numpy', 'CompreFace', 'FEDOT', 'sktime', 'PyTorchCV', 'pytorch-image-models', 'pebl', 'bigartm', 'BioPy', 'python-timbl', 'lightwood', 'mlx', 'zipline', 'pgmpy', 'Petrel', 'mlflow', 'DrQA', 'Parris', 'scikit-learn', 'pytorch', 'SynapseML', 'superset', 'transformers', 'ColossalAI', 'vispy', 'joliGEN', 'danswerai', 'shogun', 'Spearmint', 'xgboost', 'rosetta', 'catboost', 'dash', 'tesseract', 'stellargraph', 'maze', 'cleanlab', 'lightly', 'pymc', 'scikit-opt', 'deeppy', 'Gymnasium', 'skll', 'emcee', 'vigra', 'dtaidistance', 'mars', 'neuraltalk2', 'jax', 'scikit-survival', 'pytorch-frame', 'streamlit', 'mlxtend', 'cortex', 'DeepPavlov', 'alibi-detect', 'gradio', 'xlearn', 'langfuse', 'DI-engine', 'pyss3', 'DIGITS', 'LightGBM', 'CoreNLP', 'yalign', 'determined', 'deeplake', 'blaze', 'somoclu', 'xcessiv', 'matplotlib', 'tensorflow', 'PySyft', 'haystack', 'mlens', 'retro', 'machine-learning', 'gensim', 'neuropredict', 'feast', 'rasa', 'loso', 'lab', 'mindsdb', 'dowel', 'nut', 'retinaface', 'ViZDoom', 'neuraltalk', 'optuna', 'open-webui', 'NeuroNER', 'deepface', 'statsmodels', 'jProcessing', 'typer', 'python-recsys', 'textacy', 'ggpy', 'cornac', 'spaCy', 'langflow', 'igel', 'keras-tuner', 'Metaworld', 'aim', 'pynlpl', 'ray', 'cltk', 'recommenders', 'seaborn', 'evidently', 'deepchecks', 'garage', 'hebel', 'jieba', 'catalyst', 'pytensor', 'lambdo', 'prodmodel', 'zpar', 'polyglot', 'scikit-learn-intelex', 'scikit-image', 'pytorch-lightning', 'colibri-core', 'bolt']"
265,variant,28,Path Traversal: '..\filedir',5,7024,"['tpot', 'neural-style-pt', 'chainer', 'skorch', 'pybrain', 'bokeh', 'autogluon', 'pytorch_geometric', 'pkuseg-python', 'open-metric-learning', 'detectron2', 'nilearn', 'mljar-supervised', 'altair', 'pyqtgraph', 'bentoml', 'caffe', 'river', 'numpy', 'CompreFace', 'FEDOT', 'sktime', 'PyTorchCV', 'pytorch-image-models', 'pebl', 'bigartm', 'BioPy', 'python-timbl', 'lightwood', 'mlx', 'zipline', 'pgmpy', 'Petrel', 'mlflow', 'DrQA', 'Parris', 'scikit-learn', 'pytorch', 'SynapseML', 'superset', 'transformers', 'ColossalAI', 'vispy', 'joliGEN', 'danswerai', 'shogun', 'Spearmint', 'xgboost', 'rosetta', 'catboost', 'dash', 'tesseract', 'stellargraph', 'maze', 'cleanlab', 'lightly', 'pymc', 'scikit-opt', 'deeppy', 'Gymnasium', 'skll', 'emcee', 'vigra', 'dtaidistance', 'mars', 'neuraltalk2', 'jax', 'scikit-survival', 'pytorch-frame', 'streamlit', 'mlxtend', 'cortex', 'DeepPavlov', 'alibi-detect', 'gradio', 'xlearn', 'langfuse', 'DI-engine', 'pyss3', 'DIGITS', 'LightGBM', 'CoreNLP', 'yalign', 'determined', 'deeplake', 'blaze', 'somoclu', 'xcessiv', 'matplotlib', 'tensorflow', 'PySyft', 'haystack', 'mlens', 'retro', 'machine-learning', 'gensim', 'neuropredict', 'feast', 'rasa', 'loso', 'lab', 'mindsdb', 'dowel', 'nut', 'retinaface', 'ViZDoom', 'neuraltalk', 'optuna', 'open-webui', 'NeuroNER', 'deepface', 'statsmodels', 'jProcessing', 'typer', 'python-recsys', 'textacy', 'ggpy', 'cornac', 'spaCy', 'langflow', 'igel', 'keras-tuner', 'Metaworld', 'aim', 'pynlpl', 'ray', 'cltk', 'recommenders', 'seaborn', 'evidently', 'deepchecks', 'garage', 'hebel', 'jieba', 'catalyst', 'pytensor', 'lambdo', 'prodmodel', 'zpar', 'polyglot', 'scikit-learn-intelex', 'scikit-image', 'pytorch-lightning', 'colibri-core', 'bolt']"
266,variant,29,Path Traversal: '\..\filename',6,7024,"['tpot', 'neural-style-pt', 'chainer', 'skorch', 'pybrain', 'bokeh', 'autogluon', 'pytorch_geometric', 'pkuseg-python', 'open-metric-learning', 'detectron2', 'nilearn', 'mljar-supervised', 'altair', 'pyqtgraph', 'bentoml', 'caffe', 'river', 'numpy', 'CompreFace', 'FEDOT', 'sktime', 'PyTorchCV', 'pytorch-image-models', 'pebl', 'bigartm', 'BioPy', 'python-timbl', 'lightwood', 'mlx', 'zipline', 'pgmpy', 'Petrel', 'mlflow', 'DrQA', 'Parris', 'scikit-learn', 'pytorch', 'SynapseML', 'superset', 'transformers', 'ColossalAI', 'vispy', 'joliGEN', 'danswerai', 'shogun', 'Spearmint', 'xgboost', 'rosetta', 'catboost', 'dash', 'tesseract', 'stellargraph', 'maze', 'cleanlab', 'lightly', 'pymc', 'scikit-opt', 'deeppy', 'Gymnasium', 'skll', 'emcee', 'vigra', 'dtaidistance', 'mars', 'neuraltalk2', 'jax', 'scikit-survival', 'pytorch-frame', 'streamlit', 'mlxtend', 'cortex', 'DeepPavlov', 'alibi-detect', 'gradio', 'xlearn', 'langfuse', 'DI-engine', 'pyss3', 'DIGITS', 'LightGBM', 'CoreNLP', 'yalign', 'determined', 'deeplake', 'blaze', 'somoclu', 'xcessiv', 'matplotlib', 'tensorflow', 'PySyft', 'haystack', 'mlens', 'retro', 'machine-learning', 'gensim', 'neuropredict', 'feast', 'rasa', 'loso', 'lab', 'mindsdb', 'dowel', 'nut', 'retinaface', 'ViZDoom', 'neuraltalk', 'optuna', 'open-webui', 'NeuroNER', 'deepface', 'statsmodels', 'jProcessing', 'typer', 'python-recsys', 'textacy', 'ggpy', 'cornac', 'spaCy', 'langflow', 'igel', 'keras-tuner', 'Metaworld', 'aim', 'pynlpl', 'ray', 'cltk', 'recommenders', 'seaborn', 'evidently', 'deepchecks', 'garage', 'hebel', 'jieba', 'catalyst', 'pytensor', 'lambdo', 'prodmodel', 'zpar', 'polyglot', 'scikit-learn-intelex', 'scikit-image', 'pytorch-lightning', 'colibri-core', 'bolt']"
267,variant,30,Path Traversal: '\dir\..\filename',7,7024,"['tpot', 'neural-style-pt', 'chainer', 'skorch', 'pybrain', 'bokeh', 'autogluon', 'pytorch_geometric', 'pkuseg-python', 'open-metric-learning', 'detectron2', 'nilearn', 'mljar-supervised', 'altair', 'pyqtgraph', 'bentoml', 'caffe', 'river', 'numpy', 'CompreFace', 'FEDOT', 'sktime', 'PyTorchCV', 'pytorch-image-models', 'pebl', 'bigartm', 'BioPy', 'python-timbl', 'lightwood', 'mlx', 'zipline', 'pgmpy', 'Petrel', 'mlflow', 'DrQA', 'Parris', 'scikit-learn', 'pytorch', 'SynapseML', 'superset', 'transformers', 'ColossalAI', 'vispy', 'joliGEN', 'danswerai', 'shogun', 'Spearmint', 'xgboost', 'rosetta', 'catboost', 'dash', 'tesseract', 'stellargraph', 'maze', 'cleanlab', 'lightly', 'pymc', 'scikit-opt', 'deeppy', 'Gymnasium', 'skll', 'emcee', 'vigra', 'dtaidistance', 'mars', 'neuraltalk2', 'jax', 'scikit-survival', 'pytorch-frame', 'streamlit', 'mlxtend', 'cortex', 'DeepPavlov', 'alibi-detect', 'gradio', 'xlearn', 'langfuse', 'DI-engine', 'pyss3', 'DIGITS', 'LightGBM', 'CoreNLP', 'yalign', 'determined', 'deeplake', 'blaze', 'somoclu', 'xcessiv', 'matplotlib', 'tensorflow', 'PySyft', 'haystack', 'mlens', 'retro', 'machine-learning', 'gensim', 'neuropredict', 'feast', 'rasa', 'loso', 'lab', 'mindsdb', 'dowel', 'nut', 'retinaface', 'ViZDoom', 'neuraltalk', 'optuna', 'open-webui', 'NeuroNER', 'deepface', 'statsmodels', 'jProcessing', 'typer', 'python-recsys', 'textacy', 'ggpy', 'cornac', 'spaCy', 'langflow', 'igel', 'keras-tuner', 'Metaworld', 'aim', 'pynlpl', 'ray', 'cltk', 'recommenders', 'seaborn', 'evidently', 'deepchecks', 'garage', 'hebel', 'jieba', 'catalyst', 'pytensor', 'lambdo', 'prodmodel', 'zpar', 'polyglot', 'scikit-learn-intelex', 'scikit-image', 'pytorch-lightning', 'colibri-core', 'bolt']"
268,variant,31,Path Traversal: 'dir\..\..\filename',8,7024,"['tpot', 'neural-style-pt', 'chainer', 'skorch', 'pybrain', 'bokeh', 'autogluon', 'pytorch_geometric', 'pkuseg-python', 'open-metric-learning', 'detectron2', 'nilearn', 'mljar-supervised', 'altair', 'pyqtgraph', 'bentoml', 'caffe', 'river', 'numpy', 'CompreFace', 'FEDOT', 'sktime', 'PyTorchCV', 'pytorch-image-models', 'pebl', 'bigartm', 'BioPy', 'python-timbl', 'lightwood', 'mlx', 'zipline', 'pgmpy', 'Petrel', 'mlflow', 'DrQA', 'Parris', 'scikit-learn', 'pytorch', 'SynapseML', 'superset', 'transformers', 'ColossalAI', 'vispy', 'joliGEN', 'danswerai', 'shogun', 'Spearmint', 'xgboost', 'rosetta', 'catboost', 'dash', 'tesseract', 'stellargraph', 'maze', 'cleanlab', 'lightly', 'pymc', 'scikit-opt', 'deeppy', 'Gymnasium', 'skll', 'emcee', 'vigra', 'dtaidistance', 'mars', 'neuraltalk2', 'jax', 'scikit-survival', 'pytorch-frame', 'streamlit', 'mlxtend', 'cortex', 'DeepPavlov', 'alibi-detect', 'gradio', 'xlearn', 'langfuse', 'DI-engine', 'pyss3', 'DIGITS', 'LightGBM', 'CoreNLP', 'yalign', 'determined', 'deeplake', 'blaze', 'somoclu', 'xcessiv', 'matplotlib', 'tensorflow', 'PySyft', 'haystack', 'mlens', 'retro', 'machine-learning', 'gensim', 'neuropredict', 'feast', 'rasa', 'loso', 'lab', 'mindsdb', 'dowel', 'nut', 'retinaface', 'ViZDoom', 'neuraltalk', 'optuna', 'open-webui', 'NeuroNER', 'deepface', 'statsmodels', 'jProcessing', 'typer', 'python-recsys', 'textacy', 'ggpy', 'cornac', 'spaCy', 'langflow', 'igel', 'keras-tuner', 'Metaworld', 'aim', 'pynlpl', 'ray', 'cltk', 'recommenders', 'seaborn', 'evidently', 'deepchecks', 'garage', 'hebel', 'jieba', 'catalyst', 'pytensor', 'lambdo', 'prodmodel', 'zpar', 'polyglot', 'scikit-learn-intelex', 'scikit-image', 'pytorch-lightning', 'colibri-core', 'bolt']"
269,variant,32,Path Traversal: '...' (Triple Dot),9,7024,"['tpot', 'neural-style-pt', 'chainer', 'skorch', 'pybrain', 'bokeh', 'autogluon', 'pytorch_geometric', 'pkuseg-python', 'open-metric-learning', 'detectron2', 'nilearn', 'mljar-supervised', 'altair', 'pyqtgraph', 'bentoml', 'caffe', 'river', 'numpy', 'CompreFace', 'FEDOT', 'sktime', 'PyTorchCV', 'pytorch-image-models', 'pebl', 'bigartm', 'BioPy', 'python-timbl', 'lightwood', 'mlx', 'zipline', 'pgmpy', 'Petrel', 'mlflow', 'DrQA', 'Parris', 'scikit-learn', 'pytorch', 'SynapseML', 'superset', 'transformers', 'ColossalAI', 'vispy', 'joliGEN', 'danswerai', 'shogun', 'Spearmint', 'xgboost', 'rosetta', 'catboost', 'dash', 'tesseract', 'stellargraph', 'maze', 'cleanlab', 'lightly', 'pymc', 'scikit-opt', 'deeppy', 'Gymnasium', 'skll', 'emcee', 'vigra', 'dtaidistance', 'mars', 'neuraltalk2', 'jax', 'scikit-survival', 'pytorch-frame', 'streamlit', 'mlxtend', 'cortex', 'DeepPavlov', 'alibi-detect', 'gradio', 'xlearn', 'langfuse', 'DI-engine', 'pyss3', 'DIGITS', 'LightGBM', 'CoreNLP', 'yalign', 'determined', 'deeplake', 'blaze', 'somoclu', 'xcessiv', 'matplotlib', 'tensorflow', 'PySyft', 'haystack', 'mlens', 'retro', 'machine-learning', 'gensim', 'neuropredict', 'feast', 'rasa', 'loso', 'lab', 'mindsdb', 'dowel', 'nut', 'retinaface', 'ViZDoom', 'neuraltalk', 'optuna', 'open-webui', 'NeuroNER', 'deepface', 'statsmodels', 'jProcessing', 'typer', 'python-recsys', 'textacy', 'ggpy', 'cornac', 'spaCy', 'langflow', 'igel', 'keras-tuner', 'Metaworld', 'aim', 'pynlpl', 'ray', 'cltk', 'recommenders', 'seaborn', 'evidently', 'deepchecks', 'garage', 'hebel', 'jieba', 'catalyst', 'pytensor', 'lambdo', 'prodmodel', 'zpar', 'polyglot', 'scikit-learn-intelex', 'scikit-image', 'pytorch-lightning', 'colibri-core', 'bolt']"
270,variant,33,Path Traversal: '....' (Multiple Dot),10,7024,"['tpot', 'neural-style-pt', 'chainer', 'skorch', 'pybrain', 'bokeh', 'autogluon', 'pytorch_geometric', 'pkuseg-python', 'open-metric-learning', 'detectron2', 'nilearn', 'mljar-supervised', 'altair', 'pyqtgraph', 'bentoml', 'caffe', 'river', 'numpy', 'CompreFace', 'FEDOT', 'sktime', 'PyTorchCV', 'pytorch-image-models', 'pebl', 'bigartm', 'BioPy', 'python-timbl', 'lightwood', 'mlx', 'zipline', 'pgmpy', 'Petrel', 'mlflow', 'DrQA', 'Parris', 'scikit-learn', 'pytorch', 'SynapseML', 'superset', 'transformers', 'ColossalAI', 'vispy', 'joliGEN', 'danswerai', 'shogun', 'Spearmint', 'xgboost', 'rosetta', 'catboost', 'dash', 'tesseract', 'stellargraph', 'maze', 'cleanlab', 'lightly', 'pymc', 'scikit-opt', 'deeppy', 'Gymnasium', 'skll', 'emcee', 'vigra', 'dtaidistance', 'mars', 'neuraltalk2', 'jax', 'scikit-survival', 'pytorch-frame', 'streamlit', 'mlxtend', 'cortex', 'DeepPavlov', 'alibi-detect', 'gradio', 'xlearn', 'langfuse', 'DI-engine', 'pyss3', 'DIGITS', 'LightGBM', 'CoreNLP', 'yalign', 'determined', 'deeplake', 'blaze', 'somoclu', 'xcessiv', 'matplotlib', 'tensorflow', 'PySyft', 'haystack', 'mlens', 'retro', 'machine-learning', 'gensim', 'neuropredict', 'feast', 'rasa', 'loso', 'lab', 'mindsdb', 'dowel', 'nut', 'retinaface', 'ViZDoom', 'neuraltalk', 'optuna', 'open-webui', 'NeuroNER', 'deepface', 'statsmodels', 'jProcessing', 'typer', 'python-recsys', 'textacy', 'ggpy', 'cornac', 'spaCy', 'langflow', 'igel', 'keras-tuner', 'Metaworld', 'aim', 'pynlpl', 'ray', 'cltk', 'recommenders', 'seaborn', 'evidently', 'deepchecks', 'garage', 'hebel', 'jieba', 'catalyst', 'pytensor', 'lambdo', 'prodmodel', 'zpar', 'polyglot', 'scikit-learn-intelex', 'scikit-image', 'pytorch-lightning', 'colibri-core', 'bolt']"
271,variant,34,Path Traversal: '....//',11,7024,"['tpot', 'neural-style-pt', 'chainer', 'skorch', 'pybrain', 'bokeh', 'autogluon', 'pytorch_geometric', 'pkuseg-python', 'open-metric-learning', 'detectron2', 'nilearn', 'mljar-supervised', 'altair', 'pyqtgraph', 'bentoml', 'caffe', 'river', 'numpy', 'CompreFace', 'FEDOT', 'sktime', 'PyTorchCV', 'pytorch-image-models', 'pebl', 'bigartm', 'BioPy', 'python-timbl', 'lightwood', 'mlx', 'zipline', 'pgmpy', 'Petrel', 'mlflow', 'DrQA', 'Parris', 'scikit-learn', 'pytorch', 'SynapseML', 'superset', 'transformers', 'ColossalAI', 'vispy', 'joliGEN', 'danswerai', 'shogun', 'Spearmint', 'xgboost', 'rosetta', 'catboost', 'dash', 'tesseract', 'stellargraph', 'maze', 'cleanlab', 'lightly', 'pymc', 'scikit-opt', 'deeppy', 'Gymnasium', 'skll', 'emcee', 'vigra', 'dtaidistance', 'mars', 'neuraltalk2', 'jax', 'scikit-survival', 'pytorch-frame', 'streamlit', 'mlxtend', 'cortex', 'DeepPavlov', 'alibi-detect', 'gradio', 'xlearn', 'langfuse', 'DI-engine', 'pyss3', 'DIGITS', 'LightGBM', 'CoreNLP', 'yalign', 'determined', 'deeplake', 'blaze', 'somoclu', 'xcessiv', 'matplotlib', 'tensorflow', 'PySyft', 'haystack', 'mlens', 'retro', 'machine-learning', 'gensim', 'neuropredict', 'feast', 'rasa', 'loso', 'lab', 'mindsdb', 'dowel', 'nut', 'retinaface', 'ViZDoom', 'neuraltalk', 'optuna', 'open-webui', 'NeuroNER', 'deepface', 'statsmodels', 'jProcessing', 'typer', 'python-recsys', 'textacy', 'ggpy', 'cornac', 'spaCy', 'langflow', 'igel', 'keras-tuner', 'Metaworld', 'aim', 'pynlpl', 'ray', 'cltk', 'recommenders', 'seaborn', 'evidently', 'deepchecks', 'garage', 'hebel', 'jieba', 'catalyst', 'pytensor', 'lambdo', 'prodmodel', 'zpar', 'polyglot', 'scikit-learn-intelex', 'scikit-image', 'pytorch-lightning', 'colibri-core', 'bolt']"
272,variant,35,Path Traversal: '.../...//',12,7024,"['tpot', 'neural-style-pt', 'chainer', 'skorch', 'pybrain', 'bokeh', 'autogluon', 'pytorch_geometric', 'pkuseg-python', 'open-metric-learning', 'detectron2', 'nilearn', 'mljar-supervised', 'altair', 'pyqtgraph', 'bentoml', 'caffe', 'river', 'numpy', 'CompreFace', 'FEDOT', 'sktime', 'PyTorchCV', 'pytorch-image-models', 'pebl', 'bigartm', 'BioPy', 'python-timbl', 'lightwood', 'mlx', 'zipline', 'pgmpy', 'Petrel', 'mlflow', 'DrQA', 'Parris', 'scikit-learn', 'pytorch', 'SynapseML', 'superset', 'transformers', 'ColossalAI', 'vispy', 'joliGEN', 'danswerai', 'shogun', 'Spearmint', 'xgboost', 'rosetta', 'catboost', 'dash', 'tesseract', 'stellargraph', 'maze', 'cleanlab', 'lightly', 'pymc', 'scikit-opt', 'deeppy', 'Gymnasium', 'skll', 'emcee', 'vigra', 'dtaidistance', 'mars', 'neuraltalk2', 'jax', 'scikit-survival', 'pytorch-frame', 'streamlit', 'mlxtend', 'cortex', 'DeepPavlov', 'alibi-detect', 'gradio', 'xlearn', 'langfuse', 'DI-engine', 'pyss3', 'DIGITS', 'LightGBM', 'CoreNLP', 'yalign', 'determined', 'deeplake', 'blaze', 'somoclu', 'xcessiv', 'matplotlib', 'tensorflow', 'PySyft', 'haystack', 'mlens', 'retro', 'machine-learning', 'gensim', 'neuropredict', 'feast', 'rasa', 'loso', 'lab', 'mindsdb', 'dowel', 'nut', 'retinaface', 'ViZDoom', 'neuraltalk', 'optuna', 'open-webui', 'NeuroNER', 'deepface', 'statsmodels', 'jProcessing', 'typer', 'python-recsys', 'textacy', 'ggpy', 'cornac', 'spaCy', 'langflow', 'igel', 'keras-tuner', 'Metaworld', 'aim', 'pynlpl', 'ray', 'cltk', 'recommenders', 'seaborn', 'evidently', 'deepchecks', 'garage', 'hebel', 'jieba', 'catalyst', 'pytensor', 'lambdo', 'prodmodel', 'zpar', 'polyglot', 'scikit-learn-intelex', 'scikit-image', 'pytorch-lightning', 'colibri-core', 'bolt']"
273,variant,37,Path Traversal: '/absolute/pathname/here',1,7024,"['tpot', 'neural-style-pt', 'chainer', 'skorch', 'pybrain', 'bokeh', 'autogluon', 'pytorch_geometric', 'pkuseg-python', 'open-metric-learning', 'detectron2', 'nilearn', 'mljar-supervised', 'altair', 'pyqtgraph', 'bentoml', 'caffe', 'river', 'numpy', 'CompreFace', 'FEDOT', 'sktime', 'PyTorchCV', 'pytorch-image-models', 'pebl', 'bigartm', 'BioPy', 'python-timbl', 'lightwood', 'mlx', 'zipline', 'pgmpy', 'Petrel', 'mlflow', 'DrQA', 'Parris', 'scikit-learn', 'pytorch', 'SynapseML', 'superset', 'transformers', 'ColossalAI', 'vispy', 'joliGEN', 'danswerai', 'shogun', 'Spearmint', 'xgboost', 'rosetta', 'catboost', 'dash', 'tesseract', 'stellargraph', 'maze', 'cleanlab', 'lightly', 'pymc', 'scikit-opt', 'deeppy', 'Gymnasium', 'skll', 'emcee', 'vigra', 'dtaidistance', 'mars', 'neuraltalk2', 'jax', 'scikit-survival', 'pytorch-frame', 'streamlit', 'mlxtend', 'cortex', 'DeepPavlov', 'alibi-detect', 'gradio', 'xlearn', 'langfuse', 'DI-engine', 'pyss3', 'DIGITS', 'LightGBM', 'CoreNLP', 'yalign', 'determined', 'deeplake', 'blaze', 'somoclu', 'xcessiv', 'matplotlib', 'tensorflow', 'PySyft', 'haystack', 'mlens', 'retro', 'machine-learning', 'gensim', 'neuropredict', 'feast', 'rasa', 'loso', 'lab', 'mindsdb', 'dowel', 'nut', 'retinaface', 'ViZDoom', 'neuraltalk', 'optuna', 'open-webui', 'NeuroNER', 'deepface', 'statsmodels', 'jProcessing', 'typer', 'python-recsys', 'textacy', 'ggpy', 'cornac', 'spaCy', 'langflow', 'igel', 'keras-tuner', 'Metaworld', 'aim', 'pynlpl', 'ray', 'cltk', 'recommenders', 'seaborn', 'evidently', 'deepchecks', 'garage', 'hebel', 'jieba', 'catalyst', 'pytensor', 'lambdo', 'prodmodel', 'zpar', 'polyglot', 'scikit-learn-intelex', 'scikit-image', 'pytorch-lightning', 'colibri-core', 'bolt']"
274,variant,38,Path Traversal: '\absolute\pathname\here',2,7024,"['tpot', 'neural-style-pt', 'chainer', 'skorch', 'pybrain', 'bokeh', 'autogluon', 'pytorch_geometric', 'pkuseg-python', 'open-metric-learning', 'detectron2', 'nilearn', 'mljar-supervised', 'altair', 'pyqtgraph', 'bentoml', 'caffe', 'river', 'numpy', 'CompreFace', 'FEDOT', 'sktime', 'PyTorchCV', 'pytorch-image-models', 'pebl', 'bigartm', 'BioPy', 'python-timbl', 'lightwood', 'mlx', 'zipline', 'pgmpy', 'Petrel', 'mlflow', 'DrQA', 'Parris', 'scikit-learn', 'pytorch', 'SynapseML', 'superset', 'transformers', 'ColossalAI', 'vispy', 'joliGEN', 'danswerai', 'shogun', 'Spearmint', 'xgboost', 'rosetta', 'catboost', 'dash', 'tesseract', 'stellargraph', 'maze', 'cleanlab', 'lightly', 'pymc', 'scikit-opt', 'deeppy', 'Gymnasium', 'skll', 'emcee', 'vigra', 'dtaidistance', 'mars', 'neuraltalk2', 'jax', 'scikit-survival', 'pytorch-frame', 'streamlit', 'mlxtend', 'cortex', 'DeepPavlov', 'alibi-detect', 'gradio', 'xlearn', 'langfuse', 'DI-engine', 'pyss3', 'DIGITS', 'LightGBM', 'CoreNLP', 'yalign', 'determined', 'deeplake', 'blaze', 'somoclu', 'xcessiv', 'matplotlib', 'tensorflow', 'PySyft', 'haystack', 'mlens', 'retro', 'machine-learning', 'gensim', 'neuropredict', 'feast', 'rasa', 'loso', 'lab', 'mindsdb', 'dowel', 'nut', 'retinaface', 'ViZDoom', 'neuraltalk', 'optuna', 'open-webui', 'NeuroNER', 'deepface', 'statsmodels', 'jProcessing', 'typer', 'python-recsys', 'textacy', 'ggpy', 'cornac', 'spaCy', 'langflow', 'igel', 'keras-tuner', 'Metaworld', 'aim', 'pynlpl', 'ray', 'cltk', 'recommenders', 'seaborn', 'evidently', 'deepchecks', 'garage', 'hebel', 'jieba', 'catalyst', 'pytensor', 'lambdo', 'prodmodel', 'zpar', 'polyglot', 'scikit-learn-intelex', 'scikit-image', 'pytorch-lightning', 'colibri-core', 'bolt']"
275,variant,39,Path Traversal: 'C:dirname',3,7024,"['tpot', 'neural-style-pt', 'chainer', 'skorch', 'pybrain', 'bokeh', 'autogluon', 'pytorch_geometric', 'pkuseg-python', 'open-metric-learning', 'detectron2', 'nilearn', 'mljar-supervised', 'altair', 'pyqtgraph', 'bentoml', 'caffe', 'river', 'numpy', 'CompreFace', 'FEDOT', 'sktime', 'PyTorchCV', 'pytorch-image-models', 'pebl', 'bigartm', 'BioPy', 'python-timbl', 'lightwood', 'mlx', 'zipline', 'pgmpy', 'Petrel', 'mlflow', 'DrQA', 'Parris', 'scikit-learn', 'pytorch', 'SynapseML', 'superset', 'transformers', 'ColossalAI', 'vispy', 'joliGEN', 'danswerai', 'shogun', 'Spearmint', 'xgboost', 'rosetta', 'catboost', 'dash', 'tesseract', 'stellargraph', 'maze', 'cleanlab', 'lightly', 'pymc', 'scikit-opt', 'deeppy', 'Gymnasium', 'skll', 'emcee', 'vigra', 'dtaidistance', 'mars', 'neuraltalk2', 'jax', 'scikit-survival', 'pytorch-frame', 'streamlit', 'mlxtend', 'cortex', 'DeepPavlov', 'alibi-detect', 'gradio', 'xlearn', 'langfuse', 'DI-engine', 'pyss3', 'DIGITS', 'LightGBM', 'CoreNLP', 'yalign', 'determined', 'deeplake', 'blaze', 'somoclu', 'xcessiv', 'matplotlib', 'tensorflow', 'PySyft', 'haystack', 'mlens', 'retro', 'machine-learning', 'gensim', 'neuropredict', 'feast', 'rasa', 'loso', 'lab', 'mindsdb', 'dowel', 'nut', 'retinaface', 'ViZDoom', 'neuraltalk', 'optuna', 'open-webui', 'NeuroNER', 'deepface', 'statsmodels', 'jProcessing', 'typer', 'python-recsys', 'textacy', 'ggpy', 'cornac', 'spaCy', 'langflow', 'igel', 'keras-tuner', 'Metaworld', 'aim', 'pynlpl', 'ray', 'cltk', 'recommenders', 'seaborn', 'evidently', 'deepchecks', 'garage', 'hebel', 'jieba', 'catalyst', 'pytensor', 'lambdo', 'prodmodel', 'zpar', 'polyglot', 'scikit-learn-intelex', 'scikit-image', 'pytorch-lightning', 'colibri-core', 'bolt']"
276,variant,40,Path Traversal: '\\UNC\share\name\' (Windows UNC Share),4,7024,"['tpot', 'neural-style-pt', 'chainer', 'skorch', 'pybrain', 'bokeh', 'autogluon', 'pytorch_geometric', 'pkuseg-python', 'open-metric-learning', 'detectron2', 'nilearn', 'mljar-supervised', 'altair', 'pyqtgraph', 'bentoml', 'caffe', 'river', 'numpy', 'CompreFace', 'FEDOT', 'sktime', 'PyTorchCV', 'pytorch-image-models', 'pebl', 'bigartm', 'BioPy', 'python-timbl', 'lightwood', 'mlx', 'zipline', 'pgmpy', 'Petrel', 'mlflow', 'DrQA', 'Parris', 'scikit-learn', 'pytorch', 'SynapseML', 'superset', 'transformers', 'ColossalAI', 'vispy', 'joliGEN', 'danswerai', 'shogun', 'Spearmint', 'xgboost', 'rosetta', 'catboost', 'dash', 'tesseract', 'stellargraph', 'maze', 'cleanlab', 'lightly', 'pymc', 'scikit-opt', 'deeppy', 'Gymnasium', 'skll', 'emcee', 'vigra', 'dtaidistance', 'mars', 'neuraltalk2', 'jax', 'scikit-survival', 'pytorch-frame', 'streamlit', 'mlxtend', 'cortex', 'DeepPavlov', 'alibi-detect', 'gradio', 'xlearn', 'langfuse', 'DI-engine', 'pyss3', 'DIGITS', 'LightGBM', 'CoreNLP', 'yalign', 'determined', 'deeplake', 'blaze', 'somoclu', 'xcessiv', 'matplotlib', 'tensorflow', 'PySyft', 'haystack', 'mlens', 'retro', 'machine-learning', 'gensim', 'neuropredict', 'feast', 'rasa', 'loso', 'lab', 'mindsdb', 'dowel', 'nut', 'retinaface', 'ViZDoom', 'neuraltalk', 'optuna', 'open-webui', 'NeuroNER', 'deepface', 'statsmodels', 'jProcessing', 'typer', 'python-recsys', 'textacy', 'ggpy', 'cornac', 'spaCy', 'langflow', 'igel', 'keras-tuner', 'Metaworld', 'aim', 'pynlpl', 'ray', 'cltk', 'recommenders', 'seaborn', 'evidently', 'deepchecks', 'garage', 'hebel', 'jieba', 'catalyst', 'pytensor', 'lambdo', 'prodmodel', 'zpar', 'polyglot', 'scikit-learn-intelex', 'scikit-image', 'pytorch-lightning', 'colibri-core', 'bolt']"
277,variant,80,Improper Neutralization of Script-Related HTML Tags in a Web Page (Basic XSS),1,30,"['cornac', 'feast', 'bowtie', 'DIGITS', 'mindsdb', 'mars', 'deepface', 'mlflow', 'PyTorchCV', 'machine-learning']"
278,variant,81,Improper Neutralization of Script in an Error Message Web Page,2,30,"['cornac', 'feast', 'bowtie', 'DIGITS', 'mindsdb', 'mars', 'deepface', 'mlflow', 'PyTorchCV', 'machine-learning']"
279,variant,83,Improper Neutralization of Script in Attributes in a Web Page,3,30,"['cornac', 'feast', 'bowtie', 'DIGITS', 'mindsdb', 'mars', 'deepface', 'mlflow', 'PyTorchCV', 'machine-learning']"
280,variant,84,Improper Neutralization of Encoded URI Schemes in a Web Page,4,30,"['cornac', 'feast', 'bowtie', 'DIGITS', 'mindsdb', 'mars', 'deepface', 'mlflow', 'PyTorchCV', 'machine-learning']"
281,variant,85,Doubled Character XSS Manipulations,5,30,"['cornac', 'feast', 'bowtie', 'DIGITS', 'mindsdb', 'mars', 'deepface', 'mlflow', 'PyTorchCV', 'machine-learning']"
282,variant,86,Improper Neutralization of Invalid Characters in Identifiers in Web Pages,6,30,"['cornac', 'feast', 'bowtie', 'DIGITS', 'mindsdb', 'mars', 'deepface', 'mlflow', 'PyTorchCV', 'machine-learning']"
283,variant,87,Improper Neutralization of Alternate XSS Syntax,7,30,"['cornac', 'feast', 'bowtie', 'DIGITS', 'mindsdb', 'mars', 'deepface', 'mlflow', 'PyTorchCV', 'machine-learning']"
284,variant,95,Improper Neutralization of Directives in Dynamically Evaluated Code ('Eval Injection'),2,132,"['couler', 'DIGITS', 'tpot', 'open-webui', 'chainer', 'pybrain', 'statsmodels', 'catboost', 'ggpy', 'dash', 'cornac', 'rgf', 'pyqtgraph', 'tensorflow', 'stellargraph', 'cleanlab', 'numpy', 'FEDOT', 'bytehub', 'segmentation_models', 'pebl', 'deeppy', 'bigartm', 'scikit-multiflow', 'recommenders', 'seaborn', 'nupic.studio', 'vigra', 'gan', 'python-timbl', 'notebook', 'pyod', 'catalyst', 'rockpool', 'metric-learn', 'lambdo', 'pytorch', 'zpar', 'streamlit', 'alibi', 'annoy', 'mist', 'scikit-image', 'DeepPavlov', 'breze', 'superset', 'imbalanced-ensemble', 'alibi-detect', 'mindsdb', 'xlearn', 'snips-nlu', 'lifelines', 'ColossalAI', 'DI-engine']"
285,variant,98,Improper Control of Filename for Include/Require Statement in PHP Program ('PHP Remote File Inclusion'),11,7156,"['couler', 'DIGITS', 'tpot', 'open-webui', 'chainer', 'pybrain', 'statsmodels', 'catboost', 'ggpy', 'dash', 'cornac', 'rgf', 'pyqtgraph', 'tensorflow', 'stellargraph', 'cleanlab', 'numpy', 'FEDOT', 'bytehub', 'segmentation_models', 'pebl', 'deeppy', 'bigartm', 'scikit-multiflow', 'recommenders', 'seaborn', 'nupic.studio', 'vigra', 'gan', 'python-timbl', 'notebook', 'pyod', 'catalyst', 'rockpool', 'metric-learn', 'lambdo', 'pytorch', 'zpar', 'streamlit', 'alibi', 'annoy', 'mist', 'scikit-image', 'DeepPavlov', 'breze', 'superset', 'imbalanced-ensemble', 'alibi-detect', 'mindsdb', 'xlearn', 'snips-nlu', 'lifelines', 'ColossalAI', 'DI-engine', 'tpot', 'neural-style-pt', 'chainer', 'skorch', 'pybrain', 'bokeh', 'autogluon', 'pytorch_geometric', 'pkuseg-python', 'open-metric-learning', 'detectron2', 'nilearn', 'mljar-supervised', 'altair', 'pyqtgraph', 'bentoml', 'caffe', 'river', 'numpy', 'CompreFace', 'FEDOT', 'sktime', 'PyTorchCV', 'pytorch-image-models', 'pebl', 'bigartm', 'BioPy', 'python-timbl', 'lightwood', 'mlx', 'zipline', 'pgmpy', 'Petrel', 'mlflow', 'DrQA', 'Parris', 'scikit-learn', 'pytorch', 'SynapseML', 'superset', 'transformers', 'ColossalAI', 'vispy', 'joliGEN', 'danswerai', 'shogun', 'Spearmint', 'xgboost', 'rosetta', 'catboost', 'dash', 'tesseract', 'stellargraph', 'maze', 'cleanlab', 'lightly', 'pymc', 'scikit-opt', 'deeppy', 'Gymnasium', 'skll', 'emcee', 'vigra', 'dtaidistance', 'mars', 'neuraltalk2', 'jax', 'scikit-survival', 'pytorch-frame', 'streamlit', 'mlxtend', 'cortex', 'DeepPavlov', 'alibi-detect', 'gradio', 'xlearn', 'langfuse', 'DI-engine', 'pyss3', 'DIGITS', 'LightGBM', 'CoreNLP', 'yalign', 'determined', 'deeplake', 'blaze', 'somoclu', 'xcessiv', 'matplotlib', 'tensorflow', 'PySyft', 'haystack', 'mlens', 'retro', 'machine-learning', 'gensim', 'neuropredict', 'feast', 'rasa', 'loso', 'lab', 'mindsdb', 'dowel', 'nut', 'retinaface', 'ViZDoom', 'neuraltalk', 'optuna', 'open-webui', 'NeuroNER', 'deepface', 'statsmodels', 'jProcessing', 'typer', 'python-recsys', 'textacy', 'ggpy', 'cornac', 'spaCy', 'langflow', 'igel', 'keras-tuner', 'Metaworld', 'aim', 'pynlpl', 'ray', 'cltk', 'recommenders', 'seaborn', 'evidently', 'deepchecks', 'garage', 'hebel', 'jieba', 'catalyst', 'pytensor', 'lambdo', 'prodmodel', 'zpar', 'polyglot', 'scikit-learn-intelex', 'scikit-image', 'pytorch-lightning', 'colibri-core', 'bolt']"
286,variant,102,Struts: Duplicate Validation Forms,110,91,"['danswerai', 'DIGITS', 'open-webui', 'fastapi', 'bokeh', 'nalp', 'spammy', 'ViZDoom', 'langflow', 'PySyft', 'numpy', 'lightly', 'retro', 'ray', 'pydantic', 'pytensor', 'mlflow', 'pytorch', 'streamlit', 'feast', 'rasa', 'mindsdb', 'superset', 'gradio', 'transformers', 'pattern', 'AutoViz', 'Auto_ViML', 'danswerai', 'DIGITS', 'open-webui', 'fastapi', 'bokeh', 'nalp', 'spammy', 'ViZDoom', 'langflow', 'PySyft', 'numpy', 'lightly', 'retro', 'ray', 'pydantic', 'pytensor', 'mlflow', 'pytorch', 'streamlit', 'feast', 'rasa', 'mindsdb', 'superset', 'gradio', 'transformers', 'pattern', 'AutoViz', 'Auto_ViML', 'danswerai', 'DIGITS', 'open-webui', 'fastapi', 'bokeh', 'nalp', 'spammy', 'ViZDoom', 'langflow', 'PySyft', 'numpy', 'lightly', 'retro', 'ray', 'pydantic', 'pytensor', 'mlflow', 'pytorch', 'streamlit', 'feast', 'rasa', 'mindsdb', 'superset', 'gradio', 'transformers', 'pattern', 'AutoViz', 'Auto_ViML', 'danswerai', 'DIGITS', 'open-webui', 'fastapi', 'bokeh', 'nalp', 'spammy', 'ViZDoom', 'langflow', 'PySyft', 'numpy', 'lightly', 'retro', 'ray', 'pydantic', 'pytensor', 'mlflow', 'pytorch', 'streamlit', 'feast', 'rasa', 'mindsdb', 'superset', 'gradio', 'transformers', 'pattern', 'AutoViz', 'Auto_ViML', 'danswerai', 'DIGITS', 'open-webui', 'fastapi', 'bokeh', 'nalp', 'spammy', 'ViZDoom', 'langflow', 'PySyft', 'numpy', 'lightly', 'retro', 'ray', 'pydantic', 'pytensor', 'mlflow', 'pytorch', 'streamlit', 'feast', 'rasa', 'mindsdb', 'superset', 'gradio', 'transformers', 'pattern', 'AutoViz', 'Auto_ViML']"
287,variant,103,Struts: Incomplete validate() Method Definition,115,91,"['danswerai', 'DIGITS', 'open-webui', 'fastapi', 'bokeh', 'nalp', 'spammy', 'ViZDoom', 'langflow', 'PySyft', 'numpy', 'lightly', 'retro', 'ray', 'pydantic', 'pytensor', 'mlflow', 'pytorch', 'streamlit', 'feast', 'rasa', 'mindsdb', 'superset', 'gradio', 'transformers', 'pattern', 'AutoViz', 'Auto_ViML', 'danswerai', 'DIGITS', 'open-webui', 'fastapi', 'bokeh', 'nalp', 'spammy', 'ViZDoom', 'langflow', 'PySyft', 'numpy', 'lightly', 'retro', 'ray', 'pydantic', 'pytensor', 'mlflow', 'pytorch', 'streamlit', 'feast', 'rasa', 'mindsdb', 'superset', 'gradio', 'transformers', 'pattern', 'AutoViz', 'Auto_ViML', 'danswerai', 'DIGITS', 'open-webui', 'fastapi', 'bokeh', 'nalp', 'spammy', 'ViZDoom', 'langflow', 'PySyft', 'numpy', 'lightly', 'retro', 'ray', 'pydantic', 'pytensor', 'mlflow', 'pytorch', 'streamlit', 'feast', 'rasa', 'mindsdb', 'superset', 'gradio', 'transformers', 'pattern', 'AutoViz', 'Auto_ViML', 'danswerai', 'DIGITS', 'open-webui', 'fastapi', 'bokeh', 'nalp', 'spammy', 'ViZDoom', 'langflow', 'PySyft', 'numpy', 'lightly', 'retro', 'ray', 'pydantic', 'pytensor', 'mlflow', 'pytorch', 'streamlit', 'feast', 'rasa', 'mindsdb', 'superset', 'gradio', 'transformers', 'pattern', 'AutoViz', 'Auto_ViML', 'danswerai', 'DIGITS', 'open-webui', 'fastapi', 'bokeh', 'nalp', 'spammy', 'ViZDoom', 'langflow', 'PySyft', 'numpy', 'lightly', 'retro', 'ray', 'pydantic', 'pytensor', 'mlflow', 'pytorch', 'streamlit', 'feast', 'rasa', 'mindsdb', 'superset', 'gradio', 'transformers', 'pattern', 'AutoViz', 'Auto_ViML']"
288,variant,104,Struts: Form Bean Does Not Extend Validation Class,120,91,"['danswerai', 'DIGITS', 'open-webui', 'fastapi', 'bokeh', 'nalp', 'spammy', 'ViZDoom', 'langflow', 'PySyft', 'numpy', 'lightly', 'retro', 'ray', 'pydantic', 'pytensor', 'mlflow', 'pytorch', 'streamlit', 'feast', 'rasa', 'mindsdb', 'superset', 'gradio', 'transformers', 'pattern', 'AutoViz', 'Auto_ViML', 'danswerai', 'DIGITS', 'open-webui', 'fastapi', 'bokeh', 'nalp', 'spammy', 'ViZDoom', 'langflow', 'PySyft', 'numpy', 'lightly', 'retro', 'ray', 'pydantic', 'pytensor', 'mlflow', 'pytorch', 'streamlit', 'feast', 'rasa', 'mindsdb', 'superset', 'gradio', 'transformers', 'pattern', 'AutoViz', 'Auto_ViML', 'danswerai', 'DIGITS', 'open-webui', 'fastapi', 'bokeh', 'nalp', 'spammy', 'ViZDoom', 'langflow', 'PySyft', 'numpy', 'lightly', 'retro', 'ray', 'pydantic', 'pytensor', 'mlflow', 'pytorch', 'streamlit', 'feast', 'rasa', 'mindsdb', 'superset', 'gradio', 'transformers', 'pattern', 'AutoViz', 'Auto_ViML', 'danswerai', 'DIGITS', 'open-webui', 'fastapi', 'bokeh', 'nalp', 'spammy', 'ViZDoom', 'langflow', 'PySyft', 'numpy', 'lightly', 'retro', 'ray', 'pydantic', 'pytensor', 'mlflow', 'pytorch', 'streamlit', 'feast', 'rasa', 'mindsdb', 'superset', 'gradio', 'transformers', 'pattern', 'AutoViz', 'Auto_ViML', 'danswerai', 'DIGITS', 'open-webui', 'fastapi', 'bokeh', 'nalp', 'spammy', 'ViZDoom', 'langflow', 'PySyft', 'numpy', 'lightly', 'retro', 'ray', 'pydantic', 'pytensor', 'mlflow', 'pytorch', 'streamlit', 'feast', 'rasa', 'mindsdb', 'superset', 'gradio', 'transformers', 'pattern', 'AutoViz', 'Auto_ViML']"
289,variant,105,Struts: Form Field Without Validator,125,91,"['danswerai', 'DIGITS', 'open-webui', 'fastapi', 'bokeh', 'nalp', 'spammy', 'ViZDoom', 'langflow', 'PySyft', 'numpy', 'lightly', 'retro', 'ray', 'pydantic', 'pytensor', 'mlflow', 'pytorch', 'streamlit', 'feast', 'rasa', 'mindsdb', 'superset', 'gradio', 'transformers', 'pattern', 'AutoViz', 'Auto_ViML', 'danswerai', 'DIGITS', 'open-webui', 'fastapi', 'bokeh', 'nalp', 'spammy', 'ViZDoom', 'langflow', 'PySyft', 'numpy', 'lightly', 'retro', 'ray', 'pydantic', 'pytensor', 'mlflow', 'pytorch', 'streamlit', 'feast', 'rasa', 'mindsdb', 'superset', 'gradio', 'transformers', 'pattern', 'AutoViz', 'Auto_ViML', 'danswerai', 'DIGITS', 'open-webui', 'fastapi', 'bokeh', 'nalp', 'spammy', 'ViZDoom', 'langflow', 'PySyft', 'numpy', 'lightly', 'retro', 'ray', 'pydantic', 'pytensor', 'mlflow', 'pytorch', 'streamlit', 'feast', 'rasa', 'mindsdb', 'superset', 'gradio', 'transformers', 'pattern', 'AutoViz', 'Auto_ViML', 'danswerai', 'DIGITS', 'open-webui', 'fastapi', 'bokeh', 'nalp', 'spammy', 'ViZDoom', 'langflow', 'PySyft', 'numpy', 'lightly', 'retro', 'ray', 'pydantic', 'pytensor', 'mlflow', 'pytorch', 'streamlit', 'feast', 'rasa', 'mindsdb', 'superset', 'gradio', 'transformers', 'pattern', 'AutoViz', 'Auto_ViML', 'danswerai', 'DIGITS', 'open-webui', 'fastapi', 'bokeh', 'nalp', 'spammy', 'ViZDoom', 'langflow', 'PySyft', 'numpy', 'lightly', 'retro', 'ray', 'pydantic', 'pytensor', 'mlflow', 'pytorch', 'streamlit', 'feast', 'rasa', 'mindsdb', 'superset', 'gradio', 'transformers', 'pattern', 'AutoViz', 'Auto_ViML']"
290,variant,106,Struts: Plug-in Framework not in Use,130,91,"['danswerai', 'DIGITS', 'open-webui', 'fastapi', 'bokeh', 'nalp', 'spammy', 'ViZDoom', 'langflow', 'PySyft', 'numpy', 'lightly', 'retro', 'ray', 'pydantic', 'pytensor', 'mlflow', 'pytorch', 'streamlit', 'feast', 'rasa', 'mindsdb', 'superset', 'gradio', 'transformers', 'pattern', 'AutoViz', 'Auto_ViML', 'danswerai', 'DIGITS', 'open-webui', 'fastapi', 'bokeh', 'nalp', 'spammy', 'ViZDoom', 'langflow', 'PySyft', 'numpy', 'lightly', 'retro', 'ray', 'pydantic', 'pytensor', 'mlflow', 'pytorch', 'streamlit', 'feast', 'rasa', 'mindsdb', 'superset', 'gradio', 'transformers', 'pattern', 'AutoViz', 'Auto_ViML', 'danswerai', 'DIGITS', 'open-webui', 'fastapi', 'bokeh', 'nalp', 'spammy', 'ViZDoom', 'langflow', 'PySyft', 'numpy', 'lightly', 'retro', 'ray', 'pydantic', 'pytensor', 'mlflow', 'pytorch', 'streamlit', 'feast', 'rasa', 'mindsdb', 'superset', 'gradio', 'transformers', 'pattern', 'AutoViz', 'Auto_ViML', 'danswerai', 'DIGITS', 'open-webui', 'fastapi', 'bokeh', 'nalp', 'spammy', 'ViZDoom', 'langflow', 'PySyft', 'numpy', 'lightly', 'retro', 'ray', 'pydantic', 'pytensor', 'mlflow', 'pytorch', 'streamlit', 'feast', 'rasa', 'mindsdb', 'superset', 'gradio', 'transformers', 'pattern', 'AutoViz', 'Auto_ViML', 'danswerai', 'DIGITS', 'open-webui', 'fastapi', 'bokeh', 'nalp', 'spammy', 'ViZDoom', 'langflow', 'PySyft', 'numpy', 'lightly', 'retro', 'ray', 'pydantic', 'pytensor', 'mlflow', 'pytorch', 'streamlit', 'feast', 'rasa', 'mindsdb', 'superset', 'gradio', 'transformers', 'pattern', 'AutoViz', 'Auto_ViML']"
291,variant,107,Struts: Unused Validation Form,135,91,"['danswerai', 'DIGITS', 'open-webui', 'fastapi', 'bokeh', 'nalp', 'spammy', 'ViZDoom', 'langflow', 'PySyft', 'numpy', 'lightly', 'retro', 'ray', 'pydantic', 'pytensor', 'mlflow', 'pytorch', 'streamlit', 'feast', 'rasa', 'mindsdb', 'superset', 'gradio', 'transformers', 'pattern', 'AutoViz', 'Auto_ViML', 'danswerai', 'DIGITS', 'open-webui', 'fastapi', 'bokeh', 'nalp', 'spammy', 'ViZDoom', 'langflow', 'PySyft', 'numpy', 'lightly', 'retro', 'ray', 'pydantic', 'pytensor', 'mlflow', 'pytorch', 'streamlit', 'feast', 'rasa', 'mindsdb', 'superset', 'gradio', 'transformers', 'pattern', 'AutoViz', 'Auto_ViML', 'danswerai', 'DIGITS', 'open-webui', 'fastapi', 'bokeh', 'nalp', 'spammy', 'ViZDoom', 'langflow', 'PySyft', 'numpy', 'lightly', 'retro', 'ray', 'pydantic', 'pytensor', 'mlflow', 'pytorch', 'streamlit', 'feast', 'rasa', 'mindsdb', 'superset', 'gradio', 'transformers', 'pattern', 'AutoViz', 'Auto_ViML', 'danswerai', 'DIGITS', 'open-webui', 'fastapi', 'bokeh', 'nalp', 'spammy', 'ViZDoom', 'langflow', 'PySyft', 'numpy', 'lightly', 'retro', 'ray', 'pydantic', 'pytensor', 'mlflow', 'pytorch', 'streamlit', 'feast', 'rasa', 'mindsdb', 'superset', 'gradio', 'transformers', 'pattern', 'AutoViz', 'Auto_ViML', 'danswerai', 'DIGITS', 'open-webui', 'fastapi', 'bokeh', 'nalp', 'spammy', 'ViZDoom', 'langflow', 'PySyft', 'numpy', 'lightly', 'retro', 'ray', 'pydantic', 'pytensor', 'mlflow', 'pytorch', 'streamlit', 'feast', 'rasa', 'mindsdb', 'superset', 'gradio', 'transformers', 'pattern', 'AutoViz', 'Auto_ViML']"
292,variant,108,Struts: Unvalidated Action Form,140,91,"['danswerai', 'DIGITS', 'open-webui', 'fastapi', 'bokeh', 'nalp', 'spammy', 'ViZDoom', 'langflow', 'PySyft', 'numpy', 'lightly', 'retro', 'ray', 'pydantic', 'pytensor', 'mlflow', 'pytorch', 'streamlit', 'feast', 'rasa', 'mindsdb', 'superset', 'gradio', 'transformers', 'pattern', 'AutoViz', 'Auto_ViML', 'danswerai', 'DIGITS', 'open-webui', 'fastapi', 'bokeh', 'nalp', 'spammy', 'ViZDoom', 'langflow', 'PySyft', 'numpy', 'lightly', 'retro', 'ray', 'pydantic', 'pytensor', 'mlflow', 'pytorch', 'streamlit', 'feast', 'rasa', 'mindsdb', 'superset', 'gradio', 'transformers', 'pattern', 'AutoViz', 'Auto_ViML', 'danswerai', 'DIGITS', 'open-webui', 'fastapi', 'bokeh', 'nalp', 'spammy', 'ViZDoom', 'langflow', 'PySyft', 'numpy', 'lightly', 'retro', 'ray', 'pydantic', 'pytensor', 'mlflow', 'pytorch', 'streamlit', 'feast', 'rasa', 'mindsdb', 'superset', 'gradio', 'transformers', 'pattern', 'AutoViz', 'Auto_ViML', 'danswerai', 'DIGITS', 'open-webui', 'fastapi', 'bokeh', 'nalp', 'spammy', 'ViZDoom', 'langflow', 'PySyft', 'numpy', 'lightly', 'retro', 'ray', 'pydantic', 'pytensor', 'mlflow', 'pytorch', 'streamlit', 'feast', 'rasa', 'mindsdb', 'superset', 'gradio', 'transformers', 'pattern', 'AutoViz', 'Auto_ViML', 'danswerai', 'DIGITS', 'open-webui', 'fastapi', 'bokeh', 'nalp', 'spammy', 'ViZDoom', 'langflow', 'PySyft', 'numpy', 'lightly', 'retro', 'ray', 'pydantic', 'pytensor', 'mlflow', 'pytorch', 'streamlit', 'feast', 'rasa', 'mindsdb', 'superset', 'gradio', 'transformers', 'pattern', 'AutoViz', 'Auto_ViML']"
293,variant,109,Struts: Validator Turned Off,145,91,"['danswerai', 'DIGITS', 'open-webui', 'fastapi', 'bokeh', 'nalp', 'spammy', 'ViZDoom', 'langflow', 'PySyft', 'numpy', 'lightly', 'retro', 'ray', 'pydantic', 'pytensor', 'mlflow', 'pytorch', 'streamlit', 'feast', 'rasa', 'mindsdb', 'superset', 'gradio', 'transformers', 'pattern', 'AutoViz', 'Auto_ViML', 'danswerai', 'DIGITS', 'open-webui', 'fastapi', 'bokeh', 'nalp', 'spammy', 'ViZDoom', 'langflow', 'PySyft', 'numpy', 'lightly', 'retro', 'ray', 'pydantic', 'pytensor', 'mlflow', 'pytorch', 'streamlit', 'feast', 'rasa', 'mindsdb', 'superset', 'gradio', 'transformers', 'pattern', 'AutoViz', 'Auto_ViML', 'danswerai', 'DIGITS', 'open-webui', 'fastapi', 'bokeh', 'nalp', 'spammy', 'ViZDoom', 'langflow', 'PySyft', 'numpy', 'lightly', 'retro', 'ray', 'pydantic', 'pytensor', 'mlflow', 'pytorch', 'streamlit', 'feast', 'rasa', 'mindsdb', 'superset', 'gradio', 'transformers', 'pattern', 'AutoViz', 'Auto_ViML', 'danswerai', 'DIGITS', 'open-webui', 'fastapi', 'bokeh', 'nalp', 'spammy', 'ViZDoom', 'langflow', 'PySyft', 'numpy', 'lightly', 'retro', 'ray', 'pydantic', 'pytensor', 'mlflow', 'pytorch', 'streamlit', 'feast', 'rasa', 'mindsdb', 'superset', 'gradio', 'transformers', 'pattern', 'AutoViz', 'Auto_ViML', 'danswerai', 'DIGITS', 'open-webui', 'fastapi', 'bokeh', 'nalp', 'spammy', 'ViZDoom', 'langflow', 'PySyft', 'numpy', 'lightly', 'retro', 'ray', 'pydantic', 'pytensor', 'mlflow', 'pytorch', 'streamlit', 'feast', 'rasa', 'mindsdb', 'superset', 'gradio', 'transformers', 'pattern', 'AutoViz', 'Auto_ViML']"
294,variant,110,Struts: Validator Without Form Field,150,91,"['danswerai', 'DIGITS', 'open-webui', 'fastapi', 'bokeh', 'nalp', 'spammy', 'ViZDoom', 'langflow', 'PySyft', 'numpy', 'lightly', 'retro', 'ray', 'pydantic', 'pytensor', 'mlflow', 'pytorch', 'streamlit', 'feast', 'rasa', 'mindsdb', 'superset', 'gradio', 'transformers', 'pattern', 'AutoViz', 'Auto_ViML', 'danswerai', 'DIGITS', 'open-webui', 'fastapi', 'bokeh', 'nalp', 'spammy', 'ViZDoom', 'langflow', 'PySyft', 'numpy', 'lightly', 'retro', 'ray', 'pydantic', 'pytensor', 'mlflow', 'pytorch', 'streamlit', 'feast', 'rasa', 'mindsdb', 'superset', 'gradio', 'transformers', 'pattern', 'AutoViz', 'Auto_ViML', 'danswerai', 'DIGITS', 'open-webui', 'fastapi', 'bokeh', 'nalp', 'spammy', 'ViZDoom', 'langflow', 'PySyft', 'numpy', 'lightly', 'retro', 'ray', 'pydantic', 'pytensor', 'mlflow', 'pytorch', 'streamlit', 'feast', 'rasa', 'mindsdb', 'superset', 'gradio', 'transformers', 'pattern', 'AutoViz', 'Auto_ViML', 'danswerai', 'DIGITS', 'open-webui', 'fastapi', 'bokeh', 'nalp', 'spammy', 'ViZDoom', 'langflow', 'PySyft', 'numpy', 'lightly', 'retro', 'ray', 'pydantic', 'pytensor', 'mlflow', 'pytorch', 'streamlit', 'feast', 'rasa', 'mindsdb', 'superset', 'gradio', 'transformers', 'pattern', 'AutoViz', 'Auto_ViML', 'danswerai', 'DIGITS', 'open-webui', 'fastapi', 'bokeh', 'nalp', 'spammy', 'ViZDoom', 'langflow', 'PySyft', 'numpy', 'lightly', 'retro', 'ray', 'pydantic', 'pytensor', 'mlflow', 'pytorch', 'streamlit', 'feast', 'rasa', 'mindsdb', 'superset', 'gradio', 'transformers', 'pattern', 'AutoViz', 'Auto_ViML']"
295,variant,111,Direct Use of Unsafe JNI,155,91,"['danswerai', 'DIGITS', 'open-webui', 'fastapi', 'bokeh', 'nalp', 'spammy', 'ViZDoom', 'langflow', 'PySyft', 'numpy', 'lightly', 'retro', 'ray', 'pydantic', 'pytensor', 'mlflow', 'pytorch', 'streamlit', 'feast', 'rasa', 'mindsdb', 'superset', 'gradio', 'transformers', 'pattern', 'AutoViz', 'Auto_ViML', 'danswerai', 'DIGITS', 'open-webui', 'fastapi', 'bokeh', 'nalp', 'spammy', 'ViZDoom', 'langflow', 'PySyft', 'numpy', 'lightly', 'retro', 'ray', 'pydantic', 'pytensor', 'mlflow', 'pytorch', 'streamlit', 'feast', 'rasa', 'mindsdb', 'superset', 'gradio', 'transformers', 'pattern', 'AutoViz', 'Auto_ViML', 'danswerai', 'DIGITS', 'open-webui', 'fastapi', 'bokeh', 'nalp', 'spammy', 'ViZDoom', 'langflow', 'PySyft', 'numpy', 'lightly', 'retro', 'ray', 'pydantic', 'pytensor', 'mlflow', 'pytorch', 'streamlit', 'feast', 'rasa', 'mindsdb', 'superset', 'gradio', 'transformers', 'pattern', 'AutoViz', 'Auto_ViML', 'danswerai', 'DIGITS', 'open-webui', 'fastapi', 'bokeh', 'nalp', 'spammy', 'ViZDoom', 'langflow', 'PySyft', 'numpy', 'lightly', 'retro', 'ray', 'pydantic', 'pytensor', 'mlflow', 'pytorch', 'streamlit', 'feast', 'rasa', 'mindsdb', 'superset', 'gradio', 'transformers', 'pattern', 'AutoViz', 'Auto_ViML', 'danswerai', 'DIGITS', 'open-webui', 'fastapi', 'bokeh', 'nalp', 'spammy', 'ViZDoom', 'langflow', 'PySyft', 'numpy', 'lightly', 'retro', 'ray', 'pydantic', 'pytensor', 'mlflow', 'pytorch', 'streamlit', 'feast', 'rasa', 'mindsdb', 'superset', 'gradio', 'transformers', 'pattern', 'AutoViz', 'Auto_ViML']"
296,variant,113,Improper Neutralization of CRLF Sequences in HTTP Headers ('HTTP Request/Response Splitting'),174,121,"['danswerai', 'DIGITS', 'open-webui', 'fastapi', 'bokeh', 'nalp', 'spammy', 'ViZDoom', 'langflow', 'PySyft', 'numpy', 'lightly', 'retro', 'ray', 'pydantic', 'pytensor', 'mlflow', 'pytorch', 'streamlit', 'feast', 'rasa', 'mindsdb', 'superset', 'gradio', 'transformers', 'pattern', 'AutoViz', 'Auto_ViML', 'danswerai', 'DIGITS', 'open-webui', 'fastapi', 'bokeh', 'nalp', 'spammy', 'ViZDoom', 'langflow', 'PySyft', 'numpy', 'lightly', 'retro', 'ray', 'pydantic', 'pytensor', 'mlflow', 'pytorch', 'streamlit', 'feast', 'rasa', 'mindsdb', 'superset', 'gradio', 'transformers', 'pattern', 'AutoViz', 'Auto_ViML', 'danswerai', 'DIGITS', 'open-webui', 'fastapi', 'bokeh', 'nalp', 'spammy', 'ViZDoom', 'langflow', 'PySyft', 'numpy', 'lightly', 'retro', 'ray', 'pydantic', 'pytensor', 'mlflow', 'pytorch', 'streamlit', 'feast', 'rasa', 'mindsdb', 'superset', 'gradio', 'transformers', 'pattern', 'AutoViz', 'Auto_ViML', 'danswerai', 'DIGITS', 'open-webui', 'fastapi', 'bokeh', 'nalp', 'spammy', 'ViZDoom', 'langflow', 'PySyft', 'numpy', 'lightly', 'retro', 'ray', 'pydantic', 'pytensor', 'mlflow', 'pytorch', 'streamlit', 'feast', 'rasa', 'mindsdb', 'superset', 'gradio', 'transformers', 'pattern', 'AutoViz', 'Auto_ViML', 'danswerai', 'DIGITS', 'open-webui', 'fastapi', 'bokeh', 'nalp', 'spammy', 'ViZDoom', 'langflow', 'PySyft', 'numpy', 'lightly', 'retro', 'ray', 'pydantic', 'pytensor', 'mlflow', 'pytorch', 'streamlit', 'feast', 'rasa', 'mindsdb', 'superset', 'gradio', 'transformers', 'pattern', 'AutoViz', 'Auto_ViML', 'cornac', 'feast', 'bowtie', 'DIGITS', 'mindsdb', 'mars', 'deepface', 'mlflow', 'PyTorchCV', 'machine-learning']"
297,variant,129,Improper Validation of Array Index,85,91,"['danswerai', 'DIGITS', 'open-webui', 'fastapi', 'bokeh', 'nalp', 'spammy', 'ViZDoom', 'langflow', 'PySyft', 'numpy', 'lightly', 'retro', 'ray', 'pydantic', 'pytensor', 'mlflow', 'pytorch', 'streamlit', 'feast', 'rasa', 'mindsdb', 'superset', 'gradio', 'transformers', 'pattern', 'AutoViz', 'Auto_ViML', 'danswerai', 'DIGITS', 'open-webui', 'fastapi', 'bokeh', 'nalp', 'spammy', 'ViZDoom', 'langflow', 'PySyft', 'numpy', 'lightly', 'retro', 'ray', 'pydantic', 'pytensor', 'mlflow', 'pytorch', 'streamlit', 'feast', 'rasa', 'mindsdb', 'superset', 'gradio', 'transformers', 'pattern', 'AutoViz', 'Auto_ViML', 'danswerai', 'DIGITS', 'open-webui', 'fastapi', 'bokeh', 'nalp', 'spammy', 'ViZDoom', 'langflow', 'PySyft', 'numpy', 'lightly', 'retro', 'ray', 'pydantic', 'pytensor', 'mlflow', 'pytorch', 'streamlit', 'feast', 'rasa', 'mindsdb', 'superset', 'gradio', 'transformers', 'pattern', 'AutoViz', 'Auto_ViML', 'danswerai', 'DIGITS', 'open-webui', 'fastapi', 'bokeh', 'nalp', 'spammy', 'ViZDoom', 'langflow', 'PySyft', 'numpy', 'lightly', 'retro', 'ray', 'pydantic', 'pytensor', 'mlflow', 'pytorch', 'streamlit', 'feast', 'rasa', 'mindsdb', 'superset', 'gradio', 'transformers', 'pattern', 'AutoViz', 'Auto_ViML', 'danswerai', 'DIGITS', 'open-webui', 'fastapi', 'bokeh', 'nalp', 'spammy', 'ViZDoom', 'langflow', 'PySyft', 'numpy', 'lightly', 'retro', 'ray', 'pydantic', 'pytensor', 'mlflow', 'pytorch', 'streamlit', 'feast', 'rasa', 'mindsdb', 'superset', 'gradio', 'transformers', 'pattern', 'AutoViz', 'Auto_ViML']"
298,variant,187,Partial String Comparison,4,3,"['transformers', 'superset']"
299,variant,297,Improper Validation of Certificate with Host Mismatch,2,1,['ray']
300,variant,298,Improper Validation of Certificate Expiration,3,1,['ray']
301,variant,313,Cleartext Storage in a File or on Disk,4,71,"['danswerai', 'feast', 'cortex', 'Neural', 'langflow', 'bentoml', 'open-webui', 'mindsdb', 'gradio', 'bokeh', 'determined', 'deepface', 'mlflow', 'comet-llm', 'pattern', 'typer', 'ray', 'danswerai', 'feast', 'cortex', 'Neural', 'langflow', 'bentoml', 'open-webui', 'mindsdb', 'gradio', 'bokeh', 'determined', 'deepface', 'mlflow', 'comet-llm', 'pattern', 'typer', 'ray']"
302,variant,314,Cleartext Storage in the Registry,6,71,"['danswerai', 'feast', 'cortex', 'Neural', 'langflow', 'bentoml', 'open-webui', 'mindsdb', 'gradio', 'bokeh', 'determined', 'deepface', 'mlflow', 'comet-llm', 'pattern', 'typer', 'ray', 'danswerai', 'feast', 'cortex', 'Neural', 'langflow', 'bentoml', 'open-webui', 'mindsdb', 'gradio', 'bokeh', 'determined', 'deepface', 'mlflow', 'comet-llm', 'pattern', 'typer', 'ray']"
303,variant,315,Cleartext Storage of Sensitive Information in a Cookie,8,71,"['danswerai', 'feast', 'cortex', 'Neural', 'langflow', 'bentoml', 'open-webui', 'mindsdb', 'gradio', 'bokeh', 'determined', 'deepface', 'mlflow', 'comet-llm', 'pattern', 'typer', 'ray', 'danswerai', 'feast', 'cortex', 'Neural', 'langflow', 'bentoml', 'open-webui', 'mindsdb', 'gradio', 'bokeh', 'determined', 'deepface', 'mlflow', 'comet-llm', 'pattern', 'typer', 'ray']"
304,variant,316,Cleartext Storage of Sensitive Information in Memory,10,71,"['danswerai', 'feast', 'cortex', 'Neural', 'langflow', 'bentoml', 'open-webui', 'mindsdb', 'gradio', 'bokeh', 'determined', 'deepface', 'mlflow', 'comet-llm', 'pattern', 'typer', 'ray', 'danswerai', 'feast', 'cortex', 'Neural', 'langflow', 'bentoml', 'open-webui', 'mindsdb', 'gradio', 'bokeh', 'determined', 'deepface', 'mlflow', 'comet-llm', 'pattern', 'typer', 'ray']"
305,variant,317,Cleartext Storage of Sensitive Information in GUI,12,71,"['danswerai', 'feast', 'cortex', 'Neural', 'langflow', 'bentoml', 'open-webui', 'mindsdb', 'gradio', 'bokeh', 'determined', 'deepface', 'mlflow', 'comet-llm', 'pattern', 'typer', 'ray', 'danswerai', 'feast', 'cortex', 'Neural', 'langflow', 'bentoml', 'open-webui', 'mindsdb', 'gradio', 'bokeh', 'determined', 'deepface', 'mlflow', 'comet-llm', 'pattern', 'typer', 'ray']"
306,variant,318,Cleartext Storage of Sensitive Information in Executable,14,71,"['danswerai', 'feast', 'cortex', 'Neural', 'langflow', 'bentoml', 'open-webui', 'mindsdb', 'gradio', 'bokeh', 'determined', 'deepface', 'mlflow', 'comet-llm', 'pattern', 'typer', 'ray', 'danswerai', 'feast', 'cortex', 'Neural', 'langflow', 'bentoml', 'open-webui', 'mindsdb', 'gradio', 'bokeh', 'determined', 'deepface', 'mlflow', 'comet-llm', 'pattern', 'typer', 'ray']"
307,variant,456,Missing Initialization of a Variable,2,27,"['danswerai', 'feast', 'rasa', 'DeepPavlov', 'open-webui', 'mindsdb', 'determined', 'deeplake', 'mlflow']"
308,variant,498,Cloneable Class Containing Sensitive Information,12,59,"['LightGBM', 'bokeh', 'determined', 'catboost', 'pytorch_geometric', 'open-metric-learning', 'detectron2', 'spaCy', 'langflow', 'bentoml', 'aim', 'sinabs', 'ray', 'gan', 'jax', 'mlflow', 'streamlit', 'pytorch-lightning', 'gradio', 'transformers', 'ColossalAI', 'pyss3']"
309,variant,499,Serializable Class Containing Sensitive Data,13,59,"['LightGBM', 'bokeh', 'determined', 'catboost', 'pytorch_geometric', 'open-metric-learning', 'detectron2', 'spaCy', 'langflow', 'bentoml', 'aim', 'sinabs', 'ray', 'gan', 'jax', 'mlflow', 'streamlit', 'pytorch-lightning', 'gradio', 'transformers', 'ColossalAI', 'pyss3']"
310,variant,526,Cleartext Storage of Sensitive Information in an Environment Variable,16,71,"['danswerai', 'feast', 'cortex', 'Neural', 'langflow', 'bentoml', 'open-webui', 'mindsdb', 'gradio', 'bokeh', 'determined', 'deepface', 'mlflow', 'comet-llm', 'pattern', 'typer', 'ray', 'danswerai', 'feast', 'cortex', 'Neural', 'langflow', 'bentoml', 'open-webui', 'mindsdb', 'gradio', 'bokeh', 'determined', 'deepface', 'mlflow', 'comet-llm', 'pattern', 'typer', 'ray']"
311,variant,548,Exposure of Information Through Directory Listing,2,88,"['danswerai', 'feast', 'DIGITS', 'langflow', 'open-webui', 'PySyft', 'superset', 'mindsdb', 'gradio', 'aim', 'deepface', 'blaze', 'mlflow', 'ColossalAI', 'joliGEN', 'machine-learning', 'dash', 'ray']"
312,variant,550,Server-generated Error Message Containing Sensitive Information,4,88,"['danswerai', 'feast', 'DIGITS', 'langflow', 'open-webui', 'PySyft', 'superset', 'mindsdb', 'gradio', 'aim', 'deepface', 'blaze', 'mlflow', 'ColossalAI', 'joliGEN', 'machine-learning', 'dash', 'ray']"
313,variant,564,SQL Injection: Hibernate,14,81,"['danswerai', 'feast', 'rasa', 'DeepPavlov', 'open-webui', 'mindsdb', 'determined', 'deeplake', 'mlflow', 'danswerai', 'feast', 'rasa', 'DeepPavlov', 'open-webui', 'mindsdb', 'determined', 'deeplake', 'mlflow', 'danswerai', 'feast', 'rasa', 'DeepPavlov', 'open-webui', 'mindsdb', 'determined', 'deeplake', 'mlflow']"
314,variant,599,Missing Validation of OpenSSL Certificate,5,1,['ray']
315,variant,600,Uncaught Exception in Servlet,6,88,"['danswerai', 'feast', 'DIGITS', 'langflow', 'open-webui', 'PySyft', 'superset', 'mindsdb', 'gradio', 'aim', 'deepface', 'blaze', 'mlflow', 'ColossalAI', 'joliGEN', 'machine-learning', 'dash', 'ray']"
316,variant,622,Improper Validation of Function Hook Arguments,10,91,"['danswerai', 'DIGITS', 'open-webui', 'fastapi', 'bokeh', 'nalp', 'spammy', 'ViZDoom', 'langflow', 'PySyft', 'numpy', 'lightly', 'retro', 'ray', 'pydantic', 'pytensor', 'mlflow', 'pytorch', 'streamlit', 'feast', 'rasa', 'mindsdb', 'superset', 'gradio', 'transformers', 'pattern', 'AutoViz', 'Auto_ViML', 'danswerai', 'DIGITS', 'open-webui', 'fastapi', 'bokeh', 'nalp', 'spammy', 'ViZDoom', 'langflow', 'PySyft', 'numpy', 'lightly', 'retro', 'ray', 'pydantic', 'pytensor', 'mlflow', 'pytorch', 'streamlit', 'feast', 'rasa', 'mindsdb', 'superset', 'gradio', 'transformers', 'pattern', 'AutoViz', 'Auto_ViML', 'danswerai', 'DIGITS', 'open-webui', 'fastapi', 'bokeh', 'nalp', 'spammy', 'ViZDoom', 'langflow', 'PySyft', 'numpy', 'lightly', 'retro', 'ray', 'pydantic', 'pytensor', 'mlflow', 'pytorch', 'streamlit', 'feast', 'rasa', 'mindsdb', 'superset', 'gradio', 'transformers', 'pattern', 'AutoViz', 'Auto_ViML', 'danswerai', 'DIGITS', 'open-webui', 'fastapi', 'bokeh', 'nalp', 'spammy', 'ViZDoom', 'langflow', 'PySyft', 'numpy', 'lightly', 'retro', 'ray', 'pydantic', 'pytensor', 'mlflow', 'pytorch', 'streamlit', 'feast', 'rasa', 'mindsdb', 'superset', 'gradio', 'transformers', 'pattern', 'AutoViz', 'Auto_ViML', 'danswerai', 'DIGITS', 'open-webui', 'fastapi', 'bokeh', 'nalp', 'spammy', 'ViZDoom', 'langflow', 'PySyft', 'numpy', 'lightly', 'retro', 'ray', 'pydantic', 'pytensor', 'mlflow', 'pytorch', 'streamlit', 'feast', 'rasa', 'mindsdb', 'superset', 'gradio', 'transformers', 'pattern', 'AutoViz', 'Auto_ViML']"
317,variant,644,Improper Neutralization of HTTP Headers for Scripting Syntax,6,165,"['couler', 'DIGITS', 'tpot', 'open-webui', 'chainer', 'pybrain', 'deepface', 'statsmodels', 'catboost', 'ggpy', 'dash', 'cornac', 'rgf', 'pyqtgraph', 'tensorflow', 'stellargraph', 'cleanlab', 'numpy', 'FEDOT', 'bytehub', 'PyTorchCV', 'segmentation_models', 'pebl', 'machine-learning', 'deeppy', 'bigartm', 'scikit-multiflow', 'recommenders', 'seaborn', 'nupic.studio', 'vigra', 'gan', 'python-timbl', 'notebook', 'pyod', 'catalyst', 'rockpool', 'mars', 'mlflow', 'metric-learn', 'lambdo', 'pytorch', 'zpar', 'streamlit', 'alibi', 'annoy', 'feast', 'bowtie', 'scikit-image', 'mist', 'DeepPavlov', 'breze', 'superset', 'imbalanced-ensemble', 'alibi-detect', 'mindsdb', 'xlearn', 'snips-nlu', 'transformers', 'lifelines', 'ColossalAI', 'DI-engine', 'couler', 'DIGITS', 'tpot', 'open-webui', 'chainer', 'pybrain', 'deepface', 'statsmodels', 'catboost', 'ggpy', 'dash', 'cornac', 'rgf', 'pyqtgraph', 'tensorflow', 'stellargraph', 'cleanlab', 'numpy', 'FEDOT', 'bytehub', 'PyTorchCV', 'segmentation_models', 'pebl', 'machine-learning', 'deeppy', 'bigartm', 'scikit-multiflow', 'recommenders', 'seaborn', 'nupic.studio', 'vigra', 'gan', 'python-timbl', 'notebook', 'pyod', 'catalyst', 'rockpool', 'mars', 'mlflow', 'metric-learn', 'lambdo', 'pytorch', 'zpar', 'streamlit', 'alibi', 'annoy', 'feast', 'bowtie', 'scikit-image', 'mist', 'DeepPavlov', 'breze', 'superset', 'imbalanced-ensemble', 'alibi-detect', 'mindsdb', 'xlearn', 'snips-nlu', 'transformers', 'lifelines', 'ColossalAI', 'DI-engine', 'couler', 'DIGITS', 'tpot', 'open-webui', 'chainer', 'pybrain', 'deepface', 'statsmodels', 'catboost', 'ggpy', 'dash', 'cornac', 'rgf', 'pyqtgraph', 'tensorflow', 'stellargraph', 'cleanlab', 'numpy', 'FEDOT', 'bytehub', 'PyTorchCV', 'segmentation_models', 'pebl', 'machine-learning', 'deeppy', 'bigartm', 'scikit-multiflow', 'recommenders', 'seaborn', 'nupic.studio', 'vigra', 'gan', 'python-timbl', 'notebook', 'pyod', 'catalyst', 'rockpool', 'mars', 'mlflow', 'metric-learn', 'lambdo', 'pytorch', 'zpar', 'streamlit', 'alibi', 'annoy', 'feast', 'bowtie', 'scikit-image', 'mist', 'DeepPavlov', 'breze', 'superset', 'imbalanced-ensemble', 'alibi-detect', 'mindsdb', 'xlearn', 'snips-nlu', 'transformers', 'lifelines', 'ColossalAI', 'DI-engine']"
318,variant,759,Use of a One-Way Hash without a Salt,1,11,"['streamlit', 'danswerai', 'couler', 'langflow', 'gradio', 'mars', 'determined', 'mlflow']"
319,variant,760,Use of a One-Way Hash with a Predictable Salt,2,11,"['streamlit', 'danswerai', 'couler', 'langflow', 'gradio', 'mars', 'determined', 'mlflow']"
320,variant,780,Use of RSA Algorithm without OAEP,6,15,"['streamlit', 'danswerai', 'couler', 'langflow', 'open-webui', 'gradio', 'lightly', 'mars', 'determined', 'mlflow', 'streamlit', 'danswerai', 'couler', 'langflow', 'open-webui', 'gradio', 'lightly', 'mars', 'determined', 'mlflow', 'streamlit', 'danswerai', 'couler', 'langflow', 'open-webui', 'gradio', 'lightly', 'mars', 'determined', 'mlflow']"
321,variant,785,Use of Path Manipulation Function without Maximum-sized Buffer,215,91,"['danswerai', 'DIGITS', 'open-webui', 'fastapi', 'bokeh', 'nalp', 'spammy', 'ViZDoom', 'langflow', 'PySyft', 'numpy', 'lightly', 'retro', 'ray', 'pydantic', 'pytensor', 'mlflow', 'pytorch', 'streamlit', 'feast', 'rasa', 'mindsdb', 'superset', 'gradio', 'transformers', 'pattern', 'AutoViz', 'Auto_ViML', 'danswerai', 'DIGITS', 'open-webui', 'fastapi', 'bokeh', 'nalp', 'spammy', 'ViZDoom', 'langflow', 'PySyft', 'numpy', 'lightly', 'retro', 'ray', 'pydantic', 'pytensor', 'mlflow', 'pytorch', 'streamlit', 'feast', 'rasa', 'mindsdb', 'superset', 'gradio', 'transformers', 'pattern', 'AutoViz', 'Auto_ViML', 'danswerai', 'DIGITS', 'open-webui', 'fastapi', 'bokeh', 'nalp', 'spammy', 'ViZDoom', 'langflow', 'PySyft', 'numpy', 'lightly', 'retro', 'ray', 'pydantic', 'pytensor', 'mlflow', 'pytorch', 'streamlit', 'feast', 'rasa', 'mindsdb', 'superset', 'gradio', 'transformers', 'pattern', 'AutoViz', 'Auto_ViML', 'danswerai', 'DIGITS', 'open-webui', 'fastapi', 'bokeh', 'nalp', 'spammy', 'ViZDoom', 'langflow', 'PySyft', 'numpy', 'lightly', 'retro', 'ray', 'pydantic', 'pytensor', 'mlflow', 'pytorch', 'streamlit', 'feast', 'rasa', 'mindsdb', 'superset', 'gradio', 'transformers', 'pattern', 'AutoViz', 'Auto_ViML', 'danswerai', 'DIGITS', 'open-webui', 'fastapi', 'bokeh', 'nalp', 'spammy', 'ViZDoom', 'langflow', 'PySyft', 'numpy', 'lightly', 'retro', 'ray', 'pydantic', 'pytensor', 'mlflow', 'pytorch', 'streamlit', 'feast', 'rasa', 'mindsdb', 'superset', 'gradio', 'transformers', 'pattern', 'AutoViz', 'Auto_ViML']"
322,view,635,Weaknesses Originally Used by NVD from 2008 to 2016,291,7663,"['danswerai', 'DIGITS', 'open-webui', 'fastapi', 'bokeh', 'nalp', 'spammy', 'ViZDoom', 'langflow', 'PySyft', 'numpy', 'lightly', 'retro', 'ray', 'pydantic', 'pytensor', 'mlflow', 'pytorch', 'streamlit', 'feast', 'rasa', 'mindsdb', 'superset', 'gradio', 'transformers', 'pattern', 'AutoViz', 'Auto_ViML', 'danswerai', 'DIGITS', 'open-webui', 'fastapi', 'bokeh', 'nalp', 'spammy', 'ViZDoom', 'langflow', 'PySyft', 'numpy', 'lightly', 'retro', 'ray', 'pydantic', 'pytensor', 'mlflow', 'pytorch', 'streamlit', 'feast', 'rasa', 'mindsdb', 'superset', 'gradio', 'transformers', 'pattern', 'AutoViz', 'Auto_ViML', 'LightGBM', 'bokeh', 'determined', 'catboost', 'pytorch_geometric', 'open-metric-learning', 'detectron2', 'spaCy', 'langflow', 'bentoml', 'aim', 'sinabs', 'ray', 'gan', 'jax', 'mlflow', 'streamlit', 'pytorch-lightning', 'gradio', 'transformers', 'ColossalAI', 'pyss3', 'danswerai', 'DIGITS', 'shogun', 'Spearmint', 'rep', 'open-webui', 'bokeh', 'determined', 'deeplake', 'blaze', 'statsmodels', 'xgboost', 'catboost', 'typer', 'dash', 'open-metric-learning', 'detectron2', 'nilearn', 'matplotlib', 'langflow', 'pyqtgraph', 'bentoml', 'tensorflow', 'altair', 'aim', 'numpy', 'mlens', 'retro', 'pynlpl', 'pytorch-image-models', 'deeppy', 'bigartm', 'gensim', 'ray', 'skll', 'PyStanfordDependencies', 'pydantic', 'zipline', 'mars', 'catalyst', 'jax', 'mlflow', 'pytorch', 'streamlit', 'rasa', 'cortex', 'mist', 'scikit-learn-intelex', 'scikit-image', 'loso', 'mindsdb', 'superset', 'pytorch-lightning', 'gradio', 'transformers', 'DI-engine', 'ViZDoom', 'neuraltalk', 'colibri-core', 'couler', 'DIGITS', 'tpot', 'open-webui', 'chainer', 'pybrain', 'statsmodels', 'catboost', 'ggpy', 'dash', 'cornac', 'rgf', 'pyqtgraph', 'tensorflow', 'stellargraph', 'cleanlab', 'numpy', 'FEDOT', 'bytehub', 'segmentation_models', 'pebl', 'deeppy', 'bigartm', 'scikit-multiflow', 'recommenders', 'seaborn', 'nupic.studio', 'vigra', 'gan', 'python-timbl', 'notebook', 'pyod', 'catalyst', 'rockpool', 'metric-learn', 'lambdo', 'pytorch', 'zpar', 'streamlit', 'alibi', 'annoy', 'mist', 'scikit-image', 'DeepPavlov', 'breze', 'superset', 'imbalanced-ensemble', 'alibi-detect', 'mindsdb', 'xlearn', 'snips-nlu', 'lifelines', 'ColossalAI', 'DI-engine', 'danswerai', 'DIGITS', 'open-webui', 'fastapi', 'bokeh', 'nalp', 'spammy', 'ViZDoom', 'langflow', 'PySyft', 'numpy', 'lightly', 'retro', 'ray', 'pydantic', 'pytensor', 'mlflow', 'pytorch', 'streamlit', 'feast', 'rasa', 'mindsdb', 'superset', 'gradio', 'transformers', 'pattern', 'AutoViz', 'Auto_ViML', 'danswerai', 'DIGITS', 'open-webui', 'fastapi', 'bokeh', 'nalp', 'spammy', 'ViZDoom', 'langflow', 'PySyft', 'numpy', 'lightly', 'retro', 'ray', 'pydantic', 'pytensor', 'mlflow', 'pytorch', 'streamlit', 'feast', 'rasa', 'mindsdb', 'superset', 'gradio', 'transformers', 'pattern', 'AutoViz', 'Auto_ViML', 'danswerai', 'DIGITS', 'open-webui', 'fastapi', 'bokeh', 'nalp', 'spammy', 'ViZDoom', 'langflow', 'PySyft', 'numpy', 'lightly', 'retro', 'ray', 'pydantic', 'pytensor', 'mlflow', 'pytorch', 'streamlit', 'feast', 'rasa', 'mindsdb', 'superset', 'gradio', 'transformers', 'pattern', 'AutoViz', 'Auto_ViML', 'tpot', 'neural-style-pt', 'chainer', 'skorch', 'pybrain', 'bokeh', 'autogluon', 'pytorch_geometric', 'pkuseg-python', 'open-metric-learning', 'detectron2', 'nilearn', 'mljar-supervised', 'altair', 'pyqtgraph', 'bentoml', 'caffe', 'river', 'numpy', 'CompreFace', 'FEDOT', 'sktime', 'PyTorchCV', 'pytorch-image-models', 'pebl', 'bigartm', 'BioPy', 'python-timbl', 'lightwood', 'mlx', 'zipline', 'pgmpy', 'Petrel', 'mlflow', 'DrQA', 'Parris', 'scikit-learn', 'pytorch', 'SynapseML', 'superset', 'transformers', 'ColossalAI', 'vispy', 'joliGEN', 'danswerai', 'shogun', 'Spearmint', 'xgboost', 'rosetta', 'catboost', 'dash', 'tesseract', 'stellargraph', 'maze', 'cleanlab', 'lightly', 'pymc', 'scikit-opt', 'deeppy', 'Gymnasium', 'skll', 'emcee', 'vigra', 'dtaidistance', 'mars', 'neuraltalk2', 'jax', 'scikit-survival', 'pytorch-frame', 'streamlit', 'mlxtend', 'cortex', 'DeepPavlov', 'alibi-detect', 'gradio', 'xlearn', 'langfuse', 'DI-engine', 'pyss3', 'DIGITS', 'LightGBM', 'CoreNLP', 'yalign', 'determined', 'deeplake', 'blaze', 'somoclu', 'xcessiv', 'matplotlib', 'tensorflow', 'PySyft', 'haystack', 'mlens', 'retro', 'machine-learning', 'gensim', 'neuropredict', 'feast', 'rasa', 'loso', 'lab', 'mindsdb', 'dowel', 'nut', 'retinaface', 'ViZDoom', 'neuraltalk', 'optuna', 'open-webui', 'NeuroNER', 'deepface', 'statsmodels', 'jProcessing', 'typer', 'python-recsys', 'textacy', 'ggpy', 'cornac', 'spaCy', 'langflow', 'igel', 'keras-tuner', 'Metaworld', 'aim', 'pynlpl', 'ray', 'cltk', 'recommenders', 'seaborn', 'evidently', 'deepchecks', 'garage', 'hebel', 'jieba', 'catalyst', 'pytensor', 'lambdo', 'prodmodel', 'zpar', 'polyglot', 'scikit-learn-intelex', 'scikit-image', 'pytorch-lightning', 'colibri-core', 'bolt', 'cornac', 'feast', 'bowtie', 'DIGITS', 'mindsdb', 'mars', 'deepface', 'mlflow', 'PyTorchCV', 'machine-learning', 'danswerai', 'feast', 'rasa', 'DeepPavlov', 'open-webui', 'mindsdb', 'determined', 'deeplake', 'mlflow']"
323,view,884,CWE Cross-section,293,30258,"['danswerai', 'feast', 'DIGITS', 'langflow', 'open-webui', 'PySyft', 'superset', 'mindsdb', 'gradio', 'aim', 'deepface', 'blaze', 'mlflow', 'ColossalAI', 'joliGEN', 'machine-learning', 'dash', 'ray', 'DIGITS', 'langflow', 'mindsdb', 'superset', 'face_recognition', 'danswerai', 'DIGITS', 'shogun', 'Spearmint', 'rep', 'open-webui', 'bokeh', 'determined', 'deeplake', 'blaze', 'statsmodels', 'xgboost', 'catboost', 'typer', 'dash', 'open-metric-learning', 'detectron2', 'nilearn', 'matplotlib', 'langflow', 'pyqtgraph', 'bentoml', 'tensorflow', 'altair', 'aim', 'numpy', 'mlens', 'retro', 'pynlpl', 'pytorch-image-models', 'deeppy', 'bigartm', 'gensim', 'ray', 'skll', 'PyStanfordDependencies', 'pydantic', 'zipline', 'mars', 'catalyst', 'jax', 'mlflow', 'pytorch', 'streamlit', 'rasa', 'cortex', 'mist', 'scikit-learn-intelex', 'scikit-image', 'loso', 'mindsdb', 'superset', 'pytorch-lightning', 'gradio', 'transformers', 'DI-engine', 'ViZDoom', 'neuraltalk', 'colibri-core', 'danswerai', 'DIGITS', 'shogun', 'Spearmint', 'rep', 'open-webui', 'bokeh', 'determined', 'deeplake', 'blaze', 'statsmodels', 'xgboost', 'catboost', 'typer', 'dash', 'open-metric-learning', 'detectron2', 'nilearn', 'matplotlib', 'langflow', 'pyqtgraph', 'bentoml', 'tensorflow', 'altair', 'aim', 'numpy', 'mlens', 'retro', 'pynlpl', 'pytorch-image-models', 'deeppy', 'bigartm', 'gensim', 'ray', 'skll', 'PyStanfordDependencies', 'pydantic', 'zipline', 'mars', 'catalyst', 'jax', 'mlflow', 'pytorch', 'streamlit', 'rasa', 'cortex', 'mist', 'scikit-learn-intelex', 'scikit-image', 'loso', 'mindsdb', 'superset', 'pytorch-lightning', 'gradio', 'transformers', 'DI-engine', 'ViZDoom', 'neuraltalk', 'colibri-core', 'couler', 'DIGITS', 'tpot', 'open-webui', 'chainer', 'pybrain', 'statsmodels', 'catboost', 'ggpy', 'dash', 'cornac', 'rgf', 'pyqtgraph', 'tensorflow', 'stellargraph', 'cleanlab', 'numpy', 'FEDOT', 'bytehub', 'segmentation_models', 'pebl', 'deeppy', 'bigartm', 'scikit-multiflow', 'recommenders', 'seaborn', 'nupic.studio', 'vigra', 'gan', 'python-timbl', 'notebook', 'pyod', 'catalyst', 'rockpool', 'metric-learn', 'lambdo', 'pytorch', 'zpar', 'streamlit', 'alibi', 'annoy', 'mist', 'scikit-image', 'DeepPavlov', 'breze', 'superset', 'imbalanced-ensemble', 'alibi-detect', 'mindsdb', 'xlearn', 'snips-nlu', 'lifelines', 'ColossalAI', 'DI-engine', 'couler', 'DIGITS', 'tpot', 'open-webui', 'chainer', 'pybrain', 'statsmodels', 'catboost', 'ggpy', 'dash', 'cornac', 'rgf', 'pyqtgraph', 'tensorflow', 'stellargraph', 'cleanlab', 'numpy', 'FEDOT', 'bytehub', 'segmentation_models', 'pebl', 'deeppy', 'bigartm', 'scikit-multiflow', 'recommenders', 'seaborn', 'nupic.studio', 'vigra', 'gan', 'python-timbl', 'notebook', 'pyod', 'catalyst', 'rockpool', 'metric-learn', 'lambdo', 'pytorch', 'zpar', 'streamlit', 'alibi', 'annoy', 'mist', 'scikit-image', 'DeepPavlov', 'breze', 'superset', 'imbalanced-ensemble', 'alibi-detect', 'mindsdb', 'xlearn', 'snips-nlu', 'lifelines', 'ColossalAI', 'DI-engine', 'neural-style-pt', 'chainer', 'skorch', 'pybrain', 'bokeh', 'neurolab', 'autogluon', 'pytorch_geometric', 'face_recognition', 'pkuseg-python', 'open-metric-learning', 'detectron2', 'mljar-supervised', 'pyqtgraph', 'bentoml', 'caffe', 'river', 'numpy', 'FEDOT', 'opfython', 'PyTorchCV', 'pytorch-image-models', 'pebl', 'bigartm', 'lightwood', 'zipline', 'Petrel', 'mlflow', 'DrQA', 'scikit-learn', 'pytorch', 'TResNet', 'segmentation_models.pytorch', 'shapash', 'transformers', 'ColossalAI', 'joliGEN', 'simpleai', 'xgboost', 'catboost', 'maze', 'cleanlab', 'lightly', 'deeppy', 'chefboost', 'opytimizer', 'skll', 'pytorch_geometric_temporal', 'dl-translate', 'mars', 'evostra', 'pytorch-frame', 'streamlit', 'mlxtend', 'DeepPavlov', 'snownlp', 'alibi-detect', 'Sklearn-genetic-opt', 'DI-engine', 'lightning-bolts', 'DIGITS', 'rep', 'LightGBM', 'yalign', 'determined', 'miraiml', 'matplotlib', 'tensorflow', 'haystack', 'mlens', 'machine-learning', 'neuropredict', 'frouros', 'feast', 'rasa', 'loso', 'mindsdb', 'nut', 'ViZDoom', 'neuraltalk', 'sentiment_classifier', 'NeuroNER', 'deepface', 'statsmodels', 'jProcessing', 'dedupe', 'python-recsys', 'cornac', 'eurybia', 'igel', 'keras-tuner', 'backprop', 'ray', 'cltk', 'recommenders', 'sentiment-analyzer', 'evidently', 'deepchecks', 'garage', 'hebel', 'jieba', 'pyod', 'catalyst', 'pytensor', 'lambdo', 'tflearn', 'prodmodel', 'zpar', 'polyglot', 'alibi', 'scikit-learn-intelex', 'pytorch-lightning', 'bolt', 'PCV', 'transformers', 'superset', 'tpot', 'neural-style-pt', 'chainer', 'skorch', 'pybrain', 'bokeh', 'autogluon', 'pytorch_geometric', 'pkuseg-python', 'open-metric-learning', 'detectron2', 'nilearn', 'mljar-supervised', 'altair', 'pyqtgraph', 'bentoml', 'caffe', 'river', 'numpy', 'CompreFace', 'FEDOT', 'sktime', 'PyTorchCV', 'pytorch-image-models', 'pebl', 'bigartm', 'BioPy', 'python-timbl', 'lightwood', 'mlx', 'zipline', 'pgmpy', 'Petrel', 'mlflow', 'DrQA', 'Parris', 'scikit-learn', 'pytorch', 'SynapseML', 'superset', 'transformers', 'ColossalAI', 'vispy', 'joliGEN', 'danswerai', 'shogun', 'Spearmint', 'xgboost', 'rosetta', 'catboost', 'dash', 'tesseract', 'stellargraph', 'maze', 'cleanlab', 'lightly', 'pymc', 'scikit-opt', 'deeppy', 'Gymnasium', 'skll', 'emcee', 'vigra', 'dtaidistance', 'mars', 'neuraltalk2', 'jax', 'scikit-survival', 'pytorch-frame', 'streamlit', 'mlxtend', 'cortex', 'DeepPavlov', 'alibi-detect', 'gradio', 'xlearn', 'langfuse', 'DI-engine', 'pyss3', 'DIGITS', 'LightGBM', 'CoreNLP', 'yalign', 'determined', 'deeplake', 'blaze', 'somoclu', 'xcessiv', 'matplotlib', 'tensorflow', 'PySyft', 'haystack', 'mlens', 'retro', 'machine-learning', 'gensim', 'neuropredict', 'feast', 'rasa', 'loso', 'lab', 'mindsdb', 'dowel', 'nut', 'retinaface', 'ViZDoom', 'neuraltalk', 'optuna', 'open-webui', 'NeuroNER', 'deepface', 'statsmodels', 'jProcessing', 'typer', 'python-recsys', 'textacy', 'ggpy', 'cornac', 'spaCy', 'langflow', 'igel', 'keras-tuner', 'Metaworld', 'aim', 'pynlpl', 'ray', 'cltk', 'recommenders', 'seaborn', 'evidently', 'deepchecks', 'garage', 'hebel', 'jieba', 'catalyst', 'pytensor', 'lambdo', 'prodmodel', 'zpar', 'polyglot', 'scikit-learn-intelex', 'scikit-image', 'pytorch-lightning', 'colibri-core', 'bolt', 'tpot', 'neural-style-pt', 'chainer', 'skorch', 'pybrain', 'bokeh', 'autogluon', 'pytorch_geometric', 'pkuseg-python', 'open-metric-learning', 'detectron2', 'nilearn', 'mljar-supervised', 'altair', 'pyqtgraph', 'bentoml', 'caffe', 'river', 'numpy', 'CompreFace', 'FEDOT', 'sktime', 'PyTorchCV', 'pytorch-image-models', 'pebl', 'bigartm', 'BioPy', 'python-timbl', 'lightwood', 'mlx', 'zipline', 'pgmpy', 'Petrel', 'mlflow', 'DrQA', 'Parris', 'scikit-learn', 'pytorch', 'SynapseML', 'superset', 'transformers', 'ColossalAI', 'vispy', 'joliGEN', 'danswerai', 'shogun', 'Spearmint', 'xgboost', 'rosetta', 'catboost', 'dash', 'tesseract', 'stellargraph', 'maze', 'cleanlab', 'lightly', 'pymc', 'scikit-opt', 'deeppy', 'Gymnasium', 'skll', 'emcee', 'vigra', 'dtaidistance', 'mars', 'neuraltalk2', 'jax', 'scikit-survival', 'pytorch-frame', 'streamlit', 'mlxtend', 'cortex', 'DeepPavlov', 'alibi-detect', 'gradio', 'xlearn', 'langfuse', 'DI-engine', 'pyss3', 'DIGITS', 'LightGBM', 'CoreNLP', 'yalign', 'determined', 'deeplake', 'blaze', 'somoclu', 'xcessiv', 'matplotlib', 'tensorflow', 'PySyft', 'haystack', 'mlens', 'retro', 'machine-learning', 'gensim', 'neuropredict', 'feast', 'rasa', 'loso', 'lab', 'mindsdb', 'dowel', 'nut', 'retinaface', 'ViZDoom', 'neuraltalk', 'optuna', 'open-webui', 'NeuroNER', 'deepface', 'statsmodels', 'jProcessing', 'typer', 'python-recsys', 'textacy', 'ggpy', 'cornac', 'spaCy', 'langflow', 'igel', 'keras-tuner', 'Metaworld', 'aim', 'pynlpl', 'ray', 'cltk', 'recommenders', 'seaborn', 'evidently', 'deepchecks', 'garage', 'hebel', 'jieba', 'catalyst', 'pytensor', 'lambdo', 'prodmodel', 'zpar', 'polyglot', 'scikit-learn-intelex', 'scikit-image', 'pytorch-lightning', 'colibri-core', 'bolt', 'tpot', 'neural-style-pt', 'chainer', 'skorch', 'pybrain', 'bokeh', 'autogluon', 'pytorch_geometric', 'pkuseg-python', 'open-metric-learning', 'detectron2', 'nilearn', 'mljar-supervised', 'altair', 'pyqtgraph', 'bentoml', 'caffe', 'river', 'numpy', 'CompreFace', 'FEDOT', 'sktime', 'PyTorchCV', 'pytorch-image-models', 'pebl', 'bigartm', 'BioPy', 'python-timbl', 'lightwood', 'mlx', 'zipline', 'pgmpy', 'Petrel', 'mlflow', 'DrQA', 'Parris', 'scikit-learn', 'pytorch', 'SynapseML', 'superset', 'transformers', 'ColossalAI', 'vispy', 'joliGEN', 'danswerai', 'shogun', 'Spearmint', 'xgboost', 'rosetta', 'catboost', 'dash', 'tesseract', 'stellargraph', 'maze', 'cleanlab', 'lightly', 'pymc', 'scikit-opt', 'deeppy', 'Gymnasium', 'skll', 'emcee', 'vigra', 'dtaidistance', 'mars', 'neuraltalk2', 'jax', 'scikit-survival', 'pytorch-frame', 'streamlit', 'mlxtend', 'cortex', 'DeepPavlov', 'alibi-detect', 'gradio', 'xlearn', 'langfuse', 'DI-engine', 'pyss3', 'DIGITS', 'LightGBM', 'CoreNLP', 'yalign', 'determined', 'deeplake', 'blaze', 'somoclu', 'xcessiv', 'matplotlib', 'tensorflow', 'PySyft', 'haystack', 'mlens', 'retro', 'machine-learning', 'gensim', 'neuropredict', 'feast', 'rasa', 'loso', 'lab', 'mindsdb', 'dowel', 'nut', 'retinaface', 'ViZDoom', 'neuraltalk', 'optuna', 'open-webui', 'NeuroNER', 'deepface', 'statsmodels', 'jProcessing', 'typer', 'python-recsys', 'textacy', 'ggpy', 'cornac', 'spaCy', 'langflow', 'igel', 'keras-tuner', 'Metaworld', 'aim', 'pynlpl', 'ray', 'cltk', 'recommenders', 'seaborn', 'evidently', 'deepchecks', 'garage', 'hebel', 'jieba', 'catalyst', 'pytensor', 'lambdo', 'prodmodel', 'zpar', 'polyglot', 'scikit-learn-intelex', 'scikit-image', 'pytorch-lightning', 'colibri-core', 'bolt', 'tpot', 'neural-style-pt', 'chainer', 'skorch', 'pybrain', 'bokeh', 'autogluon', 'pytorch_geometric', 'pkuseg-python', 'open-metric-learning', 'detectron2', 'nilearn', 'mljar-supervised', 'altair', 'pyqtgraph', 'bentoml', 'caffe', 'river', 'numpy', 'CompreFace', 'FEDOT', 'sktime', 'PyTorchCV', 'pytorch-image-models', 'pebl', 'bigartm', 'BioPy', 'python-timbl', 'lightwood', 'mlx', 'zipline', 'pgmpy', 'Petrel', 'mlflow', 'DrQA', 'Parris', 'scikit-learn', 'pytorch', 'SynapseML', 'superset', 'transformers', 'ColossalAI', 'vispy', 'joliGEN', 'danswerai', 'shogun', 'Spearmint', 'xgboost', 'rosetta', 'catboost', 'dash', 'tesseract', 'stellargraph', 'maze', 'cleanlab', 'lightly', 'pymc', 'scikit-opt', 'deeppy', 'Gymnasium', 'skll', 'emcee', 'vigra', 'dtaidistance', 'mars', 'neuraltalk2', 'jax', 'scikit-survival', 'pytorch-frame', 'streamlit', 'mlxtend', 'cortex', 'DeepPavlov', 'alibi-detect', 'gradio', 'xlearn', 'langfuse', 'DI-engine', 'pyss3', 'DIGITS', 'LightGBM', 'CoreNLP', 'yalign', 'determined', 'deeplake', 'blaze', 'somoclu', 'xcessiv', 'matplotlib', 'tensorflow', 'PySyft', 'haystack', 'mlens', 'retro', 'machine-learning', 'gensim', 'neuropredict', 'feast', 'rasa', 'loso', 'lab', 'mindsdb', 'dowel', 'nut', 'retinaface', 'ViZDoom', 'neuraltalk', 'optuna', 'open-webui', 'NeuroNER', 'deepface', 'statsmodels', 'jProcessing', 'typer', 'python-recsys', 'textacy', 'ggpy', 'cornac', 'spaCy', 'langflow', 'igel', 'keras-tuner', 'Metaworld', 'aim', 'pynlpl', 'ray', 'cltk', 'recommenders', 'seaborn', 'evidently', 'deepchecks', 'garage', 'hebel', 'jieba', 'catalyst', 'pytensor', 'lambdo', 'prodmodel', 'zpar', 'polyglot', 'scikit-learn-intelex', 'scikit-image', 'pytorch-lightning', 'colibri-core', 'bolt', 'cornac', 'feast', 'bowtie', 'DIGITS', 'mindsdb', 'mars', 'deepface', 'mlflow', 'PyTorchCV', 'machine-learning', 'danswerai', 'feast', 'rasa', 'DeepPavlov', 'open-webui', 'mindsdb', 'determined', 'deeplake', 'mlflow', 'danswerai', 'DIGITS', 'LightGBM', 'open-webui', 'CoreNLP', 'chainer', 'bokeh', 'determined', 'blaze', 'xgboost', 'catboost', 'jProcessing', 'typer', 'dash', 'ViZDoom', 'langflow', 'pyqtgraph', 'bentoml', 'caffe', 'tensorflow', 'numpy', 'haystack', 'pymc', 'PyTorchCV', 'retro', 'pebl', 'bigartm', 'gensim', 'ray', 'skll', 'emcee', 'vigra', 'deepchecks', 'pgmpy', 'pydantic', 'zipline', 'mars', 'jax', 'mlflow', 'DrQA', 'lambdo', 'scikit-learn', 'zpar', 'streamlit', 'pytorch', 'rasa', 'cortex', 'scikit-learn-intelex', 'DeepPavlov', 'mindsdb', 'pytorch-lightning', 'gradio', 'dirty_cat', 'xlearn', 'transformers', 'ColossalAI', 'vispy', 'pattern', 'DI-engine', 'pyss3', 'lightning-bolts', 'danswerai', 'DIGITS', 'LightGBM', 'open-webui', 'CoreNLP', 'chainer', 'bokeh', 'determined', 'blaze', 'xgboost', 'catboost', 'jProcessing', 'typer', 'dash', 'ViZDoom', 'langflow', 'pyqtgraph', 'bentoml', 'caffe', 'tensorflow', 'numpy', 'haystack', 'pymc', 'PyTorchCV', 'retro', 'pebl', 'bigartm', 'gensim', 'ray', 'skll', 'emcee', 'vigra', 'deepchecks', 'pgmpy', 'pydantic', 'zipline', 'mars', 'jax', 'mlflow', 'DrQA', 'lambdo', 'scikit-learn', 'zpar', 'streamlit', 'pytorch', 'rasa', 'cortex', 'scikit-learn-intelex', 'DeepPavlov', 'mindsdb', 'pytorch-lightning', 'gradio', 'dirty_cat', 'xlearn', 'transformers', 'ColossalAI', 'vispy', 'pattern', 'DI-engine', 'pyss3', 'lightning-bolts', 'danswerai', 'feast', 'cortex', 'Neural', 'langflow', 'bentoml', 'open-webui', 'mindsdb', 'gradio', 'bokeh', 'determined', 'deepface', 'mlflow', 'comet-llm', 'pattern', 'typer', 'ray', 'danswerai', 'feast', 'cortex', 'Neural', 'langflow', 'bentoml', 'open-webui', 'mindsdb', 'gradio', 'bokeh', 'determined', 'deepface', 'mlflow', 'comet-llm', 'pattern', 'typer', 'ray', 'streamlit', 'danswerai', 'couler', 'langflow', 'open-webui', 'gradio', 'lightly', 'mars', 'determined', 'mlflow', 'streamlit', 'danswerai', 'couler', 'langflow', 'open-webui', 'gradio', 'lightly', 'mars', 'determined', 'mlflow', 'streamlit', 'danswerai', 'couler', 'langflow', 'open-webui', 'gradio', 'lightly', 'mars', 'determined', 'mlflow', 'danswerai', 'DIGITS', 'LightGBM', 'open-webui', 'CoreNLP', 'chainer', 'bokeh', 'determined', 'blaze', 'xgboost', 'catboost', 'jProcessing', 'typer', 'dash', 'ViZDoom', 'langflow', 'pyqtgraph', 'bentoml', 'caffe', 'tensorflow', 'numpy', 'haystack', 'pymc', 'PyTorchCV', 'retro', 'pebl', 'bigartm', 'gensim', 'ray', 'skll', 'emcee', 'vigra', 'deepchecks', 'pgmpy', 'pydantic', 'zipline', 'mars', 'jax', 'mlflow', 'DrQA', 'lambdo', 'scikit-learn', 'zpar', 'streamlit', 'pytorch', 'rasa', 'cortex', 'scikit-learn-intelex', 'DeepPavlov', 'mindsdb', 'pytorch-lightning', 'gradio', 'dirty_cat', 'xlearn', 'transformers', 'ColossalAI', 'vispy', 'pattern', 'DI-engine', 'pyss3', 'lightning-bolts']"
324,view,1003,Weaknesses for Simplified Mapping of Published Vulnerabilities,170,692,"['danswerai', 'DIGITS', 'open-webui', 'fastapi', 'bokeh', 'nalp', 'spammy', 'ViZDoom', 'langflow', 'PySyft', 'numpy', 'lightly', 'retro', 'ray', 'pydantic', 'pytensor', 'mlflow', 'pytorch', 'streamlit', 'feast', 'rasa', 'mindsdb', 'superset', 'gradio', 'transformers', 'pattern', 'AutoViz', 'Auto_ViML', 'danswerai', 'DIGITS', 'open-webui', 'fastapi', 'bokeh', 'nalp', 'spammy', 'ViZDoom', 'langflow', 'PySyft', 'numpy', 'lightly', 'retro', 'ray', 'pydantic', 'pytensor', 'mlflow', 'pytorch', 'streamlit', 'feast', 'rasa', 'mindsdb', 'superset', 'gradio', 'transformers', 'pattern', 'AutoViz', 'Auto_ViML', 'LightGBM', 'bokeh', 'determined', 'catboost', 'pytorch_geometric', 'open-metric-learning', 'detectron2', 'spaCy', 'langflow', 'bentoml', 'aim', 'sinabs', 'ray', 'gan', 'jax', 'mlflow', 'streamlit', 'pytorch-lightning', 'gradio', 'transformers', 'ColossalAI', 'pyss3', 'feast', 'DIGITS', 'superset', 'dl-translate', 'DI-engine', 'ray', 'couler', 'DIGITS', 'tpot', 'open-webui', 'chainer', 'pybrain', 'deepface', 'statsmodels', 'catboost', 'ggpy', 'dash', 'cornac', 'rgf', 'pyqtgraph', 'tensorflow', 'stellargraph', 'cleanlab', 'numpy', 'FEDOT', 'bytehub', 'PyTorchCV', 'segmentation_models', 'pebl', 'machine-learning', 'deeppy', 'bigartm', 'scikit-multiflow', 'recommenders', 'seaborn', 'nupic.studio', 'vigra', 'gan', 'python-timbl', 'notebook', 'pyod', 'catalyst', 'rockpool', 'mars', 'mlflow', 'metric-learn', 'lambdo', 'pytorch', 'zpar', 'streamlit', 'alibi', 'annoy', 'feast', 'bowtie', 'scikit-image', 'mist', 'DeepPavlov', 'breze', 'superset', 'imbalanced-ensemble', 'alibi-detect', 'mindsdb', 'xlearn', 'snips-nlu', 'transformers', 'lifelines', 'ColossalAI', 'DI-engine', 'danswerai', 'DIGITS', 'open-webui', 'fastapi', 'bokeh', 'nalp', 'spammy', 'ViZDoom', 'langflow', 'PySyft', 'numpy', 'lightly', 'retro', 'ray', 'pydantic', 'pytensor', 'mlflow', 'pytorch', 'streamlit', 'feast', 'rasa', 'mindsdb', 'superset', 'gradio', 'transformers', 'pattern', 'AutoViz', 'Auto_ViML', 'couler', 'DIGITS', 'tpot', 'open-webui', 'chainer', 'pybrain', 'deepface', 'statsmodels', 'catboost', 'ggpy', 'dash', 'cornac', 'rgf', 'pyqtgraph', 'tensorflow', 'stellargraph', 'cleanlab', 'numpy', 'FEDOT', 'bytehub', 'PyTorchCV', 'segmentation_models', 'pebl', 'machine-learning', 'deeppy', 'bigartm', 'scikit-multiflow', 'recommenders', 'seaborn', 'nupic.studio', 'vigra', 'gan', 'python-timbl', 'notebook', 'pyod', 'catalyst', 'rockpool', 'mars', 'mlflow', 'metric-learn', 'lambdo', 'pytorch', 'zpar', 'streamlit', 'alibi', 'annoy', 'feast', 'bowtie', 'scikit-image', 'mist', 'DeepPavlov', 'breze', 'superset', 'imbalanced-ensemble', 'alibi-detect', 'mindsdb', 'xlearn', 'snips-nlu', 'transformers', 'lifelines', 'ColossalAI', 'DI-engine', 'danswerai', 'DIGITS', 'open-webui', 'fastapi', 'bokeh', 'nalp', 'spammy', 'ViZDoom', 'langflow', 'PySyft', 'numpy', 'lightly', 'retro', 'ray', 'pydantic', 'pytensor', 'mlflow', 'pytorch', 'streamlit', 'feast', 'rasa', 'mindsdb', 'superset', 'gradio', 'transformers', 'pattern', 'AutoViz', 'Auto_ViML', 'danswerai', 'DIGITS', 'open-webui', 'fastapi', 'bokeh', 'nalp', 'spammy', 'ViZDoom', 'langflow', 'PySyft', 'numpy', 'lightly', 'retro', 'ray', 'pydantic', 'pytensor', 'mlflow', 'pytorch', 'streamlit', 'feast', 'rasa', 'mindsdb', 'superset', 'gradio', 'transformers', 'pattern', 'AutoViz', 'Auto_ViML', 'couler', 'DIGITS', 'tpot', 'open-webui', 'chainer', 'pybrain', 'deepface', 'statsmodels', 'catboost', 'ggpy', 'dash', 'cornac', 'rgf', 'pyqtgraph', 'tensorflow', 'stellargraph', 'cleanlab', 'numpy', 'FEDOT', 'bytehub', 'PyTorchCV', 'segmentation_models', 'pebl', 'machine-learning', 'deeppy', 'bigartm', 'scikit-multiflow', 'recommenders', 'seaborn', 'nupic.studio', 'vigra', 'gan', 'python-timbl', 'notebook', 'pyod', 'catalyst', 'rockpool', 'mars', 'mlflow', 'metric-learn', 'lambdo', 'pytorch', 'zpar', 'streamlit', 'alibi', 'annoy', 'feast', 'bowtie', 'scikit-image', 'mist', 'DeepPavlov', 'breze', 'superset', 'imbalanced-ensemble', 'alibi-detect', 'mindsdb', 'xlearn', 'snips-nlu', 'transformers', 'lifelines', 'ColossalAI', 'DI-engine', 'danswerai', 'DIGITS', 'LightGBM', 'open-webui', 'CoreNLP', 'chainer', 'bokeh', 'determined', 'blaze', 'xgboost', 'catboost', 'jProcessing', 'typer', 'dash', 'ViZDoom', 'langflow', 'pyqtgraph', 'bentoml', 'caffe', 'tensorflow', 'numpy', 'haystack', 'pymc', 'PyTorchCV', 'retro', 'pebl', 'bigartm', 'gensim', 'ray', 'skll', 'emcee', 'vigra', 'deepchecks', 'pgmpy', 'pydantic', 'zipline', 'mars', 'jax', 'mlflow', 'DrQA', 'lambdo', 'scikit-learn', 'zpar', 'streamlit', 'pytorch', 'rasa', 'cortex', 'scikit-learn-intelex', 'DeepPavlov', 'mindsdb', 'pytorch-lightning', 'gradio', 'dirty_cat', 'xlearn', 'transformers', 'ColossalAI', 'vispy', 'pattern', 'DI-engine', 'pyss3', 'lightning-bolts', 'danswerai', 'DIGITS', 'LightGBM', 'open-webui', 'CoreNLP', 'chainer', 'bokeh', 'determined', 'blaze', 'xgboost', 'catboost', 'jProcessing', 'typer', 'dash', 'ViZDoom', 'langflow', 'pyqtgraph', 'bentoml', 'caffe', 'tensorflow', 'numpy', 'haystack', 'pymc', 'PyTorchCV', 'retro', 'pebl', 'bigartm', 'gensim', 'ray', 'skll', 'emcee', 'vigra', 'deepchecks', 'pgmpy', 'pydantic', 'zipline', 'mars', 'jax', 'mlflow', 'DrQA', 'lambdo', 'scikit-learn', 'zpar', 'streamlit', 'pytorch', 'rasa', 'cortex', 'scikit-learn-intelex', 'DeepPavlov', 'mindsdb', 'pytorch-lightning', 'gradio', 'dirty_cat', 'xlearn', 'transformers', 'ColossalAI', 'vispy', 'pattern', 'DI-engine', 'pyss3', 'lightning-bolts', 'streamlit', 'danswerai', 'couler', 'langflow', 'open-webui', 'gradio', 'lightly', 'mars', 'determined', 'mlflow', 'streamlit', 'danswerai', 'couler', 'langflow', 'open-webui', 'gradio', 'lightly', 'mars', 'determined', 'mlflow', 'streamlit', 'danswerai', 'couler', 'langflow', 'open-webui', 'gradio', 'lightly', 'mars', 'determined', 'mlflow', 'danswerai', 'DIGITS', 'LightGBM', 'open-webui', 'CoreNLP', 'chainer', 'bokeh', 'determined', 'blaze', 'xgboost', 'catboost', 'jProcessing', 'typer', 'dash', 'ViZDoom', 'langflow', 'pyqtgraph', 'bentoml', 'caffe', 'tensorflow', 'numpy', 'haystack', 'pymc', 'PyTorchCV', 'retro', 'pebl', 'bigartm', 'gensim', 'ray', 'skll', 'emcee', 'vigra', 'deepchecks', 'pgmpy', 'pydantic', 'zipline', 'mars', 'jax', 'mlflow', 'DrQA', 'lambdo', 'scikit-learn', 'zpar', 'streamlit', 'pytorch', 'rasa', 'cortex', 'scikit-learn-intelex', 'DeepPavlov', 'mindsdb', 'pytorch-lightning', 'gradio', 'dirty_cat', 'xlearn', 'transformers', 'ColossalAI', 'vispy', 'pattern', 'DI-engine', 'pyss3', 'lightning-bolts']"
325,view,1200,Weaknesses in the 2019 CWE Top 25 Most Dangerous Software Errors,503,8714,"['danswerai', 'DIGITS', 'open-webui', 'fastapi', 'bokeh', 'nalp', 'spammy', 'ViZDoom', 'langflow', 'PySyft', 'numpy', 'lightly', 'retro', 'ray', 'pydantic', 'pytensor', 'mlflow', 'pytorch', 'streamlit', 'feast', 'rasa', 'mindsdb', 'superset', 'gradio', 'transformers', 'pattern', 'AutoViz', 'Auto_ViML', 'danswerai', 'DIGITS', 'open-webui', 'fastapi', 'bokeh', 'nalp', 'spammy', 'ViZDoom', 'langflow', 'PySyft', 'numpy', 'lightly', 'retro', 'ray', 'pydantic', 'pytensor', 'mlflow', 'pytorch', 'streamlit', 'feast', 'rasa', 'mindsdb', 'superset', 'gradio', 'transformers', 'pattern', 'AutoViz', 'Auto_ViML', 'LightGBM', 'bokeh', 'determined', 'catboost', 'pytorch_geometric', 'open-metric-learning', 'detectron2', 'spaCy', 'langflow', 'bentoml', 'aim', 'sinabs', 'ray', 'gan', 'jax', 'mlflow', 'streamlit', 'pytorch-lightning', 'gradio', 'transformers', 'ColossalAI', 'pyss3', 'danswerai', 'DIGITS', 'shogun', 'Spearmint', 'rep', 'open-webui', 'bokeh', 'determined', 'deeplake', 'blaze', 'statsmodels', 'xgboost', 'catboost', 'typer', 'dash', 'open-metric-learning', 'detectron2', 'nilearn', 'matplotlib', 'langflow', 'pyqtgraph', 'bentoml', 'tensorflow', 'altair', 'aim', 'numpy', 'mlens', 'retro', 'pynlpl', 'pytorch-image-models', 'deeppy', 'bigartm', 'gensim', 'ray', 'skll', 'PyStanfordDependencies', 'pydantic', 'zipline', 'mars', 'catalyst', 'jax', 'mlflow', 'pytorch', 'streamlit', 'rasa', 'cortex', 'mist', 'scikit-learn-intelex', 'scikit-image', 'loso', 'mindsdb', 'superset', 'pytorch-lightning', 'gradio', 'transformers', 'DI-engine', 'ViZDoom', 'neuraltalk', 'colibri-core', 'couler', 'DIGITS', 'tpot', 'open-webui', 'chainer', 'pybrain', 'statsmodels', 'catboost', 'ggpy', 'dash', 'cornac', 'rgf', 'pyqtgraph', 'tensorflow', 'stellargraph', 'cleanlab', 'numpy', 'FEDOT', 'bytehub', 'segmentation_models', 'pebl', 'deeppy', 'bigartm', 'scikit-multiflow', 'recommenders', 'seaborn', 'nupic.studio', 'vigra', 'gan', 'python-timbl', 'notebook', 'pyod', 'catalyst', 'rockpool', 'metric-learn', 'lambdo', 'pytorch', 'zpar', 'streamlit', 'alibi', 'annoy', 'mist', 'scikit-image', 'DeepPavlov', 'breze', 'superset', 'imbalanced-ensemble', 'alibi-detect', 'mindsdb', 'xlearn', 'snips-nlu', 'lifelines', 'ColossalAI', 'DI-engine', 'neural-style-pt', 'chainer', 'skorch', 'pybrain', 'bokeh', 'neurolab', 'autogluon', 'pytorch_geometric', 'face_recognition', 'pkuseg-python', 'open-metric-learning', 'detectron2', 'mljar-supervised', 'pyqtgraph', 'bentoml', 'caffe', 'river', 'numpy', 'FEDOT', 'opfython', 'PyTorchCV', 'pytorch-image-models', 'pebl', 'bigartm', 'lightwood', 'zipline', 'Petrel', 'mlflow', 'DrQA', 'scikit-learn', 'pytorch', 'TResNet', 'segmentation_models.pytorch', 'shapash', 'transformers', 'ColossalAI', 'joliGEN', 'simpleai', 'xgboost', 'catboost', 'maze', 'cleanlab', 'lightly', 'deeppy', 'chefboost', 'opytimizer', 'skll', 'pytorch_geometric_temporal', 'dl-translate', 'mars', 'evostra', 'pytorch-frame', 'streamlit', 'mlxtend', 'DeepPavlov', 'snownlp', 'alibi-detect', 'Sklearn-genetic-opt', 'DI-engine', 'lightning-bolts', 'DIGITS', 'rep', 'LightGBM', 'yalign', 'determined', 'miraiml', 'matplotlib', 'tensorflow', 'haystack', 'mlens', 'machine-learning', 'neuropredict', 'frouros', 'feast', 'rasa', 'loso', 'mindsdb', 'nut', 'ViZDoom', 'neuraltalk', 'sentiment_classifier', 'NeuroNER', 'deepface', 'statsmodels', 'jProcessing', 'dedupe', 'python-recsys', 'cornac', 'eurybia', 'igel', 'keras-tuner', 'backprop', 'ray', 'cltk', 'recommenders', 'sentiment-analyzer', 'evidently', 'deepchecks', 'garage', 'hebel', 'jieba', 'pyod', 'catalyst', 'pytensor', 'lambdo', 'tflearn', 'prodmodel', 'zpar', 'polyglot', 'alibi', 'scikit-learn-intelex', 'pytorch-lightning', 'bolt', 'PCV', 'danswerai', 'DIGITS', 'open-webui', 'fastapi', 'bokeh', 'nalp', 'spammy', 'ViZDoom', 'langflow', 'PySyft', 'numpy', 'lightly', 'retro', 'ray', 'pydantic', 'pytensor', 'mlflow', 'pytorch', 'streamlit', 'feast', 'rasa', 'mindsdb', 'superset', 'gradio', 'transformers', 'pattern', 'AutoViz', 'Auto_ViML', 'danswerai', 'DIGITS', 'open-webui', 'fastapi', 'bokeh', 'nalp', 'spammy', 'ViZDoom', 'langflow', 'PySyft', 'numpy', 'lightly', 'retro', 'ray', 'pydantic', 'pytensor', 'mlflow', 'pytorch', 'streamlit', 'feast', 'rasa', 'mindsdb', 'superset', 'gradio', 'transformers', 'pattern', 'AutoViz', 'Auto_ViML', 'danswerai', 'DIGITS', 'open-webui', 'fastapi', 'bokeh', 'nalp', 'spammy', 'ViZDoom', 'langflow', 'PySyft', 'numpy', 'lightly', 'retro', 'ray', 'pydantic', 'pytensor', 'mlflow', 'pytorch', 'streamlit', 'feast', 'rasa', 'mindsdb', 'superset', 'gradio', 'transformers', 'pattern', 'AutoViz', 'Auto_ViML', 'tpot', 'neural-style-pt', 'chainer', 'skorch', 'pybrain', 'bokeh', 'autogluon', 'pytorch_geometric', 'pkuseg-python', 'open-metric-learning', 'detectron2', 'nilearn', 'mljar-supervised', 'altair', 'pyqtgraph', 'bentoml', 'caffe', 'river', 'numpy', 'CompreFace', 'FEDOT', 'sktime', 'PyTorchCV', 'pytorch-image-models', 'pebl', 'bigartm', 'BioPy', 'python-timbl', 'lightwood', 'mlx', 'zipline', 'pgmpy', 'Petrel', 'mlflow', 'DrQA', 'Parris', 'scikit-learn', 'pytorch', 'SynapseML', 'superset', 'transformers', 'ColossalAI', 'vispy', 'joliGEN', 'danswerai', 'shogun', 'Spearmint', 'xgboost', 'rosetta', 'catboost', 'dash', 'tesseract', 'stellargraph', 'maze', 'cleanlab', 'lightly', 'pymc', 'scikit-opt', 'deeppy', 'Gymnasium', 'skll', 'emcee', 'vigra', 'dtaidistance', 'mars', 'neuraltalk2', 'jax', 'scikit-survival', 'pytorch-frame', 'streamlit', 'mlxtend', 'cortex', 'DeepPavlov', 'alibi-detect', 'gradio', 'xlearn', 'langfuse', 'DI-engine', 'pyss3', 'DIGITS', 'LightGBM', 'CoreNLP', 'yalign', 'determined', 'deeplake', 'blaze', 'somoclu', 'xcessiv', 'matplotlib', 'tensorflow', 'PySyft', 'haystack', 'mlens', 'retro', 'machine-learning', 'gensim', 'neuropredict', 'feast', 'rasa', 'loso', 'lab', 'mindsdb', 'dowel', 'nut', 'retinaface', 'ViZDoom', 'neuraltalk', 'optuna', 'open-webui', 'NeuroNER', 'deepface', 'statsmodels', 'jProcessing', 'typer', 'python-recsys', 'textacy', 'ggpy', 'cornac', 'spaCy', 'langflow', 'igel', 'keras-tuner', 'Metaworld', 'aim', 'pynlpl', 'ray', 'cltk', 'recommenders', 'seaborn', 'evidently', 'deepchecks', 'garage', 'hebel', 'jieba', 'catalyst', 'pytensor', 'lambdo', 'prodmodel', 'zpar', 'polyglot', 'scikit-learn-intelex', 'scikit-image', 'pytorch-lightning', 'colibri-core', 'bolt', 'cornac', 'feast', 'bowtie', 'DIGITS', 'mindsdb', 'mars', 'deepface', 'mlflow', 'PyTorchCV', 'machine-learning', 'danswerai', 'feast', 'rasa', 'DeepPavlov', 'open-webui', 'mindsdb', 'determined', 'deeplake', 'mlflow', 'danswerai', 'DIGITS', 'LightGBM', 'open-webui', 'CoreNLP', 'chainer', 'bokeh', 'determined', 'blaze', 'xgboost', 'catboost', 'jProcessing', 'typer', 'dash', 'ViZDoom', 'langflow', 'pyqtgraph', 'bentoml', 'caffe', 'tensorflow', 'numpy', 'haystack', 'pymc', 'PyTorchCV', 'retro', 'pebl', 'bigartm', 'gensim', 'ray', 'skll', 'emcee', 'vigra', 'deepchecks', 'pgmpy', 'pydantic', 'zipline', 'mars', 'jax', 'mlflow', 'DrQA', 'lambdo', 'scikit-learn', 'zpar', 'streamlit', 'pytorch', 'rasa', 'cortex', 'scikit-learn-intelex', 'DeepPavlov', 'mindsdb', 'pytorch-lightning', 'gradio', 'dirty_cat', 'xlearn', 'transformers', 'ColossalAI', 'vispy', 'pattern', 'DI-engine', 'pyss3', 'lightning-bolts', 'danswerai', 'DIGITS', 'LightGBM', 'open-webui', 'CoreNLP', 'chainer', 'bokeh', 'determined', 'blaze', 'xgboost', 'catboost', 'jProcessing', 'typer', 'dash', 'ViZDoom', 'langflow', 'pyqtgraph', 'bentoml', 'caffe', 'tensorflow', 'numpy', 'haystack', 'pymc', 'PyTorchCV', 'retro', 'pebl', 'bigartm', 'gensim', 'ray', 'skll', 'emcee', 'vigra', 'deepchecks', 'pgmpy', 'pydantic', 'zipline', 'mars', 'jax', 'mlflow', 'DrQA', 'lambdo', 'scikit-learn', 'zpar', 'streamlit', 'pytorch', 'rasa', 'cortex', 'scikit-learn-intelex', 'DeepPavlov', 'mindsdb', 'pytorch-lightning', 'gradio', 'dirty_cat', 'xlearn', 'transformers', 'ColossalAI', 'vispy', 'pattern', 'DI-engine', 'pyss3', 'lightning-bolts', 'ray', 'danswerai', 'DIGITS', 'LightGBM', 'open-webui', 'CoreNLP', 'chainer', 'bokeh', 'determined', 'blaze', 'xgboost', 'catboost', 'jProcessing', 'typer', 'dash', 'ViZDoom', 'langflow', 'pyqtgraph', 'bentoml', 'caffe', 'tensorflow', 'numpy', 'haystack', 'pymc', 'PyTorchCV', 'retro', 'pebl', 'bigartm', 'gensim', 'ray', 'skll', 'emcee', 'vigra', 'deepchecks', 'pgmpy', 'pydantic', 'zipline', 'mars', 'jax', 'mlflow', 'DrQA', 'lambdo', 'scikit-learn', 'zpar', 'streamlit', 'pytorch', 'rasa', 'cortex', 'scikit-learn-intelex', 'DeepPavlov', 'mindsdb', 'pytorch-lightning', 'gradio', 'dirty_cat', 'xlearn', 'transformers', 'ColossalAI', 'vispy', 'pattern', 'DI-engine', 'pyss3', 'lightning-bolts']"
326,view,1337,Weaknesses in the 2021 CWE Top 25 Most Dangerous Software Weaknesses,439,8308,"['danswerai', 'DIGITS', 'open-webui', 'fastapi', 'bokeh', 'nalp', 'spammy', 'ViZDoom', 'langflow', 'PySyft', 'numpy', 'lightly', 'retro', 'ray', 'pydantic', 'pytensor', 'mlflow', 'pytorch', 'streamlit', 'feast', 'rasa', 'mindsdb', 'superset', 'gradio', 'transformers', 'pattern', 'AutoViz', 'Auto_ViML', 'danswerai', 'DIGITS', 'open-webui', 'fastapi', 'bokeh', 'nalp', 'spammy', 'ViZDoom', 'langflow', 'PySyft', 'numpy', 'lightly', 'retro', 'ray', 'pydantic', 'pytensor', 'mlflow', 'pytorch', 'streamlit', 'feast', 'rasa', 'mindsdb', 'superset', 'gradio', 'transformers', 'pattern', 'AutoViz', 'Auto_ViML', 'LightGBM', 'bokeh', 'determined', 'catboost', 'pytorch_geometric', 'open-metric-learning', 'detectron2', 'spaCy', 'langflow', 'bentoml', 'aim', 'sinabs', 'ray', 'gan', 'jax', 'mlflow', 'streamlit', 'pytorch-lightning', 'gradio', 'transformers', 'ColossalAI', 'pyss3', 'danswerai', 'DIGITS', 'shogun', 'Spearmint', 'rep', 'open-webui', 'bokeh', 'determined', 'deeplake', 'blaze', 'statsmodels', 'xgboost', 'catboost', 'typer', 'dash', 'open-metric-learning', 'detectron2', 'nilearn', 'matplotlib', 'langflow', 'pyqtgraph', 'bentoml', 'tensorflow', 'altair', 'aim', 'numpy', 'mlens', 'retro', 'pynlpl', 'pytorch-image-models', 'deeppy', 'bigartm', 'gensim', 'ray', 'skll', 'PyStanfordDependencies', 'pydantic', 'zipline', 'mars', 'catalyst', 'jax', 'mlflow', 'pytorch', 'streamlit', 'rasa', 'cortex', 'mist', 'scikit-learn-intelex', 'scikit-image', 'loso', 'mindsdb', 'superset', 'pytorch-lightning', 'gradio', 'transformers', 'DI-engine', 'ViZDoom', 'neuraltalk', 'colibri-core', 'neural-style-pt', 'chainer', 'skorch', 'pybrain', 'bokeh', 'neurolab', 'autogluon', 'pytorch_geometric', 'face_recognition', 'pkuseg-python', 'open-metric-learning', 'detectron2', 'mljar-supervised', 'pyqtgraph', 'bentoml', 'caffe', 'river', 'numpy', 'FEDOT', 'opfython', 'PyTorchCV', 'pytorch-image-models', 'pebl', 'bigartm', 'lightwood', 'zipline', 'Petrel', 'mlflow', 'DrQA', 'scikit-learn', 'pytorch', 'TResNet', 'segmentation_models.pytorch', 'shapash', 'transformers', 'ColossalAI', 'joliGEN', 'simpleai', 'xgboost', 'catboost', 'maze', 'cleanlab', 'lightly', 'deeppy', 'chefboost', 'opytimizer', 'skll', 'pytorch_geometric_temporal', 'dl-translate', 'mars', 'evostra', 'pytorch-frame', 'streamlit', 'mlxtend', 'DeepPavlov', 'snownlp', 'alibi-detect', 'Sklearn-genetic-opt', 'DI-engine', 'lightning-bolts', 'DIGITS', 'rep', 'LightGBM', 'yalign', 'determined', 'miraiml', 'matplotlib', 'tensorflow', 'haystack', 'mlens', 'machine-learning', 'neuropredict', 'frouros', 'feast', 'rasa', 'loso', 'mindsdb', 'nut', 'ViZDoom', 'neuraltalk', 'sentiment_classifier', 'NeuroNER', 'deepface', 'statsmodels', 'jProcessing', 'dedupe', 'python-recsys', 'cornac', 'eurybia', 'igel', 'keras-tuner', 'backprop', 'ray', 'cltk', 'recommenders', 'sentiment-analyzer', 'evidently', 'deepchecks', 'garage', 'hebel', 'jieba', 'pyod', 'catalyst', 'pytensor', 'lambdo', 'tflearn', 'prodmodel', 'zpar', 'polyglot', 'alibi', 'scikit-learn-intelex', 'pytorch-lightning', 'bolt', 'PCV', 'danswerai', 'DIGITS', 'rep', 'open-webui', 'determined', 'deepface', 'upgini', 'matplotlib', 'langflow', 'keras-tuner', 'numpy', 'lightly', 'machine-learning', 'ray', 'mlflow', 'tflearn', 'pytorch-frame', 'streamlit', 'rasa', 'cortex', 'scikit-image', 'DeepPavlov', 'mindsdb', 'gradio', 'transformers', 'ColossalAI', 'danswerai', 'DIGITS', 'open-webui', 'fastapi', 'bokeh', 'nalp', 'spammy', 'ViZDoom', 'langflow', 'PySyft', 'numpy', 'lightly', 'retro', 'ray', 'pydantic', 'pytensor', 'mlflow', 'pytorch', 'streamlit', 'feast', 'rasa', 'mindsdb', 'superset', 'gradio', 'transformers', 'pattern', 'AutoViz', 'Auto_ViML', 'danswerai', 'DIGITS', 'open-webui', 'fastapi', 'bokeh', 'nalp', 'spammy', 'ViZDoom', 'langflow', 'PySyft', 'numpy', 'lightly', 'retro', 'ray', 'pydantic', 'pytensor', 'mlflow', 'pytorch', 'streamlit', 'feast', 'rasa', 'mindsdb', 'superset', 'gradio', 'transformers', 'pattern', 'AutoViz', 'Auto_ViML', 'danswerai', 'DIGITS', 'open-webui', 'fastapi', 'bokeh', 'nalp', 'spammy', 'ViZDoom', 'langflow', 'PySyft', 'numpy', 'lightly', 'retro', 'ray', 'pydantic', 'pytensor', 'mlflow', 'pytorch', 'streamlit', 'feast', 'rasa', 'mindsdb', 'superset', 'gradio', 'transformers', 'pattern', 'AutoViz', 'Auto_ViML', 'tpot', 'neural-style-pt', 'chainer', 'skorch', 'pybrain', 'bokeh', 'autogluon', 'pytorch_geometric', 'pkuseg-python', 'open-metric-learning', 'detectron2', 'nilearn', 'mljar-supervised', 'altair', 'pyqtgraph', 'bentoml', 'caffe', 'river', 'numpy', 'CompreFace', 'FEDOT', 'sktime', 'PyTorchCV', 'pytorch-image-models', 'pebl', 'bigartm', 'BioPy', 'python-timbl', 'lightwood', 'mlx', 'zipline', 'pgmpy', 'Petrel', 'mlflow', 'DrQA', 'Parris', 'scikit-learn', 'pytorch', 'SynapseML', 'superset', 'transformers', 'ColossalAI', 'vispy', 'joliGEN', 'danswerai', 'shogun', 'Spearmint', 'xgboost', 'rosetta', 'catboost', 'dash', 'tesseract', 'stellargraph', 'maze', 'cleanlab', 'lightly', 'pymc', 'scikit-opt', 'deeppy', 'Gymnasium', 'skll', 'emcee', 'vigra', 'dtaidistance', 'mars', 'neuraltalk2', 'jax', 'scikit-survival', 'pytorch-frame', 'streamlit', 'mlxtend', 'cortex', 'DeepPavlov', 'alibi-detect', 'gradio', 'xlearn', 'langfuse', 'DI-engine', 'pyss3', 'DIGITS', 'LightGBM', 'CoreNLP', 'yalign', 'determined', 'deeplake', 'blaze', 'somoclu', 'xcessiv', 'matplotlib', 'tensorflow', 'PySyft', 'haystack', 'mlens', 'retro', 'machine-learning', 'gensim', 'neuropredict', 'feast', 'rasa', 'loso', 'lab', 'mindsdb', 'dowel', 'nut', 'retinaface', 'ViZDoom', 'neuraltalk', 'optuna', 'open-webui', 'NeuroNER', 'deepface', 'statsmodels', 'jProcessing', 'typer', 'python-recsys', 'textacy', 'ggpy', 'cornac', 'spaCy', 'langflow', 'igel', 'keras-tuner', 'Metaworld', 'aim', 'pynlpl', 'ray', 'cltk', 'recommenders', 'seaborn', 'evidently', 'deepchecks', 'garage', 'hebel', 'jieba', 'catalyst', 'pytensor', 'lambdo', 'prodmodel', 'zpar', 'polyglot', 'scikit-learn-intelex', 'scikit-image', 'pytorch-lightning', 'colibri-core', 'bolt', 'cornac', 'feast', 'bowtie', 'DIGITS', 'mindsdb', 'mars', 'deepface', 'mlflow', 'PyTorchCV', 'machine-learning', 'danswerai', 'feast', 'rasa', 'DeepPavlov', 'open-webui', 'mindsdb', 'determined', 'deeplake', 'mlflow']"
327,view,1340,CISQ Data Protection Measures,129,14872,"['neural-style-pt', 'chainer', 'skorch', 'pybrain', 'bokeh', 'neurolab', 'autogluon', 'pytorch_geometric', 'face_recognition', 'pkuseg-python', 'open-metric-learning', 'detectron2', 'mljar-supervised', 'pyqtgraph', 'bentoml', 'caffe', 'river', 'numpy', 'FEDOT', 'opfython', 'PyTorchCV', 'pytorch-image-models', 'pebl', 'bigartm', 'lightwood', 'zipline', 'Petrel', 'mlflow', 'DrQA', 'scikit-learn', 'pytorch', 'TResNet', 'segmentation_models.pytorch', 'shapash', 'transformers', 'ColossalAI', 'joliGEN', 'simpleai', 'xgboost', 'catboost', 'maze', 'cleanlab', 'lightly', 'deeppy', 'chefboost', 'opytimizer', 'skll', 'pytorch_geometric_temporal', 'dl-translate', 'mars', 'evostra', 'pytorch-frame', 'streamlit', 'mlxtend', 'DeepPavlov', 'snownlp', 'alibi-detect', 'Sklearn-genetic-opt', 'DI-engine', 'lightning-bolts', 'DIGITS', 'rep', 'LightGBM', 'yalign', 'determined', 'miraiml', 'matplotlib', 'tensorflow', 'haystack', 'mlens', 'machine-learning', 'neuropredict', 'frouros', 'feast', 'rasa', 'loso', 'mindsdb', 'nut', 'ViZDoom', 'neuraltalk', 'sentiment_classifier', 'NeuroNER', 'deepface', 'statsmodels', 'jProcessing', 'dedupe', 'python-recsys', 'cornac', 'eurybia', 'igel', 'keras-tuner', 'backprop', 'ray', 'cltk', 'recommenders', 'sentiment-analyzer', 'evidently', 'deepchecks', 'garage', 'hebel', 'jieba', 'pyod', 'catalyst', 'pytensor', 'lambdo', 'tflearn', 'prodmodel', 'zpar', 'polyglot', 'alibi', 'scikit-learn-intelex', 'pytorch-lightning', 'bolt', 'PCV', 'tpot', 'neural-style-pt', 'chainer', 'skorch', 'pybrain', 'bokeh', 'autogluon', 'pytorch_geometric', 'pkuseg-python', 'open-metric-learning', 'detectron2', 'nilearn', 'mljar-supervised', 'altair', 'pyqtgraph', 'bentoml', 'caffe', 'river', 'numpy', 'CompreFace', 'FEDOT', 'sktime', 'PyTorchCV', 'pytorch-image-models', 'pebl', 'bigartm', 'BioPy', 'python-timbl', 'lightwood', 'mlx', 'zipline', 'pgmpy', 'Petrel', 'mlflow', 'DrQA', 'Parris', 'scikit-learn', 'pytorch', 'SynapseML', 'superset', 'transformers', 'ColossalAI', 'vispy', 'joliGEN', 'danswerai', 'shogun', 'Spearmint', 'xgboost', 'rosetta', 'catboost', 'dash', 'tesseract', 'stellargraph', 'maze', 'cleanlab', 'lightly', 'pymc', 'scikit-opt', 'deeppy', 'Gymnasium', 'skll', 'emcee', 'vigra', 'dtaidistance', 'mars', 'neuraltalk2', 'jax', 'scikit-survival', 'pytorch-frame', 'streamlit', 'mlxtend', 'cortex', 'DeepPavlov', 'alibi-detect', 'gradio', 'xlearn', 'langfuse', 'DI-engine', 'pyss3', 'DIGITS', 'LightGBM', 'CoreNLP', 'yalign', 'determined', 'deeplake', 'blaze', 'somoclu', 'xcessiv', 'matplotlib', 'tensorflow', 'PySyft', 'haystack', 'mlens', 'retro', 'machine-learning', 'gensim', 'neuropredict', 'feast', 'rasa', 'loso', 'lab', 'mindsdb', 'dowel', 'nut', 'retinaface', 'ViZDoom', 'neuraltalk', 'optuna', 'open-webui', 'NeuroNER', 'deepface', 'statsmodels', 'jProcessing', 'typer', 'python-recsys', 'textacy', 'ggpy', 'cornac', 'spaCy', 'langflow', 'igel', 'keras-tuner', 'Metaworld', 'aim', 'pynlpl', 'ray', 'cltk', 'recommenders', 'seaborn', 'evidently', 'deepchecks', 'garage', 'hebel', 'jieba', 'catalyst', 'pytensor', 'lambdo', 'prodmodel', 'zpar', 'polyglot', 'scikit-learn-intelex', 'scikit-image', 'pytorch-lightning', 'colibri-core', 'bolt', 'tpot', 'neural-style-pt', 'chainer', 'skorch', 'pybrain', 'bokeh', 'autogluon', 'pytorch_geometric', 'pkuseg-python', 'open-metric-learning', 'detectron2', 'nilearn', 'mljar-supervised', 'altair', 'pyqtgraph', 'bentoml', 'caffe', 'river', 'numpy', 'CompreFace', 'FEDOT', 'sktime', 'PyTorchCV', 'pytorch-image-models', 'pebl', 'bigartm', 'BioPy', 'python-timbl', 'lightwood', 'mlx', 'zipline', 'pgmpy', 'Petrel', 'mlflow', 'DrQA', 'Parris', 'scikit-learn', 'pytorch', 'SynapseML', 'superset', 'transformers', 'ColossalAI', 'vispy', 'joliGEN', 'danswerai', 'shogun', 'Spearmint', 'xgboost', 'rosetta', 'catboost', 'dash', 'tesseract', 'stellargraph', 'maze', 'cleanlab', 'lightly', 'pymc', 'scikit-opt', 'deeppy', 'Gymnasium', 'skll', 'emcee', 'vigra', 'dtaidistance', 'mars', 'neuraltalk2', 'jax', 'scikit-survival', 'pytorch-frame', 'streamlit', 'mlxtend', 'cortex', 'DeepPavlov', 'alibi-detect', 'gradio', 'xlearn', 'langfuse', 'DI-engine', 'pyss3', 'DIGITS', 'LightGBM', 'CoreNLP', 'yalign', 'determined', 'deeplake', 'blaze', 'somoclu', 'xcessiv', 'matplotlib', 'tensorflow', 'PySyft', 'haystack', 'mlens', 'retro', 'machine-learning', 'gensim', 'neuropredict', 'feast', 'rasa', 'loso', 'lab', 'mindsdb', 'dowel', 'nut', 'retinaface', 'ViZDoom', 'neuraltalk', 'optuna', 'open-webui', 'NeuroNER', 'deepface', 'statsmodels', 'jProcessing', 'typer', 'python-recsys', 'textacy', 'ggpy', 'cornac', 'spaCy', 'langflow', 'igel', 'keras-tuner', 'Metaworld', 'aim', 'pynlpl', 'ray', 'cltk', 'recommenders', 'seaborn', 'evidently', 'deepchecks', 'garage', 'hebel', 'jieba', 'catalyst', 'pytensor', 'lambdo', 'prodmodel', 'zpar', 'polyglot', 'scikit-learn-intelex', 'scikit-image', 'pytorch-lightning', 'colibri-core', 'bolt', 'cornac', 'feast', 'bowtie', 'DIGITS', 'mindsdb', 'mars', 'deepface', 'mlflow', 'PyTorchCV', 'machine-learning', 'danswerai', 'feast', 'rasa', 'DeepPavlov', 'open-webui', 'mindsdb', 'determined', 'deeplake', 'mlflow', 'danswerai', 'feast', 'cortex', 'Neural', 'langflow', 'bentoml', 'open-webui', 'mindsdb', 'gradio', 'bokeh', 'determined', 'deepface', 'mlflow', 'comet-llm', 'pattern', 'typer', 'ray', 'danswerai', 'feast', 'cortex', 'Neural', 'langflow', 'bentoml', 'open-webui', 'mindsdb', 'gradio', 'bokeh', 'determined', 'deepface', 'mlflow', 'comet-llm', 'pattern', 'typer', 'ray']"
328,view,1350,Weaknesses in the 2020 CWE Top 25 Most Dangerous Software Weaknesses,536,8713,"['danswerai', 'DIGITS', 'open-webui', 'fastapi', 'bokeh', 'nalp', 'spammy', 'ViZDoom', 'langflow', 'PySyft', 'numpy', 'lightly', 'retro', 'ray', 'pydantic', 'pytensor', 'mlflow', 'pytorch', 'streamlit', 'feast', 'rasa', 'mindsdb', 'superset', 'gradio', 'transformers', 'pattern', 'AutoViz', 'Auto_ViML', 'danswerai', 'DIGITS', 'open-webui', 'fastapi', 'bokeh', 'nalp', 'spammy', 'ViZDoom', 'langflow', 'PySyft', 'numpy', 'lightly', 'retro', 'ray', 'pydantic', 'pytensor', 'mlflow', 'pytorch', 'streamlit', 'feast', 'rasa', 'mindsdb', 'superset', 'gradio', 'transformers', 'pattern', 'AutoViz', 'Auto_ViML', 'LightGBM', 'bokeh', 'determined', 'catboost', 'pytorch_geometric', 'open-metric-learning', 'detectron2', 'spaCy', 'langflow', 'bentoml', 'aim', 'sinabs', 'ray', 'gan', 'jax', 'mlflow', 'streamlit', 'pytorch-lightning', 'gradio', 'transformers', 'ColossalAI', 'pyss3', 'danswerai', 'DIGITS', 'shogun', 'Spearmint', 'rep', 'open-webui', 'bokeh', 'determined', 'deeplake', 'blaze', 'statsmodels', 'xgboost', 'catboost', 'typer', 'dash', 'open-metric-learning', 'detectron2', 'nilearn', 'matplotlib', 'langflow', 'pyqtgraph', 'bentoml', 'tensorflow', 'altair', 'aim', 'numpy', 'mlens', 'retro', 'pynlpl', 'pytorch-image-models', 'deeppy', 'bigartm', 'gensim', 'ray', 'skll', 'PyStanfordDependencies', 'pydantic', 'zipline', 'mars', 'catalyst', 'jax', 'mlflow', 'pytorch', 'streamlit', 'rasa', 'cortex', 'mist', 'scikit-learn-intelex', 'scikit-image', 'loso', 'mindsdb', 'superset', 'pytorch-lightning', 'gradio', 'transformers', 'DI-engine', 'ViZDoom', 'neuraltalk', 'colibri-core', 'couler', 'DIGITS', 'tpot', 'open-webui', 'chainer', 'pybrain', 'statsmodels', 'catboost', 'ggpy', 'dash', 'cornac', 'rgf', 'pyqtgraph', 'tensorflow', 'stellargraph', 'cleanlab', 'numpy', 'FEDOT', 'bytehub', 'segmentation_models', 'pebl', 'deeppy', 'bigartm', 'scikit-multiflow', 'recommenders', 'seaborn', 'nupic.studio', 'vigra', 'gan', 'python-timbl', 'notebook', 'pyod', 'catalyst', 'rockpool', 'metric-learn', 'lambdo', 'pytorch', 'zpar', 'streamlit', 'alibi', 'annoy', 'mist', 'scikit-image', 'DeepPavlov', 'breze', 'superset', 'imbalanced-ensemble', 'alibi-detect', 'mindsdb', 'xlearn', 'snips-nlu', 'lifelines', 'ColossalAI', 'DI-engine', 'neural-style-pt', 'chainer', 'skorch', 'pybrain', 'bokeh', 'neurolab', 'autogluon', 'pytorch_geometric', 'face_recognition', 'pkuseg-python', 'open-metric-learning', 'detectron2', 'mljar-supervised', 'pyqtgraph', 'bentoml', 'caffe', 'river', 'numpy', 'FEDOT', 'opfython', 'PyTorchCV', 'pytorch-image-models', 'pebl', 'bigartm', 'lightwood', 'zipline', 'Petrel', 'mlflow', 'DrQA', 'scikit-learn', 'pytorch', 'TResNet', 'segmentation_models.pytorch', 'shapash', 'transformers', 'ColossalAI', 'joliGEN', 'simpleai', 'xgboost', 'catboost', 'maze', 'cleanlab', 'lightly', 'deeppy', 'chefboost', 'opytimizer', 'skll', 'pytorch_geometric_temporal', 'dl-translate', 'mars', 'evostra', 'pytorch-frame', 'streamlit', 'mlxtend', 'DeepPavlov', 'snownlp', 'alibi-detect', 'Sklearn-genetic-opt', 'DI-engine', 'lightning-bolts', 'DIGITS', 'rep', 'LightGBM', 'yalign', 'determined', 'miraiml', 'matplotlib', 'tensorflow', 'haystack', 'mlens', 'machine-learning', 'neuropredict', 'frouros', 'feast', 'rasa', 'loso', 'mindsdb', 'nut', 'ViZDoom', 'neuraltalk', 'sentiment_classifier', 'NeuroNER', 'deepface', 'statsmodels', 'jProcessing', 'dedupe', 'python-recsys', 'cornac', 'eurybia', 'igel', 'keras-tuner', 'backprop', 'ray', 'cltk', 'recommenders', 'sentiment-analyzer', 'evidently', 'deepchecks', 'garage', 'hebel', 'jieba', 'pyod', 'catalyst', 'pytensor', 'lambdo', 'tflearn', 'prodmodel', 'zpar', 'polyglot', 'alibi', 'scikit-learn-intelex', 'pytorch-lightning', 'bolt', 'PCV', 'danswerai', 'DIGITS', 'open-webui', 'fastapi', 'bokeh', 'nalp', 'spammy', 'ViZDoom', 'langflow', 'PySyft', 'numpy', 'lightly', 'retro', 'ray', 'pydantic', 'pytensor', 'mlflow', 'pytorch', 'streamlit', 'feast', 'rasa', 'mindsdb', 'superset', 'gradio', 'transformers', 'pattern', 'AutoViz', 'Auto_ViML', 'danswerai', 'DIGITS', 'open-webui', 'fastapi', 'bokeh', 'nalp', 'spammy', 'ViZDoom', 'langflow', 'PySyft', 'numpy', 'lightly', 'retro', 'ray', 'pydantic', 'pytensor', 'mlflow', 'pytorch', 'streamlit', 'feast', 'rasa', 'mindsdb', 'superset', 'gradio', 'transformers', 'pattern', 'AutoViz', 'Auto_ViML', 'danswerai', 'DIGITS', 'open-webui', 'fastapi', 'bokeh', 'nalp', 'spammy', 'ViZDoom', 'langflow', 'PySyft', 'numpy', 'lightly', 'retro', 'ray', 'pydantic', 'pytensor', 'mlflow', 'pytorch', 'streamlit', 'feast', 'rasa', 'mindsdb', 'superset', 'gradio', 'transformers', 'pattern', 'AutoViz', 'Auto_ViML', 'tpot', 'neural-style-pt', 'chainer', 'skorch', 'pybrain', 'bokeh', 'autogluon', 'pytorch_geometric', 'pkuseg-python', 'open-metric-learning', 'detectron2', 'nilearn', 'mljar-supervised', 'altair', 'pyqtgraph', 'bentoml', 'caffe', 'river', 'numpy', 'CompreFace', 'FEDOT', 'sktime', 'PyTorchCV', 'pytorch-image-models', 'pebl', 'bigartm', 'BioPy', 'python-timbl', 'lightwood', 'mlx', 'zipline', 'pgmpy', 'Petrel', 'mlflow', 'DrQA', 'Parris', 'scikit-learn', 'pytorch', 'SynapseML', 'superset', 'transformers', 'ColossalAI', 'vispy', 'joliGEN', 'danswerai', 'shogun', 'Spearmint', 'xgboost', 'rosetta', 'catboost', 'dash', 'tesseract', 'stellargraph', 'maze', 'cleanlab', 'lightly', 'pymc', 'scikit-opt', 'deeppy', 'Gymnasium', 'skll', 'emcee', 'vigra', 'dtaidistance', 'mars', 'neuraltalk2', 'jax', 'scikit-survival', 'pytorch-frame', 'streamlit', 'mlxtend', 'cortex', 'DeepPavlov', 'alibi-detect', 'gradio', 'xlearn', 'langfuse', 'DI-engine', 'pyss3', 'DIGITS', 'LightGBM', 'CoreNLP', 'yalign', 'determined', 'deeplake', 'blaze', 'somoclu', 'xcessiv', 'matplotlib', 'tensorflow', 'PySyft', 'haystack', 'mlens', 'retro', 'machine-learning', 'gensim', 'neuropredict', 'feast', 'rasa', 'loso', 'lab', 'mindsdb', 'dowel', 'nut', 'retinaface', 'ViZDoom', 'neuraltalk', 'optuna', 'open-webui', 'NeuroNER', 'deepface', 'statsmodels', 'jProcessing', 'typer', 'python-recsys', 'textacy', 'ggpy', 'cornac', 'spaCy', 'langflow', 'igel', 'keras-tuner', 'Metaworld', 'aim', 'pynlpl', 'ray', 'cltk', 'recommenders', 'seaborn', 'evidently', 'deepchecks', 'garage', 'hebel', 'jieba', 'catalyst', 'pytensor', 'lambdo', 'prodmodel', 'zpar', 'polyglot', 'scikit-learn-intelex', 'scikit-image', 'pytorch-lightning', 'colibri-core', 'bolt', 'cornac', 'feast', 'bowtie', 'DIGITS', 'mindsdb', 'mars', 'deepface', 'mlflow', 'PyTorchCV', 'machine-learning', 'danswerai', 'feast', 'rasa', 'DeepPavlov', 'open-webui', 'mindsdb', 'determined', 'deeplake', 'mlflow', 'danswerai', 'DIGITS', 'LightGBM', 'open-webui', 'CoreNLP', 'chainer', 'bokeh', 'determined', 'blaze', 'xgboost', 'catboost', 'jProcessing', 'typer', 'dash', 'ViZDoom', 'langflow', 'pyqtgraph', 'bentoml', 'caffe', 'tensorflow', 'numpy', 'haystack', 'pymc', 'PyTorchCV', 'retro', 'pebl', 'bigartm', 'gensim', 'ray', 'skll', 'emcee', 'vigra', 'deepchecks', 'pgmpy', 'pydantic', 'zipline', 'mars', 'jax', 'mlflow', 'DrQA', 'lambdo', 'scikit-learn', 'zpar', 'streamlit', 'pytorch', 'rasa', 'cortex', 'scikit-learn-intelex', 'DeepPavlov', 'mindsdb', 'pytorch-lightning', 'gradio', 'dirty_cat', 'xlearn', 'transformers', 'ColossalAI', 'vispy', 'pattern', 'DI-engine', 'pyss3', 'lightning-bolts', 'danswerai', 'DIGITS', 'LightGBM', 'open-webui', 'CoreNLP', 'chainer', 'bokeh', 'determined', 'blaze', 'xgboost', 'catboost', 'jProcessing', 'typer', 'dash', 'ViZDoom', 'langflow', 'pyqtgraph', 'bentoml', 'caffe', 'tensorflow', 'numpy', 'haystack', 'pymc', 'PyTorchCV', 'retro', 'pebl', 'bigartm', 'gensim', 'ray', 'skll', 'emcee', 'vigra', 'deepchecks', 'pgmpy', 'pydantic', 'zipline', 'mars', 'jax', 'mlflow', 'DrQA', 'lambdo', 'scikit-learn', 'zpar', 'streamlit', 'pytorch', 'rasa', 'cortex', 'scikit-learn-intelex', 'DeepPavlov', 'mindsdb', 'pytorch-lightning', 'gradio', 'dirty_cat', 'xlearn', 'transformers', 'ColossalAI', 'vispy', 'pattern', 'DI-engine', 'pyss3', 'lightning-bolts', 'danswerai', 'DIGITS', 'LightGBM', 'open-webui', 'CoreNLP', 'chainer', 'bokeh', 'determined', 'blaze', 'xgboost', 'catboost', 'jProcessing', 'typer', 'dash', 'ViZDoom', 'langflow', 'pyqtgraph', 'bentoml', 'caffe', 'tensorflow', 'numpy', 'haystack', 'pymc', 'PyTorchCV', 'retro', 'pebl', 'bigartm', 'gensim', 'ray', 'skll', 'emcee', 'vigra', 'deepchecks', 'pgmpy', 'pydantic', 'zipline', 'mars', 'jax', 'mlflow', 'DrQA', 'lambdo', 'scikit-learn', 'zpar', 'streamlit', 'pytorch', 'rasa', 'cortex', 'scikit-learn-intelex', 'DeepPavlov', 'mindsdb', 'pytorch-lightning', 'gradio', 'dirty_cat', 'xlearn', 'transformers', 'ColossalAI', 'vispy', 'pattern', 'DI-engine', 'pyss3', 'lightning-bolts']"
329,view,1387,Weaknesses in the 2022 CWE Top 25 Most Dangerous Software Weaknesses,536,8735,"['danswerai', 'DIGITS', 'open-webui', 'fastapi', 'bokeh', 'nalp', 'spammy', 'ViZDoom', 'langflow', 'PySyft', 'numpy', 'lightly', 'retro', 'ray', 'pydantic', 'pytensor', 'mlflow', 'pytorch', 'streamlit', 'feast', 'rasa', 'mindsdb', 'superset', 'gradio', 'transformers', 'pattern', 'AutoViz', 'Auto_ViML', 'danswerai', 'DIGITS', 'open-webui', 'fastapi', 'bokeh', 'nalp', 'spammy', 'ViZDoom', 'langflow', 'PySyft', 'numpy', 'lightly', 'retro', 'ray', 'pydantic', 'pytensor', 'mlflow', 'pytorch', 'streamlit', 'feast', 'rasa', 'mindsdb', 'superset', 'gradio', 'transformers', 'pattern', 'AutoViz', 'Auto_ViML', 'danswerai', 'DIGITS', 'shogun', 'Spearmint', 'rep', 'open-webui', 'bokeh', 'determined', 'deeplake', 'blaze', 'statsmodels', 'xgboost', 'catboost', 'typer', 'dash', 'open-metric-learning', 'detectron2', 'nilearn', 'matplotlib', 'langflow', 'pyqtgraph', 'bentoml', 'tensorflow', 'altair', 'aim', 'numpy', 'mlens', 'retro', 'pynlpl', 'pytorch-image-models', 'deeppy', 'bigartm', 'gensim', 'ray', 'skll', 'PyStanfordDependencies', 'pydantic', 'zipline', 'mars', 'catalyst', 'jax', 'mlflow', 'pytorch', 'streamlit', 'rasa', 'cortex', 'mist', 'scikit-learn-intelex', 'scikit-image', 'loso', 'mindsdb', 'superset', 'pytorch-lightning', 'gradio', 'transformers', 'DI-engine', 'ViZDoom', 'neuraltalk', 'colibri-core', 'couler', 'DIGITS', 'tpot', 'open-webui', 'chainer', 'pybrain', 'statsmodels', 'catboost', 'ggpy', 'dash', 'cornac', 'rgf', 'pyqtgraph', 'tensorflow', 'stellargraph', 'cleanlab', 'numpy', 'FEDOT', 'bytehub', 'segmentation_models', 'pebl', 'deeppy', 'bigartm', 'scikit-multiflow', 'recommenders', 'seaborn', 'nupic.studio', 'vigra', 'gan', 'python-timbl', 'notebook', 'pyod', 'catalyst', 'rockpool', 'metric-learn', 'lambdo', 'pytorch', 'zpar', 'streamlit', 'alibi', 'annoy', 'mist', 'scikit-image', 'DeepPavlov', 'breze', 'superset', 'imbalanced-ensemble', 'alibi-detect', 'mindsdb', 'xlearn', 'snips-nlu', 'lifelines', 'ColossalAI', 'DI-engine', 'neural-style-pt', 'chainer', 'skorch', 'pybrain', 'bokeh', 'neurolab', 'autogluon', 'pytorch_geometric', 'face_recognition', 'pkuseg-python', 'open-metric-learning', 'detectron2', 'mljar-supervised', 'pyqtgraph', 'bentoml', 'caffe', 'river', 'numpy', 'FEDOT', 'opfython', 'PyTorchCV', 'pytorch-image-models', 'pebl', 'bigartm', 'lightwood', 'zipline', 'Petrel', 'mlflow', 'DrQA', 'scikit-learn', 'pytorch', 'TResNet', 'segmentation_models.pytorch', 'shapash', 'transformers', 'ColossalAI', 'joliGEN', 'simpleai', 'xgboost', 'catboost', 'maze', 'cleanlab', 'lightly', 'deeppy', 'chefboost', 'opytimizer', 'skll', 'pytorch_geometric_temporal', 'dl-translate', 'mars', 'evostra', 'pytorch-frame', 'streamlit', 'mlxtend', 'DeepPavlov', 'snownlp', 'alibi-detect', 'Sklearn-genetic-opt', 'DI-engine', 'lightning-bolts', 'DIGITS', 'rep', 'LightGBM', 'yalign', 'determined', 'miraiml', 'matplotlib', 'tensorflow', 'haystack', 'mlens', 'machine-learning', 'neuropredict', 'frouros', 'feast', 'rasa', 'loso', 'mindsdb', 'nut', 'ViZDoom', 'neuraltalk', 'sentiment_classifier', 'NeuroNER', 'deepface', 'statsmodels', 'jProcessing', 'dedupe', 'python-recsys', 'cornac', 'eurybia', 'igel', 'keras-tuner', 'backprop', 'ray', 'cltk', 'recommenders', 'sentiment-analyzer', 'evidently', 'deepchecks', 'garage', 'hebel', 'jieba', 'pyod', 'catalyst', 'pytensor', 'lambdo', 'tflearn', 'prodmodel', 'zpar', 'polyglot', 'alibi', 'scikit-learn-intelex', 'pytorch-lightning', 'bolt', 'PCV', 'danswerai', 'DIGITS', 'rep', 'open-webui', 'determined', 'deepface', 'upgini', 'matplotlib', 'langflow', 'keras-tuner', 'numpy', 'lightly', 'machine-learning', 'ray', 'mlflow', 'tflearn', 'pytorch-frame', 'streamlit', 'rasa', 'cortex', 'scikit-image', 'DeepPavlov', 'mindsdb', 'gradio', 'transformers', 'ColossalAI', 'danswerai', 'DIGITS', 'open-webui', 'fastapi', 'bokeh', 'nalp', 'spammy', 'ViZDoom', 'langflow', 'PySyft', 'numpy', 'lightly', 'retro', 'ray', 'pydantic', 'pytensor', 'mlflow', 'pytorch', 'streamlit', 'feast', 'rasa', 'mindsdb', 'superset', 'gradio', 'transformers', 'pattern', 'AutoViz', 'Auto_ViML', 'danswerai', 'DIGITS', 'open-webui', 'fastapi', 'bokeh', 'nalp', 'spammy', 'ViZDoom', 'langflow', 'PySyft', 'numpy', 'lightly', 'retro', 'ray', 'pydantic', 'pytensor', 'mlflow', 'pytorch', 'streamlit', 'feast', 'rasa', 'mindsdb', 'superset', 'gradio', 'transformers', 'pattern', 'AutoViz', 'Auto_ViML', 'danswerai', 'DIGITS', 'open-webui', 'fastapi', 'bokeh', 'nalp', 'spammy', 'ViZDoom', 'langflow', 'PySyft', 'numpy', 'lightly', 'retro', 'ray', 'pydantic', 'pytensor', 'mlflow', 'pytorch', 'streamlit', 'feast', 'rasa', 'mindsdb', 'superset', 'gradio', 'transformers', 'pattern', 'AutoViz', 'Auto_ViML', 'tpot', 'neural-style-pt', 'chainer', 'skorch', 'pybrain', 'bokeh', 'autogluon', 'pytorch_geometric', 'pkuseg-python', 'open-metric-learning', 'detectron2', 'nilearn', 'mljar-supervised', 'altair', 'pyqtgraph', 'bentoml', 'caffe', 'river', 'numpy', 'CompreFace', 'FEDOT', 'sktime', 'PyTorchCV', 'pytorch-image-models', 'pebl', 'bigartm', 'BioPy', 'python-timbl', 'lightwood', 'mlx', 'zipline', 'pgmpy', 'Petrel', 'mlflow', 'DrQA', 'Parris', 'scikit-learn', 'pytorch', 'SynapseML', 'superset', 'transformers', 'ColossalAI', 'vispy', 'joliGEN', 'danswerai', 'shogun', 'Spearmint', 'xgboost', 'rosetta', 'catboost', 'dash', 'tesseract', 'stellargraph', 'maze', 'cleanlab', 'lightly', 'pymc', 'scikit-opt', 'deeppy', 'Gymnasium', 'skll', 'emcee', 'vigra', 'dtaidistance', 'mars', 'neuraltalk2', 'jax', 'scikit-survival', 'pytorch-frame', 'streamlit', 'mlxtend', 'cortex', 'DeepPavlov', 'alibi-detect', 'gradio', 'xlearn', 'langfuse', 'DI-engine', 'pyss3', 'DIGITS', 'LightGBM', 'CoreNLP', 'yalign', 'determined', 'deeplake', 'blaze', 'somoclu', 'xcessiv', 'matplotlib', 'tensorflow', 'PySyft', 'haystack', 'mlens', 'retro', 'machine-learning', 'gensim', 'neuropredict', 'feast', 'rasa', 'loso', 'lab', 'mindsdb', 'dowel', 'nut', 'retinaface', 'ViZDoom', 'neuraltalk', 'optuna', 'open-webui', 'NeuroNER', 'deepface', 'statsmodels', 'jProcessing', 'typer', 'python-recsys', 'textacy', 'ggpy', 'cornac', 'spaCy', 'langflow', 'igel', 'keras-tuner', 'Metaworld', 'aim', 'pynlpl', 'ray', 'cltk', 'recommenders', 'seaborn', 'evidently', 'deepchecks', 'garage', 'hebel', 'jieba', 'catalyst', 'pytensor', 'lambdo', 'prodmodel', 'zpar', 'polyglot', 'scikit-learn-intelex', 'scikit-image', 'pytorch-lightning', 'colibri-core', 'bolt', 'cornac', 'feast', 'bowtie', 'DIGITS', 'mindsdb', 'mars', 'deepface', 'mlflow', 'PyTorchCV', 'machine-learning', 'danswerai', 'feast', 'rasa', 'DeepPavlov', 'open-webui', 'mindsdb', 'determined', 'deeplake', 'mlflow', 'danswerai', 'DIGITS', 'LightGBM', 'open-webui', 'CoreNLP', 'chainer', 'bokeh', 'determined', 'blaze', 'xgboost', 'catboost', 'jProcessing', 'typer', 'dash', 'ViZDoom', 'langflow', 'pyqtgraph', 'bentoml', 'caffe', 'tensorflow', 'numpy', 'haystack', 'pymc', 'PyTorchCV', 'retro', 'pebl', 'bigartm', 'gensim', 'ray', 'skll', 'emcee', 'vigra', 'deepchecks', 'pgmpy', 'pydantic', 'zipline', 'mars', 'jax', 'mlflow', 'DrQA', 'lambdo', 'scikit-learn', 'zpar', 'streamlit', 'pytorch', 'rasa', 'cortex', 'scikit-learn-intelex', 'DeepPavlov', 'mindsdb', 'pytorch-lightning', 'gradio', 'dirty_cat', 'xlearn', 'transformers', 'ColossalAI', 'vispy', 'pattern', 'DI-engine', 'pyss3', 'lightning-bolts', 'danswerai', 'DIGITS', 'LightGBM', 'open-webui', 'CoreNLP', 'chainer', 'bokeh', 'determined', 'blaze', 'xgboost', 'catboost', 'jProcessing', 'typer', 'dash', 'ViZDoom', 'langflow', 'pyqtgraph', 'bentoml', 'caffe', 'tensorflow', 'numpy', 'haystack', 'pymc', 'PyTorchCV', 'retro', 'pebl', 'bigartm', 'gensim', 'ray', 'skll', 'emcee', 'vigra', 'deepchecks', 'pgmpy', 'pydantic', 'zipline', 'mars', 'jax', 'mlflow', 'DrQA', 'lambdo', 'scikit-learn', 'zpar', 'streamlit', 'pytorch', 'rasa', 'cortex', 'scikit-learn-intelex', 'DeepPavlov', 'mindsdb', 'pytorch-lightning', 'gradio', 'dirty_cat', 'xlearn', 'transformers', 'ColossalAI', 'vispy', 'pattern', 'DI-engine', 'pyss3', 'lightning-bolts', 'danswerai', 'DIGITS', 'LightGBM', 'open-webui', 'CoreNLP', 'chainer', 'bokeh', 'determined', 'blaze', 'xgboost', 'catboost', 'jProcessing', 'typer', 'dash', 'ViZDoom', 'langflow', 'pyqtgraph', 'bentoml', 'caffe', 'tensorflow', 'numpy', 'haystack', 'pymc', 'PyTorchCV', 'retro', 'pebl', 'bigartm', 'gensim', 'ray', 'skll', 'emcee', 'vigra', 'deepchecks', 'pgmpy', 'pydantic', 'zipline', 'mars', 'jax', 'mlflow', 'DrQA', 'lambdo', 'scikit-learn', 'zpar', 'streamlit', 'pytorch', 'rasa', 'cortex', 'scikit-learn-intelex', 'DeepPavlov', 'mindsdb', 'pytorch-lightning', 'gradio', 'dirty_cat', 'xlearn', 'transformers', 'ColossalAI', 'vispy', 'pattern', 'DI-engine', 'pyss3', 'lightning-bolts']"
330,view,1425,Weaknesses in the 2023 CWE Top 25 Most Dangerous Software Weaknesses,497,8381,"['danswerai', 'DIGITS', 'open-webui', 'fastapi', 'bokeh', 'nalp', 'spammy', 'ViZDoom', 'langflow', 'PySyft', 'numpy', 'lightly', 'retro', 'ray', 'pydantic', 'pytensor', 'mlflow', 'pytorch', 'streamlit', 'feast', 'rasa', 'mindsdb', 'superset', 'gradio', 'transformers', 'pattern', 'AutoViz', 'Auto_ViML', 'danswerai', 'DIGITS', 'open-webui', 'fastapi', 'bokeh', 'nalp', 'spammy', 'ViZDoom', 'langflow', 'PySyft', 'numpy', 'lightly', 'retro', 'ray', 'pydantic', 'pytensor', 'mlflow', 'pytorch', 'streamlit', 'feast', 'rasa', 'mindsdb', 'superset', 'gradio', 'transformers', 'pattern', 'AutoViz', 'Auto_ViML', 'danswerai', 'DIGITS', 'shogun', 'Spearmint', 'rep', 'open-webui', 'bokeh', 'determined', 'deeplake', 'blaze', 'statsmodels', 'xgboost', 'catboost', 'typer', 'dash', 'open-metric-learning', 'detectron2', 'nilearn', 'matplotlib', 'langflow', 'pyqtgraph', 'bentoml', 'tensorflow', 'altair', 'aim', 'numpy', 'mlens', 'retro', 'pynlpl', 'pytorch-image-models', 'deeppy', 'bigartm', 'gensim', 'ray', 'skll', 'PyStanfordDependencies', 'pydantic', 'zipline', 'mars', 'catalyst', 'jax', 'mlflow', 'pytorch', 'streamlit', 'rasa', 'cortex', 'mist', 'scikit-learn-intelex', 'scikit-image', 'loso', 'mindsdb', 'superset', 'pytorch-lightning', 'gradio', 'transformers', 'DI-engine', 'ViZDoom', 'neuraltalk', 'colibri-core', 'couler', 'DIGITS', 'tpot', 'open-webui', 'chainer', 'pybrain', 'statsmodels', 'catboost', 'ggpy', 'dash', 'cornac', 'rgf', 'pyqtgraph', 'tensorflow', 'stellargraph', 'cleanlab', 'numpy', 'FEDOT', 'bytehub', 'segmentation_models', 'pebl', 'deeppy', 'bigartm', 'scikit-multiflow', 'recommenders', 'seaborn', 'nupic.studio', 'vigra', 'gan', 'python-timbl', 'notebook', 'pyod', 'catalyst', 'rockpool', 'metric-learn', 'lambdo', 'pytorch', 'zpar', 'streamlit', 'alibi', 'annoy', 'mist', 'scikit-image', 'DeepPavlov', 'breze', 'superset', 'imbalanced-ensemble', 'alibi-detect', 'mindsdb', 'xlearn', 'snips-nlu', 'lifelines', 'ColossalAI', 'DI-engine', 'neural-style-pt', 'chainer', 'skorch', 'pybrain', 'bokeh', 'neurolab', 'autogluon', 'pytorch_geometric', 'face_recognition', 'pkuseg-python', 'open-metric-learning', 'detectron2', 'mljar-supervised', 'pyqtgraph', 'bentoml', 'caffe', 'river', 'numpy', 'FEDOT', 'opfython', 'PyTorchCV', 'pytorch-image-models', 'pebl', 'bigartm', 'lightwood', 'zipline', 'Petrel', 'mlflow', 'DrQA', 'scikit-learn', 'pytorch', 'TResNet', 'segmentation_models.pytorch', 'shapash', 'transformers', 'ColossalAI', 'joliGEN', 'simpleai', 'xgboost', 'catboost', 'maze', 'cleanlab', 'lightly', 'deeppy', 'chefboost', 'opytimizer', 'skll', 'pytorch_geometric_temporal', 'dl-translate', 'mars', 'evostra', 'pytorch-frame', 'streamlit', 'mlxtend', 'DeepPavlov', 'snownlp', 'alibi-detect', 'Sklearn-genetic-opt', 'DI-engine', 'lightning-bolts', 'DIGITS', 'rep', 'LightGBM', 'yalign', 'determined', 'miraiml', 'matplotlib', 'tensorflow', 'haystack', 'mlens', 'machine-learning', 'neuropredict', 'frouros', 'feast', 'rasa', 'loso', 'mindsdb', 'nut', 'ViZDoom', 'neuraltalk', 'sentiment_classifier', 'NeuroNER', 'deepface', 'statsmodels', 'jProcessing', 'dedupe', 'python-recsys', 'cornac', 'eurybia', 'igel', 'keras-tuner', 'backprop', 'ray', 'cltk', 'recommenders', 'sentiment-analyzer', 'evidently', 'deepchecks', 'garage', 'hebel', 'jieba', 'pyod', 'catalyst', 'pytensor', 'lambdo', 'tflearn', 'prodmodel', 'zpar', 'polyglot', 'alibi', 'scikit-learn-intelex', 'pytorch-lightning', 'bolt', 'PCV', 'danswerai', 'DIGITS', 'rep', 'open-webui', 'determined', 'deepface', 'upgini', 'matplotlib', 'langflow', 'keras-tuner', 'numpy', 'lightly', 'machine-learning', 'ray', 'mlflow', 'tflearn', 'pytorch-frame', 'streamlit', 'rasa', 'cortex', 'scikit-image', 'DeepPavlov', 'mindsdb', 'gradio', 'transformers', 'ColossalAI', 'danswerai', 'DIGITS', 'open-webui', 'fastapi', 'bokeh', 'nalp', 'spammy', 'ViZDoom', 'langflow', 'PySyft', 'numpy', 'lightly', 'retro', 'ray', 'pydantic', 'pytensor', 'mlflow', 'pytorch', 'streamlit', 'feast', 'rasa', 'mindsdb', 'superset', 'gradio', 'transformers', 'pattern', 'AutoViz', 'Auto_ViML', 'danswerai', 'DIGITS', 'open-webui', 'fastapi', 'bokeh', 'nalp', 'spammy', 'ViZDoom', 'langflow', 'PySyft', 'numpy', 'lightly', 'retro', 'ray', 'pydantic', 'pytensor', 'mlflow', 'pytorch', 'streamlit', 'feast', 'rasa', 'mindsdb', 'superset', 'gradio', 'transformers', 'pattern', 'AutoViz', 'Auto_ViML', 'danswerai', 'DIGITS', 'open-webui', 'fastapi', 'bokeh', 'nalp', 'spammy', 'ViZDoom', 'langflow', 'PySyft', 'numpy', 'lightly', 'retro', 'ray', 'pydantic', 'pytensor', 'mlflow', 'pytorch', 'streamlit', 'feast', 'rasa', 'mindsdb', 'superset', 'gradio', 'transformers', 'pattern', 'AutoViz', 'Auto_ViML', 'tpot', 'neural-style-pt', 'chainer', 'skorch', 'pybrain', 'bokeh', 'autogluon', 'pytorch_geometric', 'pkuseg-python', 'open-metric-learning', 'detectron2', 'nilearn', 'mljar-supervised', 'altair', 'pyqtgraph', 'bentoml', 'caffe', 'river', 'numpy', 'CompreFace', 'FEDOT', 'sktime', 'PyTorchCV', 'pytorch-image-models', 'pebl', 'bigartm', 'BioPy', 'python-timbl', 'lightwood', 'mlx', 'zipline', 'pgmpy', 'Petrel', 'mlflow', 'DrQA', 'Parris', 'scikit-learn', 'pytorch', 'SynapseML', 'superset', 'transformers', 'ColossalAI', 'vispy', 'joliGEN', 'danswerai', 'shogun', 'Spearmint', 'xgboost', 'rosetta', 'catboost', 'dash', 'tesseract', 'stellargraph', 'maze', 'cleanlab', 'lightly', 'pymc', 'scikit-opt', 'deeppy', 'Gymnasium', 'skll', 'emcee', 'vigra', 'dtaidistance', 'mars', 'neuraltalk2', 'jax', 'scikit-survival', 'pytorch-frame', 'streamlit', 'mlxtend', 'cortex', 'DeepPavlov', 'alibi-detect', 'gradio', 'xlearn', 'langfuse', 'DI-engine', 'pyss3', 'DIGITS', 'LightGBM', 'CoreNLP', 'yalign', 'determined', 'deeplake', 'blaze', 'somoclu', 'xcessiv', 'matplotlib', 'tensorflow', 'PySyft', 'haystack', 'mlens', 'retro', 'machine-learning', 'gensim', 'neuropredict', 'feast', 'rasa', 'loso', 'lab', 'mindsdb', 'dowel', 'nut', 'retinaface', 'ViZDoom', 'neuraltalk', 'optuna', 'open-webui', 'NeuroNER', 'deepface', 'statsmodels', 'jProcessing', 'typer', 'python-recsys', 'textacy', 'ggpy', 'cornac', 'spaCy', 'langflow', 'igel', 'keras-tuner', 'Metaworld', 'aim', 'pynlpl', 'ray', 'cltk', 'recommenders', 'seaborn', 'evidently', 'deepchecks', 'garage', 'hebel', 'jieba', 'catalyst', 'pytensor', 'lambdo', 'prodmodel', 'zpar', 'polyglot', 'scikit-learn-intelex', 'scikit-image', 'pytorch-lightning', 'colibri-core', 'bolt', 'cornac', 'feast', 'bowtie', 'DIGITS', 'mindsdb', 'mars', 'deepface', 'mlflow', 'PyTorchCV', 'machine-learning', 'danswerai', 'feast', 'rasa', 'DeepPavlov', 'open-webui', 'mindsdb', 'determined', 'deeplake', 'mlflow']"
331,view,1430,Weaknesses in the 2024 CWE Top 25 Most Dangerous Software Weaknesses,605,8794,"['danswerai', 'DIGITS', 'open-webui', 'fastapi', 'bokeh', 'nalp', 'spammy', 'ViZDoom', 'langflow', 'PySyft', 'numpy', 'lightly', 'retro', 'ray', 'pydantic', 'pytensor', 'mlflow', 'pytorch', 'streamlit', 'feast', 'rasa', 'mindsdb', 'superset', 'gradio', 'transformers', 'pattern', 'AutoViz', 'Auto_ViML', 'danswerai', 'DIGITS', 'open-webui', 'fastapi', 'bokeh', 'nalp', 'spammy', 'ViZDoom', 'langflow', 'PySyft', 'numpy', 'lightly', 'retro', 'ray', 'pydantic', 'pytensor', 'mlflow', 'pytorch', 'streamlit', 'feast', 'rasa', 'mindsdb', 'superset', 'gradio', 'transformers', 'pattern', 'AutoViz', 'Auto_ViML', 'LightGBM', 'bokeh', 'determined', 'catboost', 'pytorch_geometric', 'open-metric-learning', 'detectron2', 'spaCy', 'langflow', 'bentoml', 'aim', 'sinabs', 'ray', 'gan', 'jax', 'mlflow', 'streamlit', 'pytorch-lightning', 'gradio', 'transformers', 'ColossalAI', 'pyss3', 'danswerai', 'DIGITS', 'shogun', 'Spearmint', 'rep', 'open-webui', 'bokeh', 'determined', 'deeplake', 'blaze', 'statsmodels', 'xgboost', 'catboost', 'typer', 'dash', 'open-metric-learning', 'detectron2', 'nilearn', 'matplotlib', 'langflow', 'pyqtgraph', 'bentoml', 'tensorflow', 'altair', 'aim', 'numpy', 'mlens', 'retro', 'pynlpl', 'pytorch-image-models', 'deeppy', 'bigartm', 'gensim', 'ray', 'skll', 'PyStanfordDependencies', 'pydantic', 'zipline', 'mars', 'catalyst', 'jax', 'mlflow', 'pytorch', 'streamlit', 'rasa', 'cortex', 'mist', 'scikit-learn-intelex', 'scikit-image', 'loso', 'mindsdb', 'superset', 'pytorch-lightning', 'gradio', 'transformers', 'DI-engine', 'ViZDoom', 'neuraltalk', 'colibri-core', 'couler', 'DIGITS', 'tpot', 'open-webui', 'chainer', 'pybrain', 'statsmodels', 'catboost', 'ggpy', 'dash', 'cornac', 'rgf', 'pyqtgraph', 'tensorflow', 'stellargraph', 'cleanlab', 'numpy', 'FEDOT', 'bytehub', 'segmentation_models', 'pebl', 'deeppy', 'bigartm', 'scikit-multiflow', 'recommenders', 'seaborn', 'nupic.studio', 'vigra', 'gan', 'python-timbl', 'notebook', 'pyod', 'catalyst', 'rockpool', 'metric-learn', 'lambdo', 'pytorch', 'zpar', 'streamlit', 'alibi', 'annoy', 'mist', 'scikit-image', 'DeepPavlov', 'breze', 'superset', 'imbalanced-ensemble', 'alibi-detect', 'mindsdb', 'xlearn', 'snips-nlu', 'lifelines', 'ColossalAI', 'DI-engine', 'neural-style-pt', 'chainer', 'skorch', 'pybrain', 'bokeh', 'neurolab', 'autogluon', 'pytorch_geometric', 'face_recognition', 'pkuseg-python', 'open-metric-learning', 'detectron2', 'mljar-supervised', 'pyqtgraph', 'bentoml', 'caffe', 'river', 'numpy', 'FEDOT', 'opfython', 'PyTorchCV', 'pytorch-image-models', 'pebl', 'bigartm', 'lightwood', 'zipline', 'Petrel', 'mlflow', 'DrQA', 'scikit-learn', 'pytorch', 'TResNet', 'segmentation_models.pytorch', 'shapash', 'transformers', 'ColossalAI', 'joliGEN', 'simpleai', 'xgboost', 'catboost', 'maze', 'cleanlab', 'lightly', 'deeppy', 'chefboost', 'opytimizer', 'skll', 'pytorch_geometric_temporal', 'dl-translate', 'mars', 'evostra', 'pytorch-frame', 'streamlit', 'mlxtend', 'DeepPavlov', 'snownlp', 'alibi-detect', 'Sklearn-genetic-opt', 'DI-engine', 'lightning-bolts', 'DIGITS', 'rep', 'LightGBM', 'yalign', 'determined', 'miraiml', 'matplotlib', 'tensorflow', 'haystack', 'mlens', 'machine-learning', 'neuropredict', 'frouros', 'feast', 'rasa', 'loso', 'mindsdb', 'nut', 'ViZDoom', 'neuraltalk', 'sentiment_classifier', 'NeuroNER', 'deepface', 'statsmodels', 'jProcessing', 'dedupe', 'python-recsys', 'cornac', 'eurybia', 'igel', 'keras-tuner', 'backprop', 'ray', 'cltk', 'recommenders', 'sentiment-analyzer', 'evidently', 'deepchecks', 'garage', 'hebel', 'jieba', 'pyod', 'catalyst', 'pytensor', 'lambdo', 'tflearn', 'prodmodel', 'zpar', 'polyglot', 'alibi', 'scikit-learn-intelex', 'pytorch-lightning', 'bolt', 'PCV', 'danswerai', 'DIGITS', 'rep', 'open-webui', 'determined', 'deepface', 'upgini', 'matplotlib', 'langflow', 'keras-tuner', 'numpy', 'lightly', 'machine-learning', 'ray', 'mlflow', 'tflearn', 'pytorch-frame', 'streamlit', 'rasa', 'cortex', 'scikit-image', 'DeepPavlov', 'mindsdb', 'gradio', 'transformers', 'ColossalAI', 'danswerai', 'DIGITS', 'open-webui', 'fastapi', 'bokeh', 'nalp', 'spammy', 'ViZDoom', 'langflow', 'PySyft', 'numpy', 'lightly', 'retro', 'ray', 'pydantic', 'pytensor', 'mlflow', 'pytorch', 'streamlit', 'feast', 'rasa', 'mindsdb', 'superset', 'gradio', 'transformers', 'pattern', 'AutoViz', 'Auto_ViML', 'danswerai', 'DIGITS', 'open-webui', 'fastapi', 'bokeh', 'nalp', 'spammy', 'ViZDoom', 'langflow', 'PySyft', 'numpy', 'lightly', 'retro', 'ray', 'pydantic', 'pytensor', 'mlflow', 'pytorch', 'streamlit', 'feast', 'rasa', 'mindsdb', 'superset', 'gradio', 'transformers', 'pattern', 'AutoViz', 'Auto_ViML', 'danswerai', 'DIGITS', 'open-webui', 'fastapi', 'bokeh', 'nalp', 'spammy', 'ViZDoom', 'langflow', 'PySyft', 'numpy', 'lightly', 'retro', 'ray', 'pydantic', 'pytensor', 'mlflow', 'pytorch', 'streamlit', 'feast', 'rasa', 'mindsdb', 'superset', 'gradio', 'transformers', 'pattern', 'AutoViz', 'Auto_ViML', 'tpot', 'neural-style-pt', 'chainer', 'skorch', 'pybrain', 'bokeh', 'autogluon', 'pytorch_geometric', 'pkuseg-python', 'open-metric-learning', 'detectron2', 'nilearn', 'mljar-supervised', 'altair', 'pyqtgraph', 'bentoml', 'caffe', 'river', 'numpy', 'CompreFace', 'FEDOT', 'sktime', 'PyTorchCV', 'pytorch-image-models', 'pebl', 'bigartm', 'BioPy', 'python-timbl', 'lightwood', 'mlx', 'zipline', 'pgmpy', 'Petrel', 'mlflow', 'DrQA', 'Parris', 'scikit-learn', 'pytorch', 'SynapseML', 'superset', 'transformers', 'ColossalAI', 'vispy', 'joliGEN', 'danswerai', 'shogun', 'Spearmint', 'xgboost', 'rosetta', 'catboost', 'dash', 'tesseract', 'stellargraph', 'maze', 'cleanlab', 'lightly', 'pymc', 'scikit-opt', 'deeppy', 'Gymnasium', 'skll', 'emcee', 'vigra', 'dtaidistance', 'mars', 'neuraltalk2', 'jax', 'scikit-survival', 'pytorch-frame', 'streamlit', 'mlxtend', 'cortex', 'DeepPavlov', 'alibi-detect', 'gradio', 'xlearn', 'langfuse', 'DI-engine', 'pyss3', 'DIGITS', 'LightGBM', 'CoreNLP', 'yalign', 'determined', 'deeplake', 'blaze', 'somoclu', 'xcessiv', 'matplotlib', 'tensorflow', 'PySyft', 'haystack', 'mlens', 'retro', 'machine-learning', 'gensim', 'neuropredict', 'feast', 'rasa', 'loso', 'lab', 'mindsdb', 'dowel', 'nut', 'retinaface', 'ViZDoom', 'neuraltalk', 'optuna', 'open-webui', 'NeuroNER', 'deepface', 'statsmodels', 'jProcessing', 'typer', 'python-recsys', 'textacy', 'ggpy', 'cornac', 'spaCy', 'langflow', 'igel', 'keras-tuner', 'Metaworld', 'aim', 'pynlpl', 'ray', 'cltk', 'recommenders', 'seaborn', 'evidently', 'deepchecks', 'garage', 'hebel', 'jieba', 'catalyst', 'pytensor', 'lambdo', 'prodmodel', 'zpar', 'polyglot', 'scikit-learn-intelex', 'scikit-image', 'pytorch-lightning', 'colibri-core', 'bolt', 'cornac', 'feast', 'bowtie', 'DIGITS', 'mindsdb', 'mars', 'deepface', 'mlflow', 'PyTorchCV', 'machine-learning', 'danswerai', 'feast', 'rasa', 'DeepPavlov', 'open-webui', 'mindsdb', 'determined', 'deeplake', 'mlflow', 'danswerai', 'DIGITS', 'LightGBM', 'open-webui', 'CoreNLP', 'chainer', 'bokeh', 'determined', 'blaze', 'xgboost', 'catboost', 'jProcessing', 'typer', 'dash', 'ViZDoom', 'langflow', 'pyqtgraph', 'bentoml', 'caffe', 'tensorflow', 'numpy', 'haystack', 'pymc', 'PyTorchCV', 'retro', 'pebl', 'bigartm', 'gensim', 'ray', 'skll', 'emcee', 'vigra', 'deepchecks', 'pgmpy', 'pydantic', 'zipline', 'mars', 'jax', 'mlflow', 'DrQA', 'lambdo', 'scikit-learn', 'zpar', 'streamlit', 'pytorch', 'rasa', 'cortex', 'scikit-learn-intelex', 'DeepPavlov', 'mindsdb', 'pytorch-lightning', 'gradio', 'dirty_cat', 'xlearn', 'transformers', 'ColossalAI', 'vispy', 'pattern', 'DI-engine', 'pyss3', 'lightning-bolts', 'danswerai', 'DIGITS', 'LightGBM', 'open-webui', 'CoreNLP', 'chainer', 'bokeh', 'determined', 'blaze', 'xgboost', 'catboost', 'jProcessing', 'typer', 'dash', 'ViZDoom', 'langflow', 'pyqtgraph', 'bentoml', 'caffe', 'tensorflow', 'numpy', 'haystack', 'pymc', 'PyTorchCV', 'retro', 'pebl', 'bigartm', 'gensim', 'ray', 'skll', 'emcee', 'vigra', 'deepchecks', 'pgmpy', 'pydantic', 'zipline', 'mars', 'jax', 'mlflow', 'DrQA', 'lambdo', 'scikit-learn', 'zpar', 'streamlit', 'pytorch', 'rasa', 'cortex', 'scikit-learn-intelex', 'DeepPavlov', 'mindsdb', 'pytorch-lightning', 'gradio', 'dirty_cat', 'xlearn', 'transformers', 'ColossalAI', 'vispy', 'pattern', 'DI-engine', 'pyss3', 'lightning-bolts', 'danswerai', 'DIGITS', 'LightGBM', 'open-webui', 'CoreNLP', 'chainer', 'bokeh', 'determined', 'blaze', 'xgboost', 'catboost', 'jProcessing', 'typer', 'dash', 'ViZDoom', 'langflow', 'pyqtgraph', 'bentoml', 'caffe', 'tensorflow', 'numpy', 'haystack', 'pymc', 'PyTorchCV', 'retro', 'pebl', 'bigartm', 'gensim', 'ray', 'skll', 'emcee', 'vigra', 'deepchecks', 'pgmpy', 'pydantic', 'zipline', 'mars', 'jax', 'mlflow', 'DrQA', 'lambdo', 'scikit-learn', 'zpar', 'streamlit', 'pytorch', 'rasa', 'cortex', 'scikit-learn-intelex', 'DeepPavlov', 'mindsdb', 'pytorch-lightning', 'gradio', 'dirty_cat', 'xlearn', 'transformers', 'ColossalAI', 'vispy', 'pattern', 'DI-engine', 'pyss3', 'lightning-bolts']"
332,view,1435,Weaknesses in the 2025 CWE Top 25 Most Dangerous Software Weaknesses,549,8440,"['danswerai', 'DIGITS', 'open-webui', 'fastapi', 'bokeh', 'nalp', 'spammy', 'ViZDoom', 'langflow', 'PySyft', 'numpy', 'lightly', 'retro', 'ray', 'pydantic', 'pytensor', 'mlflow', 'pytorch', 'streamlit', 'feast', 'rasa', 'mindsdb', 'superset', 'gradio', 'transformers', 'pattern', 'AutoViz', 'Auto_ViML', 'danswerai', 'DIGITS', 'open-webui', 'fastapi', 'bokeh', 'nalp', 'spammy', 'ViZDoom', 'langflow', 'PySyft', 'numpy', 'lightly', 'retro', 'ray', 'pydantic', 'pytensor', 'mlflow', 'pytorch', 'streamlit', 'feast', 'rasa', 'mindsdb', 'superset', 'gradio', 'transformers', 'pattern', 'AutoViz', 'Auto_ViML', 'LightGBM', 'bokeh', 'determined', 'catboost', 'pytorch_geometric', 'open-metric-learning', 'detectron2', 'spaCy', 'langflow', 'bentoml', 'aim', 'sinabs', 'ray', 'gan', 'jax', 'mlflow', 'streamlit', 'pytorch-lightning', 'gradio', 'transformers', 'ColossalAI', 'pyss3', 'danswerai', 'DIGITS', 'shogun', 'Spearmint', 'rep', 'open-webui', 'bokeh', 'determined', 'deeplake', 'blaze', 'statsmodels', 'xgboost', 'catboost', 'typer', 'dash', 'open-metric-learning', 'detectron2', 'nilearn', 'matplotlib', 'langflow', 'pyqtgraph', 'bentoml', 'tensorflow', 'altair', 'aim', 'numpy', 'mlens', 'retro', 'pynlpl', 'pytorch-image-models', 'deeppy', 'bigartm', 'gensim', 'ray', 'skll', 'PyStanfordDependencies', 'pydantic', 'zipline', 'mars', 'catalyst', 'jax', 'mlflow', 'pytorch', 'streamlit', 'rasa', 'cortex', 'mist', 'scikit-learn-intelex', 'scikit-image', 'loso', 'mindsdb', 'superset', 'pytorch-lightning', 'gradio', 'transformers', 'DI-engine', 'ViZDoom', 'neuraltalk', 'colibri-core', 'couler', 'DIGITS', 'tpot', 'open-webui', 'chainer', 'pybrain', 'statsmodels', 'catboost', 'ggpy', 'dash', 'cornac', 'rgf', 'pyqtgraph', 'tensorflow', 'stellargraph', 'cleanlab', 'numpy', 'FEDOT', 'bytehub', 'segmentation_models', 'pebl', 'deeppy', 'bigartm', 'scikit-multiflow', 'recommenders', 'seaborn', 'nupic.studio', 'vigra', 'gan', 'python-timbl', 'notebook', 'pyod', 'catalyst', 'rockpool', 'metric-learn', 'lambdo', 'pytorch', 'zpar', 'streamlit', 'alibi', 'annoy', 'mist', 'scikit-image', 'DeepPavlov', 'breze', 'superset', 'imbalanced-ensemble', 'alibi-detect', 'mindsdb', 'xlearn', 'snips-nlu', 'lifelines', 'ColossalAI', 'DI-engine', 'neural-style-pt', 'chainer', 'skorch', 'pybrain', 'bokeh', 'neurolab', 'autogluon', 'pytorch_geometric', 'face_recognition', 'pkuseg-python', 'open-metric-learning', 'detectron2', 'mljar-supervised', 'pyqtgraph', 'bentoml', 'caffe', 'river', 'numpy', 'FEDOT', 'opfython', 'PyTorchCV', 'pytorch-image-models', 'pebl', 'bigartm', 'lightwood', 'zipline', 'Petrel', 'mlflow', 'DrQA', 'scikit-learn', 'pytorch', 'TResNet', 'segmentation_models.pytorch', 'shapash', 'transformers', 'ColossalAI', 'joliGEN', 'simpleai', 'xgboost', 'catboost', 'maze', 'cleanlab', 'lightly', 'deeppy', 'chefboost', 'opytimizer', 'skll', 'pytorch_geometric_temporal', 'dl-translate', 'mars', 'evostra', 'pytorch-frame', 'streamlit', 'mlxtend', 'DeepPavlov', 'snownlp', 'alibi-detect', 'Sklearn-genetic-opt', 'DI-engine', 'lightning-bolts', 'DIGITS', 'rep', 'LightGBM', 'yalign', 'determined', 'miraiml', 'matplotlib', 'tensorflow', 'haystack', 'mlens', 'machine-learning', 'neuropredict', 'frouros', 'feast', 'rasa', 'loso', 'mindsdb', 'nut', 'ViZDoom', 'neuraltalk', 'sentiment_classifier', 'NeuroNER', 'deepface', 'statsmodels', 'jProcessing', 'dedupe', 'python-recsys', 'cornac', 'eurybia', 'igel', 'keras-tuner', 'backprop', 'ray', 'cltk', 'recommenders', 'sentiment-analyzer', 'evidently', 'deepchecks', 'garage', 'hebel', 'jieba', 'pyod', 'catalyst', 'pytensor', 'lambdo', 'tflearn', 'prodmodel', 'zpar', 'polyglot', 'alibi', 'scikit-learn-intelex', 'pytorch-lightning', 'bolt', 'PCV', 'danswerai', 'DIGITS', 'rep', 'open-webui', 'determined', 'deepface', 'upgini', 'matplotlib', 'langflow', 'keras-tuner', 'numpy', 'lightly', 'machine-learning', 'ray', 'mlflow', 'tflearn', 'pytorch-frame', 'streamlit', 'rasa', 'cortex', 'scikit-image', 'DeepPavlov', 'mindsdb', 'gradio', 'transformers', 'ColossalAI', 'danswerai', 'DIGITS', 'open-webui', 'fastapi', 'bokeh', 'nalp', 'spammy', 'ViZDoom', 'langflow', 'PySyft', 'numpy', 'lightly', 'retro', 'ray', 'pydantic', 'pytensor', 'mlflow', 'pytorch', 'streamlit', 'feast', 'rasa', 'mindsdb', 'superset', 'gradio', 'transformers', 'pattern', 'AutoViz', 'Auto_ViML', 'danswerai', 'DIGITS', 'open-webui', 'fastapi', 'bokeh', 'nalp', 'spammy', 'ViZDoom', 'langflow', 'PySyft', 'numpy', 'lightly', 'retro', 'ray', 'pydantic', 'pytensor', 'mlflow', 'pytorch', 'streamlit', 'feast', 'rasa', 'mindsdb', 'superset', 'gradio', 'transformers', 'pattern', 'AutoViz', 'Auto_ViML', 'danswerai', 'DIGITS', 'open-webui', 'fastapi', 'bokeh', 'nalp', 'spammy', 'ViZDoom', 'langflow', 'PySyft', 'numpy', 'lightly', 'retro', 'ray', 'pydantic', 'pytensor', 'mlflow', 'pytorch', 'streamlit', 'feast', 'rasa', 'mindsdb', 'superset', 'gradio', 'transformers', 'pattern', 'AutoViz', 'Auto_ViML', 'tpot', 'neural-style-pt', 'chainer', 'skorch', 'pybrain', 'bokeh', 'autogluon', 'pytorch_geometric', 'pkuseg-python', 'open-metric-learning', 'detectron2', 'nilearn', 'mljar-supervised', 'altair', 'pyqtgraph', 'bentoml', 'caffe', 'river', 'numpy', 'CompreFace', 'FEDOT', 'sktime', 'PyTorchCV', 'pytorch-image-models', 'pebl', 'bigartm', 'BioPy', 'python-timbl', 'lightwood', 'mlx', 'zipline', 'pgmpy', 'Petrel', 'mlflow', 'DrQA', 'Parris', 'scikit-learn', 'pytorch', 'SynapseML', 'superset', 'transformers', 'ColossalAI', 'vispy', 'joliGEN', 'danswerai', 'shogun', 'Spearmint', 'xgboost', 'rosetta', 'catboost', 'dash', 'tesseract', 'stellargraph', 'maze', 'cleanlab', 'lightly', 'pymc', 'scikit-opt', 'deeppy', 'Gymnasium', 'skll', 'emcee', 'vigra', 'dtaidistance', 'mars', 'neuraltalk2', 'jax', 'scikit-survival', 'pytorch-frame', 'streamlit', 'mlxtend', 'cortex', 'DeepPavlov', 'alibi-detect', 'gradio', 'xlearn', 'langfuse', 'DI-engine', 'pyss3', 'DIGITS', 'LightGBM', 'CoreNLP', 'yalign', 'determined', 'deeplake', 'blaze', 'somoclu', 'xcessiv', 'matplotlib', 'tensorflow', 'PySyft', 'haystack', 'mlens', 'retro', 'machine-learning', 'gensim', 'neuropredict', 'feast', 'rasa', 'loso', 'lab', 'mindsdb', 'dowel', 'nut', 'retinaface', 'ViZDoom', 'neuraltalk', 'optuna', 'open-webui', 'NeuroNER', 'deepface', 'statsmodels', 'jProcessing', 'typer', 'python-recsys', 'textacy', 'ggpy', 'cornac', 'spaCy', 'langflow', 'igel', 'keras-tuner', 'Metaworld', 'aim', 'pynlpl', 'ray', 'cltk', 'recommenders', 'seaborn', 'evidently', 'deepchecks', 'garage', 'hebel', 'jieba', 'catalyst', 'pytensor', 'lambdo', 'prodmodel', 'zpar', 'polyglot', 'scikit-learn-intelex', 'scikit-image', 'pytorch-lightning', 'colibri-core', 'bolt', 'cornac', 'feast', 'bowtie', 'DIGITS', 'mindsdb', 'mars', 'deepface', 'mlflow', 'PyTorchCV', 'machine-learning', 'danswerai', 'feast', 'rasa', 'DeepPavlov', 'open-webui', 'mindsdb', 'determined', 'deeplake', 'mlflow']"
