,Unnamed: 0,nature,type,id,description,cwe_counts,cwe_id,repos
0,0,ChildOf,pillar,707,Improper Neutralization,4,20,"['danswerai', 'DIGITS', 'open-webui', 'fastapi', 'bokeh', 'nalp', 'spammy', 'ViZDoom', 'langflow', 'PySyft', 'numpy', 'lightly', 'retro', 'ray', 'pydantic', 'pytensor', 'mlflow', 'pytorch', 'streamlit', 'feast', 'rasa', 'mindsdb', 'superset', 'gradio', 'transformers', 'pattern', 'AutoViz', 'Auto_ViML']"
1,1,ParentOf,base,179,Incorrect Behavior Order: Early Validation,4,20,"['danswerai', 'DIGITS', 'open-webui', 'fastapi', 'bokeh', 'nalp', 'spammy', 'ViZDoom', 'langflow', 'PySyft', 'numpy', 'lightly', 'retro', 'ray', 'pydantic', 'pytensor', 'mlflow', 'pytorch', 'streamlit', 'feast', 'rasa', 'mindsdb', 'superset', 'gradio', 'transformers', 'pattern', 'AutoViz', 'Auto_ViML']"
2,2,ParentOf,variant,622,Improper Validation of Function Hook Arguments,4,20,"['danswerai', 'DIGITS', 'open-webui', 'fastapi', 'bokeh', 'nalp', 'spammy', 'ViZDoom', 'langflow', 'PySyft', 'numpy', 'lightly', 'retro', 'ray', 'pydantic', 'pytensor', 'mlflow', 'pytorch', 'streamlit', 'feast', 'rasa', 'mindsdb', 'superset', 'gradio', 'transformers', 'pattern', 'AutoViz', 'Auto_ViML']"
3,3,ParentOf,base,1173,Improper Use of Validation Framework,4,20,"['danswerai', 'DIGITS', 'open-webui', 'fastapi', 'bokeh', 'nalp', 'spammy', 'ViZDoom', 'langflow', 'PySyft', 'numpy', 'lightly', 'retro', 'ray', 'pydantic', 'pytensor', 'mlflow', 'pytorch', 'streamlit', 'feast', 'rasa', 'mindsdb', 'superset', 'gradio', 'transformers', 'pattern', 'AutoViz', 'Auto_ViML']"
4,4,ParentOf,base,1284,Improper Validation of Specified Quantity in Input,4,20,"['danswerai', 'DIGITS', 'open-webui', 'fastapi', 'bokeh', 'nalp', 'spammy', 'ViZDoom', 'langflow', 'PySyft', 'numpy', 'lightly', 'retro', 'ray', 'pydantic', 'pytensor', 'mlflow', 'pytorch', 'streamlit', 'feast', 'rasa', 'mindsdb', 'superset', 'gradio', 'transformers', 'pattern', 'AutoViz', 'Auto_ViML']"
5,5,ParentOf,base,1285,"Improper Validation of Specified Index, Position, or Offset in Input",4,20,"['danswerai', 'DIGITS', 'open-webui', 'fastapi', 'bokeh', 'nalp', 'spammy', 'ViZDoom', 'langflow', 'PySyft', 'numpy', 'lightly', 'retro', 'ray', 'pydantic', 'pytensor', 'mlflow', 'pytorch', 'streamlit', 'feast', 'rasa', 'mindsdb', 'superset', 'gradio', 'transformers', 'pattern', 'AutoViz', 'Auto_ViML']"
6,6,ParentOf,base,1286,Improper Validation of Syntactic Correctness of Input,4,20,"['danswerai', 'DIGITS', 'open-webui', 'fastapi', 'bokeh', 'nalp', 'spammy', 'ViZDoom', 'langflow', 'PySyft', 'numpy', 'lightly', 'retro', 'ray', 'pydantic', 'pytensor', 'mlflow', 'pytorch', 'streamlit', 'feast', 'rasa', 'mindsdb', 'superset', 'gradio', 'transformers', 'pattern', 'AutoViz', 'Auto_ViML']"
7,7,ParentOf,base,1287,Improper Validation of Specified Type of Input,4,20,"['danswerai', 'DIGITS', 'open-webui', 'fastapi', 'bokeh', 'nalp', 'spammy', 'ViZDoom', 'langflow', 'PySyft', 'numpy', 'lightly', 'retro', 'ray', 'pydantic', 'pytensor', 'mlflow', 'pytorch', 'streamlit', 'feast', 'rasa', 'mindsdb', 'superset', 'gradio', 'transformers', 'pattern', 'AutoViz', 'Auto_ViML']"
8,8,ParentOf,base,1288,Improper Validation of Consistency within Input,4,20,"['danswerai', 'DIGITS', 'open-webui', 'fastapi', 'bokeh', 'nalp', 'spammy', 'ViZDoom', 'langflow', 'PySyft', 'numpy', 'lightly', 'retro', 'ray', 'pydantic', 'pytensor', 'mlflow', 'pytorch', 'streamlit', 'feast', 'rasa', 'mindsdb', 'superset', 'gradio', 'transformers', 'pattern', 'AutoViz', 'Auto_ViML']"
9,9,ParentOf,base,1289,Improper Validation of Unsafe Equivalence in Input,4,20,"['danswerai', 'DIGITS', 'open-webui', 'fastapi', 'bokeh', 'nalp', 'spammy', 'ViZDoom', 'langflow', 'PySyft', 'numpy', 'lightly', 'retro', 'ray', 'pydantic', 'pytensor', 'mlflow', 'pytorch', 'streamlit', 'feast', 'rasa', 'mindsdb', 'superset', 'gradio', 'transformers', 'pattern', 'AutoViz', 'Auto_ViML']"
10,10,PeerOf,class,345,Insufficient Verification of Data Authenticity,4,20,"['danswerai', 'DIGITS', 'open-webui', 'fastapi', 'bokeh', 'nalp', 'spammy', 'ViZDoom', 'langflow', 'PySyft', 'numpy', 'lightly', 'retro', 'ray', 'pydantic', 'pytensor', 'mlflow', 'pytorch', 'streamlit', 'feast', 'rasa', 'mindsdb', 'superset', 'gradio', 'transformers', 'pattern', 'AutoViz', 'Auto_ViML']"
11,11,CanPrecede,base,22,Improper Limitation of a Pathname to a Restricted Directory ('Path Traversal'),4,20,"['danswerai', 'DIGITS', 'open-webui', 'fastapi', 'bokeh', 'nalp', 'spammy', 'ViZDoom', 'langflow', 'PySyft', 'numpy', 'lightly', 'retro', 'ray', 'pydantic', 'pytensor', 'mlflow', 'pytorch', 'streamlit', 'feast', 'rasa', 'mindsdb', 'superset', 'gradio', 'transformers', 'pattern', 'AutoViz', 'Auto_ViML']"
12,12,CanPrecede,base,41,Improper Resolution of Path Equivalence,4,20,"['danswerai', 'DIGITS', 'open-webui', 'fastapi', 'bokeh', 'nalp', 'spammy', 'ViZDoom', 'langflow', 'PySyft', 'numpy', 'lightly', 'retro', 'ray', 'pydantic', 'pytensor', 'mlflow', 'pytorch', 'streamlit', 'feast', 'rasa', 'mindsdb', 'superset', 'gradio', 'transformers', 'pattern', 'AutoViz', 'Auto_ViML']"
13,13,CanPrecede,class,74,Improper Neutralization of Special Elements in Output Used by a Downstream Component ('Injection'),4,20,"['danswerai', 'DIGITS', 'open-webui', 'fastapi', 'bokeh', 'nalp', 'spammy', 'ViZDoom', 'langflow', 'PySyft', 'numpy', 'lightly', 'retro', 'ray', 'pydantic', 'pytensor', 'mlflow', 'pytorch', 'streamlit', 'feast', 'rasa', 'mindsdb', 'superset', 'gradio', 'transformers', 'pattern', 'AutoViz', 'Auto_ViML']"
14,14,CanPrecede,class,119,Improper Restriction of Operations within the Bounds of a Memory Buffer,4,20,"['danswerai', 'DIGITS', 'open-webui', 'fastapi', 'bokeh', 'nalp', 'spammy', 'ViZDoom', 'langflow', 'PySyft', 'numpy', 'lightly', 'retro', 'ray', 'pydantic', 'pytensor', 'mlflow', 'pytorch', 'streamlit', 'feast', 'rasa', 'mindsdb', 'superset', 'gradio', 'transformers', 'pattern', 'AutoViz', 'Auto_ViML']"
15,15,CanPrecede,base,770,Allocation of Resources Without Limits or Throttling,4,20,"['danswerai', 'DIGITS', 'open-webui', 'fastapi', 'bokeh', 'nalp', 'spammy', 'ViZDoom', 'langflow', 'PySyft', 'numpy', 'lightly', 'retro', 'ray', 'pydantic', 'pytensor', 'mlflow', 'pytorch', 'streamlit', 'feast', 'rasa', 'mindsdb', 'superset', 'gradio', 'transformers', 'pattern', 'AutoViz', 'Auto_ViML']"
16,16,MemberOf,view,1003,Weaknesses for Simplified Mapping of Published Vulnerabilities,4,20,"['danswerai', 'DIGITS', 'open-webui', 'fastapi', 'bokeh', 'nalp', 'spammy', 'ViZDoom', 'langflow', 'PySyft', 'numpy', 'lightly', 'retro', 'ray', 'pydantic', 'pytensor', 'mlflow', 'pytorch', 'streamlit', 'feast', 'rasa', 'mindsdb', 'superset', 'gradio', 'transformers', 'pattern', 'AutoViz', 'Auto_ViML']"
17,17,ParentOf,variant,129,Improper Validation of Array Index,4,20,"['danswerai', 'DIGITS', 'open-webui', 'fastapi', 'bokeh', 'nalp', 'spammy', 'ViZDoom', 'langflow', 'PySyft', 'numpy', 'lightly', 'retro', 'ray', 'pydantic', 'pytensor', 'mlflow', 'pytorch', 'streamlit', 'feast', 'rasa', 'mindsdb', 'superset', 'gradio', 'transformers', 'pattern', 'AutoViz', 'Auto_ViML']"
18,18,ParentOf,base,1284,Improper Validation of Specified Quantity in Input,4,20,"['danswerai', 'DIGITS', 'open-webui', 'fastapi', 'bokeh', 'nalp', 'spammy', 'ViZDoom', 'langflow', 'PySyft', 'numpy', 'lightly', 'retro', 'ray', 'pydantic', 'pytensor', 'mlflow', 'pytorch', 'streamlit', 'feast', 'rasa', 'mindsdb', 'superset', 'gradio', 'transformers', 'pattern', 'AutoViz', 'Auto_ViML']"
19,19,MemberOf,category,1019,Validate Inputs,4,20,"['danswerai', 'DIGITS', 'open-webui', 'fastapi', 'bokeh', 'nalp', 'spammy', 'ViZDoom', 'langflow', 'PySyft', 'numpy', 'lightly', 'retro', 'ray', 'pydantic', 'pytensor', 'mlflow', 'pytorch', 'streamlit', 'feast', 'rasa', 'mindsdb', 'superset', 'gradio', 'transformers', 'pattern', 'AutoViz', 'Auto_ViML']"
20,20,ParentOf,base,15,External Control of System or Configuration Setting,4,20,"['danswerai', 'DIGITS', 'open-webui', 'fastapi', 'bokeh', 'nalp', 'spammy', 'ViZDoom', 'langflow', 'PySyft', 'numpy', 'lightly', 'retro', 'ray', 'pydantic', 'pytensor', 'mlflow', 'pytorch', 'streamlit', 'feast', 'rasa', 'mindsdb', 'superset', 'gradio', 'transformers', 'pattern', 'AutoViz', 'Auto_ViML']"
21,21,ParentOf,base,73,External Control of File Name or Path,4,20,"['danswerai', 'DIGITS', 'open-webui', 'fastapi', 'bokeh', 'nalp', 'spammy', 'ViZDoom', 'langflow', 'PySyft', 'numpy', 'lightly', 'retro', 'ray', 'pydantic', 'pytensor', 'mlflow', 'pytorch', 'streamlit', 'feast', 'rasa', 'mindsdb', 'superset', 'gradio', 'transformers', 'pattern', 'AutoViz', 'Auto_ViML']"
22,22,ParentOf,variant,102,Struts: Duplicate Validation Forms,4,20,"['danswerai', 'DIGITS', 'open-webui', 'fastapi', 'bokeh', 'nalp', 'spammy', 'ViZDoom', 'langflow', 'PySyft', 'numpy', 'lightly', 'retro', 'ray', 'pydantic', 'pytensor', 'mlflow', 'pytorch', 'streamlit', 'feast', 'rasa', 'mindsdb', 'superset', 'gradio', 'transformers', 'pattern', 'AutoViz', 'Auto_ViML']"
23,23,ParentOf,variant,103,Struts: Incomplete validate() Method Definition,4,20,"['danswerai', 'DIGITS', 'open-webui', 'fastapi', 'bokeh', 'nalp', 'spammy', 'ViZDoom', 'langflow', 'PySyft', 'numpy', 'lightly', 'retro', 'ray', 'pydantic', 'pytensor', 'mlflow', 'pytorch', 'streamlit', 'feast', 'rasa', 'mindsdb', 'superset', 'gradio', 'transformers', 'pattern', 'AutoViz', 'Auto_ViML']"
24,24,ParentOf,variant,104,Struts: Form Bean Does Not Extend Validation Class,4,20,"['danswerai', 'DIGITS', 'open-webui', 'fastapi', 'bokeh', 'nalp', 'spammy', 'ViZDoom', 'langflow', 'PySyft', 'numpy', 'lightly', 'retro', 'ray', 'pydantic', 'pytensor', 'mlflow', 'pytorch', 'streamlit', 'feast', 'rasa', 'mindsdb', 'superset', 'gradio', 'transformers', 'pattern', 'AutoViz', 'Auto_ViML']"
25,25,ParentOf,variant,105,Struts: Form Field Without Validator,4,20,"['danswerai', 'DIGITS', 'open-webui', 'fastapi', 'bokeh', 'nalp', 'spammy', 'ViZDoom', 'langflow', 'PySyft', 'numpy', 'lightly', 'retro', 'ray', 'pydantic', 'pytensor', 'mlflow', 'pytorch', 'streamlit', 'feast', 'rasa', 'mindsdb', 'superset', 'gradio', 'transformers', 'pattern', 'AutoViz', 'Auto_ViML']"
26,26,ParentOf,variant,106,Struts: Plug-in Framework not in Use,4,20,"['danswerai', 'DIGITS', 'open-webui', 'fastapi', 'bokeh', 'nalp', 'spammy', 'ViZDoom', 'langflow', 'PySyft', 'numpy', 'lightly', 'retro', 'ray', 'pydantic', 'pytensor', 'mlflow', 'pytorch', 'streamlit', 'feast', 'rasa', 'mindsdb', 'superset', 'gradio', 'transformers', 'pattern', 'AutoViz', 'Auto_ViML']"
27,27,ParentOf,variant,107,Struts: Unused Validation Form,4,20,"['danswerai', 'DIGITS', 'open-webui', 'fastapi', 'bokeh', 'nalp', 'spammy', 'ViZDoom', 'langflow', 'PySyft', 'numpy', 'lightly', 'retro', 'ray', 'pydantic', 'pytensor', 'mlflow', 'pytorch', 'streamlit', 'feast', 'rasa', 'mindsdb', 'superset', 'gradio', 'transformers', 'pattern', 'AutoViz', 'Auto_ViML']"
28,28,ParentOf,variant,108,Struts: Unvalidated Action Form,4,20,"['danswerai', 'DIGITS', 'open-webui', 'fastapi', 'bokeh', 'nalp', 'spammy', 'ViZDoom', 'langflow', 'PySyft', 'numpy', 'lightly', 'retro', 'ray', 'pydantic', 'pytensor', 'mlflow', 'pytorch', 'streamlit', 'feast', 'rasa', 'mindsdb', 'superset', 'gradio', 'transformers', 'pattern', 'AutoViz', 'Auto_ViML']"
29,29,ParentOf,variant,109,Struts: Validator Turned Off,4,20,"['danswerai', 'DIGITS', 'open-webui', 'fastapi', 'bokeh', 'nalp', 'spammy', 'ViZDoom', 'langflow', 'PySyft', 'numpy', 'lightly', 'retro', 'ray', 'pydantic', 'pytensor', 'mlflow', 'pytorch', 'streamlit', 'feast', 'rasa', 'mindsdb', 'superset', 'gradio', 'transformers', 'pattern', 'AutoViz', 'Auto_ViML']"
30,30,ParentOf,variant,110,Struts: Validator Without Form Field,4,20,"['danswerai', 'DIGITS', 'open-webui', 'fastapi', 'bokeh', 'nalp', 'spammy', 'ViZDoom', 'langflow', 'PySyft', 'numpy', 'lightly', 'retro', 'ray', 'pydantic', 'pytensor', 'mlflow', 'pytorch', 'streamlit', 'feast', 'rasa', 'mindsdb', 'superset', 'gradio', 'transformers', 'pattern', 'AutoViz', 'Auto_ViML']"
31,31,ParentOf,variant,111,Direct Use of Unsafe JNI,4,20,"['danswerai', 'DIGITS', 'open-webui', 'fastapi', 'bokeh', 'nalp', 'spammy', 'ViZDoom', 'langflow', 'PySyft', 'numpy', 'lightly', 'retro', 'ray', 'pydantic', 'pytensor', 'mlflow', 'pytorch', 'streamlit', 'feast', 'rasa', 'mindsdb', 'superset', 'gradio', 'transformers', 'pattern', 'AutoViz', 'Auto_ViML']"
32,32,ParentOf,base,112,Missing XML Validation,4,20,"['danswerai', 'DIGITS', 'open-webui', 'fastapi', 'bokeh', 'nalp', 'spammy', 'ViZDoom', 'langflow', 'PySyft', 'numpy', 'lightly', 'retro', 'ray', 'pydantic', 'pytensor', 'mlflow', 'pytorch', 'streamlit', 'feast', 'rasa', 'mindsdb', 'superset', 'gradio', 'transformers', 'pattern', 'AutoViz', 'Auto_ViML']"
33,33,ParentOf,variant,113,Improper Neutralization of CRLF Sequences in HTTP Headers ('HTTP Request/Response Splitting'),4,20,"['danswerai', 'DIGITS', 'open-webui', 'fastapi', 'bokeh', 'nalp', 'spammy', 'ViZDoom', 'langflow', 'PySyft', 'numpy', 'lightly', 'retro', 'ray', 'pydantic', 'pytensor', 'mlflow', 'pytorch', 'streamlit', 'feast', 'rasa', 'mindsdb', 'superset', 'gradio', 'transformers', 'pattern', 'AutoViz', 'Auto_ViML']"
34,34,ParentOf,class,114,Process Control,4,20,"['danswerai', 'DIGITS', 'open-webui', 'fastapi', 'bokeh', 'nalp', 'spammy', 'ViZDoom', 'langflow', 'PySyft', 'numpy', 'lightly', 'retro', 'ray', 'pydantic', 'pytensor', 'mlflow', 'pytorch', 'streamlit', 'feast', 'rasa', 'mindsdb', 'superset', 'gradio', 'transformers', 'pattern', 'AutoViz', 'Auto_ViML']"
35,35,ParentOf,base,117,Improper Output Neutralization for Logs,4,20,"['danswerai', 'DIGITS', 'open-webui', 'fastapi', 'bokeh', 'nalp', 'spammy', 'ViZDoom', 'langflow', 'PySyft', 'numpy', 'lightly', 'retro', 'ray', 'pydantic', 'pytensor', 'mlflow', 'pytorch', 'streamlit', 'feast', 'rasa', 'mindsdb', 'superset', 'gradio', 'transformers', 'pattern', 'AutoViz', 'Auto_ViML']"
36,36,ParentOf,class,119,Improper Restriction of Operations within the Bounds of a Memory Buffer,4,20,"['danswerai', 'DIGITS', 'open-webui', 'fastapi', 'bokeh', 'nalp', 'spammy', 'ViZDoom', 'langflow', 'PySyft', 'numpy', 'lightly', 'retro', 'ray', 'pydantic', 'pytensor', 'mlflow', 'pytorch', 'streamlit', 'feast', 'rasa', 'mindsdb', 'superset', 'gradio', 'transformers', 'pattern', 'AutoViz', 'Auto_ViML']"
37,37,ParentOf,base,120,Buffer Copy without Checking Size of Input ('Classic Buffer Overflow'),4,20,"['danswerai', 'DIGITS', 'open-webui', 'fastapi', 'bokeh', 'nalp', 'spammy', 'ViZDoom', 'langflow', 'PySyft', 'numpy', 'lightly', 'retro', 'ray', 'pydantic', 'pytensor', 'mlflow', 'pytorch', 'streamlit', 'feast', 'rasa', 'mindsdb', 'superset', 'gradio', 'transformers', 'pattern', 'AutoViz', 'Auto_ViML']"
38,38,ParentOf,base,134,Use of Externally-Controlled Format String,4,20,"['danswerai', 'DIGITS', 'open-webui', 'fastapi', 'bokeh', 'nalp', 'spammy', 'ViZDoom', 'langflow', 'PySyft', 'numpy', 'lightly', 'retro', 'ray', 'pydantic', 'pytensor', 'mlflow', 'pytorch', 'streamlit', 'feast', 'rasa', 'mindsdb', 'superset', 'gradio', 'transformers', 'pattern', 'AutoViz', 'Auto_ViML']"
39,39,ParentOf,base,170,Improper Null Termination,4,20,"['danswerai', 'DIGITS', 'open-webui', 'fastapi', 'bokeh', 'nalp', 'spammy', 'ViZDoom', 'langflow', 'PySyft', 'numpy', 'lightly', 'retro', 'ray', 'pydantic', 'pytensor', 'mlflow', 'pytorch', 'streamlit', 'feast', 'rasa', 'mindsdb', 'superset', 'gradio', 'transformers', 'pattern', 'AutoViz', 'Auto_ViML']"
40,40,ParentOf,base,190,Integer Overflow or Wraparound,4,20,"['danswerai', 'DIGITS', 'open-webui', 'fastapi', 'bokeh', 'nalp', 'spammy', 'ViZDoom', 'langflow', 'PySyft', 'numpy', 'lightly', 'retro', 'ray', 'pydantic', 'pytensor', 'mlflow', 'pytorch', 'streamlit', 'feast', 'rasa', 'mindsdb', 'superset', 'gradio', 'transformers', 'pattern', 'AutoViz', 'Auto_ViML']"
41,41,ParentOf,base,466,Return of Pointer Value Outside of Expected Range,4,20,"['danswerai', 'DIGITS', 'open-webui', 'fastapi', 'bokeh', 'nalp', 'spammy', 'ViZDoom', 'langflow', 'PySyft', 'numpy', 'lightly', 'retro', 'ray', 'pydantic', 'pytensor', 'mlflow', 'pytorch', 'streamlit', 'feast', 'rasa', 'mindsdb', 'superset', 'gradio', 'transformers', 'pattern', 'AutoViz', 'Auto_ViML']"
42,42,ParentOf,base,470,Use of Externally-Controlled Input to Select Classes or Code ('Unsafe Reflection'),4,20,"['danswerai', 'DIGITS', 'open-webui', 'fastapi', 'bokeh', 'nalp', 'spammy', 'ViZDoom', 'langflow', 'PySyft', 'numpy', 'lightly', 'retro', 'ray', 'pydantic', 'pytensor', 'mlflow', 'pytorch', 'streamlit', 'feast', 'rasa', 'mindsdb', 'superset', 'gradio', 'transformers', 'pattern', 'AutoViz', 'Auto_ViML']"
43,43,ParentOf,variant,785,Use of Path Manipulation Function without Maximum-sized Buffer,4,20,"['danswerai', 'DIGITS', 'open-webui', 'fastapi', 'bokeh', 'nalp', 'spammy', 'ViZDoom', 'langflow', 'PySyft', 'numpy', 'lightly', 'retro', 'ray', 'pydantic', 'pytensor', 'mlflow', 'pytorch', 'streamlit', 'feast', 'rasa', 'mindsdb', 'superset', 'gradio', 'transformers', 'pattern', 'AutoViz', 'Auto_ViML']"
44,44,MemberOf,view,635,Weaknesses Originally Used by NVD from 2008 to 2016,4,20,"['danswerai', 'DIGITS', 'open-webui', 'fastapi', 'bokeh', 'nalp', 'spammy', 'ViZDoom', 'langflow', 'PySyft', 'numpy', 'lightly', 'retro', 'ray', 'pydantic', 'pytensor', 'mlflow', 'pytorch', 'streamlit', 'feast', 'rasa', 'mindsdb', 'superset', 'gradio', 'transformers', 'pattern', 'AutoViz', 'Auto_ViML']"
45,45,MemberOf,category,722,OWASP Top Ten 2004 Category A1 - Unvalidated Input,4,20,"['danswerai', 'DIGITS', 'open-webui', 'fastapi', 'bokeh', 'nalp', 'spammy', 'ViZDoom', 'langflow', 'PySyft', 'numpy', 'lightly', 'retro', 'ray', 'pydantic', 'pytensor', 'mlflow', 'pytorch', 'streamlit', 'feast', 'rasa', 'mindsdb', 'superset', 'gradio', 'transformers', 'pattern', 'AutoViz', 'Auto_ViML']"
46,46,MemberOf,category,738,CERT C Secure Coding Standard (2008) Chapter 5 - Integers (INT),4,20,"['danswerai', 'DIGITS', 'open-webui', 'fastapi', 'bokeh', 'nalp', 'spammy', 'ViZDoom', 'langflow', 'PySyft', 'numpy', 'lightly', 'retro', 'ray', 'pydantic', 'pytensor', 'mlflow', 'pytorch', 'streamlit', 'feast', 'rasa', 'mindsdb', 'superset', 'gradio', 'transformers', 'pattern', 'AutoViz', 'Auto_ViML']"
47,47,MemberOf,category,742,CERT C Secure Coding Standard (2008) Chapter 9 - Memory Management (MEM),4,20,"['danswerai', 'DIGITS', 'open-webui', 'fastapi', 'bokeh', 'nalp', 'spammy', 'ViZDoom', 'langflow', 'PySyft', 'numpy', 'lightly', 'retro', 'ray', 'pydantic', 'pytensor', 'mlflow', 'pytorch', 'streamlit', 'feast', 'rasa', 'mindsdb', 'superset', 'gradio', 'transformers', 'pattern', 'AutoViz', 'Auto_ViML']"
48,48,MemberOf,category,746,CERT C Secure Coding Standard (2008) Chapter 13 - Error Handling (ERR),4,20,"['danswerai', 'DIGITS', 'open-webui', 'fastapi', 'bokeh', 'nalp', 'spammy', 'ViZDoom', 'langflow', 'PySyft', 'numpy', 'lightly', 'retro', 'ray', 'pydantic', 'pytensor', 'mlflow', 'pytorch', 'streamlit', 'feast', 'rasa', 'mindsdb', 'superset', 'gradio', 'transformers', 'pattern', 'AutoViz', 'Auto_ViML']"
49,49,MemberOf,category,747,CERT C Secure Coding Standard (2008) Chapter 14 - Miscellaneous (MSC),4,20,"['danswerai', 'DIGITS', 'open-webui', 'fastapi', 'bokeh', 'nalp', 'spammy', 'ViZDoom', 'langflow', 'PySyft', 'numpy', 'lightly', 'retro', 'ray', 'pydantic', 'pytensor', 'mlflow', 'pytorch', 'streamlit', 'feast', 'rasa', 'mindsdb', 'superset', 'gradio', 'transformers', 'pattern', 'AutoViz', 'Auto_ViML']"
50,50,MemberOf,category,751,2009 Top 25 - Insecure Interaction Between Components,4,20,"['danswerai', 'DIGITS', 'open-webui', 'fastapi', 'bokeh', 'nalp', 'spammy', 'ViZDoom', 'langflow', 'PySyft', 'numpy', 'lightly', 'retro', 'ray', 'pydantic', 'pytensor', 'mlflow', 'pytorch', 'streamlit', 'feast', 'rasa', 'mindsdb', 'superset', 'gradio', 'transformers', 'pattern', 'AutoViz', 'Auto_ViML']"
51,51,MemberOf,category,872,CERT C++ Secure Coding Section 04 - Integers (INT),4,20,"['danswerai', 'DIGITS', 'open-webui', 'fastapi', 'bokeh', 'nalp', 'spammy', 'ViZDoom', 'langflow', 'PySyft', 'numpy', 'lightly', 'retro', 'ray', 'pydantic', 'pytensor', 'mlflow', 'pytorch', 'streamlit', 'feast', 'rasa', 'mindsdb', 'superset', 'gradio', 'transformers', 'pattern', 'AutoViz', 'Auto_ViML']"
52,52,MemberOf,category,876,CERT C++ Secure Coding Section 08 - Memory Management (MEM),4,20,"['danswerai', 'DIGITS', 'open-webui', 'fastapi', 'bokeh', 'nalp', 'spammy', 'ViZDoom', 'langflow', 'PySyft', 'numpy', 'lightly', 'retro', 'ray', 'pydantic', 'pytensor', 'mlflow', 'pytorch', 'streamlit', 'feast', 'rasa', 'mindsdb', 'superset', 'gradio', 'transformers', 'pattern', 'AutoViz', 'Auto_ViML']"
53,53,MemberOf,category,883,CERT C++ Secure Coding Section 49 - Miscellaneous (MSC),4,20,"['danswerai', 'DIGITS', 'open-webui', 'fastapi', 'bokeh', 'nalp', 'spammy', 'ViZDoom', 'langflow', 'PySyft', 'numpy', 'lightly', 'retro', 'ray', 'pydantic', 'pytensor', 'mlflow', 'pytorch', 'streamlit', 'feast', 'rasa', 'mindsdb', 'superset', 'gradio', 'transformers', 'pattern', 'AutoViz', 'Auto_ViML']"
54,54,MemberOf,category,994,SFP Secondary Cluster: Tainted Input to Variable,4,20,"['danswerai', 'DIGITS', 'open-webui', 'fastapi', 'bokeh', 'nalp', 'spammy', 'ViZDoom', 'langflow', 'PySyft', 'numpy', 'lightly', 'retro', 'ray', 'pydantic', 'pytensor', 'mlflow', 'pytorch', 'streamlit', 'feast', 'rasa', 'mindsdb', 'superset', 'gradio', 'transformers', 'pattern', 'AutoViz', 'Auto_ViML']"
55,55,MemberOf,category,1005,7PK - Input Validation and Representation,4,20,"['danswerai', 'DIGITS', 'open-webui', 'fastapi', 'bokeh', 'nalp', 'spammy', 'ViZDoom', 'langflow', 'PySyft', 'numpy', 'lightly', 'retro', 'ray', 'pydantic', 'pytensor', 'mlflow', 'pytorch', 'streamlit', 'feast', 'rasa', 'mindsdb', 'superset', 'gradio', 'transformers', 'pattern', 'AutoViz', 'Auto_ViML']"
56,56,MemberOf,category,1163,SEI CERT C Coding Standard - Guidelines 09. Input Output (FIO),4,20,"['danswerai', 'DIGITS', 'open-webui', 'fastapi', 'bokeh', 'nalp', 'spammy', 'ViZDoom', 'langflow', 'PySyft', 'numpy', 'lightly', 'retro', 'ray', 'pydantic', 'pytensor', 'mlflow', 'pytorch', 'streamlit', 'feast', 'rasa', 'mindsdb', 'superset', 'gradio', 'transformers', 'pattern', 'AutoViz', 'Auto_ViML']"
57,57,MemberOf,view,1200,Weaknesses in the 2019 CWE Top 25 Most Dangerous Software Errors,4,20,"['danswerai', 'DIGITS', 'open-webui', 'fastapi', 'bokeh', 'nalp', 'spammy', 'ViZDoom', 'langflow', 'PySyft', 'numpy', 'lightly', 'retro', 'ray', 'pydantic', 'pytensor', 'mlflow', 'pytorch', 'streamlit', 'feast', 'rasa', 'mindsdb', 'superset', 'gradio', 'transformers', 'pattern', 'AutoViz', 'Auto_ViML']"
58,58,MemberOf,view,1337,Weaknesses in the 2021 CWE Top 25 Most Dangerous Software Weaknesses,4,20,"['danswerai', 'DIGITS', 'open-webui', 'fastapi', 'bokeh', 'nalp', 'spammy', 'ViZDoom', 'langflow', 'PySyft', 'numpy', 'lightly', 'retro', 'ray', 'pydantic', 'pytensor', 'mlflow', 'pytorch', 'streamlit', 'feast', 'rasa', 'mindsdb', 'superset', 'gradio', 'transformers', 'pattern', 'AutoViz', 'Auto_ViML']"
59,59,MemberOf,category,1347,OWASP Top Ten 2021 Category A03:2021 - Injection,4,20,"['danswerai', 'DIGITS', 'open-webui', 'fastapi', 'bokeh', 'nalp', 'spammy', 'ViZDoom', 'langflow', 'PySyft', 'numpy', 'lightly', 'retro', 'ray', 'pydantic', 'pytensor', 'mlflow', 'pytorch', 'streamlit', 'feast', 'rasa', 'mindsdb', 'superset', 'gradio', 'transformers', 'pattern', 'AutoViz', 'Auto_ViML']"
60,60,MemberOf,view,1350,Weaknesses in the 2020 CWE Top 25 Most Dangerous Software Weaknesses,4,20,"['danswerai', 'DIGITS', 'open-webui', 'fastapi', 'bokeh', 'nalp', 'spammy', 'ViZDoom', 'langflow', 'PySyft', 'numpy', 'lightly', 'retro', 'ray', 'pydantic', 'pytensor', 'mlflow', 'pytorch', 'streamlit', 'feast', 'rasa', 'mindsdb', 'superset', 'gradio', 'transformers', 'pattern', 'AutoViz', 'Auto_ViML']"
61,61,MemberOf,category,1382,ICS Operations (& Maintenance): Emerging Energy Technologies,4,20,"['danswerai', 'DIGITS', 'open-webui', 'fastapi', 'bokeh', 'nalp', 'spammy', 'ViZDoom', 'langflow', 'PySyft', 'numpy', 'lightly', 'retro', 'ray', 'pydantic', 'pytensor', 'mlflow', 'pytorch', 'streamlit', 'feast', 'rasa', 'mindsdb', 'superset', 'gradio', 'transformers', 'pattern', 'AutoViz', 'Auto_ViML']"
62,62,MemberOf,view,1387,Weaknesses in the 2022 CWE Top 25 Most Dangerous Software Weaknesses,4,20,"['danswerai', 'DIGITS', 'open-webui', 'fastapi', 'bokeh', 'nalp', 'spammy', 'ViZDoom', 'langflow', 'PySyft', 'numpy', 'lightly', 'retro', 'ray', 'pydantic', 'pytensor', 'mlflow', 'pytorch', 'streamlit', 'feast', 'rasa', 'mindsdb', 'superset', 'gradio', 'transformers', 'pattern', 'AutoViz', 'Auto_ViML']"
63,63,MemberOf,category,1406,Comprehensive Categorization: Improper Input Validation,4,20,"['danswerai', 'DIGITS', 'open-webui', 'fastapi', 'bokeh', 'nalp', 'spammy', 'ViZDoom', 'langflow', 'PySyft', 'numpy', 'lightly', 'retro', 'ray', 'pydantic', 'pytensor', 'mlflow', 'pytorch', 'streamlit', 'feast', 'rasa', 'mindsdb', 'superset', 'gradio', 'transformers', 'pattern', 'AutoViz', 'Auto_ViML']"
64,64,MemberOf,view,1425,Weaknesses in the 2023 CWE Top 25 Most Dangerous Software Weaknesses,4,20,"['danswerai', 'DIGITS', 'open-webui', 'fastapi', 'bokeh', 'nalp', 'spammy', 'ViZDoom', 'langflow', 'PySyft', 'numpy', 'lightly', 'retro', 'ray', 'pydantic', 'pytensor', 'mlflow', 'pytorch', 'streamlit', 'feast', 'rasa', 'mindsdb', 'superset', 'gradio', 'transformers', 'pattern', 'AutoViz', 'Auto_ViML']"
65,65,MemberOf,view,1430,Weaknesses in the 2024 CWE Top 25 Most Dangerous Software Weaknesses,4,20,"['danswerai', 'DIGITS', 'open-webui', 'fastapi', 'bokeh', 'nalp', 'spammy', 'ViZDoom', 'langflow', 'PySyft', 'numpy', 'lightly', 'retro', 'ray', 'pydantic', 'pytensor', 'mlflow', 'pytorch', 'streamlit', 'feast', 'rasa', 'mindsdb', 'superset', 'gradio', 'transformers', 'pattern', 'AutoViz', 'Auto_ViML']"
66,66,MemberOf,view,1435,Weaknesses in the 2025 CWE Top 25 Most Dangerous Software Weaknesses,4,20,"['danswerai', 'DIGITS', 'open-webui', 'fastapi', 'bokeh', 'nalp', 'spammy', 'ViZDoom', 'langflow', 'PySyft', 'numpy', 'lightly', 'retro', 'ray', 'pydantic', 'pytensor', 'mlflow', 'pytorch', 'streamlit', 'feast', 'rasa', 'mindsdb', 'superset', 'gradio', 'transformers', 'pattern', 'AutoViz', 'Auto_ViML']"
67,67,MemberOf,category,1440,OWASP Top Ten 2025 Category A05:2025 - Injection,4,20,"['danswerai', 'DIGITS', 'open-webui', 'fastapi', 'bokeh', 'nalp', 'spammy', 'ViZDoom', 'langflow', 'PySyft', 'numpy', 'lightly', 'retro', 'ray', 'pydantic', 'pytensor', 'mlflow', 'pytorch', 'streamlit', 'feast', 'rasa', 'mindsdb', 'superset', 'gradio', 'transformers', 'pattern', 'AutoViz', 'Auto_ViML']"
68,68,Self,class,20,,4,20,"['danswerai', 'DIGITS', 'open-webui', 'fastapi', 'bokeh', 'nalp', 'spammy', 'ViZDoom', 'langflow', 'PySyft', 'numpy', 'lightly', 'retro', 'ray', 'pydantic', 'pytensor', 'mlflow', 'pytorch', 'streamlit', 'feast', 'rasa', 'mindsdb', 'superset', 'gradio', 'transformers', 'pattern', 'AutoViz', 'Auto_ViML']"
69,0,ChildOf,pillar,707,Improper Neutralization,34,20,"['danswerai', 'DIGITS', 'open-webui', 'fastapi', 'bokeh', 'nalp', 'spammy', 'ViZDoom', 'langflow', 'PySyft', 'numpy', 'lightly', 'retro', 'ray', 'pydantic', 'pytensor', 'mlflow', 'pytorch', 'streamlit', 'feast', 'rasa', 'mindsdb', 'superset', 'gradio', 'transformers', 'pattern', 'AutoViz', 'Auto_ViML']"
70,1,ParentOf,base,179,Incorrect Behavior Order: Early Validation,34,20,"['danswerai', 'DIGITS', 'open-webui', 'fastapi', 'bokeh', 'nalp', 'spammy', 'ViZDoom', 'langflow', 'PySyft', 'numpy', 'lightly', 'retro', 'ray', 'pydantic', 'pytensor', 'mlflow', 'pytorch', 'streamlit', 'feast', 'rasa', 'mindsdb', 'superset', 'gradio', 'transformers', 'pattern', 'AutoViz', 'Auto_ViML']"
71,2,ParentOf,variant,622,Improper Validation of Function Hook Arguments,34,20,"['danswerai', 'DIGITS', 'open-webui', 'fastapi', 'bokeh', 'nalp', 'spammy', 'ViZDoom', 'langflow', 'PySyft', 'numpy', 'lightly', 'retro', 'ray', 'pydantic', 'pytensor', 'mlflow', 'pytorch', 'streamlit', 'feast', 'rasa', 'mindsdb', 'superset', 'gradio', 'transformers', 'pattern', 'AutoViz', 'Auto_ViML']"
72,3,ParentOf,base,1173,Improper Use of Validation Framework,34,20,"['danswerai', 'DIGITS', 'open-webui', 'fastapi', 'bokeh', 'nalp', 'spammy', 'ViZDoom', 'langflow', 'PySyft', 'numpy', 'lightly', 'retro', 'ray', 'pydantic', 'pytensor', 'mlflow', 'pytorch', 'streamlit', 'feast', 'rasa', 'mindsdb', 'superset', 'gradio', 'transformers', 'pattern', 'AutoViz', 'Auto_ViML']"
73,4,ParentOf,base,1284,Improper Validation of Specified Quantity in Input,34,20,"['danswerai', 'DIGITS', 'open-webui', 'fastapi', 'bokeh', 'nalp', 'spammy', 'ViZDoom', 'langflow', 'PySyft', 'numpy', 'lightly', 'retro', 'ray', 'pydantic', 'pytensor', 'mlflow', 'pytorch', 'streamlit', 'feast', 'rasa', 'mindsdb', 'superset', 'gradio', 'transformers', 'pattern', 'AutoViz', 'Auto_ViML']"
74,5,ParentOf,base,1285,"Improper Validation of Specified Index, Position, or Offset in Input",34,20,"['danswerai', 'DIGITS', 'open-webui', 'fastapi', 'bokeh', 'nalp', 'spammy', 'ViZDoom', 'langflow', 'PySyft', 'numpy', 'lightly', 'retro', 'ray', 'pydantic', 'pytensor', 'mlflow', 'pytorch', 'streamlit', 'feast', 'rasa', 'mindsdb', 'superset', 'gradio', 'transformers', 'pattern', 'AutoViz', 'Auto_ViML']"
75,6,ParentOf,base,1286,Improper Validation of Syntactic Correctness of Input,34,20,"['danswerai', 'DIGITS', 'open-webui', 'fastapi', 'bokeh', 'nalp', 'spammy', 'ViZDoom', 'langflow', 'PySyft', 'numpy', 'lightly', 'retro', 'ray', 'pydantic', 'pytensor', 'mlflow', 'pytorch', 'streamlit', 'feast', 'rasa', 'mindsdb', 'superset', 'gradio', 'transformers', 'pattern', 'AutoViz', 'Auto_ViML']"
76,7,ParentOf,base,1287,Improper Validation of Specified Type of Input,34,20,"['danswerai', 'DIGITS', 'open-webui', 'fastapi', 'bokeh', 'nalp', 'spammy', 'ViZDoom', 'langflow', 'PySyft', 'numpy', 'lightly', 'retro', 'ray', 'pydantic', 'pytensor', 'mlflow', 'pytorch', 'streamlit', 'feast', 'rasa', 'mindsdb', 'superset', 'gradio', 'transformers', 'pattern', 'AutoViz', 'Auto_ViML']"
77,8,ParentOf,base,1288,Improper Validation of Consistency within Input,34,20,"['danswerai', 'DIGITS', 'open-webui', 'fastapi', 'bokeh', 'nalp', 'spammy', 'ViZDoom', 'langflow', 'PySyft', 'numpy', 'lightly', 'retro', 'ray', 'pydantic', 'pytensor', 'mlflow', 'pytorch', 'streamlit', 'feast', 'rasa', 'mindsdb', 'superset', 'gradio', 'transformers', 'pattern', 'AutoViz', 'Auto_ViML']"
78,9,ParentOf,base,1289,Improper Validation of Unsafe Equivalence in Input,34,20,"['danswerai', 'DIGITS', 'open-webui', 'fastapi', 'bokeh', 'nalp', 'spammy', 'ViZDoom', 'langflow', 'PySyft', 'numpy', 'lightly', 'retro', 'ray', 'pydantic', 'pytensor', 'mlflow', 'pytorch', 'streamlit', 'feast', 'rasa', 'mindsdb', 'superset', 'gradio', 'transformers', 'pattern', 'AutoViz', 'Auto_ViML']"
79,10,PeerOf,class,345,Insufficient Verification of Data Authenticity,34,20,"['danswerai', 'DIGITS', 'open-webui', 'fastapi', 'bokeh', 'nalp', 'spammy', 'ViZDoom', 'langflow', 'PySyft', 'numpy', 'lightly', 'retro', 'ray', 'pydantic', 'pytensor', 'mlflow', 'pytorch', 'streamlit', 'feast', 'rasa', 'mindsdb', 'superset', 'gradio', 'transformers', 'pattern', 'AutoViz', 'Auto_ViML']"
80,11,CanPrecede,base,22,Improper Limitation of a Pathname to a Restricted Directory ('Path Traversal'),34,20,"['danswerai', 'DIGITS', 'open-webui', 'fastapi', 'bokeh', 'nalp', 'spammy', 'ViZDoom', 'langflow', 'PySyft', 'numpy', 'lightly', 'retro', 'ray', 'pydantic', 'pytensor', 'mlflow', 'pytorch', 'streamlit', 'feast', 'rasa', 'mindsdb', 'superset', 'gradio', 'transformers', 'pattern', 'AutoViz', 'Auto_ViML']"
81,12,CanPrecede,base,41,Improper Resolution of Path Equivalence,34,20,"['danswerai', 'DIGITS', 'open-webui', 'fastapi', 'bokeh', 'nalp', 'spammy', 'ViZDoom', 'langflow', 'PySyft', 'numpy', 'lightly', 'retro', 'ray', 'pydantic', 'pytensor', 'mlflow', 'pytorch', 'streamlit', 'feast', 'rasa', 'mindsdb', 'superset', 'gradio', 'transformers', 'pattern', 'AutoViz', 'Auto_ViML']"
82,13,CanPrecede,class,74,Improper Neutralization of Special Elements in Output Used by a Downstream Component ('Injection'),34,20,"['danswerai', 'DIGITS', 'open-webui', 'fastapi', 'bokeh', 'nalp', 'spammy', 'ViZDoom', 'langflow', 'PySyft', 'numpy', 'lightly', 'retro', 'ray', 'pydantic', 'pytensor', 'mlflow', 'pytorch', 'streamlit', 'feast', 'rasa', 'mindsdb', 'superset', 'gradio', 'transformers', 'pattern', 'AutoViz', 'Auto_ViML']"
83,14,CanPrecede,class,119,Improper Restriction of Operations within the Bounds of a Memory Buffer,34,20,"['danswerai', 'DIGITS', 'open-webui', 'fastapi', 'bokeh', 'nalp', 'spammy', 'ViZDoom', 'langflow', 'PySyft', 'numpy', 'lightly', 'retro', 'ray', 'pydantic', 'pytensor', 'mlflow', 'pytorch', 'streamlit', 'feast', 'rasa', 'mindsdb', 'superset', 'gradio', 'transformers', 'pattern', 'AutoViz', 'Auto_ViML']"
84,15,CanPrecede,base,770,Allocation of Resources Without Limits or Throttling,34,20,"['danswerai', 'DIGITS', 'open-webui', 'fastapi', 'bokeh', 'nalp', 'spammy', 'ViZDoom', 'langflow', 'PySyft', 'numpy', 'lightly', 'retro', 'ray', 'pydantic', 'pytensor', 'mlflow', 'pytorch', 'streamlit', 'feast', 'rasa', 'mindsdb', 'superset', 'gradio', 'transformers', 'pattern', 'AutoViz', 'Auto_ViML']"
85,16,MemberOf,view,1003,Weaknesses for Simplified Mapping of Published Vulnerabilities,34,20,"['danswerai', 'DIGITS', 'open-webui', 'fastapi', 'bokeh', 'nalp', 'spammy', 'ViZDoom', 'langflow', 'PySyft', 'numpy', 'lightly', 'retro', 'ray', 'pydantic', 'pytensor', 'mlflow', 'pytorch', 'streamlit', 'feast', 'rasa', 'mindsdb', 'superset', 'gradio', 'transformers', 'pattern', 'AutoViz', 'Auto_ViML']"
86,17,ParentOf,variant,129,Improper Validation of Array Index,34,20,"['danswerai', 'DIGITS', 'open-webui', 'fastapi', 'bokeh', 'nalp', 'spammy', 'ViZDoom', 'langflow', 'PySyft', 'numpy', 'lightly', 'retro', 'ray', 'pydantic', 'pytensor', 'mlflow', 'pytorch', 'streamlit', 'feast', 'rasa', 'mindsdb', 'superset', 'gradio', 'transformers', 'pattern', 'AutoViz', 'Auto_ViML']"
87,18,ParentOf,base,1284,Improper Validation of Specified Quantity in Input,34,20,"['danswerai', 'DIGITS', 'open-webui', 'fastapi', 'bokeh', 'nalp', 'spammy', 'ViZDoom', 'langflow', 'PySyft', 'numpy', 'lightly', 'retro', 'ray', 'pydantic', 'pytensor', 'mlflow', 'pytorch', 'streamlit', 'feast', 'rasa', 'mindsdb', 'superset', 'gradio', 'transformers', 'pattern', 'AutoViz', 'Auto_ViML']"
88,19,MemberOf,category,1019,Validate Inputs,34,20,"['danswerai', 'DIGITS', 'open-webui', 'fastapi', 'bokeh', 'nalp', 'spammy', 'ViZDoom', 'langflow', 'PySyft', 'numpy', 'lightly', 'retro', 'ray', 'pydantic', 'pytensor', 'mlflow', 'pytorch', 'streamlit', 'feast', 'rasa', 'mindsdb', 'superset', 'gradio', 'transformers', 'pattern', 'AutoViz', 'Auto_ViML']"
89,20,ParentOf,base,15,External Control of System or Configuration Setting,34,20,"['danswerai', 'DIGITS', 'open-webui', 'fastapi', 'bokeh', 'nalp', 'spammy', 'ViZDoom', 'langflow', 'PySyft', 'numpy', 'lightly', 'retro', 'ray', 'pydantic', 'pytensor', 'mlflow', 'pytorch', 'streamlit', 'feast', 'rasa', 'mindsdb', 'superset', 'gradio', 'transformers', 'pattern', 'AutoViz', 'Auto_ViML']"
90,21,ParentOf,base,73,External Control of File Name or Path,34,20,"['danswerai', 'DIGITS', 'open-webui', 'fastapi', 'bokeh', 'nalp', 'spammy', 'ViZDoom', 'langflow', 'PySyft', 'numpy', 'lightly', 'retro', 'ray', 'pydantic', 'pytensor', 'mlflow', 'pytorch', 'streamlit', 'feast', 'rasa', 'mindsdb', 'superset', 'gradio', 'transformers', 'pattern', 'AutoViz', 'Auto_ViML']"
91,22,ParentOf,variant,102,Struts: Duplicate Validation Forms,34,20,"['danswerai', 'DIGITS', 'open-webui', 'fastapi', 'bokeh', 'nalp', 'spammy', 'ViZDoom', 'langflow', 'PySyft', 'numpy', 'lightly', 'retro', 'ray', 'pydantic', 'pytensor', 'mlflow', 'pytorch', 'streamlit', 'feast', 'rasa', 'mindsdb', 'superset', 'gradio', 'transformers', 'pattern', 'AutoViz', 'Auto_ViML']"
92,23,ParentOf,variant,103,Struts: Incomplete validate() Method Definition,34,20,"['danswerai', 'DIGITS', 'open-webui', 'fastapi', 'bokeh', 'nalp', 'spammy', 'ViZDoom', 'langflow', 'PySyft', 'numpy', 'lightly', 'retro', 'ray', 'pydantic', 'pytensor', 'mlflow', 'pytorch', 'streamlit', 'feast', 'rasa', 'mindsdb', 'superset', 'gradio', 'transformers', 'pattern', 'AutoViz', 'Auto_ViML']"
93,24,ParentOf,variant,104,Struts: Form Bean Does Not Extend Validation Class,34,20,"['danswerai', 'DIGITS', 'open-webui', 'fastapi', 'bokeh', 'nalp', 'spammy', 'ViZDoom', 'langflow', 'PySyft', 'numpy', 'lightly', 'retro', 'ray', 'pydantic', 'pytensor', 'mlflow', 'pytorch', 'streamlit', 'feast', 'rasa', 'mindsdb', 'superset', 'gradio', 'transformers', 'pattern', 'AutoViz', 'Auto_ViML']"
94,25,ParentOf,variant,105,Struts: Form Field Without Validator,34,20,"['danswerai', 'DIGITS', 'open-webui', 'fastapi', 'bokeh', 'nalp', 'spammy', 'ViZDoom', 'langflow', 'PySyft', 'numpy', 'lightly', 'retro', 'ray', 'pydantic', 'pytensor', 'mlflow', 'pytorch', 'streamlit', 'feast', 'rasa', 'mindsdb', 'superset', 'gradio', 'transformers', 'pattern', 'AutoViz', 'Auto_ViML']"
95,26,ParentOf,variant,106,Struts: Plug-in Framework not in Use,34,20,"['danswerai', 'DIGITS', 'open-webui', 'fastapi', 'bokeh', 'nalp', 'spammy', 'ViZDoom', 'langflow', 'PySyft', 'numpy', 'lightly', 'retro', 'ray', 'pydantic', 'pytensor', 'mlflow', 'pytorch', 'streamlit', 'feast', 'rasa', 'mindsdb', 'superset', 'gradio', 'transformers', 'pattern', 'AutoViz', 'Auto_ViML']"
96,27,ParentOf,variant,107,Struts: Unused Validation Form,34,20,"['danswerai', 'DIGITS', 'open-webui', 'fastapi', 'bokeh', 'nalp', 'spammy', 'ViZDoom', 'langflow', 'PySyft', 'numpy', 'lightly', 'retro', 'ray', 'pydantic', 'pytensor', 'mlflow', 'pytorch', 'streamlit', 'feast', 'rasa', 'mindsdb', 'superset', 'gradio', 'transformers', 'pattern', 'AutoViz', 'Auto_ViML']"
97,28,ParentOf,variant,108,Struts: Unvalidated Action Form,34,20,"['danswerai', 'DIGITS', 'open-webui', 'fastapi', 'bokeh', 'nalp', 'spammy', 'ViZDoom', 'langflow', 'PySyft', 'numpy', 'lightly', 'retro', 'ray', 'pydantic', 'pytensor', 'mlflow', 'pytorch', 'streamlit', 'feast', 'rasa', 'mindsdb', 'superset', 'gradio', 'transformers', 'pattern', 'AutoViz', 'Auto_ViML']"
98,29,ParentOf,variant,109,Struts: Validator Turned Off,34,20,"['danswerai', 'DIGITS', 'open-webui', 'fastapi', 'bokeh', 'nalp', 'spammy', 'ViZDoom', 'langflow', 'PySyft', 'numpy', 'lightly', 'retro', 'ray', 'pydantic', 'pytensor', 'mlflow', 'pytorch', 'streamlit', 'feast', 'rasa', 'mindsdb', 'superset', 'gradio', 'transformers', 'pattern', 'AutoViz', 'Auto_ViML']"
99,30,ParentOf,variant,110,Struts: Validator Without Form Field,34,20,"['danswerai', 'DIGITS', 'open-webui', 'fastapi', 'bokeh', 'nalp', 'spammy', 'ViZDoom', 'langflow', 'PySyft', 'numpy', 'lightly', 'retro', 'ray', 'pydantic', 'pytensor', 'mlflow', 'pytorch', 'streamlit', 'feast', 'rasa', 'mindsdb', 'superset', 'gradio', 'transformers', 'pattern', 'AutoViz', 'Auto_ViML']"
100,31,ParentOf,variant,111,Direct Use of Unsafe JNI,34,20,"['danswerai', 'DIGITS', 'open-webui', 'fastapi', 'bokeh', 'nalp', 'spammy', 'ViZDoom', 'langflow', 'PySyft', 'numpy', 'lightly', 'retro', 'ray', 'pydantic', 'pytensor', 'mlflow', 'pytorch', 'streamlit', 'feast', 'rasa', 'mindsdb', 'superset', 'gradio', 'transformers', 'pattern', 'AutoViz', 'Auto_ViML']"
101,32,ParentOf,base,112,Missing XML Validation,34,20,"['danswerai', 'DIGITS', 'open-webui', 'fastapi', 'bokeh', 'nalp', 'spammy', 'ViZDoom', 'langflow', 'PySyft', 'numpy', 'lightly', 'retro', 'ray', 'pydantic', 'pytensor', 'mlflow', 'pytorch', 'streamlit', 'feast', 'rasa', 'mindsdb', 'superset', 'gradio', 'transformers', 'pattern', 'AutoViz', 'Auto_ViML']"
102,33,ParentOf,variant,113,Improper Neutralization of CRLF Sequences in HTTP Headers ('HTTP Request/Response Splitting'),34,20,"['danswerai', 'DIGITS', 'open-webui', 'fastapi', 'bokeh', 'nalp', 'spammy', 'ViZDoom', 'langflow', 'PySyft', 'numpy', 'lightly', 'retro', 'ray', 'pydantic', 'pytensor', 'mlflow', 'pytorch', 'streamlit', 'feast', 'rasa', 'mindsdb', 'superset', 'gradio', 'transformers', 'pattern', 'AutoViz', 'Auto_ViML']"
103,34,ParentOf,class,114,Process Control,34,20,"['danswerai', 'DIGITS', 'open-webui', 'fastapi', 'bokeh', 'nalp', 'spammy', 'ViZDoom', 'langflow', 'PySyft', 'numpy', 'lightly', 'retro', 'ray', 'pydantic', 'pytensor', 'mlflow', 'pytorch', 'streamlit', 'feast', 'rasa', 'mindsdb', 'superset', 'gradio', 'transformers', 'pattern', 'AutoViz', 'Auto_ViML']"
104,35,ParentOf,base,117,Improper Output Neutralization for Logs,34,20,"['danswerai', 'DIGITS', 'open-webui', 'fastapi', 'bokeh', 'nalp', 'spammy', 'ViZDoom', 'langflow', 'PySyft', 'numpy', 'lightly', 'retro', 'ray', 'pydantic', 'pytensor', 'mlflow', 'pytorch', 'streamlit', 'feast', 'rasa', 'mindsdb', 'superset', 'gradio', 'transformers', 'pattern', 'AutoViz', 'Auto_ViML']"
105,36,ParentOf,class,119,Improper Restriction of Operations within the Bounds of a Memory Buffer,34,20,"['danswerai', 'DIGITS', 'open-webui', 'fastapi', 'bokeh', 'nalp', 'spammy', 'ViZDoom', 'langflow', 'PySyft', 'numpy', 'lightly', 'retro', 'ray', 'pydantic', 'pytensor', 'mlflow', 'pytorch', 'streamlit', 'feast', 'rasa', 'mindsdb', 'superset', 'gradio', 'transformers', 'pattern', 'AutoViz', 'Auto_ViML']"
106,37,ParentOf,base,120,Buffer Copy without Checking Size of Input ('Classic Buffer Overflow'),34,20,"['danswerai', 'DIGITS', 'open-webui', 'fastapi', 'bokeh', 'nalp', 'spammy', 'ViZDoom', 'langflow', 'PySyft', 'numpy', 'lightly', 'retro', 'ray', 'pydantic', 'pytensor', 'mlflow', 'pytorch', 'streamlit', 'feast', 'rasa', 'mindsdb', 'superset', 'gradio', 'transformers', 'pattern', 'AutoViz', 'Auto_ViML']"
107,38,ParentOf,base,134,Use of Externally-Controlled Format String,34,20,"['danswerai', 'DIGITS', 'open-webui', 'fastapi', 'bokeh', 'nalp', 'spammy', 'ViZDoom', 'langflow', 'PySyft', 'numpy', 'lightly', 'retro', 'ray', 'pydantic', 'pytensor', 'mlflow', 'pytorch', 'streamlit', 'feast', 'rasa', 'mindsdb', 'superset', 'gradio', 'transformers', 'pattern', 'AutoViz', 'Auto_ViML']"
108,39,ParentOf,base,170,Improper Null Termination,34,20,"['danswerai', 'DIGITS', 'open-webui', 'fastapi', 'bokeh', 'nalp', 'spammy', 'ViZDoom', 'langflow', 'PySyft', 'numpy', 'lightly', 'retro', 'ray', 'pydantic', 'pytensor', 'mlflow', 'pytorch', 'streamlit', 'feast', 'rasa', 'mindsdb', 'superset', 'gradio', 'transformers', 'pattern', 'AutoViz', 'Auto_ViML']"
109,40,ParentOf,base,190,Integer Overflow or Wraparound,34,20,"['danswerai', 'DIGITS', 'open-webui', 'fastapi', 'bokeh', 'nalp', 'spammy', 'ViZDoom', 'langflow', 'PySyft', 'numpy', 'lightly', 'retro', 'ray', 'pydantic', 'pytensor', 'mlflow', 'pytorch', 'streamlit', 'feast', 'rasa', 'mindsdb', 'superset', 'gradio', 'transformers', 'pattern', 'AutoViz', 'Auto_ViML']"
110,41,ParentOf,base,466,Return of Pointer Value Outside of Expected Range,34,20,"['danswerai', 'DIGITS', 'open-webui', 'fastapi', 'bokeh', 'nalp', 'spammy', 'ViZDoom', 'langflow', 'PySyft', 'numpy', 'lightly', 'retro', 'ray', 'pydantic', 'pytensor', 'mlflow', 'pytorch', 'streamlit', 'feast', 'rasa', 'mindsdb', 'superset', 'gradio', 'transformers', 'pattern', 'AutoViz', 'Auto_ViML']"
111,42,ParentOf,base,470,Use of Externally-Controlled Input to Select Classes or Code ('Unsafe Reflection'),34,20,"['danswerai', 'DIGITS', 'open-webui', 'fastapi', 'bokeh', 'nalp', 'spammy', 'ViZDoom', 'langflow', 'PySyft', 'numpy', 'lightly', 'retro', 'ray', 'pydantic', 'pytensor', 'mlflow', 'pytorch', 'streamlit', 'feast', 'rasa', 'mindsdb', 'superset', 'gradio', 'transformers', 'pattern', 'AutoViz', 'Auto_ViML']"
112,43,ParentOf,variant,785,Use of Path Manipulation Function without Maximum-sized Buffer,34,20,"['danswerai', 'DIGITS', 'open-webui', 'fastapi', 'bokeh', 'nalp', 'spammy', 'ViZDoom', 'langflow', 'PySyft', 'numpy', 'lightly', 'retro', 'ray', 'pydantic', 'pytensor', 'mlflow', 'pytorch', 'streamlit', 'feast', 'rasa', 'mindsdb', 'superset', 'gradio', 'transformers', 'pattern', 'AutoViz', 'Auto_ViML']"
113,44,MemberOf,view,635,Weaknesses Originally Used by NVD from 2008 to 2016,34,20,"['danswerai', 'DIGITS', 'open-webui', 'fastapi', 'bokeh', 'nalp', 'spammy', 'ViZDoom', 'langflow', 'PySyft', 'numpy', 'lightly', 'retro', 'ray', 'pydantic', 'pytensor', 'mlflow', 'pytorch', 'streamlit', 'feast', 'rasa', 'mindsdb', 'superset', 'gradio', 'transformers', 'pattern', 'AutoViz', 'Auto_ViML']"
114,45,MemberOf,category,722,OWASP Top Ten 2004 Category A1 - Unvalidated Input,34,20,"['danswerai', 'DIGITS', 'open-webui', 'fastapi', 'bokeh', 'nalp', 'spammy', 'ViZDoom', 'langflow', 'PySyft', 'numpy', 'lightly', 'retro', 'ray', 'pydantic', 'pytensor', 'mlflow', 'pytorch', 'streamlit', 'feast', 'rasa', 'mindsdb', 'superset', 'gradio', 'transformers', 'pattern', 'AutoViz', 'Auto_ViML']"
115,46,MemberOf,category,738,CERT C Secure Coding Standard (2008) Chapter 5 - Integers (INT),34,20,"['danswerai', 'DIGITS', 'open-webui', 'fastapi', 'bokeh', 'nalp', 'spammy', 'ViZDoom', 'langflow', 'PySyft', 'numpy', 'lightly', 'retro', 'ray', 'pydantic', 'pytensor', 'mlflow', 'pytorch', 'streamlit', 'feast', 'rasa', 'mindsdb', 'superset', 'gradio', 'transformers', 'pattern', 'AutoViz', 'Auto_ViML']"
116,47,MemberOf,category,742,CERT C Secure Coding Standard (2008) Chapter 9 - Memory Management (MEM),34,20,"['danswerai', 'DIGITS', 'open-webui', 'fastapi', 'bokeh', 'nalp', 'spammy', 'ViZDoom', 'langflow', 'PySyft', 'numpy', 'lightly', 'retro', 'ray', 'pydantic', 'pytensor', 'mlflow', 'pytorch', 'streamlit', 'feast', 'rasa', 'mindsdb', 'superset', 'gradio', 'transformers', 'pattern', 'AutoViz', 'Auto_ViML']"
117,48,MemberOf,category,746,CERT C Secure Coding Standard (2008) Chapter 13 - Error Handling (ERR),34,20,"['danswerai', 'DIGITS', 'open-webui', 'fastapi', 'bokeh', 'nalp', 'spammy', 'ViZDoom', 'langflow', 'PySyft', 'numpy', 'lightly', 'retro', 'ray', 'pydantic', 'pytensor', 'mlflow', 'pytorch', 'streamlit', 'feast', 'rasa', 'mindsdb', 'superset', 'gradio', 'transformers', 'pattern', 'AutoViz', 'Auto_ViML']"
118,49,MemberOf,category,747,CERT C Secure Coding Standard (2008) Chapter 14 - Miscellaneous (MSC),34,20,"['danswerai', 'DIGITS', 'open-webui', 'fastapi', 'bokeh', 'nalp', 'spammy', 'ViZDoom', 'langflow', 'PySyft', 'numpy', 'lightly', 'retro', 'ray', 'pydantic', 'pytensor', 'mlflow', 'pytorch', 'streamlit', 'feast', 'rasa', 'mindsdb', 'superset', 'gradio', 'transformers', 'pattern', 'AutoViz', 'Auto_ViML']"
119,50,MemberOf,category,751,2009 Top 25 - Insecure Interaction Between Components,34,20,"['danswerai', 'DIGITS', 'open-webui', 'fastapi', 'bokeh', 'nalp', 'spammy', 'ViZDoom', 'langflow', 'PySyft', 'numpy', 'lightly', 'retro', 'ray', 'pydantic', 'pytensor', 'mlflow', 'pytorch', 'streamlit', 'feast', 'rasa', 'mindsdb', 'superset', 'gradio', 'transformers', 'pattern', 'AutoViz', 'Auto_ViML']"
120,51,MemberOf,category,872,CERT C++ Secure Coding Section 04 - Integers (INT),34,20,"['danswerai', 'DIGITS', 'open-webui', 'fastapi', 'bokeh', 'nalp', 'spammy', 'ViZDoom', 'langflow', 'PySyft', 'numpy', 'lightly', 'retro', 'ray', 'pydantic', 'pytensor', 'mlflow', 'pytorch', 'streamlit', 'feast', 'rasa', 'mindsdb', 'superset', 'gradio', 'transformers', 'pattern', 'AutoViz', 'Auto_ViML']"
121,52,MemberOf,category,876,CERT C++ Secure Coding Section 08 - Memory Management (MEM),34,20,"['danswerai', 'DIGITS', 'open-webui', 'fastapi', 'bokeh', 'nalp', 'spammy', 'ViZDoom', 'langflow', 'PySyft', 'numpy', 'lightly', 'retro', 'ray', 'pydantic', 'pytensor', 'mlflow', 'pytorch', 'streamlit', 'feast', 'rasa', 'mindsdb', 'superset', 'gradio', 'transformers', 'pattern', 'AutoViz', 'Auto_ViML']"
122,53,MemberOf,category,883,CERT C++ Secure Coding Section 49 - Miscellaneous (MSC),34,20,"['danswerai', 'DIGITS', 'open-webui', 'fastapi', 'bokeh', 'nalp', 'spammy', 'ViZDoom', 'langflow', 'PySyft', 'numpy', 'lightly', 'retro', 'ray', 'pydantic', 'pytensor', 'mlflow', 'pytorch', 'streamlit', 'feast', 'rasa', 'mindsdb', 'superset', 'gradio', 'transformers', 'pattern', 'AutoViz', 'Auto_ViML']"
123,54,MemberOf,category,994,SFP Secondary Cluster: Tainted Input to Variable,34,20,"['danswerai', 'DIGITS', 'open-webui', 'fastapi', 'bokeh', 'nalp', 'spammy', 'ViZDoom', 'langflow', 'PySyft', 'numpy', 'lightly', 'retro', 'ray', 'pydantic', 'pytensor', 'mlflow', 'pytorch', 'streamlit', 'feast', 'rasa', 'mindsdb', 'superset', 'gradio', 'transformers', 'pattern', 'AutoViz', 'Auto_ViML']"
124,55,MemberOf,category,1005,7PK - Input Validation and Representation,34,20,"['danswerai', 'DIGITS', 'open-webui', 'fastapi', 'bokeh', 'nalp', 'spammy', 'ViZDoom', 'langflow', 'PySyft', 'numpy', 'lightly', 'retro', 'ray', 'pydantic', 'pytensor', 'mlflow', 'pytorch', 'streamlit', 'feast', 'rasa', 'mindsdb', 'superset', 'gradio', 'transformers', 'pattern', 'AutoViz', 'Auto_ViML']"
125,56,MemberOf,category,1163,SEI CERT C Coding Standard - Guidelines 09. Input Output (FIO),34,20,"['danswerai', 'DIGITS', 'open-webui', 'fastapi', 'bokeh', 'nalp', 'spammy', 'ViZDoom', 'langflow', 'PySyft', 'numpy', 'lightly', 'retro', 'ray', 'pydantic', 'pytensor', 'mlflow', 'pytorch', 'streamlit', 'feast', 'rasa', 'mindsdb', 'superset', 'gradio', 'transformers', 'pattern', 'AutoViz', 'Auto_ViML']"
126,57,MemberOf,view,1200,Weaknesses in the 2019 CWE Top 25 Most Dangerous Software Errors,34,20,"['danswerai', 'DIGITS', 'open-webui', 'fastapi', 'bokeh', 'nalp', 'spammy', 'ViZDoom', 'langflow', 'PySyft', 'numpy', 'lightly', 'retro', 'ray', 'pydantic', 'pytensor', 'mlflow', 'pytorch', 'streamlit', 'feast', 'rasa', 'mindsdb', 'superset', 'gradio', 'transformers', 'pattern', 'AutoViz', 'Auto_ViML']"
127,58,MemberOf,view,1337,Weaknesses in the 2021 CWE Top 25 Most Dangerous Software Weaknesses,34,20,"['danswerai', 'DIGITS', 'open-webui', 'fastapi', 'bokeh', 'nalp', 'spammy', 'ViZDoom', 'langflow', 'PySyft', 'numpy', 'lightly', 'retro', 'ray', 'pydantic', 'pytensor', 'mlflow', 'pytorch', 'streamlit', 'feast', 'rasa', 'mindsdb', 'superset', 'gradio', 'transformers', 'pattern', 'AutoViz', 'Auto_ViML']"
128,59,MemberOf,category,1347,OWASP Top Ten 2021 Category A03:2021 - Injection,34,20,"['danswerai', 'DIGITS', 'open-webui', 'fastapi', 'bokeh', 'nalp', 'spammy', 'ViZDoom', 'langflow', 'PySyft', 'numpy', 'lightly', 'retro', 'ray', 'pydantic', 'pytensor', 'mlflow', 'pytorch', 'streamlit', 'feast', 'rasa', 'mindsdb', 'superset', 'gradio', 'transformers', 'pattern', 'AutoViz', 'Auto_ViML']"
129,60,MemberOf,view,1350,Weaknesses in the 2020 CWE Top 25 Most Dangerous Software Weaknesses,34,20,"['danswerai', 'DIGITS', 'open-webui', 'fastapi', 'bokeh', 'nalp', 'spammy', 'ViZDoom', 'langflow', 'PySyft', 'numpy', 'lightly', 'retro', 'ray', 'pydantic', 'pytensor', 'mlflow', 'pytorch', 'streamlit', 'feast', 'rasa', 'mindsdb', 'superset', 'gradio', 'transformers', 'pattern', 'AutoViz', 'Auto_ViML']"
130,61,MemberOf,category,1382,ICS Operations (& Maintenance): Emerging Energy Technologies,34,20,"['danswerai', 'DIGITS', 'open-webui', 'fastapi', 'bokeh', 'nalp', 'spammy', 'ViZDoom', 'langflow', 'PySyft', 'numpy', 'lightly', 'retro', 'ray', 'pydantic', 'pytensor', 'mlflow', 'pytorch', 'streamlit', 'feast', 'rasa', 'mindsdb', 'superset', 'gradio', 'transformers', 'pattern', 'AutoViz', 'Auto_ViML']"
131,62,MemberOf,view,1387,Weaknesses in the 2022 CWE Top 25 Most Dangerous Software Weaknesses,34,20,"['danswerai', 'DIGITS', 'open-webui', 'fastapi', 'bokeh', 'nalp', 'spammy', 'ViZDoom', 'langflow', 'PySyft', 'numpy', 'lightly', 'retro', 'ray', 'pydantic', 'pytensor', 'mlflow', 'pytorch', 'streamlit', 'feast', 'rasa', 'mindsdb', 'superset', 'gradio', 'transformers', 'pattern', 'AutoViz', 'Auto_ViML']"
132,63,MemberOf,category,1406,Comprehensive Categorization: Improper Input Validation,34,20,"['danswerai', 'DIGITS', 'open-webui', 'fastapi', 'bokeh', 'nalp', 'spammy', 'ViZDoom', 'langflow', 'PySyft', 'numpy', 'lightly', 'retro', 'ray', 'pydantic', 'pytensor', 'mlflow', 'pytorch', 'streamlit', 'feast', 'rasa', 'mindsdb', 'superset', 'gradio', 'transformers', 'pattern', 'AutoViz', 'Auto_ViML']"
133,64,MemberOf,view,1425,Weaknesses in the 2023 CWE Top 25 Most Dangerous Software Weaknesses,34,20,"['danswerai', 'DIGITS', 'open-webui', 'fastapi', 'bokeh', 'nalp', 'spammy', 'ViZDoom', 'langflow', 'PySyft', 'numpy', 'lightly', 'retro', 'ray', 'pydantic', 'pytensor', 'mlflow', 'pytorch', 'streamlit', 'feast', 'rasa', 'mindsdb', 'superset', 'gradio', 'transformers', 'pattern', 'AutoViz', 'Auto_ViML']"
134,65,MemberOf,view,1430,Weaknesses in the 2024 CWE Top 25 Most Dangerous Software Weaknesses,34,20,"['danswerai', 'DIGITS', 'open-webui', 'fastapi', 'bokeh', 'nalp', 'spammy', 'ViZDoom', 'langflow', 'PySyft', 'numpy', 'lightly', 'retro', 'ray', 'pydantic', 'pytensor', 'mlflow', 'pytorch', 'streamlit', 'feast', 'rasa', 'mindsdb', 'superset', 'gradio', 'transformers', 'pattern', 'AutoViz', 'Auto_ViML']"
135,66,MemberOf,view,1435,Weaknesses in the 2025 CWE Top 25 Most Dangerous Software Weaknesses,34,20,"['danswerai', 'DIGITS', 'open-webui', 'fastapi', 'bokeh', 'nalp', 'spammy', 'ViZDoom', 'langflow', 'PySyft', 'numpy', 'lightly', 'retro', 'ray', 'pydantic', 'pytensor', 'mlflow', 'pytorch', 'streamlit', 'feast', 'rasa', 'mindsdb', 'superset', 'gradio', 'transformers', 'pattern', 'AutoViz', 'Auto_ViML']"
136,67,MemberOf,category,1440,OWASP Top Ten 2025 Category A05:2025 - Injection,34,20,"['danswerai', 'DIGITS', 'open-webui', 'fastapi', 'bokeh', 'nalp', 'spammy', 'ViZDoom', 'langflow', 'PySyft', 'numpy', 'lightly', 'retro', 'ray', 'pydantic', 'pytensor', 'mlflow', 'pytorch', 'streamlit', 'feast', 'rasa', 'mindsdb', 'superset', 'gradio', 'transformers', 'pattern', 'AutoViz', 'Auto_ViML']"
137,68,Self,class,20,,34,20,"['danswerai', 'DIGITS', 'open-webui', 'fastapi', 'bokeh', 'nalp', 'spammy', 'ViZDoom', 'langflow', 'PySyft', 'numpy', 'lightly', 'retro', 'ray', 'pydantic', 'pytensor', 'mlflow', 'pytorch', 'streamlit', 'feast', 'rasa', 'mindsdb', 'superset', 'gradio', 'transformers', 'pattern', 'AutoViz', 'Auto_ViML']"
138,0,ChildOf,class,732,Incorrect Permission Assignment for Critical Resource,2,1004,['DIGITS']
139,1,MemberOf,category,1349,OWASP Top Ten 2021 Category A05:2021 - Security Misconfiguration,2,1004,['DIGITS']
140,2,MemberOf,category,1396,Comprehensive Categorization: Access Control,2,1004,['DIGITS']
141,3,MemberOf,category,1437,OWASP Top Ten 2025 Category A02:2025 - Security Misconfiguration,2,1004,['DIGITS']
142,4,Self,variant,1004,,2,1004,['DIGITS']
143,0,ChildOf,class,668,Exposure of Resource to Wrong Sphere,59,200,"['LightGBM', 'bokeh', 'determined', 'catboost', 'pytorch_geometric', 'open-metric-learning', 'detectron2', 'spaCy', 'langflow', 'bentoml', 'aim', 'sinabs', 'ray', 'gan', 'jax', 'mlflow', 'streamlit', 'pytorch-lightning', 'gradio', 'transformers', 'ColossalAI', 'pyss3']"
144,1,ParentOf,base,201,Insertion of Sensitive Information Into Sent Data,59,200,"['LightGBM', 'bokeh', 'determined', 'catboost', 'pytorch_geometric', 'open-metric-learning', 'detectron2', 'spaCy', 'langflow', 'bentoml', 'aim', 'sinabs', 'ray', 'gan', 'jax', 'mlflow', 'streamlit', 'pytorch-lightning', 'gradio', 'transformers', 'ColossalAI', 'pyss3']"
145,2,ParentOf,base,203,Observable Discrepancy,59,200,"['LightGBM', 'bokeh', 'determined', 'catboost', 'pytorch_geometric', 'open-metric-learning', 'detectron2', 'spaCy', 'langflow', 'bentoml', 'aim', 'sinabs', 'ray', 'gan', 'jax', 'mlflow', 'streamlit', 'pytorch-lightning', 'gradio', 'transformers', 'ColossalAI', 'pyss3']"
146,3,ParentOf,base,209,Generation of Error Message Containing Sensitive Information,59,200,"['LightGBM', 'bokeh', 'determined', 'catboost', 'pytorch_geometric', 'open-metric-learning', 'detectron2', 'spaCy', 'langflow', 'bentoml', 'aim', 'sinabs', 'ray', 'gan', 'jax', 'mlflow', 'streamlit', 'pytorch-lightning', 'gradio', 'transformers', 'ColossalAI', 'pyss3']"
147,4,ParentOf,base,213,Exposure of Sensitive Information Due to Incompatible Policies,59,200,"['LightGBM', 'bokeh', 'determined', 'catboost', 'pytorch_geometric', 'open-metric-learning', 'detectron2', 'spaCy', 'langflow', 'bentoml', 'aim', 'sinabs', 'ray', 'gan', 'jax', 'mlflow', 'streamlit', 'pytorch-lightning', 'gradio', 'transformers', 'ColossalAI', 'pyss3']"
148,5,ParentOf,base,215,Insertion of Sensitive Information Into Debugging Code,59,200,"['LightGBM', 'bokeh', 'determined', 'catboost', 'pytorch_geometric', 'open-metric-learning', 'detectron2', 'spaCy', 'langflow', 'bentoml', 'aim', 'sinabs', 'ray', 'gan', 'jax', 'mlflow', 'streamlit', 'pytorch-lightning', 'gradio', 'transformers', 'ColossalAI', 'pyss3']"
149,6,ParentOf,base,359,Exposure of Private Personal Information to an Unauthorized Actor,59,200,"['LightGBM', 'bokeh', 'determined', 'catboost', 'pytorch_geometric', 'open-metric-learning', 'detectron2', 'spaCy', 'langflow', 'bentoml', 'aim', 'sinabs', 'ray', 'gan', 'jax', 'mlflow', 'streamlit', 'pytorch-lightning', 'gradio', 'transformers', 'ColossalAI', 'pyss3']"
150,7,ParentOf,base,497,Exposure of Sensitive System Information to an Unauthorized Control Sphere,59,200,"['LightGBM', 'bokeh', 'determined', 'catboost', 'pytorch_geometric', 'open-metric-learning', 'detectron2', 'spaCy', 'langflow', 'bentoml', 'aim', 'sinabs', 'ray', 'gan', 'jax', 'mlflow', 'streamlit', 'pytorch-lightning', 'gradio', 'transformers', 'ColossalAI', 'pyss3']"
151,8,ParentOf,base,538,Insertion of Sensitive Information into Externally-Accessible File or Directory,59,200,"['LightGBM', 'bokeh', 'determined', 'catboost', 'pytorch_geometric', 'open-metric-learning', 'detectron2', 'spaCy', 'langflow', 'bentoml', 'aim', 'sinabs', 'ray', 'gan', 'jax', 'mlflow', 'streamlit', 'pytorch-lightning', 'gradio', 'transformers', 'ColossalAI', 'pyss3']"
152,9,ParentOf,base,1273,Device Unlock Credential Sharing,59,200,"['LightGBM', 'bokeh', 'determined', 'catboost', 'pytorch_geometric', 'open-metric-learning', 'detectron2', 'spaCy', 'langflow', 'bentoml', 'aim', 'sinabs', 'ray', 'gan', 'jax', 'mlflow', 'streamlit', 'pytorch-lightning', 'gradio', 'transformers', 'ColossalAI', 'pyss3']"
153,10,ParentOf,base,1295,Debug Messages Revealing Unnecessary Information,59,200,"['LightGBM', 'bokeh', 'determined', 'catboost', 'pytorch_geometric', 'open-metric-learning', 'detectron2', 'spaCy', 'langflow', 'bentoml', 'aim', 'sinabs', 'ray', 'gan', 'jax', 'mlflow', 'streamlit', 'pytorch-lightning', 'gradio', 'transformers', 'ColossalAI', 'pyss3']"
154,11,ParentOf,base,1431,Driving Intermediate Cryptographic State/Results to Hardware Module Outputs,59,200,"['LightGBM', 'bokeh', 'determined', 'catboost', 'pytorch_geometric', 'open-metric-learning', 'detectron2', 'spaCy', 'langflow', 'bentoml', 'aim', 'sinabs', 'ray', 'gan', 'jax', 'mlflow', 'streamlit', 'pytorch-lightning', 'gradio', 'transformers', 'ColossalAI', 'pyss3']"
155,12,CanFollow,variant,498,Cloneable Class Containing Sensitive Information,59,200,"['LightGBM', 'bokeh', 'determined', 'catboost', 'pytorch_geometric', 'open-metric-learning', 'detectron2', 'spaCy', 'langflow', 'bentoml', 'aim', 'sinabs', 'ray', 'gan', 'jax', 'mlflow', 'streamlit', 'pytorch-lightning', 'gradio', 'transformers', 'ColossalAI', 'pyss3']"
156,13,CanFollow,variant,499,Serializable Class Containing Sensitive Data,59,200,"['LightGBM', 'bokeh', 'determined', 'catboost', 'pytorch_geometric', 'open-metric-learning', 'detectron2', 'spaCy', 'langflow', 'bentoml', 'aim', 'sinabs', 'ray', 'gan', 'jax', 'mlflow', 'streamlit', 'pytorch-lightning', 'gradio', 'transformers', 'ColossalAI', 'pyss3']"
157,14,CanFollow,base,1272,Sensitive Information Uncleared Before Debug/Power State Transition,59,200,"['LightGBM', 'bokeh', 'determined', 'catboost', 'pytorch_geometric', 'open-metric-learning', 'detectron2', 'spaCy', 'langflow', 'bentoml', 'aim', 'sinabs', 'ray', 'gan', 'jax', 'mlflow', 'streamlit', 'pytorch-lightning', 'gradio', 'transformers', 'ColossalAI', 'pyss3']"
158,15,MemberOf,view,1003,Weaknesses for Simplified Mapping of Published Vulnerabilities,59,200,"['LightGBM', 'bokeh', 'determined', 'catboost', 'pytorch_geometric', 'open-metric-learning', 'detectron2', 'spaCy', 'langflow', 'bentoml', 'aim', 'sinabs', 'ray', 'gan', 'jax', 'mlflow', 'streamlit', 'pytorch-lightning', 'gradio', 'transformers', 'ColossalAI', 'pyss3']"
159,16,ParentOf,base,203,Observable Discrepancy,59,200,"['LightGBM', 'bokeh', 'determined', 'catboost', 'pytorch_geometric', 'open-metric-learning', 'detectron2', 'spaCy', 'langflow', 'bentoml', 'aim', 'sinabs', 'ray', 'gan', 'jax', 'mlflow', 'streamlit', 'pytorch-lightning', 'gradio', 'transformers', 'ColossalAI', 'pyss3']"
160,17,ParentOf,base,209,Generation of Error Message Containing Sensitive Information,59,200,"['LightGBM', 'bokeh', 'determined', 'catboost', 'pytorch_geometric', 'open-metric-learning', 'detectron2', 'spaCy', 'langflow', 'bentoml', 'aim', 'sinabs', 'ray', 'gan', 'jax', 'mlflow', 'streamlit', 'pytorch-lightning', 'gradio', 'transformers', 'ColossalAI', 'pyss3']"
161,18,ParentOf,base,532,Insertion of Sensitive Information into Log File,59,200,"['LightGBM', 'bokeh', 'determined', 'catboost', 'pytorch_geometric', 'open-metric-learning', 'detectron2', 'spaCy', 'langflow', 'bentoml', 'aim', 'sinabs', 'ray', 'gan', 'jax', 'mlflow', 'streamlit', 'pytorch-lightning', 'gradio', 'transformers', 'ColossalAI', 'pyss3']"
162,19,MemberOf,view,635,Weaknesses Originally Used by NVD from 2008 to 2016,59,200,"['LightGBM', 'bokeh', 'determined', 'catboost', 'pytorch_geometric', 'open-metric-learning', 'detectron2', 'spaCy', 'langflow', 'bentoml', 'aim', 'sinabs', 'ray', 'gan', 'jax', 'mlflow', 'streamlit', 'pytorch-lightning', 'gradio', 'transformers', 'ColossalAI', 'pyss3']"
163,20,MemberOf,category,717,OWASP Top Ten 2007 Category A6 - Information Leakage and Improper Error Handling,59,200,"['LightGBM', 'bokeh', 'determined', 'catboost', 'pytorch_geometric', 'open-metric-learning', 'detectron2', 'spaCy', 'langflow', 'bentoml', 'aim', 'sinabs', 'ray', 'gan', 'jax', 'mlflow', 'streamlit', 'pytorch-lightning', 'gradio', 'transformers', 'ColossalAI', 'pyss3']"
164,21,MemberOf,category,963,SFP Secondary Cluster: Exposed Data,59,200,"['LightGBM', 'bokeh', 'determined', 'catboost', 'pytorch_geometric', 'open-metric-learning', 'detectron2', 'spaCy', 'langflow', 'bentoml', 'aim', 'sinabs', 'ray', 'gan', 'jax', 'mlflow', 'streamlit', 'pytorch-lightning', 'gradio', 'transformers', 'ColossalAI', 'pyss3']"
165,22,MemberOf,view,1200,Weaknesses in the 2019 CWE Top 25 Most Dangerous Software Errors,59,200,"['LightGBM', 'bokeh', 'determined', 'catboost', 'pytorch_geometric', 'open-metric-learning', 'detectron2', 'spaCy', 'langflow', 'bentoml', 'aim', 'sinabs', 'ray', 'gan', 'jax', 'mlflow', 'streamlit', 'pytorch-lightning', 'gradio', 'transformers', 'ColossalAI', 'pyss3']"
166,23,MemberOf,view,1337,Weaknesses in the 2021 CWE Top 25 Most Dangerous Software Weaknesses,59,200,"['LightGBM', 'bokeh', 'determined', 'catboost', 'pytorch_geometric', 'open-metric-learning', 'detectron2', 'spaCy', 'langflow', 'bentoml', 'aim', 'sinabs', 'ray', 'gan', 'jax', 'mlflow', 'streamlit', 'pytorch-lightning', 'gradio', 'transformers', 'ColossalAI', 'pyss3']"
167,24,MemberOf,category,1345,OWASP Top Ten 2021 Category A01:2021 - Broken Access Control,59,200,"['LightGBM', 'bokeh', 'determined', 'catboost', 'pytorch_geometric', 'open-metric-learning', 'detectron2', 'spaCy', 'langflow', 'bentoml', 'aim', 'sinabs', 'ray', 'gan', 'jax', 'mlflow', 'streamlit', 'pytorch-lightning', 'gradio', 'transformers', 'ColossalAI', 'pyss3']"
168,25,MemberOf,view,1350,Weaknesses in the 2020 CWE Top 25 Most Dangerous Software Weaknesses,59,200,"['LightGBM', 'bokeh', 'determined', 'catboost', 'pytorch_geometric', 'open-metric-learning', 'detectron2', 'spaCy', 'langflow', 'bentoml', 'aim', 'sinabs', 'ray', 'gan', 'jax', 'mlflow', 'streamlit', 'pytorch-lightning', 'gradio', 'transformers', 'ColossalAI', 'pyss3']"
169,26,MemberOf,category,1417,Comprehensive Categorization: Sensitive Information Exposure,59,200,"['LightGBM', 'bokeh', 'determined', 'catboost', 'pytorch_geometric', 'open-metric-learning', 'detectron2', 'spaCy', 'langflow', 'bentoml', 'aim', 'sinabs', 'ray', 'gan', 'jax', 'mlflow', 'streamlit', 'pytorch-lightning', 'gradio', 'transformers', 'ColossalAI', 'pyss3']"
170,27,MemberOf,view,1430,Weaknesses in the 2024 CWE Top 25 Most Dangerous Software Weaknesses,59,200,"['LightGBM', 'bokeh', 'determined', 'catboost', 'pytorch_geometric', 'open-metric-learning', 'detectron2', 'spaCy', 'langflow', 'bentoml', 'aim', 'sinabs', 'ray', 'gan', 'jax', 'mlflow', 'streamlit', 'pytorch-lightning', 'gradio', 'transformers', 'ColossalAI', 'pyss3']"
171,28,MemberOf,view,1435,Weaknesses in the 2025 CWE Top 25 Most Dangerous Software Weaknesses,59,200,"['LightGBM', 'bokeh', 'determined', 'catboost', 'pytorch_geometric', 'open-metric-learning', 'detectron2', 'spaCy', 'langflow', 'bentoml', 'aim', 'sinabs', 'ray', 'gan', 'jax', 'mlflow', 'streamlit', 'pytorch-lightning', 'gradio', 'transformers', 'ColossalAI', 'pyss3']"
172,29,MemberOf,category,1436,OWASP Top Ten 2025 Category A01:2025 - Broken Access Control,59,200,"['LightGBM', 'bokeh', 'determined', 'catboost', 'pytorch_geometric', 'open-metric-learning', 'detectron2', 'spaCy', 'langflow', 'bentoml', 'aim', 'sinabs', 'ray', 'gan', 'jax', 'mlflow', 'streamlit', 'pytorch-lightning', 'gradio', 'transformers', 'ColossalAI', 'pyss3']"
173,30,Self,class,200,,59,200,"['LightGBM', 'bokeh', 'determined', 'catboost', 'pytorch_geometric', 'open-metric-learning', 'detectron2', 'spaCy', 'langflow', 'bentoml', 'aim', 'sinabs', 'ray', 'gan', 'jax', 'mlflow', 'streamlit', 'pytorch-lightning', 'gradio', 'transformers', 'ColossalAI', 'pyss3']"
174,0,ChildOf,class,200,Exposure of Sensitive Information to an Unauthorized Actor,88,209,"['danswerai', 'feast', 'DIGITS', 'langflow', 'open-webui', 'PySyft', 'superset', 'mindsdb', 'gradio', 'aim', 'deepface', 'blaze', 'mlflow', 'ColossalAI', 'joliGEN', 'machine-learning', 'dash', 'ray']"
175,1,ChildOf,class,755,Improper Handling of Exceptional Conditions,88,209,"['danswerai', 'feast', 'DIGITS', 'langflow', 'open-webui', 'PySyft', 'superset', 'mindsdb', 'gradio', 'aim', 'deepface', 'blaze', 'mlflow', 'ColossalAI', 'joliGEN', 'machine-learning', 'dash', 'ray']"
176,2,ParentOf,base,210,Self-generated Error Message Containing Sensitive Information,88,209,"['danswerai', 'feast', 'DIGITS', 'langflow', 'open-webui', 'PySyft', 'superset', 'mindsdb', 'gradio', 'aim', 'deepface', 'blaze', 'mlflow', 'ColossalAI', 'joliGEN', 'machine-learning', 'dash', 'ray']"
177,3,ParentOf,base,211,Externally-Generated Error Message Containing Sensitive Information,88,209,"['danswerai', 'feast', 'DIGITS', 'langflow', 'open-webui', 'PySyft', 'superset', 'mindsdb', 'gradio', 'aim', 'deepface', 'blaze', 'mlflow', 'ColossalAI', 'joliGEN', 'machine-learning', 'dash', 'ray']"
178,4,ParentOf,variant,550,Server-generated Error Message Containing Sensitive Information,88,209,"['danswerai', 'feast', 'DIGITS', 'langflow', 'open-webui', 'PySyft', 'superset', 'mindsdb', 'gradio', 'aim', 'deepface', 'blaze', 'mlflow', 'ColossalAI', 'joliGEN', 'machine-learning', 'dash', 'ray']"
179,5,PeerOf,base,1295,Debug Messages Revealing Unnecessary Information,88,209,"['danswerai', 'feast', 'DIGITS', 'langflow', 'open-webui', 'PySyft', 'superset', 'mindsdb', 'gradio', 'aim', 'deepface', 'blaze', 'mlflow', 'ColossalAI', 'joliGEN', 'machine-learning', 'dash', 'ray']"
180,6,CanFollow,variant,600,Uncaught Exception in Servlet,88,209,"['danswerai', 'feast', 'DIGITS', 'langflow', 'open-webui', 'PySyft', 'superset', 'mindsdb', 'gradio', 'aim', 'deepface', 'blaze', 'mlflow', 'ColossalAI', 'joliGEN', 'machine-learning', 'dash', 'ray']"
181,7,CanFollow,base,756,Missing Custom Error Page,88,209,"['danswerai', 'feast', 'DIGITS', 'langflow', 'open-webui', 'PySyft', 'superset', 'mindsdb', 'gradio', 'aim', 'deepface', 'blaze', 'mlflow', 'ColossalAI', 'joliGEN', 'machine-learning', 'dash', 'ray']"
182,8,MemberOf,category,199,Information Management Errors,88,209,"['danswerai', 'feast', 'DIGITS', 'langflow', 'open-webui', 'PySyft', 'superset', 'mindsdb', 'gradio', 'aim', 'deepface', 'blaze', 'mlflow', 'ColossalAI', 'joliGEN', 'machine-learning', 'dash', 'ray']"
183,9,MemberOf,category,389,"Error Conditions, Return Values, Status Codes",88,209,"['danswerai', 'feast', 'DIGITS', 'langflow', 'open-webui', 'PySyft', 'superset', 'mindsdb', 'gradio', 'aim', 'deepface', 'blaze', 'mlflow', 'ColossalAI', 'joliGEN', 'machine-learning', 'dash', 'ray']"
184,10,ChildOf,class,200,Exposure of Sensitive Information to an Unauthorized Actor,88,209,"['danswerai', 'feast', 'DIGITS', 'langflow', 'open-webui', 'PySyft', 'superset', 'mindsdb', 'gradio', 'aim', 'deepface', 'blaze', 'mlflow', 'ColossalAI', 'joliGEN', 'machine-learning', 'dash', 'ray']"
185,11,MemberOf,category,1015,Limit Access,88,209,"['danswerai', 'feast', 'DIGITS', 'langflow', 'open-webui', 'PySyft', 'superset', 'mindsdb', 'gradio', 'aim', 'deepface', 'blaze', 'mlflow', 'ColossalAI', 'joliGEN', 'machine-learning', 'dash', 'ray']"
186,12,MemberOf,category,717,OWASP Top Ten 2007 Category A6 - Information Leakage and Improper Error Handling,88,209,"['danswerai', 'feast', 'DIGITS', 'langflow', 'open-webui', 'PySyft', 'superset', 'mindsdb', 'gradio', 'aim', 'deepface', 'blaze', 'mlflow', 'ColossalAI', 'joliGEN', 'machine-learning', 'dash', 'ray']"
187,13,MemberOf,category,728,OWASP Top Ten 2004 Category A7 - Improper Error Handling,88,209,"['danswerai', 'feast', 'DIGITS', 'langflow', 'open-webui', 'PySyft', 'superset', 'mindsdb', 'gradio', 'aim', 'deepface', 'blaze', 'mlflow', 'ColossalAI', 'joliGEN', 'machine-learning', 'dash', 'ray']"
188,14,MemberOf,category,731,OWASP Top Ten 2004 Category A10 - Insecure Configuration Management,88,209,"['danswerai', 'feast', 'DIGITS', 'langflow', 'open-webui', 'PySyft', 'superset', 'mindsdb', 'gradio', 'aim', 'deepface', 'blaze', 'mlflow', 'ColossalAI', 'joliGEN', 'machine-learning', 'dash', 'ray']"
189,15,MemberOf,category,751,2009 Top 25 - Insecure Interaction Between Components,88,209,"['danswerai', 'feast', 'DIGITS', 'langflow', 'open-webui', 'PySyft', 'superset', 'mindsdb', 'gradio', 'aim', 'deepface', 'blaze', 'mlflow', 'ColossalAI', 'joliGEN', 'machine-learning', 'dash', 'ray']"
190,16,MemberOf,category,801,2010 Top 25 - Insecure Interaction Between Components,88,209,"['danswerai', 'feast', 'DIGITS', 'langflow', 'open-webui', 'PySyft', 'superset', 'mindsdb', 'gradio', 'aim', 'deepface', 'blaze', 'mlflow', 'ColossalAI', 'joliGEN', 'machine-learning', 'dash', 'ray']"
191,17,MemberOf,category,815,OWASP Top Ten 2010 Category A6 - Security Misconfiguration,88,209,"['danswerai', 'feast', 'DIGITS', 'langflow', 'open-webui', 'PySyft', 'superset', 'mindsdb', 'gradio', 'aim', 'deepface', 'blaze', 'mlflow', 'ColossalAI', 'joliGEN', 'machine-learning', 'dash', 'ray']"
192,18,MemberOf,category,851,The CERT Oracle Secure Coding Standard for Java (2011) Chapter 8 - Exceptional Behavior (ERR),88,209,"['danswerai', 'feast', 'DIGITS', 'langflow', 'open-webui', 'PySyft', 'superset', 'mindsdb', 'gradio', 'aim', 'deepface', 'blaze', 'mlflow', 'ColossalAI', 'joliGEN', 'machine-learning', 'dash', 'ray']"
193,19,MemberOf,category,867,2011 Top 25 - Weaknesses On the Cusp,88,209,"['danswerai', 'feast', 'DIGITS', 'langflow', 'open-webui', 'PySyft', 'superset', 'mindsdb', 'gradio', 'aim', 'deepface', 'blaze', 'mlflow', 'ColossalAI', 'joliGEN', 'machine-learning', 'dash', 'ray']"
194,20,MemberOf,category,880,CERT C++ Secure Coding Section 12 - Exceptions and Error Handling (ERR),88,209,"['danswerai', 'feast', 'DIGITS', 'langflow', 'open-webui', 'PySyft', 'superset', 'mindsdb', 'gradio', 'aim', 'deepface', 'blaze', 'mlflow', 'ColossalAI', 'joliGEN', 'machine-learning', 'dash', 'ray']"
195,21,MemberOf,view,884,CWE Cross-section,88,209,"['danswerai', 'feast', 'DIGITS', 'langflow', 'open-webui', 'PySyft', 'superset', 'mindsdb', 'gradio', 'aim', 'deepface', 'blaze', 'mlflow', 'ColossalAI', 'joliGEN', 'machine-learning', 'dash', 'ray']"
196,22,MemberOf,category,933,OWASP Top Ten 2013 Category A5 - Security Misconfiguration,88,209,"['danswerai', 'feast', 'DIGITS', 'langflow', 'open-webui', 'PySyft', 'superset', 'mindsdb', 'gradio', 'aim', 'deepface', 'blaze', 'mlflow', 'ColossalAI', 'joliGEN', 'machine-learning', 'dash', 'ray']"
197,23,MemberOf,category,963,SFP Secondary Cluster: Exposed Data,88,209,"['danswerai', 'feast', 'DIGITS', 'langflow', 'open-webui', 'PySyft', 'superset', 'mindsdb', 'gradio', 'aim', 'deepface', 'blaze', 'mlflow', 'ColossalAI', 'joliGEN', 'machine-learning', 'dash', 'ray']"
198,24,MemberOf,category,1032,OWASP Top Ten 2017 Category A6 - Security Misconfiguration,88,209,"['danswerai', 'feast', 'DIGITS', 'langflow', 'open-webui', 'PySyft', 'superset', 'mindsdb', 'gradio', 'aim', 'deepface', 'blaze', 'mlflow', 'ColossalAI', 'joliGEN', 'machine-learning', 'dash', 'ray']"
199,25,MemberOf,category,1348,OWASP Top Ten 2021 Category A04:2021 - Insecure Design,88,209,"['danswerai', 'feast', 'DIGITS', 'langflow', 'open-webui', 'PySyft', 'superset', 'mindsdb', 'gradio', 'aim', 'deepface', 'blaze', 'mlflow', 'ColossalAI', 'joliGEN', 'machine-learning', 'dash', 'ray']"
200,26,MemberOf,category,1417,Comprehensive Categorization: Sensitive Information Exposure,88,209,"['danswerai', 'feast', 'DIGITS', 'langflow', 'open-webui', 'PySyft', 'superset', 'mindsdb', 'gradio', 'aim', 'deepface', 'blaze', 'mlflow', 'ColossalAI', 'joliGEN', 'machine-learning', 'dash', 'ray']"
201,27,MemberOf,category,1445,OWASP Top Ten 2025 Category A10:2025 - Mishandling of Exceptional Conditions,88,209,"['danswerai', 'feast', 'DIGITS', 'langflow', 'open-webui', 'PySyft', 'superset', 'mindsdb', 'gradio', 'aim', 'deepface', 'blaze', 'mlflow', 'ColossalAI', 'joliGEN', 'machine-learning', 'dash', 'ray']"
202,28,Self,base,209,,88,209,"['danswerai', 'feast', 'DIGITS', 'langflow', 'open-webui', 'PySyft', 'superset', 'mindsdb', 'gradio', 'aim', 'deepface', 'blaze', 'mlflow', 'ColossalAI', 'joliGEN', 'machine-learning', 'dash', 'ray']"
203,0,ChildOf,class,200,Exposure of Sensitive Information to an Unauthorized Actor,88,497,"['danswerai', 'feast', 'DIGITS', 'langflow', 'open-webui', 'PySyft', 'superset', 'mindsdb', 'gradio', 'aim', 'deepface', 'blaze', 'mlflow', 'ColossalAI', 'joliGEN', 'machine-learning', 'dash', 'ray']"
204,1,ParentOf,base,214,Invocation of Process Using Visible Sensitive Information,88,497,"['danswerai', 'feast', 'DIGITS', 'langflow', 'open-webui', 'PySyft', 'superset', 'mindsdb', 'gradio', 'aim', 'deepface', 'blaze', 'mlflow', 'ColossalAI', 'joliGEN', 'machine-learning', 'dash', 'ray']"
205,2,ParentOf,variant,548,Exposure of Information Through Directory Listing,88,497,"['danswerai', 'feast', 'DIGITS', 'langflow', 'open-webui', 'PySyft', 'superset', 'mindsdb', 'gradio', 'aim', 'deepface', 'blaze', 'mlflow', 'ColossalAI', 'joliGEN', 'machine-learning', 'dash', 'ray']"
206,3,PeerOf,base,1431,Driving Intermediate Cryptographic State/Results to Hardware Module Outputs,88,497,"['danswerai', 'feast', 'DIGITS', 'langflow', 'open-webui', 'PySyft', 'superset', 'mindsdb', 'gradio', 'aim', 'deepface', 'blaze', 'mlflow', 'ColossalAI', 'joliGEN', 'machine-learning', 'dash', 'ray']"
207,4,MemberOf,category,199,Information Management Errors,88,497,"['danswerai', 'feast', 'DIGITS', 'langflow', 'open-webui', 'PySyft', 'superset', 'mindsdb', 'gradio', 'aim', 'deepface', 'blaze', 'mlflow', 'ColossalAI', 'joliGEN', 'machine-learning', 'dash', 'ray']"
208,5,MemberOf,category,485,7PK - Encapsulation,88,497,"['danswerai', 'feast', 'DIGITS', 'langflow', 'open-webui', 'PySyft', 'superset', 'mindsdb', 'gradio', 'aim', 'deepface', 'blaze', 'mlflow', 'ColossalAI', 'joliGEN', 'machine-learning', 'dash', 'ray']"
209,6,MemberOf,category,851,The CERT Oracle Secure Coding Standard for Java (2011) Chapter 8 - Exceptional Behavior (ERR),88,497,"['danswerai', 'feast', 'DIGITS', 'langflow', 'open-webui', 'PySyft', 'superset', 'mindsdb', 'gradio', 'aim', 'deepface', 'blaze', 'mlflow', 'ColossalAI', 'joliGEN', 'machine-learning', 'dash', 'ray']"
210,7,MemberOf,category,880,CERT C++ Secure Coding Section 12 - Exceptions and Error Handling (ERR),88,497,"['danswerai', 'feast', 'DIGITS', 'langflow', 'open-webui', 'PySyft', 'superset', 'mindsdb', 'gradio', 'aim', 'deepface', 'blaze', 'mlflow', 'ColossalAI', 'joliGEN', 'machine-learning', 'dash', 'ray']"
211,8,MemberOf,category,963,SFP Secondary Cluster: Exposed Data,88,497,"['danswerai', 'feast', 'DIGITS', 'langflow', 'open-webui', 'PySyft', 'superset', 'mindsdb', 'gradio', 'aim', 'deepface', 'blaze', 'mlflow', 'ColossalAI', 'joliGEN', 'machine-learning', 'dash', 'ray']"
212,9,MemberOf,category,1345,OWASP Top Ten 2021 Category A01:2021 - Broken Access Control,88,497,"['danswerai', 'feast', 'DIGITS', 'langflow', 'open-webui', 'PySyft', 'superset', 'mindsdb', 'gradio', 'aim', 'deepface', 'blaze', 'mlflow', 'ColossalAI', 'joliGEN', 'machine-learning', 'dash', 'ray']"
213,10,MemberOf,category,1417,Comprehensive Categorization: Sensitive Information Exposure,88,497,"['danswerai', 'feast', 'DIGITS', 'langflow', 'open-webui', 'PySyft', 'superset', 'mindsdb', 'gradio', 'aim', 'deepface', 'blaze', 'mlflow', 'ColossalAI', 'joliGEN', 'machine-learning', 'dash', 'ray']"
214,11,MemberOf,category,1436,OWASP Top Ten 2025 Category A01:2025 - Broken Access Control,88,497,"['danswerai', 'feast', 'DIGITS', 'langflow', 'open-webui', 'PySyft', 'superset', 'mindsdb', 'gradio', 'aim', 'deepface', 'blaze', 'mlflow', 'ColossalAI', 'joliGEN', 'machine-learning', 'dash', 'ray']"
215,12,Self,base,497,,88,497,"['danswerai', 'feast', 'DIGITS', 'langflow', 'open-webui', 'PySyft', 'superset', 'mindsdb', 'gradio', 'aim', 'deepface', 'blaze', 'mlflow', 'ColossalAI', 'joliGEN', 'machine-learning', 'dash', 'ray']"
216,0,ChildOf,class,610,Externally Controlled Reference to a Resource in Another Sphere,14,601,"['DIGITS', 'langflow', 'mindsdb', 'superset', 'face_recognition']"
217,1,MemberOf,category,19,Data Processing Errors,14,601,"['DIGITS', 'langflow', 'mindsdb', 'superset', 'face_recognition']"
218,2,ChildOf,class,610,Externally Controlled Reference to a Resource in Another Sphere,14,601,"['DIGITS', 'langflow', 'mindsdb', 'superset', 'face_recognition']"
219,3,MemberOf,category,1019,Validate Inputs,14,601,"['DIGITS', 'langflow', 'mindsdb', 'superset', 'face_recognition']"
220,4,MemberOf,category,722,OWASP Top Ten 2004 Category A1 - Unvalidated Input,14,601,"['DIGITS', 'langflow', 'mindsdb', 'superset', 'face_recognition']"
221,5,MemberOf,category,801,2010 Top 25 - Insecure Interaction Between Components,14,601,"['DIGITS', 'langflow', 'mindsdb', 'superset', 'face_recognition']"
222,6,MemberOf,category,819,OWASP Top Ten 2010 Category A10 - Unvalidated Redirects and Forwards,14,601,"['DIGITS', 'langflow', 'mindsdb', 'superset', 'face_recognition']"
223,7,MemberOf,category,864,2011 Top 25 - Insecure Interaction Between Components,14,601,"['DIGITS', 'langflow', 'mindsdb', 'superset', 'face_recognition']"
224,8,MemberOf,view,884,CWE Cross-section,14,601,"['DIGITS', 'langflow', 'mindsdb', 'superset', 'face_recognition']"
225,9,MemberOf,category,938,OWASP Top Ten 2013 Category A10 - Unvalidated Redirects and Forwards,14,601,"['DIGITS', 'langflow', 'mindsdb', 'superset', 'face_recognition']"
226,10,MemberOf,category,990,SFP Secondary Cluster: Tainted Input to Command,14,601,"['DIGITS', 'langflow', 'mindsdb', 'superset', 'face_recognition']"
227,11,MemberOf,category,1345,OWASP Top Ten 2021 Category A01:2021 - Broken Access Control,14,601,"['DIGITS', 'langflow', 'mindsdb', 'superset', 'face_recognition']"
228,12,MemberOf,category,1382,ICS Operations (& Maintenance): Emerging Energy Technologies,14,601,"['DIGITS', 'langflow', 'mindsdb', 'superset', 'face_recognition']"
229,13,MemberOf,category,1396,Comprehensive Categorization: Access Control,14,601,"['DIGITS', 'langflow', 'mindsdb', 'superset', 'face_recognition']"
230,14,MemberOf,category,1436,OWASP Top Ten 2025 Category A01:2025 - Broken Access Control,14,601,"['DIGITS', 'langflow', 'mindsdb', 'superset', 'face_recognition']"
231,15,Self,base,601,,14,601,"['DIGITS', 'langflow', 'mindsdb', 'superset', 'face_recognition']"
232,0,ChildOf,base,319,Cleartext Transmission of Sensitive Information,2,614,['DIGITS']
233,1,MemberOf,category,966,SFP Secondary Cluster: Other Exposures,2,614,['DIGITS']
234,2,MemberOf,category,1349,OWASP Top Ten 2021 Category A05:2021 - Security Misconfiguration,2,614,['DIGITS']
235,3,MemberOf,category,1402,Comprehensive Categorization: Encryption,2,614,['DIGITS']
236,4,MemberOf,category,1437,OWASP Top Ten 2025 Category A02:2025 - Security Misconfiguration,2,614,['DIGITS']
237,5,Self,variant,614,,2,614,['DIGITS']
238,0,ChildOf,pillar,707,Improper Neutralization,8,74,"['feast', 'DIGITS', 'superset', 'dl-translate', 'DI-engine', 'ray']"
239,1,ParentOf,class,75,Failure to Sanitize Special Elements into a Different Plane (Special Element Injection),8,74,"['feast', 'DIGITS', 'superset', 'dl-translate', 'DI-engine', 'ray']"
240,2,ParentOf,class,77,Improper Neutralization of Special Elements used in a Command ('Command Injection'),8,74,"['feast', 'DIGITS', 'superset', 'dl-translate', 'DI-engine', 'ray']"
241,3,ParentOf,base,79,Improper Neutralization of Input During Web Page Generation ('Cross-site Scripting'),8,74,"['feast', 'DIGITS', 'superset', 'dl-translate', 'DI-engine', 'ray']"
242,4,ParentOf,base,91,XML Injection (aka Blind XPath Injection),8,74,"['feast', 'DIGITS', 'superset', 'dl-translate', 'DI-engine', 'ray']"
243,5,ParentOf,base,93,Improper Neutralization of CRLF Sequences ('CRLF Injection'),8,74,"['feast', 'DIGITS', 'superset', 'dl-translate', 'DI-engine', 'ray']"
244,6,ParentOf,base,94,Improper Control of Generation of Code ('Code Injection'),8,74,"['feast', 'DIGITS', 'superset', 'dl-translate', 'DI-engine', 'ray']"
245,7,ParentOf,class,99,Improper Control of Resource Identifiers ('Resource Injection'),8,74,"['feast', 'DIGITS', 'superset', 'dl-translate', 'DI-engine', 'ray']"
246,8,ParentOf,class,943,Improper Neutralization of Special Elements in Data Query Logic,8,74,"['feast', 'DIGITS', 'superset', 'dl-translate', 'DI-engine', 'ray']"
247,9,ParentOf,base,1236,Improper Neutralization of Formula Elements in a CSV File,8,74,"['feast', 'DIGITS', 'superset', 'dl-translate', 'DI-engine', 'ray']"
248,10,CanFollow,class,20,Improper Input Validation,8,74,"['feast', 'DIGITS', 'superset', 'dl-translate', 'DI-engine', 'ray']"
249,11,CanFollow,class,116,Improper Encoding or Escaping of Output,8,74,"['feast', 'DIGITS', 'superset', 'dl-translate', 'DI-engine', 'ray']"
250,12,MemberOf,view,1003,Weaknesses for Simplified Mapping of Published Vulnerabilities,8,74,"['feast', 'DIGITS', 'superset', 'dl-translate', 'DI-engine', 'ray']"
251,13,ParentOf,class,77,Improper Neutralization of Special Elements used in a Command ('Command Injection'),8,74,"['feast', 'DIGITS', 'superset', 'dl-translate', 'DI-engine', 'ray']"
252,14,ParentOf,base,78,Improper Neutralization of Special Elements used in an OS Command ('OS Command Injection'),8,74,"['feast', 'DIGITS', 'superset', 'dl-translate', 'DI-engine', 'ray']"
253,15,ParentOf,base,79,Improper Neutralization of Input During Web Page Generation ('Cross-site Scripting'),8,74,"['feast', 'DIGITS', 'superset', 'dl-translate', 'DI-engine', 'ray']"
254,16,ParentOf,base,88,Improper Neutralization of Argument Delimiters in a Command ('Argument Injection'),8,74,"['feast', 'DIGITS', 'superset', 'dl-translate', 'DI-engine', 'ray']"
255,17,ParentOf,base,89,Improper Neutralization of Special Elements used in an SQL Command ('SQL Injection'),8,74,"['feast', 'DIGITS', 'superset', 'dl-translate', 'DI-engine', 'ray']"
256,18,ParentOf,base,91,XML Injection (aka Blind XPath Injection),8,74,"['feast', 'DIGITS', 'superset', 'dl-translate', 'DI-engine', 'ray']"
257,19,ParentOf,base,94,Improper Control of Generation of Code ('Code Injection'),8,74,"['feast', 'DIGITS', 'superset', 'dl-translate', 'DI-engine', 'ray']"
258,20,ParentOf,base,917,Improper Neutralization of Special Elements used in an Expression Language Statement ('Expression Language Injection'),8,74,"['feast', 'DIGITS', 'superset', 'dl-translate', 'DI-engine', 'ray']"
259,21,ParentOf,base,1236,Improper Neutralization of Formula Elements in a CSV File,8,74,"['feast', 'DIGITS', 'superset', 'dl-translate', 'DI-engine', 'ray']"
260,22,MemberOf,category,1019,Validate Inputs,8,74,"['feast', 'DIGITS', 'superset', 'dl-translate', 'DI-engine', 'ray']"
261,23,MemberOf,category,727,OWASP Top Ten 2004 Category A6 - Injection Flaws,8,74,"['feast', 'DIGITS', 'superset', 'dl-translate', 'DI-engine', 'ray']"
262,24,MemberOf,category,929,OWASP Top Ten 2013 Category A1 - Injection,8,74,"['feast', 'DIGITS', 'superset', 'dl-translate', 'DI-engine', 'ray']"
263,25,MemberOf,category,990,SFP Secondary Cluster: Tainted Input to Command,8,74,"['feast', 'DIGITS', 'superset', 'dl-translate', 'DI-engine', 'ray']"
264,26,MemberOf,category,1347,OWASP Top Ten 2021 Category A03:2021 - Injection,8,74,"['feast', 'DIGITS', 'superset', 'dl-translate', 'DI-engine', 'ray']"
265,27,MemberOf,category,1409,Comprehensive Categorization: Injection,8,74,"['feast', 'DIGITS', 'superset', 'dl-translate', 'DI-engine', 'ray']"
266,28,MemberOf,category,1440,OWASP Top Ten 2025 Category A05:2025 - Injection,8,74,"['feast', 'DIGITS', 'superset', 'dl-translate', 'DI-engine', 'ray']"
267,29,Self,class,74,,8,74,"['feast', 'DIGITS', 'superset', 'dl-translate', 'DI-engine', 'ray']"
268,0,ChildOf,class,77,Improper Neutralization of Special Elements used in a Command ('Command Injection'),300,78,"['danswerai', 'DIGITS', 'shogun', 'Spearmint', 'rep', 'open-webui', 'bokeh', 'determined', 'deeplake', 'blaze', 'statsmodels', 'xgboost', 'catboost', 'typer', 'dash', 'open-metric-learning', 'detectron2', 'nilearn', 'matplotlib', 'langflow', 'pyqtgraph', 'bentoml', 'tensorflow', 'altair', 'aim', 'numpy', 'mlens', 'retro', 'pynlpl', 'pytorch-image-models', 'deeppy', 'bigartm', 'gensim', 'ray', 'skll', 'PyStanfordDependencies', 'pydantic', 'zipline', 'mars', 'catalyst', 'jax', 'mlflow', 'pytorch', 'streamlit', 'rasa', 'cortex', 'mist', 'scikit-learn-intelex', 'scikit-image', 'loso', 'mindsdb', 'superset', 'pytorch-lightning', 'gradio', 'transformers', 'DI-engine', 'ViZDoom', 'neuraltalk', 'colibri-core']"
269,1,CanFollow,base,184,Incomplete List of Disallowed Inputs,300,78,"['danswerai', 'DIGITS', 'shogun', 'Spearmint', 'rep', 'open-webui', 'bokeh', 'determined', 'deeplake', 'blaze', 'statsmodels', 'xgboost', 'catboost', 'typer', 'dash', 'open-metric-learning', 'detectron2', 'nilearn', 'matplotlib', 'langflow', 'pyqtgraph', 'bentoml', 'tensorflow', 'altair', 'aim', 'numpy', 'mlens', 'retro', 'pynlpl', 'pytorch-image-models', 'deeppy', 'bigartm', 'gensim', 'ray', 'skll', 'PyStanfordDependencies', 'pydantic', 'zipline', 'mars', 'catalyst', 'jax', 'mlflow', 'pytorch', 'streamlit', 'rasa', 'cortex', 'mist', 'scikit-learn-intelex', 'scikit-image', 'loso', 'mindsdb', 'superset', 'pytorch-lightning', 'gradio', 'transformers', 'DI-engine', 'ViZDoom', 'neuraltalk', 'colibri-core']"
270,2,MemberOf,category,137,Data Neutralization Issues,300,78,"['danswerai', 'DIGITS', 'shogun', 'Spearmint', 'rep', 'open-webui', 'bokeh', 'determined', 'deeplake', 'blaze', 'statsmodels', 'xgboost', 'catboost', 'typer', 'dash', 'open-metric-learning', 'detectron2', 'nilearn', 'matplotlib', 'langflow', 'pyqtgraph', 'bentoml', 'tensorflow', 'altair', 'aim', 'numpy', 'mlens', 'retro', 'pynlpl', 'pytorch-image-models', 'deeppy', 'bigartm', 'gensim', 'ray', 'skll', 'PyStanfordDependencies', 'pydantic', 'zipline', 'mars', 'catalyst', 'jax', 'mlflow', 'pytorch', 'streamlit', 'rasa', 'cortex', 'mist', 'scikit-learn-intelex', 'scikit-image', 'loso', 'mindsdb', 'superset', 'pytorch-lightning', 'gradio', 'transformers', 'DI-engine', 'ViZDoom', 'neuraltalk', 'colibri-core']"
271,3,ChildOf,class,74,Improper Neutralization of Special Elements in Output Used by a Downstream Component ('Injection'),300,78,"['danswerai', 'DIGITS', 'shogun', 'Spearmint', 'rep', 'open-webui', 'bokeh', 'determined', 'deeplake', 'blaze', 'statsmodels', 'xgboost', 'catboost', 'typer', 'dash', 'open-metric-learning', 'detectron2', 'nilearn', 'matplotlib', 'langflow', 'pyqtgraph', 'bentoml', 'tensorflow', 'altair', 'aim', 'numpy', 'mlens', 'retro', 'pynlpl', 'pytorch-image-models', 'deeppy', 'bigartm', 'gensim', 'ray', 'skll', 'PyStanfordDependencies', 'pydantic', 'zipline', 'mars', 'catalyst', 'jax', 'mlflow', 'pytorch', 'streamlit', 'rasa', 'cortex', 'mist', 'scikit-learn-intelex', 'scikit-image', 'loso', 'mindsdb', 'superset', 'pytorch-lightning', 'gradio', 'transformers', 'DI-engine', 'ViZDoom', 'neuraltalk', 'colibri-core']"
272,4,MemberOf,category,1019,Validate Inputs,300,78,"['danswerai', 'DIGITS', 'shogun', 'Spearmint', 'rep', 'open-webui', 'bokeh', 'determined', 'deeplake', 'blaze', 'statsmodels', 'xgboost', 'catboost', 'typer', 'dash', 'open-metric-learning', 'detectron2', 'nilearn', 'matplotlib', 'langflow', 'pyqtgraph', 'bentoml', 'tensorflow', 'altair', 'aim', 'numpy', 'mlens', 'retro', 'pynlpl', 'pytorch-image-models', 'deeppy', 'bigartm', 'gensim', 'ray', 'skll', 'PyStanfordDependencies', 'pydantic', 'zipline', 'mars', 'catalyst', 'jax', 'mlflow', 'pytorch', 'streamlit', 'rasa', 'cortex', 'mist', 'scikit-learn-intelex', 'scikit-image', 'loso', 'mindsdb', 'superset', 'pytorch-lightning', 'gradio', 'transformers', 'DI-engine', 'ViZDoom', 'neuraltalk', 'colibri-core']"
273,5,ChildOf,class,77,Improper Neutralization of Special Elements used in a Command ('Command Injection'),300,78,"['danswerai', 'DIGITS', 'shogun', 'Spearmint', 'rep', 'open-webui', 'bokeh', 'determined', 'deeplake', 'blaze', 'statsmodels', 'xgboost', 'catboost', 'typer', 'dash', 'open-metric-learning', 'detectron2', 'nilearn', 'matplotlib', 'langflow', 'pyqtgraph', 'bentoml', 'tensorflow', 'altair', 'aim', 'numpy', 'mlens', 'retro', 'pynlpl', 'pytorch-image-models', 'deeppy', 'bigartm', 'gensim', 'ray', 'skll', 'PyStanfordDependencies', 'pydantic', 'zipline', 'mars', 'catalyst', 'jax', 'mlflow', 'pytorch', 'streamlit', 'rasa', 'cortex', 'mist', 'scikit-learn-intelex', 'scikit-image', 'loso', 'mindsdb', 'superset', 'pytorch-lightning', 'gradio', 'transformers', 'DI-engine', 'ViZDoom', 'neuraltalk', 'colibri-core']"
274,6,ChildOf,class,77,Improper Neutralization of Special Elements used in a Command ('Command Injection'),300,78,"['danswerai', 'DIGITS', 'shogun', 'Spearmint', 'rep', 'open-webui', 'bokeh', 'determined', 'deeplake', 'blaze', 'statsmodels', 'xgboost', 'catboost', 'typer', 'dash', 'open-metric-learning', 'detectron2', 'nilearn', 'matplotlib', 'langflow', 'pyqtgraph', 'bentoml', 'tensorflow', 'altair', 'aim', 'numpy', 'mlens', 'retro', 'pynlpl', 'pytorch-image-models', 'deeppy', 'bigartm', 'gensim', 'ray', 'skll', 'PyStanfordDependencies', 'pydantic', 'zipline', 'mars', 'catalyst', 'jax', 'mlflow', 'pytorch', 'streamlit', 'rasa', 'cortex', 'mist', 'scikit-learn-intelex', 'scikit-image', 'loso', 'mindsdb', 'superset', 'pytorch-lightning', 'gradio', 'transformers', 'DI-engine', 'ViZDoom', 'neuraltalk', 'colibri-core']"
275,7,MemberOf,view,635,Weaknesses Originally Used by NVD from 2008 to 2016,300,78,"['danswerai', 'DIGITS', 'shogun', 'Spearmint', 'rep', 'open-webui', 'bokeh', 'determined', 'deeplake', 'blaze', 'statsmodels', 'xgboost', 'catboost', 'typer', 'dash', 'open-metric-learning', 'detectron2', 'nilearn', 'matplotlib', 'langflow', 'pyqtgraph', 'bentoml', 'tensorflow', 'altair', 'aim', 'numpy', 'mlens', 'retro', 'pynlpl', 'pytorch-image-models', 'deeppy', 'bigartm', 'gensim', 'ray', 'skll', 'PyStanfordDependencies', 'pydantic', 'zipline', 'mars', 'catalyst', 'jax', 'mlflow', 'pytorch', 'streamlit', 'rasa', 'cortex', 'mist', 'scikit-learn-intelex', 'scikit-image', 'loso', 'mindsdb', 'superset', 'pytorch-lightning', 'gradio', 'transformers', 'DI-engine', 'ViZDoom', 'neuraltalk', 'colibri-core']"
276,8,MemberOf,category,714,OWASP Top Ten 2007 Category A3 - Malicious File Execution,300,78,"['danswerai', 'DIGITS', 'shogun', 'Spearmint', 'rep', 'open-webui', 'bokeh', 'determined', 'deeplake', 'blaze', 'statsmodels', 'xgboost', 'catboost', 'typer', 'dash', 'open-metric-learning', 'detectron2', 'nilearn', 'matplotlib', 'langflow', 'pyqtgraph', 'bentoml', 'tensorflow', 'altair', 'aim', 'numpy', 'mlens', 'retro', 'pynlpl', 'pytorch-image-models', 'deeppy', 'bigartm', 'gensim', 'ray', 'skll', 'PyStanfordDependencies', 'pydantic', 'zipline', 'mars', 'catalyst', 'jax', 'mlflow', 'pytorch', 'streamlit', 'rasa', 'cortex', 'mist', 'scikit-learn-intelex', 'scikit-image', 'loso', 'mindsdb', 'superset', 'pytorch-lightning', 'gradio', 'transformers', 'DI-engine', 'ViZDoom', 'neuraltalk', 'colibri-core']"
277,9,MemberOf,category,727,OWASP Top Ten 2004 Category A6 - Injection Flaws,300,78,"['danswerai', 'DIGITS', 'shogun', 'Spearmint', 'rep', 'open-webui', 'bokeh', 'determined', 'deeplake', 'blaze', 'statsmodels', 'xgboost', 'catboost', 'typer', 'dash', 'open-metric-learning', 'detectron2', 'nilearn', 'matplotlib', 'langflow', 'pyqtgraph', 'bentoml', 'tensorflow', 'altair', 'aim', 'numpy', 'mlens', 'retro', 'pynlpl', 'pytorch-image-models', 'deeppy', 'bigartm', 'gensim', 'ray', 'skll', 'PyStanfordDependencies', 'pydantic', 'zipline', 'mars', 'catalyst', 'jax', 'mlflow', 'pytorch', 'streamlit', 'rasa', 'cortex', 'mist', 'scikit-learn-intelex', 'scikit-image', 'loso', 'mindsdb', 'superset', 'pytorch-lightning', 'gradio', 'transformers', 'DI-engine', 'ViZDoom', 'neuraltalk', 'colibri-core']"
278,10,MemberOf,category,741,CERT C Secure Coding Standard (2008) Chapter 8 - Characters and Strings (STR),300,78,"['danswerai', 'DIGITS', 'shogun', 'Spearmint', 'rep', 'open-webui', 'bokeh', 'determined', 'deeplake', 'blaze', 'statsmodels', 'xgboost', 'catboost', 'typer', 'dash', 'open-metric-learning', 'detectron2', 'nilearn', 'matplotlib', 'langflow', 'pyqtgraph', 'bentoml', 'tensorflow', 'altair', 'aim', 'numpy', 'mlens', 'retro', 'pynlpl', 'pytorch-image-models', 'deeppy', 'bigartm', 'gensim', 'ray', 'skll', 'PyStanfordDependencies', 'pydantic', 'zipline', 'mars', 'catalyst', 'jax', 'mlflow', 'pytorch', 'streamlit', 'rasa', 'cortex', 'mist', 'scikit-learn-intelex', 'scikit-image', 'loso', 'mindsdb', 'superset', 'pytorch-lightning', 'gradio', 'transformers', 'DI-engine', 'ViZDoom', 'neuraltalk', 'colibri-core']"
279,11,MemberOf,category,744,CERT C Secure Coding Standard (2008) Chapter 11 - Environment (ENV),300,78,"['danswerai', 'DIGITS', 'shogun', 'Spearmint', 'rep', 'open-webui', 'bokeh', 'determined', 'deeplake', 'blaze', 'statsmodels', 'xgboost', 'catboost', 'typer', 'dash', 'open-metric-learning', 'detectron2', 'nilearn', 'matplotlib', 'langflow', 'pyqtgraph', 'bentoml', 'tensorflow', 'altair', 'aim', 'numpy', 'mlens', 'retro', 'pynlpl', 'pytorch-image-models', 'deeppy', 'bigartm', 'gensim', 'ray', 'skll', 'PyStanfordDependencies', 'pydantic', 'zipline', 'mars', 'catalyst', 'jax', 'mlflow', 'pytorch', 'streamlit', 'rasa', 'cortex', 'mist', 'scikit-learn-intelex', 'scikit-image', 'loso', 'mindsdb', 'superset', 'pytorch-lightning', 'gradio', 'transformers', 'DI-engine', 'ViZDoom', 'neuraltalk', 'colibri-core']"
280,12,MemberOf,category,751,2009 Top 25 - Insecure Interaction Between Components,300,78,"['danswerai', 'DIGITS', 'shogun', 'Spearmint', 'rep', 'open-webui', 'bokeh', 'determined', 'deeplake', 'blaze', 'statsmodels', 'xgboost', 'catboost', 'typer', 'dash', 'open-metric-learning', 'detectron2', 'nilearn', 'matplotlib', 'langflow', 'pyqtgraph', 'bentoml', 'tensorflow', 'altair', 'aim', 'numpy', 'mlens', 'retro', 'pynlpl', 'pytorch-image-models', 'deeppy', 'bigartm', 'gensim', 'ray', 'skll', 'PyStanfordDependencies', 'pydantic', 'zipline', 'mars', 'catalyst', 'jax', 'mlflow', 'pytorch', 'streamlit', 'rasa', 'cortex', 'mist', 'scikit-learn-intelex', 'scikit-image', 'loso', 'mindsdb', 'superset', 'pytorch-lightning', 'gradio', 'transformers', 'DI-engine', 'ViZDoom', 'neuraltalk', 'colibri-core']"
281,13,MemberOf,category,801,2010 Top 25 - Insecure Interaction Between Components,300,78,"['danswerai', 'DIGITS', 'shogun', 'Spearmint', 'rep', 'open-webui', 'bokeh', 'determined', 'deeplake', 'blaze', 'statsmodels', 'xgboost', 'catboost', 'typer', 'dash', 'open-metric-learning', 'detectron2', 'nilearn', 'matplotlib', 'langflow', 'pyqtgraph', 'bentoml', 'tensorflow', 'altair', 'aim', 'numpy', 'mlens', 'retro', 'pynlpl', 'pytorch-image-models', 'deeppy', 'bigartm', 'gensim', 'ray', 'skll', 'PyStanfordDependencies', 'pydantic', 'zipline', 'mars', 'catalyst', 'jax', 'mlflow', 'pytorch', 'streamlit', 'rasa', 'cortex', 'mist', 'scikit-learn-intelex', 'scikit-image', 'loso', 'mindsdb', 'superset', 'pytorch-lightning', 'gradio', 'transformers', 'DI-engine', 'ViZDoom', 'neuraltalk', 'colibri-core']"
282,14,MemberOf,category,810,OWASP Top Ten 2010 Category A1 - Injection,300,78,"['danswerai', 'DIGITS', 'shogun', 'Spearmint', 'rep', 'open-webui', 'bokeh', 'determined', 'deeplake', 'blaze', 'statsmodels', 'xgboost', 'catboost', 'typer', 'dash', 'open-metric-learning', 'detectron2', 'nilearn', 'matplotlib', 'langflow', 'pyqtgraph', 'bentoml', 'tensorflow', 'altair', 'aim', 'numpy', 'mlens', 'retro', 'pynlpl', 'pytorch-image-models', 'deeppy', 'bigartm', 'gensim', 'ray', 'skll', 'PyStanfordDependencies', 'pydantic', 'zipline', 'mars', 'catalyst', 'jax', 'mlflow', 'pytorch', 'streamlit', 'rasa', 'cortex', 'mist', 'scikit-learn-intelex', 'scikit-image', 'loso', 'mindsdb', 'superset', 'pytorch-lightning', 'gradio', 'transformers', 'DI-engine', 'ViZDoom', 'neuraltalk', 'colibri-core']"
283,15,MemberOf,category,845,The CERT Oracle Secure Coding Standard for Java (2011) Chapter 2 - Input Validation and Data Sanitization (IDS),300,78,"['danswerai', 'DIGITS', 'shogun', 'Spearmint', 'rep', 'open-webui', 'bokeh', 'determined', 'deeplake', 'blaze', 'statsmodels', 'xgboost', 'catboost', 'typer', 'dash', 'open-metric-learning', 'detectron2', 'nilearn', 'matplotlib', 'langflow', 'pyqtgraph', 'bentoml', 'tensorflow', 'altair', 'aim', 'numpy', 'mlens', 'retro', 'pynlpl', 'pytorch-image-models', 'deeppy', 'bigartm', 'gensim', 'ray', 'skll', 'PyStanfordDependencies', 'pydantic', 'zipline', 'mars', 'catalyst', 'jax', 'mlflow', 'pytorch', 'streamlit', 'rasa', 'cortex', 'mist', 'scikit-learn-intelex', 'scikit-image', 'loso', 'mindsdb', 'superset', 'pytorch-lightning', 'gradio', 'transformers', 'DI-engine', 'ViZDoom', 'neuraltalk', 'colibri-core']"
284,16,MemberOf,category,864,2011 Top 25 - Insecure Interaction Between Components,300,78,"['danswerai', 'DIGITS', 'shogun', 'Spearmint', 'rep', 'open-webui', 'bokeh', 'determined', 'deeplake', 'blaze', 'statsmodels', 'xgboost', 'catboost', 'typer', 'dash', 'open-metric-learning', 'detectron2', 'nilearn', 'matplotlib', 'langflow', 'pyqtgraph', 'bentoml', 'tensorflow', 'altair', 'aim', 'numpy', 'mlens', 'retro', 'pynlpl', 'pytorch-image-models', 'deeppy', 'bigartm', 'gensim', 'ray', 'skll', 'PyStanfordDependencies', 'pydantic', 'zipline', 'mars', 'catalyst', 'jax', 'mlflow', 'pytorch', 'streamlit', 'rasa', 'cortex', 'mist', 'scikit-learn-intelex', 'scikit-image', 'loso', 'mindsdb', 'superset', 'pytorch-lightning', 'gradio', 'transformers', 'DI-engine', 'ViZDoom', 'neuraltalk', 'colibri-core']"
285,17,MemberOf,category,875,CERT C++ Secure Coding Section 07 - Characters and Strings (STR),300,78,"['danswerai', 'DIGITS', 'shogun', 'Spearmint', 'rep', 'open-webui', 'bokeh', 'determined', 'deeplake', 'blaze', 'statsmodels', 'xgboost', 'catboost', 'typer', 'dash', 'open-metric-learning', 'detectron2', 'nilearn', 'matplotlib', 'langflow', 'pyqtgraph', 'bentoml', 'tensorflow', 'altair', 'aim', 'numpy', 'mlens', 'retro', 'pynlpl', 'pytorch-image-models', 'deeppy', 'bigartm', 'gensim', 'ray', 'skll', 'PyStanfordDependencies', 'pydantic', 'zipline', 'mars', 'catalyst', 'jax', 'mlflow', 'pytorch', 'streamlit', 'rasa', 'cortex', 'mist', 'scikit-learn-intelex', 'scikit-image', 'loso', 'mindsdb', 'superset', 'pytorch-lightning', 'gradio', 'transformers', 'DI-engine', 'ViZDoom', 'neuraltalk', 'colibri-core']"
286,18,MemberOf,category,878,CERT C++ Secure Coding Section 10 - Environment (ENV),300,78,"['danswerai', 'DIGITS', 'shogun', 'Spearmint', 'rep', 'open-webui', 'bokeh', 'determined', 'deeplake', 'blaze', 'statsmodels', 'xgboost', 'catboost', 'typer', 'dash', 'open-metric-learning', 'detectron2', 'nilearn', 'matplotlib', 'langflow', 'pyqtgraph', 'bentoml', 'tensorflow', 'altair', 'aim', 'numpy', 'mlens', 'retro', 'pynlpl', 'pytorch-image-models', 'deeppy', 'bigartm', 'gensim', 'ray', 'skll', 'PyStanfordDependencies', 'pydantic', 'zipline', 'mars', 'catalyst', 'jax', 'mlflow', 'pytorch', 'streamlit', 'rasa', 'cortex', 'mist', 'scikit-learn-intelex', 'scikit-image', 'loso', 'mindsdb', 'superset', 'pytorch-lightning', 'gradio', 'transformers', 'DI-engine', 'ViZDoom', 'neuraltalk', 'colibri-core']"
287,19,MemberOf,view,884,CWE Cross-section,300,78,"['danswerai', 'DIGITS', 'shogun', 'Spearmint', 'rep', 'open-webui', 'bokeh', 'determined', 'deeplake', 'blaze', 'statsmodels', 'xgboost', 'catboost', 'typer', 'dash', 'open-metric-learning', 'detectron2', 'nilearn', 'matplotlib', 'langflow', 'pyqtgraph', 'bentoml', 'tensorflow', 'altair', 'aim', 'numpy', 'mlens', 'retro', 'pynlpl', 'pytorch-image-models', 'deeppy', 'bigartm', 'gensim', 'ray', 'skll', 'PyStanfordDependencies', 'pydantic', 'zipline', 'mars', 'catalyst', 'jax', 'mlflow', 'pytorch', 'streamlit', 'rasa', 'cortex', 'mist', 'scikit-learn-intelex', 'scikit-image', 'loso', 'mindsdb', 'superset', 'pytorch-lightning', 'gradio', 'transformers', 'DI-engine', 'ViZDoom', 'neuraltalk', 'colibri-core']"
288,20,MemberOf,category,929,OWASP Top Ten 2013 Category A1 - Injection,300,78,"['danswerai', 'DIGITS', 'shogun', 'Spearmint', 'rep', 'open-webui', 'bokeh', 'determined', 'deeplake', 'blaze', 'statsmodels', 'xgboost', 'catboost', 'typer', 'dash', 'open-metric-learning', 'detectron2', 'nilearn', 'matplotlib', 'langflow', 'pyqtgraph', 'bentoml', 'tensorflow', 'altair', 'aim', 'numpy', 'mlens', 'retro', 'pynlpl', 'pytorch-image-models', 'deeppy', 'bigartm', 'gensim', 'ray', 'skll', 'PyStanfordDependencies', 'pydantic', 'zipline', 'mars', 'catalyst', 'jax', 'mlflow', 'pytorch', 'streamlit', 'rasa', 'cortex', 'mist', 'scikit-learn-intelex', 'scikit-image', 'loso', 'mindsdb', 'superset', 'pytorch-lightning', 'gradio', 'transformers', 'DI-engine', 'ViZDoom', 'neuraltalk', 'colibri-core']"
289,21,MemberOf,category,990,SFP Secondary Cluster: Tainted Input to Command,300,78,"['danswerai', 'DIGITS', 'shogun', 'Spearmint', 'rep', 'open-webui', 'bokeh', 'determined', 'deeplake', 'blaze', 'statsmodels', 'xgboost', 'catboost', 'typer', 'dash', 'open-metric-learning', 'detectron2', 'nilearn', 'matplotlib', 'langflow', 'pyqtgraph', 'bentoml', 'tensorflow', 'altair', 'aim', 'numpy', 'mlens', 'retro', 'pynlpl', 'pytorch-image-models', 'deeppy', 'bigartm', 'gensim', 'ray', 'skll', 'PyStanfordDependencies', 'pydantic', 'zipline', 'mars', 'catalyst', 'jax', 'mlflow', 'pytorch', 'streamlit', 'rasa', 'cortex', 'mist', 'scikit-learn-intelex', 'scikit-image', 'loso', 'mindsdb', 'superset', 'pytorch-lightning', 'gradio', 'transformers', 'DI-engine', 'ViZDoom', 'neuraltalk', 'colibri-core']"
290,22,MemberOf,category,1027,OWASP Top Ten 2017 Category A1 - Injection,300,78,"['danswerai', 'DIGITS', 'shogun', 'Spearmint', 'rep', 'open-webui', 'bokeh', 'determined', 'deeplake', 'blaze', 'statsmodels', 'xgboost', 'catboost', 'typer', 'dash', 'open-metric-learning', 'detectron2', 'nilearn', 'matplotlib', 'langflow', 'pyqtgraph', 'bentoml', 'tensorflow', 'altair', 'aim', 'numpy', 'mlens', 'retro', 'pynlpl', 'pytorch-image-models', 'deeppy', 'bigartm', 'gensim', 'ray', 'skll', 'PyStanfordDependencies', 'pydantic', 'zipline', 'mars', 'catalyst', 'jax', 'mlflow', 'pytorch', 'streamlit', 'rasa', 'cortex', 'mist', 'scikit-learn-intelex', 'scikit-image', 'loso', 'mindsdb', 'superset', 'pytorch-lightning', 'gradio', 'transformers', 'DI-engine', 'ViZDoom', 'neuraltalk', 'colibri-core']"
291,23,MemberOf,category,1131,CISQ Quality Measures (2016) - Security,300,78,"['danswerai', 'DIGITS', 'shogun', 'Spearmint', 'rep', 'open-webui', 'bokeh', 'determined', 'deeplake', 'blaze', 'statsmodels', 'xgboost', 'catboost', 'typer', 'dash', 'open-metric-learning', 'detectron2', 'nilearn', 'matplotlib', 'langflow', 'pyqtgraph', 'bentoml', 'tensorflow', 'altair', 'aim', 'numpy', 'mlens', 'retro', 'pynlpl', 'pytorch-image-models', 'deeppy', 'bigartm', 'gensim', 'ray', 'skll', 'PyStanfordDependencies', 'pydantic', 'zipline', 'mars', 'catalyst', 'jax', 'mlflow', 'pytorch', 'streamlit', 'rasa', 'cortex', 'mist', 'scikit-learn-intelex', 'scikit-image', 'loso', 'mindsdb', 'superset', 'pytorch-lightning', 'gradio', 'transformers', 'DI-engine', 'ViZDoom', 'neuraltalk', 'colibri-core']"
292,24,MemberOf,category,1134,SEI CERT Oracle Secure Coding Standard for Java - Guidelines 00. Input Validation and Data Sanitization (IDS),300,78,"['danswerai', 'DIGITS', 'shogun', 'Spearmint', 'rep', 'open-webui', 'bokeh', 'determined', 'deeplake', 'blaze', 'statsmodels', 'xgboost', 'catboost', 'typer', 'dash', 'open-metric-learning', 'detectron2', 'nilearn', 'matplotlib', 'langflow', 'pyqtgraph', 'bentoml', 'tensorflow', 'altair', 'aim', 'numpy', 'mlens', 'retro', 'pynlpl', 'pytorch-image-models', 'deeppy', 'bigartm', 'gensim', 'ray', 'skll', 'PyStanfordDependencies', 'pydantic', 'zipline', 'mars', 'catalyst', 'jax', 'mlflow', 'pytorch', 'streamlit', 'rasa', 'cortex', 'mist', 'scikit-learn-intelex', 'scikit-image', 'loso', 'mindsdb', 'superset', 'pytorch-lightning', 'gradio', 'transformers', 'DI-engine', 'ViZDoom', 'neuraltalk', 'colibri-core']"
293,25,MemberOf,category,1165,SEI CERT C Coding Standard - Guidelines 10. Environment (ENV),300,78,"['danswerai', 'DIGITS', 'shogun', 'Spearmint', 'rep', 'open-webui', 'bokeh', 'determined', 'deeplake', 'blaze', 'statsmodels', 'xgboost', 'catboost', 'typer', 'dash', 'open-metric-learning', 'detectron2', 'nilearn', 'matplotlib', 'langflow', 'pyqtgraph', 'bentoml', 'tensorflow', 'altair', 'aim', 'numpy', 'mlens', 'retro', 'pynlpl', 'pytorch-image-models', 'deeppy', 'bigartm', 'gensim', 'ray', 'skll', 'PyStanfordDependencies', 'pydantic', 'zipline', 'mars', 'catalyst', 'jax', 'mlflow', 'pytorch', 'streamlit', 'rasa', 'cortex', 'mist', 'scikit-learn-intelex', 'scikit-image', 'loso', 'mindsdb', 'superset', 'pytorch-lightning', 'gradio', 'transformers', 'DI-engine', 'ViZDoom', 'neuraltalk', 'colibri-core']"
294,26,MemberOf,view,1200,Weaknesses in the 2019 CWE Top 25 Most Dangerous Software Errors,300,78,"['danswerai', 'DIGITS', 'shogun', 'Spearmint', 'rep', 'open-webui', 'bokeh', 'determined', 'deeplake', 'blaze', 'statsmodels', 'xgboost', 'catboost', 'typer', 'dash', 'open-metric-learning', 'detectron2', 'nilearn', 'matplotlib', 'langflow', 'pyqtgraph', 'bentoml', 'tensorflow', 'altair', 'aim', 'numpy', 'mlens', 'retro', 'pynlpl', 'pytorch-image-models', 'deeppy', 'bigartm', 'gensim', 'ray', 'skll', 'PyStanfordDependencies', 'pydantic', 'zipline', 'mars', 'catalyst', 'jax', 'mlflow', 'pytorch', 'streamlit', 'rasa', 'cortex', 'mist', 'scikit-learn-intelex', 'scikit-image', 'loso', 'mindsdb', 'superset', 'pytorch-lightning', 'gradio', 'transformers', 'DI-engine', 'ViZDoom', 'neuraltalk', 'colibri-core']"
295,27,MemberOf,view,1337,Weaknesses in the 2021 CWE Top 25 Most Dangerous Software Weaknesses,300,78,"['danswerai', 'DIGITS', 'shogun', 'Spearmint', 'rep', 'open-webui', 'bokeh', 'determined', 'deeplake', 'blaze', 'statsmodels', 'xgboost', 'catboost', 'typer', 'dash', 'open-metric-learning', 'detectron2', 'nilearn', 'matplotlib', 'langflow', 'pyqtgraph', 'bentoml', 'tensorflow', 'altair', 'aim', 'numpy', 'mlens', 'retro', 'pynlpl', 'pytorch-image-models', 'deeppy', 'bigartm', 'gensim', 'ray', 'skll', 'PyStanfordDependencies', 'pydantic', 'zipline', 'mars', 'catalyst', 'jax', 'mlflow', 'pytorch', 'streamlit', 'rasa', 'cortex', 'mist', 'scikit-learn-intelex', 'scikit-image', 'loso', 'mindsdb', 'superset', 'pytorch-lightning', 'gradio', 'transformers', 'DI-engine', 'ViZDoom', 'neuraltalk', 'colibri-core']"
296,28,MemberOf,category,1347,OWASP Top Ten 2021 Category A03:2021 - Injection,300,78,"['danswerai', 'DIGITS', 'shogun', 'Spearmint', 'rep', 'open-webui', 'bokeh', 'determined', 'deeplake', 'blaze', 'statsmodels', 'xgboost', 'catboost', 'typer', 'dash', 'open-metric-learning', 'detectron2', 'nilearn', 'matplotlib', 'langflow', 'pyqtgraph', 'bentoml', 'tensorflow', 'altair', 'aim', 'numpy', 'mlens', 'retro', 'pynlpl', 'pytorch-image-models', 'deeppy', 'bigartm', 'gensim', 'ray', 'skll', 'PyStanfordDependencies', 'pydantic', 'zipline', 'mars', 'catalyst', 'jax', 'mlflow', 'pytorch', 'streamlit', 'rasa', 'cortex', 'mist', 'scikit-learn-intelex', 'scikit-image', 'loso', 'mindsdb', 'superset', 'pytorch-lightning', 'gradio', 'transformers', 'DI-engine', 'ViZDoom', 'neuraltalk', 'colibri-core']"
297,29,MemberOf,view,1350,Weaknesses in the 2020 CWE Top 25 Most Dangerous Software Weaknesses,300,78,"['danswerai', 'DIGITS', 'shogun', 'Spearmint', 'rep', 'open-webui', 'bokeh', 'determined', 'deeplake', 'blaze', 'statsmodels', 'xgboost', 'catboost', 'typer', 'dash', 'open-metric-learning', 'detectron2', 'nilearn', 'matplotlib', 'langflow', 'pyqtgraph', 'bentoml', 'tensorflow', 'altair', 'aim', 'numpy', 'mlens', 'retro', 'pynlpl', 'pytorch-image-models', 'deeppy', 'bigartm', 'gensim', 'ray', 'skll', 'PyStanfordDependencies', 'pydantic', 'zipline', 'mars', 'catalyst', 'jax', 'mlflow', 'pytorch', 'streamlit', 'rasa', 'cortex', 'mist', 'scikit-learn-intelex', 'scikit-image', 'loso', 'mindsdb', 'superset', 'pytorch-lightning', 'gradio', 'transformers', 'DI-engine', 'ViZDoom', 'neuraltalk', 'colibri-core']"
298,30,MemberOf,view,1387,Weaknesses in the 2022 CWE Top 25 Most Dangerous Software Weaknesses,300,78,"['danswerai', 'DIGITS', 'shogun', 'Spearmint', 'rep', 'open-webui', 'bokeh', 'determined', 'deeplake', 'blaze', 'statsmodels', 'xgboost', 'catboost', 'typer', 'dash', 'open-metric-learning', 'detectron2', 'nilearn', 'matplotlib', 'langflow', 'pyqtgraph', 'bentoml', 'tensorflow', 'altair', 'aim', 'numpy', 'mlens', 'retro', 'pynlpl', 'pytorch-image-models', 'deeppy', 'bigartm', 'gensim', 'ray', 'skll', 'PyStanfordDependencies', 'pydantic', 'zipline', 'mars', 'catalyst', 'jax', 'mlflow', 'pytorch', 'streamlit', 'rasa', 'cortex', 'mist', 'scikit-learn-intelex', 'scikit-image', 'loso', 'mindsdb', 'superset', 'pytorch-lightning', 'gradio', 'transformers', 'DI-engine', 'ViZDoom', 'neuraltalk', 'colibri-core']"
299,31,MemberOf,category,1409,Comprehensive Categorization: Injection,300,78,"['danswerai', 'DIGITS', 'shogun', 'Spearmint', 'rep', 'open-webui', 'bokeh', 'determined', 'deeplake', 'blaze', 'statsmodels', 'xgboost', 'catboost', 'typer', 'dash', 'open-metric-learning', 'detectron2', 'nilearn', 'matplotlib', 'langflow', 'pyqtgraph', 'bentoml', 'tensorflow', 'altair', 'aim', 'numpy', 'mlens', 'retro', 'pynlpl', 'pytorch-image-models', 'deeppy', 'bigartm', 'gensim', 'ray', 'skll', 'PyStanfordDependencies', 'pydantic', 'zipline', 'mars', 'catalyst', 'jax', 'mlflow', 'pytorch', 'streamlit', 'rasa', 'cortex', 'mist', 'scikit-learn-intelex', 'scikit-image', 'loso', 'mindsdb', 'superset', 'pytorch-lightning', 'gradio', 'transformers', 'DI-engine', 'ViZDoom', 'neuraltalk', 'colibri-core']"
300,32,MemberOf,view,1425,Weaknesses in the 2023 CWE Top 25 Most Dangerous Software Weaknesses,300,78,"['danswerai', 'DIGITS', 'shogun', 'Spearmint', 'rep', 'open-webui', 'bokeh', 'determined', 'deeplake', 'blaze', 'statsmodels', 'xgboost', 'catboost', 'typer', 'dash', 'open-metric-learning', 'detectron2', 'nilearn', 'matplotlib', 'langflow', 'pyqtgraph', 'bentoml', 'tensorflow', 'altair', 'aim', 'numpy', 'mlens', 'retro', 'pynlpl', 'pytorch-image-models', 'deeppy', 'bigartm', 'gensim', 'ray', 'skll', 'PyStanfordDependencies', 'pydantic', 'zipline', 'mars', 'catalyst', 'jax', 'mlflow', 'pytorch', 'streamlit', 'rasa', 'cortex', 'mist', 'scikit-learn-intelex', 'scikit-image', 'loso', 'mindsdb', 'superset', 'pytorch-lightning', 'gradio', 'transformers', 'DI-engine', 'ViZDoom', 'neuraltalk', 'colibri-core']"
301,33,MemberOf,view,1430,Weaknesses in the 2024 CWE Top 25 Most Dangerous Software Weaknesses,300,78,"['danswerai', 'DIGITS', 'shogun', 'Spearmint', 'rep', 'open-webui', 'bokeh', 'determined', 'deeplake', 'blaze', 'statsmodels', 'xgboost', 'catboost', 'typer', 'dash', 'open-metric-learning', 'detectron2', 'nilearn', 'matplotlib', 'langflow', 'pyqtgraph', 'bentoml', 'tensorflow', 'altair', 'aim', 'numpy', 'mlens', 'retro', 'pynlpl', 'pytorch-image-models', 'deeppy', 'bigartm', 'gensim', 'ray', 'skll', 'PyStanfordDependencies', 'pydantic', 'zipline', 'mars', 'catalyst', 'jax', 'mlflow', 'pytorch', 'streamlit', 'rasa', 'cortex', 'mist', 'scikit-learn-intelex', 'scikit-image', 'loso', 'mindsdb', 'superset', 'pytorch-lightning', 'gradio', 'transformers', 'DI-engine', 'ViZDoom', 'neuraltalk', 'colibri-core']"
302,34,MemberOf,view,1435,Weaknesses in the 2025 CWE Top 25 Most Dangerous Software Weaknesses,300,78,"['danswerai', 'DIGITS', 'shogun', 'Spearmint', 'rep', 'open-webui', 'bokeh', 'determined', 'deeplake', 'blaze', 'statsmodels', 'xgboost', 'catboost', 'typer', 'dash', 'open-metric-learning', 'detectron2', 'nilearn', 'matplotlib', 'langflow', 'pyqtgraph', 'bentoml', 'tensorflow', 'altair', 'aim', 'numpy', 'mlens', 'retro', 'pynlpl', 'pytorch-image-models', 'deeppy', 'bigartm', 'gensim', 'ray', 'skll', 'PyStanfordDependencies', 'pydantic', 'zipline', 'mars', 'catalyst', 'jax', 'mlflow', 'pytorch', 'streamlit', 'rasa', 'cortex', 'mist', 'scikit-learn-intelex', 'scikit-image', 'loso', 'mindsdb', 'superset', 'pytorch-lightning', 'gradio', 'transformers', 'DI-engine', 'ViZDoom', 'neuraltalk', 'colibri-core']"
303,35,MemberOf,category,1440,OWASP Top Ten 2025 Category A05:2025 - Injection,300,78,"['danswerai', 'DIGITS', 'shogun', 'Spearmint', 'rep', 'open-webui', 'bokeh', 'determined', 'deeplake', 'blaze', 'statsmodels', 'xgboost', 'catboost', 'typer', 'dash', 'open-metric-learning', 'detectron2', 'nilearn', 'matplotlib', 'langflow', 'pyqtgraph', 'bentoml', 'tensorflow', 'altair', 'aim', 'numpy', 'mlens', 'retro', 'pynlpl', 'pytorch-image-models', 'deeppy', 'bigartm', 'gensim', 'ray', 'skll', 'PyStanfordDependencies', 'pydantic', 'zipline', 'mars', 'catalyst', 'jax', 'mlflow', 'pytorch', 'streamlit', 'rasa', 'cortex', 'mist', 'scikit-learn-intelex', 'scikit-image', 'loso', 'mindsdb', 'superset', 'pytorch-lightning', 'gradio', 'transformers', 'DI-engine', 'ViZDoom', 'neuraltalk', 'colibri-core']"
304,36,MemberOf,category,1447,General Software Weaknesses that Appear in Products that Use or Support AI/ML Technology,300,78,"['danswerai', 'DIGITS', 'shogun', 'Spearmint', 'rep', 'open-webui', 'bokeh', 'determined', 'deeplake', 'blaze', 'statsmodels', 'xgboost', 'catboost', 'typer', 'dash', 'open-metric-learning', 'detectron2', 'nilearn', 'matplotlib', 'langflow', 'pyqtgraph', 'bentoml', 'tensorflow', 'altair', 'aim', 'numpy', 'mlens', 'retro', 'pynlpl', 'pytorch-image-models', 'deeppy', 'bigartm', 'gensim', 'ray', 'skll', 'PyStanfordDependencies', 'pydantic', 'zipline', 'mars', 'catalyst', 'jax', 'mlflow', 'pytorch', 'streamlit', 'rasa', 'cortex', 'mist', 'scikit-learn-intelex', 'scikit-image', 'loso', 'mindsdb', 'superset', 'pytorch-lightning', 'gradio', 'transformers', 'DI-engine', 'ViZDoom', 'neuraltalk', 'colibri-core']"
305,37,Self,base,78,,300,78,"['danswerai', 'DIGITS', 'shogun', 'Spearmint', 'rep', 'open-webui', 'bokeh', 'determined', 'deeplake', 'blaze', 'statsmodels', 'xgboost', 'catboost', 'typer', 'dash', 'open-metric-learning', 'detectron2', 'nilearn', 'matplotlib', 'langflow', 'pyqtgraph', 'bentoml', 'tensorflow', 'altair', 'aim', 'numpy', 'mlens', 'retro', 'pynlpl', 'pytorch-image-models', 'deeppy', 'bigartm', 'gensim', 'ray', 'skll', 'PyStanfordDependencies', 'pydantic', 'zipline', 'mars', 'catalyst', 'jax', 'mlflow', 'pytorch', 'streamlit', 'rasa', 'cortex', 'mist', 'scikit-learn-intelex', 'scikit-image', 'loso', 'mindsdb', 'superset', 'pytorch-lightning', 'gradio', 'transformers', 'DI-engine', 'ViZDoom', 'neuraltalk', 'colibri-core']"
306,0,ChildOf,class,77,Improper Neutralization of Special Elements used in a Command ('Command Injection'),300,88,"['danswerai', 'DIGITS', 'shogun', 'Spearmint', 'rep', 'open-webui', 'bokeh', 'determined', 'deeplake', 'blaze', 'statsmodels', 'xgboost', 'catboost', 'typer', 'dash', 'open-metric-learning', 'detectron2', 'nilearn', 'matplotlib', 'langflow', 'pyqtgraph', 'bentoml', 'tensorflow', 'altair', 'aim', 'numpy', 'mlens', 'retro', 'pynlpl', 'pytorch-image-models', 'deeppy', 'bigartm', 'gensim', 'ray', 'skll', 'PyStanfordDependencies', 'pydantic', 'zipline', 'mars', 'catalyst', 'jax', 'mlflow', 'pytorch', 'streamlit', 'rasa', 'cortex', 'mist', 'scikit-learn-intelex', 'scikit-image', 'loso', 'mindsdb', 'superset', 'pytorch-lightning', 'gradio', 'transformers', 'DI-engine', 'ViZDoom', 'neuraltalk', 'colibri-core']"
307,1,MemberOf,category,137,Data Neutralization Issues,300,88,"['danswerai', 'DIGITS', 'shogun', 'Spearmint', 'rep', 'open-webui', 'bokeh', 'determined', 'deeplake', 'blaze', 'statsmodels', 'xgboost', 'catboost', 'typer', 'dash', 'open-metric-learning', 'detectron2', 'nilearn', 'matplotlib', 'langflow', 'pyqtgraph', 'bentoml', 'tensorflow', 'altair', 'aim', 'numpy', 'mlens', 'retro', 'pynlpl', 'pytorch-image-models', 'deeppy', 'bigartm', 'gensim', 'ray', 'skll', 'PyStanfordDependencies', 'pydantic', 'zipline', 'mars', 'catalyst', 'jax', 'mlflow', 'pytorch', 'streamlit', 'rasa', 'cortex', 'mist', 'scikit-learn-intelex', 'scikit-image', 'loso', 'mindsdb', 'superset', 'pytorch-lightning', 'gradio', 'transformers', 'DI-engine', 'ViZDoom', 'neuraltalk', 'colibri-core']"
308,2,ChildOf,class,74,Improper Neutralization of Special Elements in Output Used by a Downstream Component ('Injection'),300,88,"['danswerai', 'DIGITS', 'shogun', 'Spearmint', 'rep', 'open-webui', 'bokeh', 'determined', 'deeplake', 'blaze', 'statsmodels', 'xgboost', 'catboost', 'typer', 'dash', 'open-metric-learning', 'detectron2', 'nilearn', 'matplotlib', 'langflow', 'pyqtgraph', 'bentoml', 'tensorflow', 'altair', 'aim', 'numpy', 'mlens', 'retro', 'pynlpl', 'pytorch-image-models', 'deeppy', 'bigartm', 'gensim', 'ray', 'skll', 'PyStanfordDependencies', 'pydantic', 'zipline', 'mars', 'catalyst', 'jax', 'mlflow', 'pytorch', 'streamlit', 'rasa', 'cortex', 'mist', 'scikit-learn-intelex', 'scikit-image', 'loso', 'mindsdb', 'superset', 'pytorch-lightning', 'gradio', 'transformers', 'DI-engine', 'ViZDoom', 'neuraltalk', 'colibri-core']"
309,3,MemberOf,category,1019,Validate Inputs,300,88,"['danswerai', 'DIGITS', 'shogun', 'Spearmint', 'rep', 'open-webui', 'bokeh', 'determined', 'deeplake', 'blaze', 'statsmodels', 'xgboost', 'catboost', 'typer', 'dash', 'open-metric-learning', 'detectron2', 'nilearn', 'matplotlib', 'langflow', 'pyqtgraph', 'bentoml', 'tensorflow', 'altair', 'aim', 'numpy', 'mlens', 'retro', 'pynlpl', 'pytorch-image-models', 'deeppy', 'bigartm', 'gensim', 'ray', 'skll', 'PyStanfordDependencies', 'pydantic', 'zipline', 'mars', 'catalyst', 'jax', 'mlflow', 'pytorch', 'streamlit', 'rasa', 'cortex', 'mist', 'scikit-learn-intelex', 'scikit-image', 'loso', 'mindsdb', 'superset', 'pytorch-lightning', 'gradio', 'transformers', 'DI-engine', 'ViZDoom', 'neuraltalk', 'colibri-core']"
310,4,ChildOf,class,77,Improper Neutralization of Special Elements used in a Command ('Command Injection'),300,88,"['danswerai', 'DIGITS', 'shogun', 'Spearmint', 'rep', 'open-webui', 'bokeh', 'determined', 'deeplake', 'blaze', 'statsmodels', 'xgboost', 'catboost', 'typer', 'dash', 'open-metric-learning', 'detectron2', 'nilearn', 'matplotlib', 'langflow', 'pyqtgraph', 'bentoml', 'tensorflow', 'altair', 'aim', 'numpy', 'mlens', 'retro', 'pynlpl', 'pytorch-image-models', 'deeppy', 'bigartm', 'gensim', 'ray', 'skll', 'PyStanfordDependencies', 'pydantic', 'zipline', 'mars', 'catalyst', 'jax', 'mlflow', 'pytorch', 'streamlit', 'rasa', 'cortex', 'mist', 'scikit-learn-intelex', 'scikit-image', 'loso', 'mindsdb', 'superset', 'pytorch-lightning', 'gradio', 'transformers', 'DI-engine', 'ViZDoom', 'neuraltalk', 'colibri-core']"
311,5,ChildOf,class,77,Improper Neutralization of Special Elements used in a Command ('Command Injection'),300,88,"['danswerai', 'DIGITS', 'shogun', 'Spearmint', 'rep', 'open-webui', 'bokeh', 'determined', 'deeplake', 'blaze', 'statsmodels', 'xgboost', 'catboost', 'typer', 'dash', 'open-metric-learning', 'detectron2', 'nilearn', 'matplotlib', 'langflow', 'pyqtgraph', 'bentoml', 'tensorflow', 'altair', 'aim', 'numpy', 'mlens', 'retro', 'pynlpl', 'pytorch-image-models', 'deeppy', 'bigartm', 'gensim', 'ray', 'skll', 'PyStanfordDependencies', 'pydantic', 'zipline', 'mars', 'catalyst', 'jax', 'mlflow', 'pytorch', 'streamlit', 'rasa', 'cortex', 'mist', 'scikit-learn-intelex', 'scikit-image', 'loso', 'mindsdb', 'superset', 'pytorch-lightning', 'gradio', 'transformers', 'DI-engine', 'ViZDoom', 'neuraltalk', 'colibri-core']"
312,6,MemberOf,category,741,CERT C Secure Coding Standard (2008) Chapter 8 - Characters and Strings (STR),300,88,"['danswerai', 'DIGITS', 'shogun', 'Spearmint', 'rep', 'open-webui', 'bokeh', 'determined', 'deeplake', 'blaze', 'statsmodels', 'xgboost', 'catboost', 'typer', 'dash', 'open-metric-learning', 'detectron2', 'nilearn', 'matplotlib', 'langflow', 'pyqtgraph', 'bentoml', 'tensorflow', 'altair', 'aim', 'numpy', 'mlens', 'retro', 'pynlpl', 'pytorch-image-models', 'deeppy', 'bigartm', 'gensim', 'ray', 'skll', 'PyStanfordDependencies', 'pydantic', 'zipline', 'mars', 'catalyst', 'jax', 'mlflow', 'pytorch', 'streamlit', 'rasa', 'cortex', 'mist', 'scikit-learn-intelex', 'scikit-image', 'loso', 'mindsdb', 'superset', 'pytorch-lightning', 'gradio', 'transformers', 'DI-engine', 'ViZDoom', 'neuraltalk', 'colibri-core']"
313,7,MemberOf,category,744,CERT C Secure Coding Standard (2008) Chapter 11 - Environment (ENV),300,88,"['danswerai', 'DIGITS', 'shogun', 'Spearmint', 'rep', 'open-webui', 'bokeh', 'determined', 'deeplake', 'blaze', 'statsmodels', 'xgboost', 'catboost', 'typer', 'dash', 'open-metric-learning', 'detectron2', 'nilearn', 'matplotlib', 'langflow', 'pyqtgraph', 'bentoml', 'tensorflow', 'altair', 'aim', 'numpy', 'mlens', 'retro', 'pynlpl', 'pytorch-image-models', 'deeppy', 'bigartm', 'gensim', 'ray', 'skll', 'PyStanfordDependencies', 'pydantic', 'zipline', 'mars', 'catalyst', 'jax', 'mlflow', 'pytorch', 'streamlit', 'rasa', 'cortex', 'mist', 'scikit-learn-intelex', 'scikit-image', 'loso', 'mindsdb', 'superset', 'pytorch-lightning', 'gradio', 'transformers', 'DI-engine', 'ViZDoom', 'neuraltalk', 'colibri-core']"
314,8,MemberOf,category,810,OWASP Top Ten 2010 Category A1 - Injection,300,88,"['danswerai', 'DIGITS', 'shogun', 'Spearmint', 'rep', 'open-webui', 'bokeh', 'determined', 'deeplake', 'blaze', 'statsmodels', 'xgboost', 'catboost', 'typer', 'dash', 'open-metric-learning', 'detectron2', 'nilearn', 'matplotlib', 'langflow', 'pyqtgraph', 'bentoml', 'tensorflow', 'altair', 'aim', 'numpy', 'mlens', 'retro', 'pynlpl', 'pytorch-image-models', 'deeppy', 'bigartm', 'gensim', 'ray', 'skll', 'PyStanfordDependencies', 'pydantic', 'zipline', 'mars', 'catalyst', 'jax', 'mlflow', 'pytorch', 'streamlit', 'rasa', 'cortex', 'mist', 'scikit-learn-intelex', 'scikit-image', 'loso', 'mindsdb', 'superset', 'pytorch-lightning', 'gradio', 'transformers', 'DI-engine', 'ViZDoom', 'neuraltalk', 'colibri-core']"
315,9,MemberOf,category,875,CERT C++ Secure Coding Section 07 - Characters and Strings (STR),300,88,"['danswerai', 'DIGITS', 'shogun', 'Spearmint', 'rep', 'open-webui', 'bokeh', 'determined', 'deeplake', 'blaze', 'statsmodels', 'xgboost', 'catboost', 'typer', 'dash', 'open-metric-learning', 'detectron2', 'nilearn', 'matplotlib', 'langflow', 'pyqtgraph', 'bentoml', 'tensorflow', 'altair', 'aim', 'numpy', 'mlens', 'retro', 'pynlpl', 'pytorch-image-models', 'deeppy', 'bigartm', 'gensim', 'ray', 'skll', 'PyStanfordDependencies', 'pydantic', 'zipline', 'mars', 'catalyst', 'jax', 'mlflow', 'pytorch', 'streamlit', 'rasa', 'cortex', 'mist', 'scikit-learn-intelex', 'scikit-image', 'loso', 'mindsdb', 'superset', 'pytorch-lightning', 'gradio', 'transformers', 'DI-engine', 'ViZDoom', 'neuraltalk', 'colibri-core']"
316,10,MemberOf,category,878,CERT C++ Secure Coding Section 10 - Environment (ENV),300,88,"['danswerai', 'DIGITS', 'shogun', 'Spearmint', 'rep', 'open-webui', 'bokeh', 'determined', 'deeplake', 'blaze', 'statsmodels', 'xgboost', 'catboost', 'typer', 'dash', 'open-metric-learning', 'detectron2', 'nilearn', 'matplotlib', 'langflow', 'pyqtgraph', 'bentoml', 'tensorflow', 'altair', 'aim', 'numpy', 'mlens', 'retro', 'pynlpl', 'pytorch-image-models', 'deeppy', 'bigartm', 'gensim', 'ray', 'skll', 'PyStanfordDependencies', 'pydantic', 'zipline', 'mars', 'catalyst', 'jax', 'mlflow', 'pytorch', 'streamlit', 'rasa', 'cortex', 'mist', 'scikit-learn-intelex', 'scikit-image', 'loso', 'mindsdb', 'superset', 'pytorch-lightning', 'gradio', 'transformers', 'DI-engine', 'ViZDoom', 'neuraltalk', 'colibri-core']"
317,11,MemberOf,view,884,CWE Cross-section,300,88,"['danswerai', 'DIGITS', 'shogun', 'Spearmint', 'rep', 'open-webui', 'bokeh', 'determined', 'deeplake', 'blaze', 'statsmodels', 'xgboost', 'catboost', 'typer', 'dash', 'open-metric-learning', 'detectron2', 'nilearn', 'matplotlib', 'langflow', 'pyqtgraph', 'bentoml', 'tensorflow', 'altair', 'aim', 'numpy', 'mlens', 'retro', 'pynlpl', 'pytorch-image-models', 'deeppy', 'bigartm', 'gensim', 'ray', 'skll', 'PyStanfordDependencies', 'pydantic', 'zipline', 'mars', 'catalyst', 'jax', 'mlflow', 'pytorch', 'streamlit', 'rasa', 'cortex', 'mist', 'scikit-learn-intelex', 'scikit-image', 'loso', 'mindsdb', 'superset', 'pytorch-lightning', 'gradio', 'transformers', 'DI-engine', 'ViZDoom', 'neuraltalk', 'colibri-core']"
318,12,MemberOf,category,929,OWASP Top Ten 2013 Category A1 - Injection,300,88,"['danswerai', 'DIGITS', 'shogun', 'Spearmint', 'rep', 'open-webui', 'bokeh', 'determined', 'deeplake', 'blaze', 'statsmodels', 'xgboost', 'catboost', 'typer', 'dash', 'open-metric-learning', 'detectron2', 'nilearn', 'matplotlib', 'langflow', 'pyqtgraph', 'bentoml', 'tensorflow', 'altair', 'aim', 'numpy', 'mlens', 'retro', 'pynlpl', 'pytorch-image-models', 'deeppy', 'bigartm', 'gensim', 'ray', 'skll', 'PyStanfordDependencies', 'pydantic', 'zipline', 'mars', 'catalyst', 'jax', 'mlflow', 'pytorch', 'streamlit', 'rasa', 'cortex', 'mist', 'scikit-learn-intelex', 'scikit-image', 'loso', 'mindsdb', 'superset', 'pytorch-lightning', 'gradio', 'transformers', 'DI-engine', 'ViZDoom', 'neuraltalk', 'colibri-core']"
319,13,MemberOf,category,990,SFP Secondary Cluster: Tainted Input to Command,300,88,"['danswerai', 'DIGITS', 'shogun', 'Spearmint', 'rep', 'open-webui', 'bokeh', 'determined', 'deeplake', 'blaze', 'statsmodels', 'xgboost', 'catboost', 'typer', 'dash', 'open-metric-learning', 'detectron2', 'nilearn', 'matplotlib', 'langflow', 'pyqtgraph', 'bentoml', 'tensorflow', 'altair', 'aim', 'numpy', 'mlens', 'retro', 'pynlpl', 'pytorch-image-models', 'deeppy', 'bigartm', 'gensim', 'ray', 'skll', 'PyStanfordDependencies', 'pydantic', 'zipline', 'mars', 'catalyst', 'jax', 'mlflow', 'pytorch', 'streamlit', 'rasa', 'cortex', 'mist', 'scikit-learn-intelex', 'scikit-image', 'loso', 'mindsdb', 'superset', 'pytorch-lightning', 'gradio', 'transformers', 'DI-engine', 'ViZDoom', 'neuraltalk', 'colibri-core']"
320,14,MemberOf,category,1027,OWASP Top Ten 2017 Category A1 - Injection,300,88,"['danswerai', 'DIGITS', 'shogun', 'Spearmint', 'rep', 'open-webui', 'bokeh', 'determined', 'deeplake', 'blaze', 'statsmodels', 'xgboost', 'catboost', 'typer', 'dash', 'open-metric-learning', 'detectron2', 'nilearn', 'matplotlib', 'langflow', 'pyqtgraph', 'bentoml', 'tensorflow', 'altair', 'aim', 'numpy', 'mlens', 'retro', 'pynlpl', 'pytorch-image-models', 'deeppy', 'bigartm', 'gensim', 'ray', 'skll', 'PyStanfordDependencies', 'pydantic', 'zipline', 'mars', 'catalyst', 'jax', 'mlflow', 'pytorch', 'streamlit', 'rasa', 'cortex', 'mist', 'scikit-learn-intelex', 'scikit-image', 'loso', 'mindsdb', 'superset', 'pytorch-lightning', 'gradio', 'transformers', 'DI-engine', 'ViZDoom', 'neuraltalk', 'colibri-core']"
321,15,MemberOf,category,1165,SEI CERT C Coding Standard - Guidelines 10. Environment (ENV),300,88,"['danswerai', 'DIGITS', 'shogun', 'Spearmint', 'rep', 'open-webui', 'bokeh', 'determined', 'deeplake', 'blaze', 'statsmodels', 'xgboost', 'catboost', 'typer', 'dash', 'open-metric-learning', 'detectron2', 'nilearn', 'matplotlib', 'langflow', 'pyqtgraph', 'bentoml', 'tensorflow', 'altair', 'aim', 'numpy', 'mlens', 'retro', 'pynlpl', 'pytorch-image-models', 'deeppy', 'bigartm', 'gensim', 'ray', 'skll', 'PyStanfordDependencies', 'pydantic', 'zipline', 'mars', 'catalyst', 'jax', 'mlflow', 'pytorch', 'streamlit', 'rasa', 'cortex', 'mist', 'scikit-learn-intelex', 'scikit-image', 'loso', 'mindsdb', 'superset', 'pytorch-lightning', 'gradio', 'transformers', 'DI-engine', 'ViZDoom', 'neuraltalk', 'colibri-core']"
322,16,MemberOf,category,1347,OWASP Top Ten 2021 Category A03:2021 - Injection,300,88,"['danswerai', 'DIGITS', 'shogun', 'Spearmint', 'rep', 'open-webui', 'bokeh', 'determined', 'deeplake', 'blaze', 'statsmodels', 'xgboost', 'catboost', 'typer', 'dash', 'open-metric-learning', 'detectron2', 'nilearn', 'matplotlib', 'langflow', 'pyqtgraph', 'bentoml', 'tensorflow', 'altair', 'aim', 'numpy', 'mlens', 'retro', 'pynlpl', 'pytorch-image-models', 'deeppy', 'bigartm', 'gensim', 'ray', 'skll', 'PyStanfordDependencies', 'pydantic', 'zipline', 'mars', 'catalyst', 'jax', 'mlflow', 'pytorch', 'streamlit', 'rasa', 'cortex', 'mist', 'scikit-learn-intelex', 'scikit-image', 'loso', 'mindsdb', 'superset', 'pytorch-lightning', 'gradio', 'transformers', 'DI-engine', 'ViZDoom', 'neuraltalk', 'colibri-core']"
323,17,MemberOf,category,1409,Comprehensive Categorization: Injection,300,88,"['danswerai', 'DIGITS', 'shogun', 'Spearmint', 'rep', 'open-webui', 'bokeh', 'determined', 'deeplake', 'blaze', 'statsmodels', 'xgboost', 'catboost', 'typer', 'dash', 'open-metric-learning', 'detectron2', 'nilearn', 'matplotlib', 'langflow', 'pyqtgraph', 'bentoml', 'tensorflow', 'altair', 'aim', 'numpy', 'mlens', 'retro', 'pynlpl', 'pytorch-image-models', 'deeppy', 'bigartm', 'gensim', 'ray', 'skll', 'PyStanfordDependencies', 'pydantic', 'zipline', 'mars', 'catalyst', 'jax', 'mlflow', 'pytorch', 'streamlit', 'rasa', 'cortex', 'mist', 'scikit-learn-intelex', 'scikit-image', 'loso', 'mindsdb', 'superset', 'pytorch-lightning', 'gradio', 'transformers', 'DI-engine', 'ViZDoom', 'neuraltalk', 'colibri-core']"
324,18,MemberOf,category,1440,OWASP Top Ten 2025 Category A05:2025 - Injection,300,88,"['danswerai', 'DIGITS', 'shogun', 'Spearmint', 'rep', 'open-webui', 'bokeh', 'determined', 'deeplake', 'blaze', 'statsmodels', 'xgboost', 'catboost', 'typer', 'dash', 'open-metric-learning', 'detectron2', 'nilearn', 'matplotlib', 'langflow', 'pyqtgraph', 'bentoml', 'tensorflow', 'altair', 'aim', 'numpy', 'mlens', 'retro', 'pynlpl', 'pytorch-image-models', 'deeppy', 'bigartm', 'gensim', 'ray', 'skll', 'PyStanfordDependencies', 'pydantic', 'zipline', 'mars', 'catalyst', 'jax', 'mlflow', 'pytorch', 'streamlit', 'rasa', 'cortex', 'mist', 'scikit-learn-intelex', 'scikit-image', 'loso', 'mindsdb', 'superset', 'pytorch-lightning', 'gradio', 'transformers', 'DI-engine', 'ViZDoom', 'neuraltalk', 'colibri-core']"
325,19,Self,base,88,,300,88,"['danswerai', 'DIGITS', 'shogun', 'Spearmint', 'rep', 'open-webui', 'bokeh', 'determined', 'deeplake', 'blaze', 'statsmodels', 'xgboost', 'catboost', 'typer', 'dash', 'open-metric-learning', 'detectron2', 'nilearn', 'matplotlib', 'langflow', 'pyqtgraph', 'bentoml', 'tensorflow', 'altair', 'aim', 'numpy', 'mlens', 'retro', 'pynlpl', 'pytorch-image-models', 'deeppy', 'bigartm', 'gensim', 'ray', 'skll', 'PyStanfordDependencies', 'pydantic', 'zipline', 'mars', 'catalyst', 'jax', 'mlflow', 'pytorch', 'streamlit', 'rasa', 'cortex', 'mist', 'scikit-learn-intelex', 'scikit-image', 'loso', 'mindsdb', 'superset', 'pytorch-lightning', 'gradio', 'transformers', 'DI-engine', 'ViZDoom', 'neuraltalk', 'colibri-core']"
326,0,ChildOf,class,74,Improper Neutralization of Special Elements in Output Used by a Downstream Component ('Injection'),132,94,"['couler', 'DIGITS', 'tpot', 'open-webui', 'chainer', 'pybrain', 'statsmodels', 'catboost', 'ggpy', 'dash', 'cornac', 'rgf', 'pyqtgraph', 'tensorflow', 'stellargraph', 'cleanlab', 'numpy', 'FEDOT', 'bytehub', 'segmentation_models', 'pebl', 'deeppy', 'bigartm', 'scikit-multiflow', 'recommenders', 'seaborn', 'nupic.studio', 'vigra', 'gan', 'python-timbl', 'notebook', 'pyod', 'catalyst', 'rockpool', 'metric-learn', 'lambdo', 'pytorch', 'zpar', 'streamlit', 'alibi', 'annoy', 'mist', 'scikit-image', 'DeepPavlov', 'breze', 'superset', 'imbalanced-ensemble', 'alibi-detect', 'mindsdb', 'xlearn', 'snips-nlu', 'lifelines', 'ColossalAI', 'DI-engine']"
327,1,ChildOf,class,913,Improper Control of Dynamically-Managed Code Resources,132,94,"['couler', 'DIGITS', 'tpot', 'open-webui', 'chainer', 'pybrain', 'statsmodels', 'catboost', 'ggpy', 'dash', 'cornac', 'rgf', 'pyqtgraph', 'tensorflow', 'stellargraph', 'cleanlab', 'numpy', 'FEDOT', 'bytehub', 'segmentation_models', 'pebl', 'deeppy', 'bigartm', 'scikit-multiflow', 'recommenders', 'seaborn', 'nupic.studio', 'vigra', 'gan', 'python-timbl', 'notebook', 'pyod', 'catalyst', 'rockpool', 'metric-learn', 'lambdo', 'pytorch', 'zpar', 'streamlit', 'alibi', 'annoy', 'mist', 'scikit-image', 'DeepPavlov', 'breze', 'superset', 'imbalanced-ensemble', 'alibi-detect', 'mindsdb', 'xlearn', 'snips-nlu', 'lifelines', 'ColossalAI', 'DI-engine']"
328,2,ParentOf,variant,95,Improper Neutralization of Directives in Dynamically Evaluated Code ('Eval Injection'),132,94,"['couler', 'DIGITS', 'tpot', 'open-webui', 'chainer', 'pybrain', 'statsmodels', 'catboost', 'ggpy', 'dash', 'cornac', 'rgf', 'pyqtgraph', 'tensorflow', 'stellargraph', 'cleanlab', 'numpy', 'FEDOT', 'bytehub', 'segmentation_models', 'pebl', 'deeppy', 'bigartm', 'scikit-multiflow', 'recommenders', 'seaborn', 'nupic.studio', 'vigra', 'gan', 'python-timbl', 'notebook', 'pyod', 'catalyst', 'rockpool', 'metric-learn', 'lambdo', 'pytorch', 'zpar', 'streamlit', 'alibi', 'annoy', 'mist', 'scikit-image', 'DeepPavlov', 'breze', 'superset', 'imbalanced-ensemble', 'alibi-detect', 'mindsdb', 'xlearn', 'snips-nlu', 'lifelines', 'ColossalAI', 'DI-engine']"
329,3,ParentOf,base,96,Improper Neutralization of Directives in Statically Saved Code ('Static Code Injection'),132,94,"['couler', 'DIGITS', 'tpot', 'open-webui', 'chainer', 'pybrain', 'statsmodels', 'catboost', 'ggpy', 'dash', 'cornac', 'rgf', 'pyqtgraph', 'tensorflow', 'stellargraph', 'cleanlab', 'numpy', 'FEDOT', 'bytehub', 'segmentation_models', 'pebl', 'deeppy', 'bigartm', 'scikit-multiflow', 'recommenders', 'seaborn', 'nupic.studio', 'vigra', 'gan', 'python-timbl', 'notebook', 'pyod', 'catalyst', 'rockpool', 'metric-learn', 'lambdo', 'pytorch', 'zpar', 'streamlit', 'alibi', 'annoy', 'mist', 'scikit-image', 'DeepPavlov', 'breze', 'superset', 'imbalanced-ensemble', 'alibi-detect', 'mindsdb', 'xlearn', 'snips-nlu', 'lifelines', 'ColossalAI', 'DI-engine']"
330,4,ParentOf,base,1336,Improper Neutralization of Special Elements Used in a Template Engine,132,94,"['couler', 'DIGITS', 'tpot', 'open-webui', 'chainer', 'pybrain', 'statsmodels', 'catboost', 'ggpy', 'dash', 'cornac', 'rgf', 'pyqtgraph', 'tensorflow', 'stellargraph', 'cleanlab', 'numpy', 'FEDOT', 'bytehub', 'segmentation_models', 'pebl', 'deeppy', 'bigartm', 'scikit-multiflow', 'recommenders', 'seaborn', 'nupic.studio', 'vigra', 'gan', 'python-timbl', 'notebook', 'pyod', 'catalyst', 'rockpool', 'metric-learn', 'lambdo', 'pytorch', 'zpar', 'streamlit', 'alibi', 'annoy', 'mist', 'scikit-image', 'DeepPavlov', 'breze', 'superset', 'imbalanced-ensemble', 'alibi-detect', 'mindsdb', 'xlearn', 'snips-nlu', 'lifelines', 'ColossalAI', 'DI-engine']"
331,5,CanFollow,variant,98,Improper Control of Filename for Include/Require Statement in PHP Program ('PHP Remote File Inclusion'),132,94,"['couler', 'DIGITS', 'tpot', 'open-webui', 'chainer', 'pybrain', 'statsmodels', 'catboost', 'ggpy', 'dash', 'cornac', 'rgf', 'pyqtgraph', 'tensorflow', 'stellargraph', 'cleanlab', 'numpy', 'FEDOT', 'bytehub', 'segmentation_models', 'pebl', 'deeppy', 'bigartm', 'scikit-multiflow', 'recommenders', 'seaborn', 'nupic.studio', 'vigra', 'gan', 'python-timbl', 'notebook', 'pyod', 'catalyst', 'rockpool', 'metric-learn', 'lambdo', 'pytorch', 'zpar', 'streamlit', 'alibi', 'annoy', 'mist', 'scikit-image', 'DeepPavlov', 'breze', 'superset', 'imbalanced-ensemble', 'alibi-detect', 'mindsdb', 'xlearn', 'snips-nlu', 'lifelines', 'ColossalAI', 'DI-engine']"
332,6,MemberOf,category,137,Data Neutralization Issues,132,94,"['couler', 'DIGITS', 'tpot', 'open-webui', 'chainer', 'pybrain', 'statsmodels', 'catboost', 'ggpy', 'dash', 'cornac', 'rgf', 'pyqtgraph', 'tensorflow', 'stellargraph', 'cleanlab', 'numpy', 'FEDOT', 'bytehub', 'segmentation_models', 'pebl', 'deeppy', 'bigartm', 'scikit-multiflow', 'recommenders', 'seaborn', 'nupic.studio', 'vigra', 'gan', 'python-timbl', 'notebook', 'pyod', 'catalyst', 'rockpool', 'metric-learn', 'lambdo', 'pytorch', 'zpar', 'streamlit', 'alibi', 'annoy', 'mist', 'scikit-image', 'DeepPavlov', 'breze', 'superset', 'imbalanced-ensemble', 'alibi-detect', 'mindsdb', 'xlearn', 'snips-nlu', 'lifelines', 'ColossalAI', 'DI-engine']"
333,7,ChildOf,class,74,Improper Neutralization of Special Elements in Output Used by a Downstream Component ('Injection'),132,94,"['couler', 'DIGITS', 'tpot', 'open-webui', 'chainer', 'pybrain', 'statsmodels', 'catboost', 'ggpy', 'dash', 'cornac', 'rgf', 'pyqtgraph', 'tensorflow', 'stellargraph', 'cleanlab', 'numpy', 'FEDOT', 'bytehub', 'segmentation_models', 'pebl', 'deeppy', 'bigartm', 'scikit-multiflow', 'recommenders', 'seaborn', 'nupic.studio', 'vigra', 'gan', 'python-timbl', 'notebook', 'pyod', 'catalyst', 'rockpool', 'metric-learn', 'lambdo', 'pytorch', 'zpar', 'streamlit', 'alibi', 'annoy', 'mist', 'scikit-image', 'DeepPavlov', 'breze', 'superset', 'imbalanced-ensemble', 'alibi-detect', 'mindsdb', 'xlearn', 'snips-nlu', 'lifelines', 'ColossalAI', 'DI-engine']"
334,8,MemberOf,category,1019,Validate Inputs,132,94,"['couler', 'DIGITS', 'tpot', 'open-webui', 'chainer', 'pybrain', 'statsmodels', 'catboost', 'ggpy', 'dash', 'cornac', 'rgf', 'pyqtgraph', 'tensorflow', 'stellargraph', 'cleanlab', 'numpy', 'FEDOT', 'bytehub', 'segmentation_models', 'pebl', 'deeppy', 'bigartm', 'scikit-multiflow', 'recommenders', 'seaborn', 'nupic.studio', 'vigra', 'gan', 'python-timbl', 'notebook', 'pyod', 'catalyst', 'rockpool', 'metric-learn', 'lambdo', 'pytorch', 'zpar', 'streamlit', 'alibi', 'annoy', 'mist', 'scikit-image', 'DeepPavlov', 'breze', 'superset', 'imbalanced-ensemble', 'alibi-detect', 'mindsdb', 'xlearn', 'snips-nlu', 'lifelines', 'ColossalAI', 'DI-engine']"
335,9,MemberOf,view,635,Weaknesses Originally Used by NVD from 2008 to 2016,132,94,"['couler', 'DIGITS', 'tpot', 'open-webui', 'chainer', 'pybrain', 'statsmodels', 'catboost', 'ggpy', 'dash', 'cornac', 'rgf', 'pyqtgraph', 'tensorflow', 'stellargraph', 'cleanlab', 'numpy', 'FEDOT', 'bytehub', 'segmentation_models', 'pebl', 'deeppy', 'bigartm', 'scikit-multiflow', 'recommenders', 'seaborn', 'nupic.studio', 'vigra', 'gan', 'python-timbl', 'notebook', 'pyod', 'catalyst', 'rockpool', 'metric-learn', 'lambdo', 'pytorch', 'zpar', 'streamlit', 'alibi', 'annoy', 'mist', 'scikit-image', 'DeepPavlov', 'breze', 'superset', 'imbalanced-ensemble', 'alibi-detect', 'mindsdb', 'xlearn', 'snips-nlu', 'lifelines', 'ColossalAI', 'DI-engine']"
336,10,MemberOf,category,752,2009 Top 25 - Risky Resource Management,132,94,"['couler', 'DIGITS', 'tpot', 'open-webui', 'chainer', 'pybrain', 'statsmodels', 'catboost', 'ggpy', 'dash', 'cornac', 'rgf', 'pyqtgraph', 'tensorflow', 'stellargraph', 'cleanlab', 'numpy', 'FEDOT', 'bytehub', 'segmentation_models', 'pebl', 'deeppy', 'bigartm', 'scikit-multiflow', 'recommenders', 'seaborn', 'nupic.studio', 'vigra', 'gan', 'python-timbl', 'notebook', 'pyod', 'catalyst', 'rockpool', 'metric-learn', 'lambdo', 'pytorch', 'zpar', 'streamlit', 'alibi', 'annoy', 'mist', 'scikit-image', 'DeepPavlov', 'breze', 'superset', 'imbalanced-ensemble', 'alibi-detect', 'mindsdb', 'xlearn', 'snips-nlu', 'lifelines', 'ColossalAI', 'DI-engine']"
337,11,MemberOf,view,884,CWE Cross-section,132,94,"['couler', 'DIGITS', 'tpot', 'open-webui', 'chainer', 'pybrain', 'statsmodels', 'catboost', 'ggpy', 'dash', 'cornac', 'rgf', 'pyqtgraph', 'tensorflow', 'stellargraph', 'cleanlab', 'numpy', 'FEDOT', 'bytehub', 'segmentation_models', 'pebl', 'deeppy', 'bigartm', 'scikit-multiflow', 'recommenders', 'seaborn', 'nupic.studio', 'vigra', 'gan', 'python-timbl', 'notebook', 'pyod', 'catalyst', 'rockpool', 'metric-learn', 'lambdo', 'pytorch', 'zpar', 'streamlit', 'alibi', 'annoy', 'mist', 'scikit-image', 'DeepPavlov', 'breze', 'superset', 'imbalanced-ensemble', 'alibi-detect', 'mindsdb', 'xlearn', 'snips-nlu', 'lifelines', 'ColossalAI', 'DI-engine']"
338,12,MemberOf,category,991,SFP Secondary Cluster: Tainted Input to Environment,132,94,"['couler', 'DIGITS', 'tpot', 'open-webui', 'chainer', 'pybrain', 'statsmodels', 'catboost', 'ggpy', 'dash', 'cornac', 'rgf', 'pyqtgraph', 'tensorflow', 'stellargraph', 'cleanlab', 'numpy', 'FEDOT', 'bytehub', 'segmentation_models', 'pebl', 'deeppy', 'bigartm', 'scikit-multiflow', 'recommenders', 'seaborn', 'nupic.studio', 'vigra', 'gan', 'python-timbl', 'notebook', 'pyod', 'catalyst', 'rockpool', 'metric-learn', 'lambdo', 'pytorch', 'zpar', 'streamlit', 'alibi', 'annoy', 'mist', 'scikit-image', 'DeepPavlov', 'breze', 'superset', 'imbalanced-ensemble', 'alibi-detect', 'mindsdb', 'xlearn', 'snips-nlu', 'lifelines', 'ColossalAI', 'DI-engine']"
339,13,MemberOf,view,1200,Weaknesses in the 2019 CWE Top 25 Most Dangerous Software Errors,132,94,"['couler', 'DIGITS', 'tpot', 'open-webui', 'chainer', 'pybrain', 'statsmodels', 'catboost', 'ggpy', 'dash', 'cornac', 'rgf', 'pyqtgraph', 'tensorflow', 'stellargraph', 'cleanlab', 'numpy', 'FEDOT', 'bytehub', 'segmentation_models', 'pebl', 'deeppy', 'bigartm', 'scikit-multiflow', 'recommenders', 'seaborn', 'nupic.studio', 'vigra', 'gan', 'python-timbl', 'notebook', 'pyod', 'catalyst', 'rockpool', 'metric-learn', 'lambdo', 'pytorch', 'zpar', 'streamlit', 'alibi', 'annoy', 'mist', 'scikit-image', 'DeepPavlov', 'breze', 'superset', 'imbalanced-ensemble', 'alibi-detect', 'mindsdb', 'xlearn', 'snips-nlu', 'lifelines', 'ColossalAI', 'DI-engine']"
340,14,MemberOf,category,1347,OWASP Top Ten 2021 Category A03:2021 - Injection,132,94,"['couler', 'DIGITS', 'tpot', 'open-webui', 'chainer', 'pybrain', 'statsmodels', 'catboost', 'ggpy', 'dash', 'cornac', 'rgf', 'pyqtgraph', 'tensorflow', 'stellargraph', 'cleanlab', 'numpy', 'FEDOT', 'bytehub', 'segmentation_models', 'pebl', 'deeppy', 'bigartm', 'scikit-multiflow', 'recommenders', 'seaborn', 'nupic.studio', 'vigra', 'gan', 'python-timbl', 'notebook', 'pyod', 'catalyst', 'rockpool', 'metric-learn', 'lambdo', 'pytorch', 'zpar', 'streamlit', 'alibi', 'annoy', 'mist', 'scikit-image', 'DeepPavlov', 'breze', 'superset', 'imbalanced-ensemble', 'alibi-detect', 'mindsdb', 'xlearn', 'snips-nlu', 'lifelines', 'ColossalAI', 'DI-engine']"
341,15,MemberOf,view,1350,Weaknesses in the 2020 CWE Top 25 Most Dangerous Software Weaknesses,132,94,"['couler', 'DIGITS', 'tpot', 'open-webui', 'chainer', 'pybrain', 'statsmodels', 'catboost', 'ggpy', 'dash', 'cornac', 'rgf', 'pyqtgraph', 'tensorflow', 'stellargraph', 'cleanlab', 'numpy', 'FEDOT', 'bytehub', 'segmentation_models', 'pebl', 'deeppy', 'bigartm', 'scikit-multiflow', 'recommenders', 'seaborn', 'nupic.studio', 'vigra', 'gan', 'python-timbl', 'notebook', 'pyod', 'catalyst', 'rockpool', 'metric-learn', 'lambdo', 'pytorch', 'zpar', 'streamlit', 'alibi', 'annoy', 'mist', 'scikit-image', 'DeepPavlov', 'breze', 'superset', 'imbalanced-ensemble', 'alibi-detect', 'mindsdb', 'xlearn', 'snips-nlu', 'lifelines', 'ColossalAI', 'DI-engine']"
342,16,MemberOf,view,1387,Weaknesses in the 2022 CWE Top 25 Most Dangerous Software Weaknesses,132,94,"['couler', 'DIGITS', 'tpot', 'open-webui', 'chainer', 'pybrain', 'statsmodels', 'catboost', 'ggpy', 'dash', 'cornac', 'rgf', 'pyqtgraph', 'tensorflow', 'stellargraph', 'cleanlab', 'numpy', 'FEDOT', 'bytehub', 'segmentation_models', 'pebl', 'deeppy', 'bigartm', 'scikit-multiflow', 'recommenders', 'seaborn', 'nupic.studio', 'vigra', 'gan', 'python-timbl', 'notebook', 'pyod', 'catalyst', 'rockpool', 'metric-learn', 'lambdo', 'pytorch', 'zpar', 'streamlit', 'alibi', 'annoy', 'mist', 'scikit-image', 'DeepPavlov', 'breze', 'superset', 'imbalanced-ensemble', 'alibi-detect', 'mindsdb', 'xlearn', 'snips-nlu', 'lifelines', 'ColossalAI', 'DI-engine']"
343,17,MemberOf,category,1409,Comprehensive Categorization: Injection,132,94,"['couler', 'DIGITS', 'tpot', 'open-webui', 'chainer', 'pybrain', 'statsmodels', 'catboost', 'ggpy', 'dash', 'cornac', 'rgf', 'pyqtgraph', 'tensorflow', 'stellargraph', 'cleanlab', 'numpy', 'FEDOT', 'bytehub', 'segmentation_models', 'pebl', 'deeppy', 'bigartm', 'scikit-multiflow', 'recommenders', 'seaborn', 'nupic.studio', 'vigra', 'gan', 'python-timbl', 'notebook', 'pyod', 'catalyst', 'rockpool', 'metric-learn', 'lambdo', 'pytorch', 'zpar', 'streamlit', 'alibi', 'annoy', 'mist', 'scikit-image', 'DeepPavlov', 'breze', 'superset', 'imbalanced-ensemble', 'alibi-detect', 'mindsdb', 'xlearn', 'snips-nlu', 'lifelines', 'ColossalAI', 'DI-engine']"
344,18,MemberOf,view,1425,Weaknesses in the 2023 CWE Top 25 Most Dangerous Software Weaknesses,132,94,"['couler', 'DIGITS', 'tpot', 'open-webui', 'chainer', 'pybrain', 'statsmodels', 'catboost', 'ggpy', 'dash', 'cornac', 'rgf', 'pyqtgraph', 'tensorflow', 'stellargraph', 'cleanlab', 'numpy', 'FEDOT', 'bytehub', 'segmentation_models', 'pebl', 'deeppy', 'bigartm', 'scikit-multiflow', 'recommenders', 'seaborn', 'nupic.studio', 'vigra', 'gan', 'python-timbl', 'notebook', 'pyod', 'catalyst', 'rockpool', 'metric-learn', 'lambdo', 'pytorch', 'zpar', 'streamlit', 'alibi', 'annoy', 'mist', 'scikit-image', 'DeepPavlov', 'breze', 'superset', 'imbalanced-ensemble', 'alibi-detect', 'mindsdb', 'xlearn', 'snips-nlu', 'lifelines', 'ColossalAI', 'DI-engine']"
345,19,MemberOf,view,1430,Weaknesses in the 2024 CWE Top 25 Most Dangerous Software Weaknesses,132,94,"['couler', 'DIGITS', 'tpot', 'open-webui', 'chainer', 'pybrain', 'statsmodels', 'catboost', 'ggpy', 'dash', 'cornac', 'rgf', 'pyqtgraph', 'tensorflow', 'stellargraph', 'cleanlab', 'numpy', 'FEDOT', 'bytehub', 'segmentation_models', 'pebl', 'deeppy', 'bigartm', 'scikit-multiflow', 'recommenders', 'seaborn', 'nupic.studio', 'vigra', 'gan', 'python-timbl', 'notebook', 'pyod', 'catalyst', 'rockpool', 'metric-learn', 'lambdo', 'pytorch', 'zpar', 'streamlit', 'alibi', 'annoy', 'mist', 'scikit-image', 'DeepPavlov', 'breze', 'superset', 'imbalanced-ensemble', 'alibi-detect', 'mindsdb', 'xlearn', 'snips-nlu', 'lifelines', 'ColossalAI', 'DI-engine']"
346,20,MemberOf,view,1435,Weaknesses in the 2025 CWE Top 25 Most Dangerous Software Weaknesses,132,94,"['couler', 'DIGITS', 'tpot', 'open-webui', 'chainer', 'pybrain', 'statsmodels', 'catboost', 'ggpy', 'dash', 'cornac', 'rgf', 'pyqtgraph', 'tensorflow', 'stellargraph', 'cleanlab', 'numpy', 'FEDOT', 'bytehub', 'segmentation_models', 'pebl', 'deeppy', 'bigartm', 'scikit-multiflow', 'recommenders', 'seaborn', 'nupic.studio', 'vigra', 'gan', 'python-timbl', 'notebook', 'pyod', 'catalyst', 'rockpool', 'metric-learn', 'lambdo', 'pytorch', 'zpar', 'streamlit', 'alibi', 'annoy', 'mist', 'scikit-image', 'DeepPavlov', 'breze', 'superset', 'imbalanced-ensemble', 'alibi-detect', 'mindsdb', 'xlearn', 'snips-nlu', 'lifelines', 'ColossalAI', 'DI-engine']"
347,21,MemberOf,category,1440,OWASP Top Ten 2025 Category A05:2025 - Injection,132,94,"['couler', 'DIGITS', 'tpot', 'open-webui', 'chainer', 'pybrain', 'statsmodels', 'catboost', 'ggpy', 'dash', 'cornac', 'rgf', 'pyqtgraph', 'tensorflow', 'stellargraph', 'cleanlab', 'numpy', 'FEDOT', 'bytehub', 'segmentation_models', 'pebl', 'deeppy', 'bigartm', 'scikit-multiflow', 'recommenders', 'seaborn', 'nupic.studio', 'vigra', 'gan', 'python-timbl', 'notebook', 'pyod', 'catalyst', 'rockpool', 'metric-learn', 'lambdo', 'pytorch', 'zpar', 'streamlit', 'alibi', 'annoy', 'mist', 'scikit-image', 'DeepPavlov', 'breze', 'superset', 'imbalanced-ensemble', 'alibi-detect', 'mindsdb', 'xlearn', 'snips-nlu', 'lifelines', 'ColossalAI', 'DI-engine']"
348,22,MemberOf,category,1447,General Software Weaknesses that Appear in Products that Use or Support AI/ML Technology,132,94,"['couler', 'DIGITS', 'tpot', 'open-webui', 'chainer', 'pybrain', 'statsmodels', 'catboost', 'ggpy', 'dash', 'cornac', 'rgf', 'pyqtgraph', 'tensorflow', 'stellargraph', 'cleanlab', 'numpy', 'FEDOT', 'bytehub', 'segmentation_models', 'pebl', 'deeppy', 'bigartm', 'scikit-multiflow', 'recommenders', 'seaborn', 'nupic.studio', 'vigra', 'gan', 'python-timbl', 'notebook', 'pyod', 'catalyst', 'rockpool', 'metric-learn', 'lambdo', 'pytorch', 'zpar', 'streamlit', 'alibi', 'annoy', 'mist', 'scikit-image', 'DeepPavlov', 'breze', 'superset', 'imbalanced-ensemble', 'alibi-detect', 'mindsdb', 'xlearn', 'snips-nlu', 'lifelines', 'ColossalAI', 'DI-engine']"
349,23,Self,base,94,,132,94,"['couler', 'DIGITS', 'tpot', 'open-webui', 'chainer', 'pybrain', 'statsmodels', 'catboost', 'ggpy', 'dash', 'cornac', 'rgf', 'pyqtgraph', 'tensorflow', 'stellargraph', 'cleanlab', 'numpy', 'FEDOT', 'bytehub', 'segmentation_models', 'pebl', 'deeppy', 'bigartm', 'scikit-multiflow', 'recommenders', 'seaborn', 'nupic.studio', 'vigra', 'gan', 'python-timbl', 'notebook', 'pyod', 'catalyst', 'rockpool', 'metric-learn', 'lambdo', 'pytorch', 'zpar', 'streamlit', 'alibi', 'annoy', 'mist', 'scikit-image', 'DeepPavlov', 'breze', 'superset', 'imbalanced-ensemble', 'alibi-detect', 'mindsdb', 'xlearn', 'snips-nlu', 'lifelines', 'ColossalAI', 'DI-engine']"
350,0,ChildOf,base,94,Improper Control of Generation of Code ('Code Injection'),132,95,"['couler', 'DIGITS', 'tpot', 'open-webui', 'chainer', 'pybrain', 'statsmodels', 'catboost', 'ggpy', 'dash', 'cornac', 'rgf', 'pyqtgraph', 'tensorflow', 'stellargraph', 'cleanlab', 'numpy', 'FEDOT', 'bytehub', 'segmentation_models', 'pebl', 'deeppy', 'bigartm', 'scikit-multiflow', 'recommenders', 'seaborn', 'nupic.studio', 'vigra', 'gan', 'python-timbl', 'notebook', 'pyod', 'catalyst', 'rockpool', 'metric-learn', 'lambdo', 'pytorch', 'zpar', 'streamlit', 'alibi', 'annoy', 'mist', 'scikit-image', 'DeepPavlov', 'breze', 'superset', 'imbalanced-ensemble', 'alibi-detect', 'mindsdb', 'xlearn', 'snips-nlu', 'lifelines', 'ColossalAI', 'DI-engine']"
351,1,MemberOf,category,1019,Validate Inputs,132,95,"['couler', 'DIGITS', 'tpot', 'open-webui', 'chainer', 'pybrain', 'statsmodels', 'catboost', 'ggpy', 'dash', 'cornac', 'rgf', 'pyqtgraph', 'tensorflow', 'stellargraph', 'cleanlab', 'numpy', 'FEDOT', 'bytehub', 'segmentation_models', 'pebl', 'deeppy', 'bigartm', 'scikit-multiflow', 'recommenders', 'seaborn', 'nupic.studio', 'vigra', 'gan', 'python-timbl', 'notebook', 'pyod', 'catalyst', 'rockpool', 'metric-learn', 'lambdo', 'pytorch', 'zpar', 'streamlit', 'alibi', 'annoy', 'mist', 'scikit-image', 'DeepPavlov', 'breze', 'superset', 'imbalanced-ensemble', 'alibi-detect', 'mindsdb', 'xlearn', 'snips-nlu', 'lifelines', 'ColossalAI', 'DI-engine']"
352,2,MemberOf,category,714,OWASP Top Ten 2007 Category A3 - Malicious File Execution,132,95,"['couler', 'DIGITS', 'tpot', 'open-webui', 'chainer', 'pybrain', 'statsmodels', 'catboost', 'ggpy', 'dash', 'cornac', 'rgf', 'pyqtgraph', 'tensorflow', 'stellargraph', 'cleanlab', 'numpy', 'FEDOT', 'bytehub', 'segmentation_models', 'pebl', 'deeppy', 'bigartm', 'scikit-multiflow', 'recommenders', 'seaborn', 'nupic.studio', 'vigra', 'gan', 'python-timbl', 'notebook', 'pyod', 'catalyst', 'rockpool', 'metric-learn', 'lambdo', 'pytorch', 'zpar', 'streamlit', 'alibi', 'annoy', 'mist', 'scikit-image', 'DeepPavlov', 'breze', 'superset', 'imbalanced-ensemble', 'alibi-detect', 'mindsdb', 'xlearn', 'snips-nlu', 'lifelines', 'ColossalAI', 'DI-engine']"
353,3,MemberOf,category,727,OWASP Top Ten 2004 Category A6 - Injection Flaws,132,95,"['couler', 'DIGITS', 'tpot', 'open-webui', 'chainer', 'pybrain', 'statsmodels', 'catboost', 'ggpy', 'dash', 'cornac', 'rgf', 'pyqtgraph', 'tensorflow', 'stellargraph', 'cleanlab', 'numpy', 'FEDOT', 'bytehub', 'segmentation_models', 'pebl', 'deeppy', 'bigartm', 'scikit-multiflow', 'recommenders', 'seaborn', 'nupic.studio', 'vigra', 'gan', 'python-timbl', 'notebook', 'pyod', 'catalyst', 'rockpool', 'metric-learn', 'lambdo', 'pytorch', 'zpar', 'streamlit', 'alibi', 'annoy', 'mist', 'scikit-image', 'DeepPavlov', 'breze', 'superset', 'imbalanced-ensemble', 'alibi-detect', 'mindsdb', 'xlearn', 'snips-nlu', 'lifelines', 'ColossalAI', 'DI-engine']"
354,4,MemberOf,view,884,CWE Cross-section,132,95,"['couler', 'DIGITS', 'tpot', 'open-webui', 'chainer', 'pybrain', 'statsmodels', 'catboost', 'ggpy', 'dash', 'cornac', 'rgf', 'pyqtgraph', 'tensorflow', 'stellargraph', 'cleanlab', 'numpy', 'FEDOT', 'bytehub', 'segmentation_models', 'pebl', 'deeppy', 'bigartm', 'scikit-multiflow', 'recommenders', 'seaborn', 'nupic.studio', 'vigra', 'gan', 'python-timbl', 'notebook', 'pyod', 'catalyst', 'rockpool', 'metric-learn', 'lambdo', 'pytorch', 'zpar', 'streamlit', 'alibi', 'annoy', 'mist', 'scikit-image', 'DeepPavlov', 'breze', 'superset', 'imbalanced-ensemble', 'alibi-detect', 'mindsdb', 'xlearn', 'snips-nlu', 'lifelines', 'ColossalAI', 'DI-engine']"
355,5,MemberOf,category,990,SFP Secondary Cluster: Tainted Input to Command,132,95,"['couler', 'DIGITS', 'tpot', 'open-webui', 'chainer', 'pybrain', 'statsmodels', 'catboost', 'ggpy', 'dash', 'cornac', 'rgf', 'pyqtgraph', 'tensorflow', 'stellargraph', 'cleanlab', 'numpy', 'FEDOT', 'bytehub', 'segmentation_models', 'pebl', 'deeppy', 'bigartm', 'scikit-multiflow', 'recommenders', 'seaborn', 'nupic.studio', 'vigra', 'gan', 'python-timbl', 'notebook', 'pyod', 'catalyst', 'rockpool', 'metric-learn', 'lambdo', 'pytorch', 'zpar', 'streamlit', 'alibi', 'annoy', 'mist', 'scikit-image', 'DeepPavlov', 'breze', 'superset', 'imbalanced-ensemble', 'alibi-detect', 'mindsdb', 'xlearn', 'snips-nlu', 'lifelines', 'ColossalAI', 'DI-engine']"
356,6,MemberOf,category,1179,SEI CERT Perl Coding Standard - Guidelines 01. Input Validation and Data Sanitization (IDS),132,95,"['couler', 'DIGITS', 'tpot', 'open-webui', 'chainer', 'pybrain', 'statsmodels', 'catboost', 'ggpy', 'dash', 'cornac', 'rgf', 'pyqtgraph', 'tensorflow', 'stellargraph', 'cleanlab', 'numpy', 'FEDOT', 'bytehub', 'segmentation_models', 'pebl', 'deeppy', 'bigartm', 'scikit-multiflow', 'recommenders', 'seaborn', 'nupic.studio', 'vigra', 'gan', 'python-timbl', 'notebook', 'pyod', 'catalyst', 'rockpool', 'metric-learn', 'lambdo', 'pytorch', 'zpar', 'streamlit', 'alibi', 'annoy', 'mist', 'scikit-image', 'DeepPavlov', 'breze', 'superset', 'imbalanced-ensemble', 'alibi-detect', 'mindsdb', 'xlearn', 'snips-nlu', 'lifelines', 'ColossalAI', 'DI-engine']"
357,7,MemberOf,category,1347,OWASP Top Ten 2021 Category A03:2021 - Injection,132,95,"['couler', 'DIGITS', 'tpot', 'open-webui', 'chainer', 'pybrain', 'statsmodels', 'catboost', 'ggpy', 'dash', 'cornac', 'rgf', 'pyqtgraph', 'tensorflow', 'stellargraph', 'cleanlab', 'numpy', 'FEDOT', 'bytehub', 'segmentation_models', 'pebl', 'deeppy', 'bigartm', 'scikit-multiflow', 'recommenders', 'seaborn', 'nupic.studio', 'vigra', 'gan', 'python-timbl', 'notebook', 'pyod', 'catalyst', 'rockpool', 'metric-learn', 'lambdo', 'pytorch', 'zpar', 'streamlit', 'alibi', 'annoy', 'mist', 'scikit-image', 'DeepPavlov', 'breze', 'superset', 'imbalanced-ensemble', 'alibi-detect', 'mindsdb', 'xlearn', 'snips-nlu', 'lifelines', 'ColossalAI', 'DI-engine']"
358,8,MemberOf,category,1409,Comprehensive Categorization: Injection,132,95,"['couler', 'DIGITS', 'tpot', 'open-webui', 'chainer', 'pybrain', 'statsmodels', 'catboost', 'ggpy', 'dash', 'cornac', 'rgf', 'pyqtgraph', 'tensorflow', 'stellargraph', 'cleanlab', 'numpy', 'FEDOT', 'bytehub', 'segmentation_models', 'pebl', 'deeppy', 'bigartm', 'scikit-multiflow', 'recommenders', 'seaborn', 'nupic.studio', 'vigra', 'gan', 'python-timbl', 'notebook', 'pyod', 'catalyst', 'rockpool', 'metric-learn', 'lambdo', 'pytorch', 'zpar', 'streamlit', 'alibi', 'annoy', 'mist', 'scikit-image', 'DeepPavlov', 'breze', 'superset', 'imbalanced-ensemble', 'alibi-detect', 'mindsdb', 'xlearn', 'snips-nlu', 'lifelines', 'ColossalAI', 'DI-engine']"
359,9,MemberOf,category,1440,OWASP Top Ten 2025 Category A05:2025 - Injection,132,95,"['couler', 'DIGITS', 'tpot', 'open-webui', 'chainer', 'pybrain', 'statsmodels', 'catboost', 'ggpy', 'dash', 'cornac', 'rgf', 'pyqtgraph', 'tensorflow', 'stellargraph', 'cleanlab', 'numpy', 'FEDOT', 'bytehub', 'segmentation_models', 'pebl', 'deeppy', 'bigartm', 'scikit-multiflow', 'recommenders', 'seaborn', 'nupic.studio', 'vigra', 'gan', 'python-timbl', 'notebook', 'pyod', 'catalyst', 'rockpool', 'metric-learn', 'lambdo', 'pytorch', 'zpar', 'streamlit', 'alibi', 'annoy', 'mist', 'scikit-image', 'DeepPavlov', 'breze', 'superset', 'imbalanced-ensemble', 'alibi-detect', 'mindsdb', 'xlearn', 'snips-nlu', 'lifelines', 'ColossalAI', 'DI-engine']"
360,10,MemberOf,category,1447,General Software Weaknesses that Appear in Products that Use or Support AI/ML Technology,132,95,"['couler', 'DIGITS', 'tpot', 'open-webui', 'chainer', 'pybrain', 'statsmodels', 'catboost', 'ggpy', 'dash', 'cornac', 'rgf', 'pyqtgraph', 'tensorflow', 'stellargraph', 'cleanlab', 'numpy', 'FEDOT', 'bytehub', 'segmentation_models', 'pebl', 'deeppy', 'bigartm', 'scikit-multiflow', 'recommenders', 'seaborn', 'nupic.studio', 'vigra', 'gan', 'python-timbl', 'notebook', 'pyod', 'catalyst', 'rockpool', 'metric-learn', 'lambdo', 'pytorch', 'zpar', 'streamlit', 'alibi', 'annoy', 'mist', 'scikit-image', 'DeepPavlov', 'breze', 'superset', 'imbalanced-ensemble', 'alibi-detect', 'mindsdb', 'xlearn', 'snips-nlu', 'lifelines', 'ColossalAI', 'DI-engine']"
361,11,Self,variant,95,,132,95,"['couler', 'DIGITS', 'tpot', 'open-webui', 'chainer', 'pybrain', 'statsmodels', 'catboost', 'ggpy', 'dash', 'cornac', 'rgf', 'pyqtgraph', 'tensorflow', 'stellargraph', 'cleanlab', 'numpy', 'FEDOT', 'bytehub', 'segmentation_models', 'pebl', 'deeppy', 'bigartm', 'scikit-multiflow', 'recommenders', 'seaborn', 'nupic.studio', 'vigra', 'gan', 'python-timbl', 'notebook', 'pyod', 'catalyst', 'rockpool', 'metric-learn', 'lambdo', 'pytorch', 'zpar', 'streamlit', 'alibi', 'annoy', 'mist', 'scikit-image', 'DeepPavlov', 'breze', 'superset', 'imbalanced-ensemble', 'alibi-detect', 'mindsdb', 'xlearn', 'snips-nlu', 'lifelines', 'ColossalAI', 'DI-engine']"
362,0,ChildOf,pillar,707,Improper Neutralization,132,116,"['couler', 'DIGITS', 'tpot', 'open-webui', 'chainer', 'pybrain', 'deepface', 'statsmodels', 'catboost', 'ggpy', 'dash', 'cornac', 'rgf', 'pyqtgraph', 'tensorflow', 'stellargraph', 'cleanlab', 'numpy', 'FEDOT', 'bytehub', 'PyTorchCV', 'segmentation_models', 'pebl', 'machine-learning', 'deeppy', 'bigartm', 'scikit-multiflow', 'recommenders', 'seaborn', 'nupic.studio', 'vigra', 'gan', 'python-timbl', 'notebook', 'pyod', 'catalyst', 'rockpool', 'mars', 'mlflow', 'metric-learn', 'lambdo', 'pytorch', 'zpar', 'streamlit', 'alibi', 'annoy', 'feast', 'bowtie', 'scikit-image', 'mist', 'DeepPavlov', 'breze', 'superset', 'imbalanced-ensemble', 'alibi-detect', 'mindsdb', 'xlearn', 'snips-nlu', 'transformers', 'lifelines', 'ColossalAI', 'DI-engine']"
363,1,ParentOf,base,117,Improper Output Neutralization for Logs,132,116,"['couler', 'DIGITS', 'tpot', 'open-webui', 'chainer', 'pybrain', 'deepface', 'statsmodels', 'catboost', 'ggpy', 'dash', 'cornac', 'rgf', 'pyqtgraph', 'tensorflow', 'stellargraph', 'cleanlab', 'numpy', 'FEDOT', 'bytehub', 'PyTorchCV', 'segmentation_models', 'pebl', 'machine-learning', 'deeppy', 'bigartm', 'scikit-multiflow', 'recommenders', 'seaborn', 'nupic.studio', 'vigra', 'gan', 'python-timbl', 'notebook', 'pyod', 'catalyst', 'rockpool', 'mars', 'mlflow', 'metric-learn', 'lambdo', 'pytorch', 'zpar', 'streamlit', 'alibi', 'annoy', 'feast', 'bowtie', 'scikit-image', 'mist', 'DeepPavlov', 'breze', 'superset', 'imbalanced-ensemble', 'alibi-detect', 'mindsdb', 'xlearn', 'snips-nlu', 'transformers', 'lifelines', 'ColossalAI', 'DI-engine']"
364,2,ParentOf,variant,644,Improper Neutralization of HTTP Headers for Scripting Syntax,132,116,"['couler', 'DIGITS', 'tpot', 'open-webui', 'chainer', 'pybrain', 'deepface', 'statsmodels', 'catboost', 'ggpy', 'dash', 'cornac', 'rgf', 'pyqtgraph', 'tensorflow', 'stellargraph', 'cleanlab', 'numpy', 'FEDOT', 'bytehub', 'PyTorchCV', 'segmentation_models', 'pebl', 'machine-learning', 'deeppy', 'bigartm', 'scikit-multiflow', 'recommenders', 'seaborn', 'nupic.studio', 'vigra', 'gan', 'python-timbl', 'notebook', 'pyod', 'catalyst', 'rockpool', 'mars', 'mlflow', 'metric-learn', 'lambdo', 'pytorch', 'zpar', 'streamlit', 'alibi', 'annoy', 'feast', 'bowtie', 'scikit-image', 'mist', 'DeepPavlov', 'breze', 'superset', 'imbalanced-ensemble', 'alibi-detect', 'mindsdb', 'xlearn', 'snips-nlu', 'transformers', 'lifelines', 'ColossalAI', 'DI-engine']"
365,3,ParentOf,base,838,Inappropriate Encoding for Output Context,132,116,"['couler', 'DIGITS', 'tpot', 'open-webui', 'chainer', 'pybrain', 'deepface', 'statsmodels', 'catboost', 'ggpy', 'dash', 'cornac', 'rgf', 'pyqtgraph', 'tensorflow', 'stellargraph', 'cleanlab', 'numpy', 'FEDOT', 'bytehub', 'PyTorchCV', 'segmentation_models', 'pebl', 'machine-learning', 'deeppy', 'bigartm', 'scikit-multiflow', 'recommenders', 'seaborn', 'nupic.studio', 'vigra', 'gan', 'python-timbl', 'notebook', 'pyod', 'catalyst', 'rockpool', 'mars', 'mlflow', 'metric-learn', 'lambdo', 'pytorch', 'zpar', 'streamlit', 'alibi', 'annoy', 'feast', 'bowtie', 'scikit-image', 'mist', 'DeepPavlov', 'breze', 'superset', 'imbalanced-ensemble', 'alibi-detect', 'mindsdb', 'xlearn', 'snips-nlu', 'transformers', 'lifelines', 'ColossalAI', 'DI-engine']"
366,4,CanPrecede,class,74,Improper Neutralization of Special Elements in Output Used by a Downstream Component ('Injection'),132,116,"['couler', 'DIGITS', 'tpot', 'open-webui', 'chainer', 'pybrain', 'deepface', 'statsmodels', 'catboost', 'ggpy', 'dash', 'cornac', 'rgf', 'pyqtgraph', 'tensorflow', 'stellargraph', 'cleanlab', 'numpy', 'FEDOT', 'bytehub', 'PyTorchCV', 'segmentation_models', 'pebl', 'machine-learning', 'deeppy', 'bigartm', 'scikit-multiflow', 'recommenders', 'seaborn', 'nupic.studio', 'vigra', 'gan', 'python-timbl', 'notebook', 'pyod', 'catalyst', 'rockpool', 'mars', 'mlflow', 'metric-learn', 'lambdo', 'pytorch', 'zpar', 'streamlit', 'alibi', 'annoy', 'feast', 'bowtie', 'scikit-image', 'mist', 'DeepPavlov', 'breze', 'superset', 'imbalanced-ensemble', 'alibi-detect', 'mindsdb', 'xlearn', 'snips-nlu', 'transformers', 'lifelines', 'ColossalAI', 'DI-engine']"
367,5,MemberOf,view,1003,Weaknesses for Simplified Mapping of Published Vulnerabilities,132,116,"['couler', 'DIGITS', 'tpot', 'open-webui', 'chainer', 'pybrain', 'deepface', 'statsmodels', 'catboost', 'ggpy', 'dash', 'cornac', 'rgf', 'pyqtgraph', 'tensorflow', 'stellargraph', 'cleanlab', 'numpy', 'FEDOT', 'bytehub', 'PyTorchCV', 'segmentation_models', 'pebl', 'machine-learning', 'deeppy', 'bigartm', 'scikit-multiflow', 'recommenders', 'seaborn', 'nupic.studio', 'vigra', 'gan', 'python-timbl', 'notebook', 'pyod', 'catalyst', 'rockpool', 'mars', 'mlflow', 'metric-learn', 'lambdo', 'pytorch', 'zpar', 'streamlit', 'alibi', 'annoy', 'feast', 'bowtie', 'scikit-image', 'mist', 'DeepPavlov', 'breze', 'superset', 'imbalanced-ensemble', 'alibi-detect', 'mindsdb', 'xlearn', 'snips-nlu', 'transformers', 'lifelines', 'ColossalAI', 'DI-engine']"
368,6,ParentOf,base,838,Inappropriate Encoding for Output Context,132,116,"['couler', 'DIGITS', 'tpot', 'open-webui', 'chainer', 'pybrain', 'deepface', 'statsmodels', 'catboost', 'ggpy', 'dash', 'cornac', 'rgf', 'pyqtgraph', 'tensorflow', 'stellargraph', 'cleanlab', 'numpy', 'FEDOT', 'bytehub', 'PyTorchCV', 'segmentation_models', 'pebl', 'machine-learning', 'deeppy', 'bigartm', 'scikit-multiflow', 'recommenders', 'seaborn', 'nupic.studio', 'vigra', 'gan', 'python-timbl', 'notebook', 'pyod', 'catalyst', 'rockpool', 'mars', 'mlflow', 'metric-learn', 'lambdo', 'pytorch', 'zpar', 'streamlit', 'alibi', 'annoy', 'feast', 'bowtie', 'scikit-image', 'mist', 'DeepPavlov', 'breze', 'superset', 'imbalanced-ensemble', 'alibi-detect', 'mindsdb', 'xlearn', 'snips-nlu', 'transformers', 'lifelines', 'ColossalAI', 'DI-engine']"
369,7,MemberOf,category,751,2009 Top 25 - Insecure Interaction Between Components,132,116,"['couler', 'DIGITS', 'tpot', 'open-webui', 'chainer', 'pybrain', 'deepface', 'statsmodels', 'catboost', 'ggpy', 'dash', 'cornac', 'rgf', 'pyqtgraph', 'tensorflow', 'stellargraph', 'cleanlab', 'numpy', 'FEDOT', 'bytehub', 'PyTorchCV', 'segmentation_models', 'pebl', 'machine-learning', 'deeppy', 'bigartm', 'scikit-multiflow', 'recommenders', 'seaborn', 'nupic.studio', 'vigra', 'gan', 'python-timbl', 'notebook', 'pyod', 'catalyst', 'rockpool', 'mars', 'mlflow', 'metric-learn', 'lambdo', 'pytorch', 'zpar', 'streamlit', 'alibi', 'annoy', 'feast', 'bowtie', 'scikit-image', 'mist', 'DeepPavlov', 'breze', 'superset', 'imbalanced-ensemble', 'alibi-detect', 'mindsdb', 'xlearn', 'snips-nlu', 'transformers', 'lifelines', 'ColossalAI', 'DI-engine']"
370,8,MemberOf,category,845,The CERT Oracle Secure Coding Standard for Java (2011) Chapter 2 - Input Validation and Data Sanitization (IDS),132,116,"['couler', 'DIGITS', 'tpot', 'open-webui', 'chainer', 'pybrain', 'deepface', 'statsmodels', 'catboost', 'ggpy', 'dash', 'cornac', 'rgf', 'pyqtgraph', 'tensorflow', 'stellargraph', 'cleanlab', 'numpy', 'FEDOT', 'bytehub', 'PyTorchCV', 'segmentation_models', 'pebl', 'machine-learning', 'deeppy', 'bigartm', 'scikit-multiflow', 'recommenders', 'seaborn', 'nupic.studio', 'vigra', 'gan', 'python-timbl', 'notebook', 'pyod', 'catalyst', 'rockpool', 'mars', 'mlflow', 'metric-learn', 'lambdo', 'pytorch', 'zpar', 'streamlit', 'alibi', 'annoy', 'feast', 'bowtie', 'scikit-image', 'mist', 'DeepPavlov', 'breze', 'superset', 'imbalanced-ensemble', 'alibi-detect', 'mindsdb', 'xlearn', 'snips-nlu', 'transformers', 'lifelines', 'ColossalAI', 'DI-engine']"
371,9,MemberOf,category,883,CERT C++ Secure Coding Section 49 - Miscellaneous (MSC),132,116,"['couler', 'DIGITS', 'tpot', 'open-webui', 'chainer', 'pybrain', 'deepface', 'statsmodels', 'catboost', 'ggpy', 'dash', 'cornac', 'rgf', 'pyqtgraph', 'tensorflow', 'stellargraph', 'cleanlab', 'numpy', 'FEDOT', 'bytehub', 'PyTorchCV', 'segmentation_models', 'pebl', 'machine-learning', 'deeppy', 'bigartm', 'scikit-multiflow', 'recommenders', 'seaborn', 'nupic.studio', 'vigra', 'gan', 'python-timbl', 'notebook', 'pyod', 'catalyst', 'rockpool', 'mars', 'mlflow', 'metric-learn', 'lambdo', 'pytorch', 'zpar', 'streamlit', 'alibi', 'annoy', 'feast', 'bowtie', 'scikit-image', 'mist', 'DeepPavlov', 'breze', 'superset', 'imbalanced-ensemble', 'alibi-detect', 'mindsdb', 'xlearn', 'snips-nlu', 'transformers', 'lifelines', 'ColossalAI', 'DI-engine']"
372,10,MemberOf,category,992,SFP Secondary Cluster: Faulty Input Transformation,132,116,"['couler', 'DIGITS', 'tpot', 'open-webui', 'chainer', 'pybrain', 'deepface', 'statsmodels', 'catboost', 'ggpy', 'dash', 'cornac', 'rgf', 'pyqtgraph', 'tensorflow', 'stellargraph', 'cleanlab', 'numpy', 'FEDOT', 'bytehub', 'PyTorchCV', 'segmentation_models', 'pebl', 'machine-learning', 'deeppy', 'bigartm', 'scikit-multiflow', 'recommenders', 'seaborn', 'nupic.studio', 'vigra', 'gan', 'python-timbl', 'notebook', 'pyod', 'catalyst', 'rockpool', 'mars', 'mlflow', 'metric-learn', 'lambdo', 'pytorch', 'zpar', 'streamlit', 'alibi', 'annoy', 'feast', 'bowtie', 'scikit-image', 'mist', 'DeepPavlov', 'breze', 'superset', 'imbalanced-ensemble', 'alibi-detect', 'mindsdb', 'xlearn', 'snips-nlu', 'transformers', 'lifelines', 'ColossalAI', 'DI-engine']"
373,11,MemberOf,category,1134,SEI CERT Oracle Secure Coding Standard for Java - Guidelines 00. Input Validation and Data Sanitization (IDS),132,116,"['couler', 'DIGITS', 'tpot', 'open-webui', 'chainer', 'pybrain', 'deepface', 'statsmodels', 'catboost', 'ggpy', 'dash', 'cornac', 'rgf', 'pyqtgraph', 'tensorflow', 'stellargraph', 'cleanlab', 'numpy', 'FEDOT', 'bytehub', 'PyTorchCV', 'segmentation_models', 'pebl', 'machine-learning', 'deeppy', 'bigartm', 'scikit-multiflow', 'recommenders', 'seaborn', 'nupic.studio', 'vigra', 'gan', 'python-timbl', 'notebook', 'pyod', 'catalyst', 'rockpool', 'mars', 'mlflow', 'metric-learn', 'lambdo', 'pytorch', 'zpar', 'streamlit', 'alibi', 'annoy', 'feast', 'bowtie', 'scikit-image', 'mist', 'DeepPavlov', 'breze', 'superset', 'imbalanced-ensemble', 'alibi-detect', 'mindsdb', 'xlearn', 'snips-nlu', 'transformers', 'lifelines', 'ColossalAI', 'DI-engine']"
374,12,MemberOf,category,1179,SEI CERT Perl Coding Standard - Guidelines 01. Input Validation and Data Sanitization (IDS),132,116,"['couler', 'DIGITS', 'tpot', 'open-webui', 'chainer', 'pybrain', 'deepface', 'statsmodels', 'catboost', 'ggpy', 'dash', 'cornac', 'rgf', 'pyqtgraph', 'tensorflow', 'stellargraph', 'cleanlab', 'numpy', 'FEDOT', 'bytehub', 'PyTorchCV', 'segmentation_models', 'pebl', 'machine-learning', 'deeppy', 'bigartm', 'scikit-multiflow', 'recommenders', 'seaborn', 'nupic.studio', 'vigra', 'gan', 'python-timbl', 'notebook', 'pyod', 'catalyst', 'rockpool', 'mars', 'mlflow', 'metric-learn', 'lambdo', 'pytorch', 'zpar', 'streamlit', 'alibi', 'annoy', 'feast', 'bowtie', 'scikit-image', 'mist', 'DeepPavlov', 'breze', 'superset', 'imbalanced-ensemble', 'alibi-detect', 'mindsdb', 'xlearn', 'snips-nlu', 'transformers', 'lifelines', 'ColossalAI', 'DI-engine']"
375,13,MemberOf,category,1347,OWASP Top Ten 2021 Category A03:2021 - Injection,132,116,"['couler', 'DIGITS', 'tpot', 'open-webui', 'chainer', 'pybrain', 'deepface', 'statsmodels', 'catboost', 'ggpy', 'dash', 'cornac', 'rgf', 'pyqtgraph', 'tensorflow', 'stellargraph', 'cleanlab', 'numpy', 'FEDOT', 'bytehub', 'PyTorchCV', 'segmentation_models', 'pebl', 'machine-learning', 'deeppy', 'bigartm', 'scikit-multiflow', 'recommenders', 'seaborn', 'nupic.studio', 'vigra', 'gan', 'python-timbl', 'notebook', 'pyod', 'catalyst', 'rockpool', 'mars', 'mlflow', 'metric-learn', 'lambdo', 'pytorch', 'zpar', 'streamlit', 'alibi', 'annoy', 'feast', 'bowtie', 'scikit-image', 'mist', 'DeepPavlov', 'breze', 'superset', 'imbalanced-ensemble', 'alibi-detect', 'mindsdb', 'xlearn', 'snips-nlu', 'transformers', 'lifelines', 'ColossalAI', 'DI-engine']"
376,14,MemberOf,category,1407,Comprehensive Categorization: Improper Neutralization,132,116,"['couler', 'DIGITS', 'tpot', 'open-webui', 'chainer', 'pybrain', 'deepface', 'statsmodels', 'catboost', 'ggpy', 'dash', 'cornac', 'rgf', 'pyqtgraph', 'tensorflow', 'stellargraph', 'cleanlab', 'numpy', 'FEDOT', 'bytehub', 'PyTorchCV', 'segmentation_models', 'pebl', 'machine-learning', 'deeppy', 'bigartm', 'scikit-multiflow', 'recommenders', 'seaborn', 'nupic.studio', 'vigra', 'gan', 'python-timbl', 'notebook', 'pyod', 'catalyst', 'rockpool', 'mars', 'mlflow', 'metric-learn', 'lambdo', 'pytorch', 'zpar', 'streamlit', 'alibi', 'annoy', 'feast', 'bowtie', 'scikit-image', 'mist', 'DeepPavlov', 'breze', 'superset', 'imbalanced-ensemble', 'alibi-detect', 'mindsdb', 'xlearn', 'snips-nlu', 'transformers', 'lifelines', 'ColossalAI', 'DI-engine']"
377,15,MemberOf,category,1440,OWASP Top Ten 2025 Category A05:2025 - Injection,132,116,"['couler', 'DIGITS', 'tpot', 'open-webui', 'chainer', 'pybrain', 'deepface', 'statsmodels', 'catboost', 'ggpy', 'dash', 'cornac', 'rgf', 'pyqtgraph', 'tensorflow', 'stellargraph', 'cleanlab', 'numpy', 'FEDOT', 'bytehub', 'PyTorchCV', 'segmentation_models', 'pebl', 'machine-learning', 'deeppy', 'bigartm', 'scikit-multiflow', 'recommenders', 'seaborn', 'nupic.studio', 'vigra', 'gan', 'python-timbl', 'notebook', 'pyod', 'catalyst', 'rockpool', 'mars', 'mlflow', 'metric-learn', 'lambdo', 'pytorch', 'zpar', 'streamlit', 'alibi', 'annoy', 'feast', 'bowtie', 'scikit-image', 'mist', 'DeepPavlov', 'breze', 'superset', 'imbalanced-ensemble', 'alibi-detect', 'mindsdb', 'xlearn', 'snips-nlu', 'transformers', 'lifelines', 'ColossalAI', 'DI-engine']"
378,16,MemberOf,category,1447,General Software Weaknesses that Appear in Products that Use or Support AI/ML Technology,132,116,"['couler', 'DIGITS', 'tpot', 'open-webui', 'chainer', 'pybrain', 'deepface', 'statsmodels', 'catboost', 'ggpy', 'dash', 'cornac', 'rgf', 'pyqtgraph', 'tensorflow', 'stellargraph', 'cleanlab', 'numpy', 'FEDOT', 'bytehub', 'PyTorchCV', 'segmentation_models', 'pebl', 'machine-learning', 'deeppy', 'bigartm', 'scikit-multiflow', 'recommenders', 'seaborn', 'nupic.studio', 'vigra', 'gan', 'python-timbl', 'notebook', 'pyod', 'catalyst', 'rockpool', 'mars', 'mlflow', 'metric-learn', 'lambdo', 'pytorch', 'zpar', 'streamlit', 'alibi', 'annoy', 'feast', 'bowtie', 'scikit-image', 'mist', 'DeepPavlov', 'breze', 'superset', 'imbalanced-ensemble', 'alibi-detect', 'mindsdb', 'xlearn', 'snips-nlu', 'transformers', 'lifelines', 'ColossalAI', 'DI-engine']"
379,17,Self,class,116,,132,116,"['couler', 'DIGITS', 'tpot', 'open-webui', 'chainer', 'pybrain', 'deepface', 'statsmodels', 'catboost', 'ggpy', 'dash', 'cornac', 'rgf', 'pyqtgraph', 'tensorflow', 'stellargraph', 'cleanlab', 'numpy', 'FEDOT', 'bytehub', 'PyTorchCV', 'segmentation_models', 'pebl', 'machine-learning', 'deeppy', 'bigartm', 'scikit-multiflow', 'recommenders', 'seaborn', 'nupic.studio', 'vigra', 'gan', 'python-timbl', 'notebook', 'pyod', 'catalyst', 'rockpool', 'mars', 'mlflow', 'metric-learn', 'lambdo', 'pytorch', 'zpar', 'streamlit', 'alibi', 'annoy', 'feast', 'bowtie', 'scikit-image', 'mist', 'DeepPavlov', 'breze', 'superset', 'imbalanced-ensemble', 'alibi-detect', 'mindsdb', 'xlearn', 'snips-nlu', 'transformers', 'lifelines', 'ColossalAI', 'DI-engine']"
380,0,ChildOf,class,913,Improper Control of Dynamically-Managed Code Resources,696,502,"['neural-style-pt', 'chainer', 'skorch', 'pybrain', 'bokeh', 'neurolab', 'autogluon', 'pytorch_geometric', 'face_recognition', 'pkuseg-python', 'open-metric-learning', 'detectron2', 'mljar-supervised', 'pyqtgraph', 'bentoml', 'caffe', 'river', 'numpy', 'FEDOT', 'opfython', 'PyTorchCV', 'pytorch-image-models', 'pebl', 'bigartm', 'lightwood', 'zipline', 'Petrel', 'mlflow', 'DrQA', 'scikit-learn', 'pytorch', 'TResNet', 'segmentation_models.pytorch', 'shapash', 'transformers', 'ColossalAI', 'joliGEN', 'simpleai', 'xgboost', 'catboost', 'maze', 'cleanlab', 'lightly', 'deeppy', 'chefboost', 'opytimizer', 'skll', 'pytorch_geometric_temporal', 'dl-translate', 'mars', 'evostra', 'pytorch-frame', 'streamlit', 'mlxtend', 'DeepPavlov', 'snownlp', 'alibi-detect', 'Sklearn-genetic-opt', 'DI-engine', 'lightning-bolts', 'DIGITS', 'rep', 'LightGBM', 'yalign', 'determined', 'miraiml', 'matplotlib', 'tensorflow', 'haystack', 'mlens', 'machine-learning', 'neuropredict', 'frouros', 'feast', 'rasa', 'loso', 'mindsdb', 'nut', 'ViZDoom', 'neuraltalk', 'sentiment_classifier', 'NeuroNER', 'deepface', 'statsmodels', 'jProcessing', 'dedupe', 'python-recsys', 'cornac', 'eurybia', 'igel', 'keras-tuner', 'backprop', 'ray', 'cltk', 'recommenders', 'sentiment-analyzer', 'evidently', 'deepchecks', 'garage', 'hebel', 'jieba', 'pyod', 'catalyst', 'pytensor', 'lambdo', 'tflearn', 'prodmodel', 'zpar', 'polyglot', 'alibi', 'scikit-learn-intelex', 'pytorch-lightning', 'bolt', 'PCV']"
381,1,PeerOf,base,915,Improperly Controlled Modification of Dynamically-Determined Object Attributes,696,502,"['neural-style-pt', 'chainer', 'skorch', 'pybrain', 'bokeh', 'neurolab', 'autogluon', 'pytorch_geometric', 'face_recognition', 'pkuseg-python', 'open-metric-learning', 'detectron2', 'mljar-supervised', 'pyqtgraph', 'bentoml', 'caffe', 'river', 'numpy', 'FEDOT', 'opfython', 'PyTorchCV', 'pytorch-image-models', 'pebl', 'bigartm', 'lightwood', 'zipline', 'Petrel', 'mlflow', 'DrQA', 'scikit-learn', 'pytorch', 'TResNet', 'segmentation_models.pytorch', 'shapash', 'transformers', 'ColossalAI', 'joliGEN', 'simpleai', 'xgboost', 'catboost', 'maze', 'cleanlab', 'lightly', 'deeppy', 'chefboost', 'opytimizer', 'skll', 'pytorch_geometric_temporal', 'dl-translate', 'mars', 'evostra', 'pytorch-frame', 'streamlit', 'mlxtend', 'DeepPavlov', 'snownlp', 'alibi-detect', 'Sklearn-genetic-opt', 'DI-engine', 'lightning-bolts', 'DIGITS', 'rep', 'LightGBM', 'yalign', 'determined', 'miraiml', 'matplotlib', 'tensorflow', 'haystack', 'mlens', 'machine-learning', 'neuropredict', 'frouros', 'feast', 'rasa', 'loso', 'mindsdb', 'nut', 'ViZDoom', 'neuraltalk', 'sentiment_classifier', 'NeuroNER', 'deepface', 'statsmodels', 'jProcessing', 'dedupe', 'python-recsys', 'cornac', 'eurybia', 'igel', 'keras-tuner', 'backprop', 'ray', 'cltk', 'recommenders', 'sentiment-analyzer', 'evidently', 'deepchecks', 'garage', 'hebel', 'jieba', 'pyod', 'catalyst', 'pytensor', 'lambdo', 'tflearn', 'prodmodel', 'zpar', 'polyglot', 'alibi', 'scikit-learn-intelex', 'pytorch-lightning', 'bolt', 'PCV']"
382,2,MemberOf,category,399,Resource Management Errors,696,502,"['neural-style-pt', 'chainer', 'skorch', 'pybrain', 'bokeh', 'neurolab', 'autogluon', 'pytorch_geometric', 'face_recognition', 'pkuseg-python', 'open-metric-learning', 'detectron2', 'mljar-supervised', 'pyqtgraph', 'bentoml', 'caffe', 'river', 'numpy', 'FEDOT', 'opfython', 'PyTorchCV', 'pytorch-image-models', 'pebl', 'bigartm', 'lightwood', 'zipline', 'Petrel', 'mlflow', 'DrQA', 'scikit-learn', 'pytorch', 'TResNet', 'segmentation_models.pytorch', 'shapash', 'transformers', 'ColossalAI', 'joliGEN', 'simpleai', 'xgboost', 'catboost', 'maze', 'cleanlab', 'lightly', 'deeppy', 'chefboost', 'opytimizer', 'skll', 'pytorch_geometric_temporal', 'dl-translate', 'mars', 'evostra', 'pytorch-frame', 'streamlit', 'mlxtend', 'DeepPavlov', 'snownlp', 'alibi-detect', 'Sklearn-genetic-opt', 'DI-engine', 'lightning-bolts', 'DIGITS', 'rep', 'LightGBM', 'yalign', 'determined', 'miraiml', 'matplotlib', 'tensorflow', 'haystack', 'mlens', 'machine-learning', 'neuropredict', 'frouros', 'feast', 'rasa', 'loso', 'mindsdb', 'nut', 'ViZDoom', 'neuraltalk', 'sentiment_classifier', 'NeuroNER', 'deepface', 'statsmodels', 'jProcessing', 'dedupe', 'python-recsys', 'cornac', 'eurybia', 'igel', 'keras-tuner', 'backprop', 'ray', 'cltk', 'recommenders', 'sentiment-analyzer', 'evidently', 'deepchecks', 'garage', 'hebel', 'jieba', 'pyod', 'catalyst', 'pytensor', 'lambdo', 'tflearn', 'prodmodel', 'zpar', 'polyglot', 'alibi', 'scikit-learn-intelex', 'pytorch-lightning', 'bolt', 'PCV']"
383,3,ChildOf,class,913,Improper Control of Dynamically-Managed Code Resources,696,502,"['neural-style-pt', 'chainer', 'skorch', 'pybrain', 'bokeh', 'neurolab', 'autogluon', 'pytorch_geometric', 'face_recognition', 'pkuseg-python', 'open-metric-learning', 'detectron2', 'mljar-supervised', 'pyqtgraph', 'bentoml', 'caffe', 'river', 'numpy', 'FEDOT', 'opfython', 'PyTorchCV', 'pytorch-image-models', 'pebl', 'bigartm', 'lightwood', 'zipline', 'Petrel', 'mlflow', 'DrQA', 'scikit-learn', 'pytorch', 'TResNet', 'segmentation_models.pytorch', 'shapash', 'transformers', 'ColossalAI', 'joliGEN', 'simpleai', 'xgboost', 'catboost', 'maze', 'cleanlab', 'lightly', 'deeppy', 'chefboost', 'opytimizer', 'skll', 'pytorch_geometric_temporal', 'dl-translate', 'mars', 'evostra', 'pytorch-frame', 'streamlit', 'mlxtend', 'DeepPavlov', 'snownlp', 'alibi-detect', 'Sklearn-genetic-opt', 'DI-engine', 'lightning-bolts', 'DIGITS', 'rep', 'LightGBM', 'yalign', 'determined', 'miraiml', 'matplotlib', 'tensorflow', 'haystack', 'mlens', 'machine-learning', 'neuropredict', 'frouros', 'feast', 'rasa', 'loso', 'mindsdb', 'nut', 'ViZDoom', 'neuraltalk', 'sentiment_classifier', 'NeuroNER', 'deepface', 'statsmodels', 'jProcessing', 'dedupe', 'python-recsys', 'cornac', 'eurybia', 'igel', 'keras-tuner', 'backprop', 'ray', 'cltk', 'recommenders', 'sentiment-analyzer', 'evidently', 'deepchecks', 'garage', 'hebel', 'jieba', 'pyod', 'catalyst', 'pytensor', 'lambdo', 'tflearn', 'prodmodel', 'zpar', 'polyglot', 'alibi', 'scikit-learn-intelex', 'pytorch-lightning', 'bolt', 'PCV']"
384,4,MemberOf,category,1019,Validate Inputs,696,502,"['neural-style-pt', 'chainer', 'skorch', 'pybrain', 'bokeh', 'neurolab', 'autogluon', 'pytorch_geometric', 'face_recognition', 'pkuseg-python', 'open-metric-learning', 'detectron2', 'mljar-supervised', 'pyqtgraph', 'bentoml', 'caffe', 'river', 'numpy', 'FEDOT', 'opfython', 'PyTorchCV', 'pytorch-image-models', 'pebl', 'bigartm', 'lightwood', 'zipline', 'Petrel', 'mlflow', 'DrQA', 'scikit-learn', 'pytorch', 'TResNet', 'segmentation_models.pytorch', 'shapash', 'transformers', 'ColossalAI', 'joliGEN', 'simpleai', 'xgboost', 'catboost', 'maze', 'cleanlab', 'lightly', 'deeppy', 'chefboost', 'opytimizer', 'skll', 'pytorch_geometric_temporal', 'dl-translate', 'mars', 'evostra', 'pytorch-frame', 'streamlit', 'mlxtend', 'DeepPavlov', 'snownlp', 'alibi-detect', 'Sklearn-genetic-opt', 'DI-engine', 'lightning-bolts', 'DIGITS', 'rep', 'LightGBM', 'yalign', 'determined', 'miraiml', 'matplotlib', 'tensorflow', 'haystack', 'mlens', 'machine-learning', 'neuropredict', 'frouros', 'feast', 'rasa', 'loso', 'mindsdb', 'nut', 'ViZDoom', 'neuraltalk', 'sentiment_classifier', 'NeuroNER', 'deepface', 'statsmodels', 'jProcessing', 'dedupe', 'python-recsys', 'cornac', 'eurybia', 'igel', 'keras-tuner', 'backprop', 'ray', 'cltk', 'recommenders', 'sentiment-analyzer', 'evidently', 'deepchecks', 'garage', 'hebel', 'jieba', 'pyod', 'catalyst', 'pytensor', 'lambdo', 'tflearn', 'prodmodel', 'zpar', 'polyglot', 'alibi', 'scikit-learn-intelex', 'pytorch-lightning', 'bolt', 'PCV']"
385,5,MemberOf,category,858,The CERT Oracle Secure Coding Standard for Java (2011) Chapter 15 - Serialization (SER),696,502,"['neural-style-pt', 'chainer', 'skorch', 'pybrain', 'bokeh', 'neurolab', 'autogluon', 'pytorch_geometric', 'face_recognition', 'pkuseg-python', 'open-metric-learning', 'detectron2', 'mljar-supervised', 'pyqtgraph', 'bentoml', 'caffe', 'river', 'numpy', 'FEDOT', 'opfython', 'PyTorchCV', 'pytorch-image-models', 'pebl', 'bigartm', 'lightwood', 'zipline', 'Petrel', 'mlflow', 'DrQA', 'scikit-learn', 'pytorch', 'TResNet', 'segmentation_models.pytorch', 'shapash', 'transformers', 'ColossalAI', 'joliGEN', 'simpleai', 'xgboost', 'catboost', 'maze', 'cleanlab', 'lightly', 'deeppy', 'chefboost', 'opytimizer', 'skll', 'pytorch_geometric_temporal', 'dl-translate', 'mars', 'evostra', 'pytorch-frame', 'streamlit', 'mlxtend', 'DeepPavlov', 'snownlp', 'alibi-detect', 'Sklearn-genetic-opt', 'DI-engine', 'lightning-bolts', 'DIGITS', 'rep', 'LightGBM', 'yalign', 'determined', 'miraiml', 'matplotlib', 'tensorflow', 'haystack', 'mlens', 'machine-learning', 'neuropredict', 'frouros', 'feast', 'rasa', 'loso', 'mindsdb', 'nut', 'ViZDoom', 'neuraltalk', 'sentiment_classifier', 'NeuroNER', 'deepface', 'statsmodels', 'jProcessing', 'dedupe', 'python-recsys', 'cornac', 'eurybia', 'igel', 'keras-tuner', 'backprop', 'ray', 'cltk', 'recommenders', 'sentiment-analyzer', 'evidently', 'deepchecks', 'garage', 'hebel', 'jieba', 'pyod', 'catalyst', 'pytensor', 'lambdo', 'tflearn', 'prodmodel', 'zpar', 'polyglot', 'alibi', 'scikit-learn-intelex', 'pytorch-lightning', 'bolt', 'PCV']"
386,6,MemberOf,view,884,CWE Cross-section,696,502,"['neural-style-pt', 'chainer', 'skorch', 'pybrain', 'bokeh', 'neurolab', 'autogluon', 'pytorch_geometric', 'face_recognition', 'pkuseg-python', 'open-metric-learning', 'detectron2', 'mljar-supervised', 'pyqtgraph', 'bentoml', 'caffe', 'river', 'numpy', 'FEDOT', 'opfython', 'PyTorchCV', 'pytorch-image-models', 'pebl', 'bigartm', 'lightwood', 'zipline', 'Petrel', 'mlflow', 'DrQA', 'scikit-learn', 'pytorch', 'TResNet', 'segmentation_models.pytorch', 'shapash', 'transformers', 'ColossalAI', 'joliGEN', 'simpleai', 'xgboost', 'catboost', 'maze', 'cleanlab', 'lightly', 'deeppy', 'chefboost', 'opytimizer', 'skll', 'pytorch_geometric_temporal', 'dl-translate', 'mars', 'evostra', 'pytorch-frame', 'streamlit', 'mlxtend', 'DeepPavlov', 'snownlp', 'alibi-detect', 'Sklearn-genetic-opt', 'DI-engine', 'lightning-bolts', 'DIGITS', 'rep', 'LightGBM', 'yalign', 'determined', 'miraiml', 'matplotlib', 'tensorflow', 'haystack', 'mlens', 'machine-learning', 'neuropredict', 'frouros', 'feast', 'rasa', 'loso', 'mindsdb', 'nut', 'ViZDoom', 'neuraltalk', 'sentiment_classifier', 'NeuroNER', 'deepface', 'statsmodels', 'jProcessing', 'dedupe', 'python-recsys', 'cornac', 'eurybia', 'igel', 'keras-tuner', 'backprop', 'ray', 'cltk', 'recommenders', 'sentiment-analyzer', 'evidently', 'deepchecks', 'garage', 'hebel', 'jieba', 'pyod', 'catalyst', 'pytensor', 'lambdo', 'tflearn', 'prodmodel', 'zpar', 'polyglot', 'alibi', 'scikit-learn-intelex', 'pytorch-lightning', 'bolt', 'PCV']"
387,7,MemberOf,category,994,SFP Secondary Cluster: Tainted Input to Variable,696,502,"['neural-style-pt', 'chainer', 'skorch', 'pybrain', 'bokeh', 'neurolab', 'autogluon', 'pytorch_geometric', 'face_recognition', 'pkuseg-python', 'open-metric-learning', 'detectron2', 'mljar-supervised', 'pyqtgraph', 'bentoml', 'caffe', 'river', 'numpy', 'FEDOT', 'opfython', 'PyTorchCV', 'pytorch-image-models', 'pebl', 'bigartm', 'lightwood', 'zipline', 'Petrel', 'mlflow', 'DrQA', 'scikit-learn', 'pytorch', 'TResNet', 'segmentation_models.pytorch', 'shapash', 'transformers', 'ColossalAI', 'joliGEN', 'simpleai', 'xgboost', 'catboost', 'maze', 'cleanlab', 'lightly', 'deeppy', 'chefboost', 'opytimizer', 'skll', 'pytorch_geometric_temporal', 'dl-translate', 'mars', 'evostra', 'pytorch-frame', 'streamlit', 'mlxtend', 'DeepPavlov', 'snownlp', 'alibi-detect', 'Sklearn-genetic-opt', 'DI-engine', 'lightning-bolts', 'DIGITS', 'rep', 'LightGBM', 'yalign', 'determined', 'miraiml', 'matplotlib', 'tensorflow', 'haystack', 'mlens', 'machine-learning', 'neuropredict', 'frouros', 'feast', 'rasa', 'loso', 'mindsdb', 'nut', 'ViZDoom', 'neuraltalk', 'sentiment_classifier', 'NeuroNER', 'deepface', 'statsmodels', 'jProcessing', 'dedupe', 'python-recsys', 'cornac', 'eurybia', 'igel', 'keras-tuner', 'backprop', 'ray', 'cltk', 'recommenders', 'sentiment-analyzer', 'evidently', 'deepchecks', 'garage', 'hebel', 'jieba', 'pyod', 'catalyst', 'pytensor', 'lambdo', 'tflearn', 'prodmodel', 'zpar', 'polyglot', 'alibi', 'scikit-learn-intelex', 'pytorch-lightning', 'bolt', 'PCV']"
388,8,MemberOf,category,1034,OWASP Top Ten 2017 Category A8 - Insecure Deserialization,696,502,"['neural-style-pt', 'chainer', 'skorch', 'pybrain', 'bokeh', 'neurolab', 'autogluon', 'pytorch_geometric', 'face_recognition', 'pkuseg-python', 'open-metric-learning', 'detectron2', 'mljar-supervised', 'pyqtgraph', 'bentoml', 'caffe', 'river', 'numpy', 'FEDOT', 'opfython', 'PyTorchCV', 'pytorch-image-models', 'pebl', 'bigartm', 'lightwood', 'zipline', 'Petrel', 'mlflow', 'DrQA', 'scikit-learn', 'pytorch', 'TResNet', 'segmentation_models.pytorch', 'shapash', 'transformers', 'ColossalAI', 'joliGEN', 'simpleai', 'xgboost', 'catboost', 'maze', 'cleanlab', 'lightly', 'deeppy', 'chefboost', 'opytimizer', 'skll', 'pytorch_geometric_temporal', 'dl-translate', 'mars', 'evostra', 'pytorch-frame', 'streamlit', 'mlxtend', 'DeepPavlov', 'snownlp', 'alibi-detect', 'Sklearn-genetic-opt', 'DI-engine', 'lightning-bolts', 'DIGITS', 'rep', 'LightGBM', 'yalign', 'determined', 'miraiml', 'matplotlib', 'tensorflow', 'haystack', 'mlens', 'machine-learning', 'neuropredict', 'frouros', 'feast', 'rasa', 'loso', 'mindsdb', 'nut', 'ViZDoom', 'neuraltalk', 'sentiment_classifier', 'NeuroNER', 'deepface', 'statsmodels', 'jProcessing', 'dedupe', 'python-recsys', 'cornac', 'eurybia', 'igel', 'keras-tuner', 'backprop', 'ray', 'cltk', 'recommenders', 'sentiment-analyzer', 'evidently', 'deepchecks', 'garage', 'hebel', 'jieba', 'pyod', 'catalyst', 'pytensor', 'lambdo', 'tflearn', 'prodmodel', 'zpar', 'polyglot', 'alibi', 'scikit-learn-intelex', 'pytorch-lightning', 'bolt', 'PCV']"
389,9,MemberOf,category,1148,SEI CERT Oracle Secure Coding Standard for Java - Guidelines 14. Serialization (SER),696,502,"['neural-style-pt', 'chainer', 'skorch', 'pybrain', 'bokeh', 'neurolab', 'autogluon', 'pytorch_geometric', 'face_recognition', 'pkuseg-python', 'open-metric-learning', 'detectron2', 'mljar-supervised', 'pyqtgraph', 'bentoml', 'caffe', 'river', 'numpy', 'FEDOT', 'opfython', 'PyTorchCV', 'pytorch-image-models', 'pebl', 'bigartm', 'lightwood', 'zipline', 'Petrel', 'mlflow', 'DrQA', 'scikit-learn', 'pytorch', 'TResNet', 'segmentation_models.pytorch', 'shapash', 'transformers', 'ColossalAI', 'joliGEN', 'simpleai', 'xgboost', 'catboost', 'maze', 'cleanlab', 'lightly', 'deeppy', 'chefboost', 'opytimizer', 'skll', 'pytorch_geometric_temporal', 'dl-translate', 'mars', 'evostra', 'pytorch-frame', 'streamlit', 'mlxtend', 'DeepPavlov', 'snownlp', 'alibi-detect', 'Sklearn-genetic-opt', 'DI-engine', 'lightning-bolts', 'DIGITS', 'rep', 'LightGBM', 'yalign', 'determined', 'miraiml', 'matplotlib', 'tensorflow', 'haystack', 'mlens', 'machine-learning', 'neuropredict', 'frouros', 'feast', 'rasa', 'loso', 'mindsdb', 'nut', 'ViZDoom', 'neuraltalk', 'sentiment_classifier', 'NeuroNER', 'deepface', 'statsmodels', 'jProcessing', 'dedupe', 'python-recsys', 'cornac', 'eurybia', 'igel', 'keras-tuner', 'backprop', 'ray', 'cltk', 'recommenders', 'sentiment-analyzer', 'evidently', 'deepchecks', 'garage', 'hebel', 'jieba', 'pyod', 'catalyst', 'pytensor', 'lambdo', 'tflearn', 'prodmodel', 'zpar', 'polyglot', 'alibi', 'scikit-learn-intelex', 'pytorch-lightning', 'bolt', 'PCV']"
390,10,MemberOf,view,1200,Weaknesses in the 2019 CWE Top 25 Most Dangerous Software Errors,696,502,"['neural-style-pt', 'chainer', 'skorch', 'pybrain', 'bokeh', 'neurolab', 'autogluon', 'pytorch_geometric', 'face_recognition', 'pkuseg-python', 'open-metric-learning', 'detectron2', 'mljar-supervised', 'pyqtgraph', 'bentoml', 'caffe', 'river', 'numpy', 'FEDOT', 'opfython', 'PyTorchCV', 'pytorch-image-models', 'pebl', 'bigartm', 'lightwood', 'zipline', 'Petrel', 'mlflow', 'DrQA', 'scikit-learn', 'pytorch', 'TResNet', 'segmentation_models.pytorch', 'shapash', 'transformers', 'ColossalAI', 'joliGEN', 'simpleai', 'xgboost', 'catboost', 'maze', 'cleanlab', 'lightly', 'deeppy', 'chefboost', 'opytimizer', 'skll', 'pytorch_geometric_temporal', 'dl-translate', 'mars', 'evostra', 'pytorch-frame', 'streamlit', 'mlxtend', 'DeepPavlov', 'snownlp', 'alibi-detect', 'Sklearn-genetic-opt', 'DI-engine', 'lightning-bolts', 'DIGITS', 'rep', 'LightGBM', 'yalign', 'determined', 'miraiml', 'matplotlib', 'tensorflow', 'haystack', 'mlens', 'machine-learning', 'neuropredict', 'frouros', 'feast', 'rasa', 'loso', 'mindsdb', 'nut', 'ViZDoom', 'neuraltalk', 'sentiment_classifier', 'NeuroNER', 'deepface', 'statsmodels', 'jProcessing', 'dedupe', 'python-recsys', 'cornac', 'eurybia', 'igel', 'keras-tuner', 'backprop', 'ray', 'cltk', 'recommenders', 'sentiment-analyzer', 'evidently', 'deepchecks', 'garage', 'hebel', 'jieba', 'pyod', 'catalyst', 'pytensor', 'lambdo', 'tflearn', 'prodmodel', 'zpar', 'polyglot', 'alibi', 'scikit-learn-intelex', 'pytorch-lightning', 'bolt', 'PCV']"
391,11,MemberOf,category,1308,CISQ Quality Measures - Security,696,502,"['neural-style-pt', 'chainer', 'skorch', 'pybrain', 'bokeh', 'neurolab', 'autogluon', 'pytorch_geometric', 'face_recognition', 'pkuseg-python', 'open-metric-learning', 'detectron2', 'mljar-supervised', 'pyqtgraph', 'bentoml', 'caffe', 'river', 'numpy', 'FEDOT', 'opfython', 'PyTorchCV', 'pytorch-image-models', 'pebl', 'bigartm', 'lightwood', 'zipline', 'Petrel', 'mlflow', 'DrQA', 'scikit-learn', 'pytorch', 'TResNet', 'segmentation_models.pytorch', 'shapash', 'transformers', 'ColossalAI', 'joliGEN', 'simpleai', 'xgboost', 'catboost', 'maze', 'cleanlab', 'lightly', 'deeppy', 'chefboost', 'opytimizer', 'skll', 'pytorch_geometric_temporal', 'dl-translate', 'mars', 'evostra', 'pytorch-frame', 'streamlit', 'mlxtend', 'DeepPavlov', 'snownlp', 'alibi-detect', 'Sklearn-genetic-opt', 'DI-engine', 'lightning-bolts', 'DIGITS', 'rep', 'LightGBM', 'yalign', 'determined', 'miraiml', 'matplotlib', 'tensorflow', 'haystack', 'mlens', 'machine-learning', 'neuropredict', 'frouros', 'feast', 'rasa', 'loso', 'mindsdb', 'nut', 'ViZDoom', 'neuraltalk', 'sentiment_classifier', 'NeuroNER', 'deepface', 'statsmodels', 'jProcessing', 'dedupe', 'python-recsys', 'cornac', 'eurybia', 'igel', 'keras-tuner', 'backprop', 'ray', 'cltk', 'recommenders', 'sentiment-analyzer', 'evidently', 'deepchecks', 'garage', 'hebel', 'jieba', 'pyod', 'catalyst', 'pytensor', 'lambdo', 'tflearn', 'prodmodel', 'zpar', 'polyglot', 'alibi', 'scikit-learn-intelex', 'pytorch-lightning', 'bolt', 'PCV']"
392,12,MemberOf,view,1337,Weaknesses in the 2021 CWE Top 25 Most Dangerous Software Weaknesses,696,502,"['neural-style-pt', 'chainer', 'skorch', 'pybrain', 'bokeh', 'neurolab', 'autogluon', 'pytorch_geometric', 'face_recognition', 'pkuseg-python', 'open-metric-learning', 'detectron2', 'mljar-supervised', 'pyqtgraph', 'bentoml', 'caffe', 'river', 'numpy', 'FEDOT', 'opfython', 'PyTorchCV', 'pytorch-image-models', 'pebl', 'bigartm', 'lightwood', 'zipline', 'Petrel', 'mlflow', 'DrQA', 'scikit-learn', 'pytorch', 'TResNet', 'segmentation_models.pytorch', 'shapash', 'transformers', 'ColossalAI', 'joliGEN', 'simpleai', 'xgboost', 'catboost', 'maze', 'cleanlab', 'lightly', 'deeppy', 'chefboost', 'opytimizer', 'skll', 'pytorch_geometric_temporal', 'dl-translate', 'mars', 'evostra', 'pytorch-frame', 'streamlit', 'mlxtend', 'DeepPavlov', 'snownlp', 'alibi-detect', 'Sklearn-genetic-opt', 'DI-engine', 'lightning-bolts', 'DIGITS', 'rep', 'LightGBM', 'yalign', 'determined', 'miraiml', 'matplotlib', 'tensorflow', 'haystack', 'mlens', 'machine-learning', 'neuropredict', 'frouros', 'feast', 'rasa', 'loso', 'mindsdb', 'nut', 'ViZDoom', 'neuraltalk', 'sentiment_classifier', 'NeuroNER', 'deepface', 'statsmodels', 'jProcessing', 'dedupe', 'python-recsys', 'cornac', 'eurybia', 'igel', 'keras-tuner', 'backprop', 'ray', 'cltk', 'recommenders', 'sentiment-analyzer', 'evidently', 'deepchecks', 'garage', 'hebel', 'jieba', 'pyod', 'catalyst', 'pytensor', 'lambdo', 'tflearn', 'prodmodel', 'zpar', 'polyglot', 'alibi', 'scikit-learn-intelex', 'pytorch-lightning', 'bolt', 'PCV']"
393,13,MemberOf,view,1340,CISQ Data Protection Measures,696,502,"['neural-style-pt', 'chainer', 'skorch', 'pybrain', 'bokeh', 'neurolab', 'autogluon', 'pytorch_geometric', 'face_recognition', 'pkuseg-python', 'open-metric-learning', 'detectron2', 'mljar-supervised', 'pyqtgraph', 'bentoml', 'caffe', 'river', 'numpy', 'FEDOT', 'opfython', 'PyTorchCV', 'pytorch-image-models', 'pebl', 'bigartm', 'lightwood', 'zipline', 'Petrel', 'mlflow', 'DrQA', 'scikit-learn', 'pytorch', 'TResNet', 'segmentation_models.pytorch', 'shapash', 'transformers', 'ColossalAI', 'joliGEN', 'simpleai', 'xgboost', 'catboost', 'maze', 'cleanlab', 'lightly', 'deeppy', 'chefboost', 'opytimizer', 'skll', 'pytorch_geometric_temporal', 'dl-translate', 'mars', 'evostra', 'pytorch-frame', 'streamlit', 'mlxtend', 'DeepPavlov', 'snownlp', 'alibi-detect', 'Sklearn-genetic-opt', 'DI-engine', 'lightning-bolts', 'DIGITS', 'rep', 'LightGBM', 'yalign', 'determined', 'miraiml', 'matplotlib', 'tensorflow', 'haystack', 'mlens', 'machine-learning', 'neuropredict', 'frouros', 'feast', 'rasa', 'loso', 'mindsdb', 'nut', 'ViZDoom', 'neuraltalk', 'sentiment_classifier', 'NeuroNER', 'deepface', 'statsmodels', 'jProcessing', 'dedupe', 'python-recsys', 'cornac', 'eurybia', 'igel', 'keras-tuner', 'backprop', 'ray', 'cltk', 'recommenders', 'sentiment-analyzer', 'evidently', 'deepchecks', 'garage', 'hebel', 'jieba', 'pyod', 'catalyst', 'pytensor', 'lambdo', 'tflearn', 'prodmodel', 'zpar', 'polyglot', 'alibi', 'scikit-learn-intelex', 'pytorch-lightning', 'bolt', 'PCV']"
394,14,MemberOf,view,1350,Weaknesses in the 2020 CWE Top 25 Most Dangerous Software Weaknesses,696,502,"['neural-style-pt', 'chainer', 'skorch', 'pybrain', 'bokeh', 'neurolab', 'autogluon', 'pytorch_geometric', 'face_recognition', 'pkuseg-python', 'open-metric-learning', 'detectron2', 'mljar-supervised', 'pyqtgraph', 'bentoml', 'caffe', 'river', 'numpy', 'FEDOT', 'opfython', 'PyTorchCV', 'pytorch-image-models', 'pebl', 'bigartm', 'lightwood', 'zipline', 'Petrel', 'mlflow', 'DrQA', 'scikit-learn', 'pytorch', 'TResNet', 'segmentation_models.pytorch', 'shapash', 'transformers', 'ColossalAI', 'joliGEN', 'simpleai', 'xgboost', 'catboost', 'maze', 'cleanlab', 'lightly', 'deeppy', 'chefboost', 'opytimizer', 'skll', 'pytorch_geometric_temporal', 'dl-translate', 'mars', 'evostra', 'pytorch-frame', 'streamlit', 'mlxtend', 'DeepPavlov', 'snownlp', 'alibi-detect', 'Sklearn-genetic-opt', 'DI-engine', 'lightning-bolts', 'DIGITS', 'rep', 'LightGBM', 'yalign', 'determined', 'miraiml', 'matplotlib', 'tensorflow', 'haystack', 'mlens', 'machine-learning', 'neuropredict', 'frouros', 'feast', 'rasa', 'loso', 'mindsdb', 'nut', 'ViZDoom', 'neuraltalk', 'sentiment_classifier', 'NeuroNER', 'deepface', 'statsmodels', 'jProcessing', 'dedupe', 'python-recsys', 'cornac', 'eurybia', 'igel', 'keras-tuner', 'backprop', 'ray', 'cltk', 'recommenders', 'sentiment-analyzer', 'evidently', 'deepchecks', 'garage', 'hebel', 'jieba', 'pyod', 'catalyst', 'pytensor', 'lambdo', 'tflearn', 'prodmodel', 'zpar', 'polyglot', 'alibi', 'scikit-learn-intelex', 'pytorch-lightning', 'bolt', 'PCV']"
395,15,MemberOf,category,1354,OWASP Top Ten 2021 Category A08:2021 - Software and Data Integrity Failures,696,502,"['neural-style-pt', 'chainer', 'skorch', 'pybrain', 'bokeh', 'neurolab', 'autogluon', 'pytorch_geometric', 'face_recognition', 'pkuseg-python', 'open-metric-learning', 'detectron2', 'mljar-supervised', 'pyqtgraph', 'bentoml', 'caffe', 'river', 'numpy', 'FEDOT', 'opfython', 'PyTorchCV', 'pytorch-image-models', 'pebl', 'bigartm', 'lightwood', 'zipline', 'Petrel', 'mlflow', 'DrQA', 'scikit-learn', 'pytorch', 'TResNet', 'segmentation_models.pytorch', 'shapash', 'transformers', 'ColossalAI', 'joliGEN', 'simpleai', 'xgboost', 'catboost', 'maze', 'cleanlab', 'lightly', 'deeppy', 'chefboost', 'opytimizer', 'skll', 'pytorch_geometric_temporal', 'dl-translate', 'mars', 'evostra', 'pytorch-frame', 'streamlit', 'mlxtend', 'DeepPavlov', 'snownlp', 'alibi-detect', 'Sklearn-genetic-opt', 'DI-engine', 'lightning-bolts', 'DIGITS', 'rep', 'LightGBM', 'yalign', 'determined', 'miraiml', 'matplotlib', 'tensorflow', 'haystack', 'mlens', 'machine-learning', 'neuropredict', 'frouros', 'feast', 'rasa', 'loso', 'mindsdb', 'nut', 'ViZDoom', 'neuraltalk', 'sentiment_classifier', 'NeuroNER', 'deepface', 'statsmodels', 'jProcessing', 'dedupe', 'python-recsys', 'cornac', 'eurybia', 'igel', 'keras-tuner', 'backprop', 'ray', 'cltk', 'recommenders', 'sentiment-analyzer', 'evidently', 'deepchecks', 'garage', 'hebel', 'jieba', 'pyod', 'catalyst', 'pytensor', 'lambdo', 'tflearn', 'prodmodel', 'zpar', 'polyglot', 'alibi', 'scikit-learn-intelex', 'pytorch-lightning', 'bolt', 'PCV']"
396,16,MemberOf,view,1387,Weaknesses in the 2022 CWE Top 25 Most Dangerous Software Weaknesses,696,502,"['neural-style-pt', 'chainer', 'skorch', 'pybrain', 'bokeh', 'neurolab', 'autogluon', 'pytorch_geometric', 'face_recognition', 'pkuseg-python', 'open-metric-learning', 'detectron2', 'mljar-supervised', 'pyqtgraph', 'bentoml', 'caffe', 'river', 'numpy', 'FEDOT', 'opfython', 'PyTorchCV', 'pytorch-image-models', 'pebl', 'bigartm', 'lightwood', 'zipline', 'Petrel', 'mlflow', 'DrQA', 'scikit-learn', 'pytorch', 'TResNet', 'segmentation_models.pytorch', 'shapash', 'transformers', 'ColossalAI', 'joliGEN', 'simpleai', 'xgboost', 'catboost', 'maze', 'cleanlab', 'lightly', 'deeppy', 'chefboost', 'opytimizer', 'skll', 'pytorch_geometric_temporal', 'dl-translate', 'mars', 'evostra', 'pytorch-frame', 'streamlit', 'mlxtend', 'DeepPavlov', 'snownlp', 'alibi-detect', 'Sklearn-genetic-opt', 'DI-engine', 'lightning-bolts', 'DIGITS', 'rep', 'LightGBM', 'yalign', 'determined', 'miraiml', 'matplotlib', 'tensorflow', 'haystack', 'mlens', 'machine-learning', 'neuropredict', 'frouros', 'feast', 'rasa', 'loso', 'mindsdb', 'nut', 'ViZDoom', 'neuraltalk', 'sentiment_classifier', 'NeuroNER', 'deepface', 'statsmodels', 'jProcessing', 'dedupe', 'python-recsys', 'cornac', 'eurybia', 'igel', 'keras-tuner', 'backprop', 'ray', 'cltk', 'recommenders', 'sentiment-analyzer', 'evidently', 'deepchecks', 'garage', 'hebel', 'jieba', 'pyod', 'catalyst', 'pytensor', 'lambdo', 'tflearn', 'prodmodel', 'zpar', 'polyglot', 'alibi', 'scikit-learn-intelex', 'pytorch-lightning', 'bolt', 'PCV']"
397,17,MemberOf,category,1415,Comprehensive Categorization: Resource Control,696,502,"['neural-style-pt', 'chainer', 'skorch', 'pybrain', 'bokeh', 'neurolab', 'autogluon', 'pytorch_geometric', 'face_recognition', 'pkuseg-python', 'open-metric-learning', 'detectron2', 'mljar-supervised', 'pyqtgraph', 'bentoml', 'caffe', 'river', 'numpy', 'FEDOT', 'opfython', 'PyTorchCV', 'pytorch-image-models', 'pebl', 'bigartm', 'lightwood', 'zipline', 'Petrel', 'mlflow', 'DrQA', 'scikit-learn', 'pytorch', 'TResNet', 'segmentation_models.pytorch', 'shapash', 'transformers', 'ColossalAI', 'joliGEN', 'simpleai', 'xgboost', 'catboost', 'maze', 'cleanlab', 'lightly', 'deeppy', 'chefboost', 'opytimizer', 'skll', 'pytorch_geometric_temporal', 'dl-translate', 'mars', 'evostra', 'pytorch-frame', 'streamlit', 'mlxtend', 'DeepPavlov', 'snownlp', 'alibi-detect', 'Sklearn-genetic-opt', 'DI-engine', 'lightning-bolts', 'DIGITS', 'rep', 'LightGBM', 'yalign', 'determined', 'miraiml', 'matplotlib', 'tensorflow', 'haystack', 'mlens', 'machine-learning', 'neuropredict', 'frouros', 'feast', 'rasa', 'loso', 'mindsdb', 'nut', 'ViZDoom', 'neuraltalk', 'sentiment_classifier', 'NeuroNER', 'deepface', 'statsmodels', 'jProcessing', 'dedupe', 'python-recsys', 'cornac', 'eurybia', 'igel', 'keras-tuner', 'backprop', 'ray', 'cltk', 'recommenders', 'sentiment-analyzer', 'evidently', 'deepchecks', 'garage', 'hebel', 'jieba', 'pyod', 'catalyst', 'pytensor', 'lambdo', 'tflearn', 'prodmodel', 'zpar', 'polyglot', 'alibi', 'scikit-learn-intelex', 'pytorch-lightning', 'bolt', 'PCV']"
398,18,MemberOf,view,1425,Weaknesses in the 2023 CWE Top 25 Most Dangerous Software Weaknesses,696,502,"['neural-style-pt', 'chainer', 'skorch', 'pybrain', 'bokeh', 'neurolab', 'autogluon', 'pytorch_geometric', 'face_recognition', 'pkuseg-python', 'open-metric-learning', 'detectron2', 'mljar-supervised', 'pyqtgraph', 'bentoml', 'caffe', 'river', 'numpy', 'FEDOT', 'opfython', 'PyTorchCV', 'pytorch-image-models', 'pebl', 'bigartm', 'lightwood', 'zipline', 'Petrel', 'mlflow', 'DrQA', 'scikit-learn', 'pytorch', 'TResNet', 'segmentation_models.pytorch', 'shapash', 'transformers', 'ColossalAI', 'joliGEN', 'simpleai', 'xgboost', 'catboost', 'maze', 'cleanlab', 'lightly', 'deeppy', 'chefboost', 'opytimizer', 'skll', 'pytorch_geometric_temporal', 'dl-translate', 'mars', 'evostra', 'pytorch-frame', 'streamlit', 'mlxtend', 'DeepPavlov', 'snownlp', 'alibi-detect', 'Sklearn-genetic-opt', 'DI-engine', 'lightning-bolts', 'DIGITS', 'rep', 'LightGBM', 'yalign', 'determined', 'miraiml', 'matplotlib', 'tensorflow', 'haystack', 'mlens', 'machine-learning', 'neuropredict', 'frouros', 'feast', 'rasa', 'loso', 'mindsdb', 'nut', 'ViZDoom', 'neuraltalk', 'sentiment_classifier', 'NeuroNER', 'deepface', 'statsmodels', 'jProcessing', 'dedupe', 'python-recsys', 'cornac', 'eurybia', 'igel', 'keras-tuner', 'backprop', 'ray', 'cltk', 'recommenders', 'sentiment-analyzer', 'evidently', 'deepchecks', 'garage', 'hebel', 'jieba', 'pyod', 'catalyst', 'pytensor', 'lambdo', 'tflearn', 'prodmodel', 'zpar', 'polyglot', 'alibi', 'scikit-learn-intelex', 'pytorch-lightning', 'bolt', 'PCV']"
399,19,MemberOf,view,1430,Weaknesses in the 2024 CWE Top 25 Most Dangerous Software Weaknesses,696,502,"['neural-style-pt', 'chainer', 'skorch', 'pybrain', 'bokeh', 'neurolab', 'autogluon', 'pytorch_geometric', 'face_recognition', 'pkuseg-python', 'open-metric-learning', 'detectron2', 'mljar-supervised', 'pyqtgraph', 'bentoml', 'caffe', 'river', 'numpy', 'FEDOT', 'opfython', 'PyTorchCV', 'pytorch-image-models', 'pebl', 'bigartm', 'lightwood', 'zipline', 'Petrel', 'mlflow', 'DrQA', 'scikit-learn', 'pytorch', 'TResNet', 'segmentation_models.pytorch', 'shapash', 'transformers', 'ColossalAI', 'joliGEN', 'simpleai', 'xgboost', 'catboost', 'maze', 'cleanlab', 'lightly', 'deeppy', 'chefboost', 'opytimizer', 'skll', 'pytorch_geometric_temporal', 'dl-translate', 'mars', 'evostra', 'pytorch-frame', 'streamlit', 'mlxtend', 'DeepPavlov', 'snownlp', 'alibi-detect', 'Sklearn-genetic-opt', 'DI-engine', 'lightning-bolts', 'DIGITS', 'rep', 'LightGBM', 'yalign', 'determined', 'miraiml', 'matplotlib', 'tensorflow', 'haystack', 'mlens', 'machine-learning', 'neuropredict', 'frouros', 'feast', 'rasa', 'loso', 'mindsdb', 'nut', 'ViZDoom', 'neuraltalk', 'sentiment_classifier', 'NeuroNER', 'deepface', 'statsmodels', 'jProcessing', 'dedupe', 'python-recsys', 'cornac', 'eurybia', 'igel', 'keras-tuner', 'backprop', 'ray', 'cltk', 'recommenders', 'sentiment-analyzer', 'evidently', 'deepchecks', 'garage', 'hebel', 'jieba', 'pyod', 'catalyst', 'pytensor', 'lambdo', 'tflearn', 'prodmodel', 'zpar', 'polyglot', 'alibi', 'scikit-learn-intelex', 'pytorch-lightning', 'bolt', 'PCV']"
400,20,MemberOf,view,1435,Weaknesses in the 2025 CWE Top 25 Most Dangerous Software Weaknesses,696,502,"['neural-style-pt', 'chainer', 'skorch', 'pybrain', 'bokeh', 'neurolab', 'autogluon', 'pytorch_geometric', 'face_recognition', 'pkuseg-python', 'open-metric-learning', 'detectron2', 'mljar-supervised', 'pyqtgraph', 'bentoml', 'caffe', 'river', 'numpy', 'FEDOT', 'opfython', 'PyTorchCV', 'pytorch-image-models', 'pebl', 'bigartm', 'lightwood', 'zipline', 'Petrel', 'mlflow', 'DrQA', 'scikit-learn', 'pytorch', 'TResNet', 'segmentation_models.pytorch', 'shapash', 'transformers', 'ColossalAI', 'joliGEN', 'simpleai', 'xgboost', 'catboost', 'maze', 'cleanlab', 'lightly', 'deeppy', 'chefboost', 'opytimizer', 'skll', 'pytorch_geometric_temporal', 'dl-translate', 'mars', 'evostra', 'pytorch-frame', 'streamlit', 'mlxtend', 'DeepPavlov', 'snownlp', 'alibi-detect', 'Sklearn-genetic-opt', 'DI-engine', 'lightning-bolts', 'DIGITS', 'rep', 'LightGBM', 'yalign', 'determined', 'miraiml', 'matplotlib', 'tensorflow', 'haystack', 'mlens', 'machine-learning', 'neuropredict', 'frouros', 'feast', 'rasa', 'loso', 'mindsdb', 'nut', 'ViZDoom', 'neuraltalk', 'sentiment_classifier', 'NeuroNER', 'deepface', 'statsmodels', 'jProcessing', 'dedupe', 'python-recsys', 'cornac', 'eurybia', 'igel', 'keras-tuner', 'backprop', 'ray', 'cltk', 'recommenders', 'sentiment-analyzer', 'evidently', 'deepchecks', 'garage', 'hebel', 'jieba', 'pyod', 'catalyst', 'pytensor', 'lambdo', 'tflearn', 'prodmodel', 'zpar', 'polyglot', 'alibi', 'scikit-learn-intelex', 'pytorch-lightning', 'bolt', 'PCV']"
401,21,MemberOf,category,1443,OWASP Top Ten 2025 Category A08:2025 - Software or Data Integrity Failures,696,502,"['neural-style-pt', 'chainer', 'skorch', 'pybrain', 'bokeh', 'neurolab', 'autogluon', 'pytorch_geometric', 'face_recognition', 'pkuseg-python', 'open-metric-learning', 'detectron2', 'mljar-supervised', 'pyqtgraph', 'bentoml', 'caffe', 'river', 'numpy', 'FEDOT', 'opfython', 'PyTorchCV', 'pytorch-image-models', 'pebl', 'bigartm', 'lightwood', 'zipline', 'Petrel', 'mlflow', 'DrQA', 'scikit-learn', 'pytorch', 'TResNet', 'segmentation_models.pytorch', 'shapash', 'transformers', 'ColossalAI', 'joliGEN', 'simpleai', 'xgboost', 'catboost', 'maze', 'cleanlab', 'lightly', 'deeppy', 'chefboost', 'opytimizer', 'skll', 'pytorch_geometric_temporal', 'dl-translate', 'mars', 'evostra', 'pytorch-frame', 'streamlit', 'mlxtend', 'DeepPavlov', 'snownlp', 'alibi-detect', 'Sklearn-genetic-opt', 'DI-engine', 'lightning-bolts', 'DIGITS', 'rep', 'LightGBM', 'yalign', 'determined', 'miraiml', 'matplotlib', 'tensorflow', 'haystack', 'mlens', 'machine-learning', 'neuropredict', 'frouros', 'feast', 'rasa', 'loso', 'mindsdb', 'nut', 'ViZDoom', 'neuraltalk', 'sentiment_classifier', 'NeuroNER', 'deepface', 'statsmodels', 'jProcessing', 'dedupe', 'python-recsys', 'cornac', 'eurybia', 'igel', 'keras-tuner', 'backprop', 'ray', 'cltk', 'recommenders', 'sentiment-analyzer', 'evidently', 'deepchecks', 'garage', 'hebel', 'jieba', 'pyod', 'catalyst', 'pytensor', 'lambdo', 'tflearn', 'prodmodel', 'zpar', 'polyglot', 'alibi', 'scikit-learn-intelex', 'pytorch-lightning', 'bolt', 'PCV']"
402,22,MemberOf,category,1447,General Software Weaknesses that Appear in Products that Use or Support AI/ML Technology,696,502,"['neural-style-pt', 'chainer', 'skorch', 'pybrain', 'bokeh', 'neurolab', 'autogluon', 'pytorch_geometric', 'face_recognition', 'pkuseg-python', 'open-metric-learning', 'detectron2', 'mljar-supervised', 'pyqtgraph', 'bentoml', 'caffe', 'river', 'numpy', 'FEDOT', 'opfython', 'PyTorchCV', 'pytorch-image-models', 'pebl', 'bigartm', 'lightwood', 'zipline', 'Petrel', 'mlflow', 'DrQA', 'scikit-learn', 'pytorch', 'TResNet', 'segmentation_models.pytorch', 'shapash', 'transformers', 'ColossalAI', 'joliGEN', 'simpleai', 'xgboost', 'catboost', 'maze', 'cleanlab', 'lightly', 'deeppy', 'chefboost', 'opytimizer', 'skll', 'pytorch_geometric_temporal', 'dl-translate', 'mars', 'evostra', 'pytorch-frame', 'streamlit', 'mlxtend', 'DeepPavlov', 'snownlp', 'alibi-detect', 'Sklearn-genetic-opt', 'DI-engine', 'lightning-bolts', 'DIGITS', 'rep', 'LightGBM', 'yalign', 'determined', 'miraiml', 'matplotlib', 'tensorflow', 'haystack', 'mlens', 'machine-learning', 'neuropredict', 'frouros', 'feast', 'rasa', 'loso', 'mindsdb', 'nut', 'ViZDoom', 'neuraltalk', 'sentiment_classifier', 'NeuroNER', 'deepface', 'statsmodels', 'jProcessing', 'dedupe', 'python-recsys', 'cornac', 'eurybia', 'igel', 'keras-tuner', 'backprop', 'ray', 'cltk', 'recommenders', 'sentiment-analyzer', 'evidently', 'deepchecks', 'garage', 'hebel', 'jieba', 'pyod', 'catalyst', 'pytensor', 'lambdo', 'tflearn', 'prodmodel', 'zpar', 'polyglot', 'alibi', 'scikit-learn-intelex', 'pytorch-lightning', 'bolt', 'PCV']"
403,23,Self,base,502,,696,502,"['neural-style-pt', 'chainer', 'skorch', 'pybrain', 'bokeh', 'neurolab', 'autogluon', 'pytorch_geometric', 'face_recognition', 'pkuseg-python', 'open-metric-learning', 'detectron2', 'mljar-supervised', 'pyqtgraph', 'bentoml', 'caffe', 'river', 'numpy', 'FEDOT', 'opfython', 'PyTorchCV', 'pytorch-image-models', 'pebl', 'bigartm', 'lightwood', 'zipline', 'Petrel', 'mlflow', 'DrQA', 'scikit-learn', 'pytorch', 'TResNet', 'segmentation_models.pytorch', 'shapash', 'transformers', 'ColossalAI', 'joliGEN', 'simpleai', 'xgboost', 'catboost', 'maze', 'cleanlab', 'lightly', 'deeppy', 'chefboost', 'opytimizer', 'skll', 'pytorch_geometric_temporal', 'dl-translate', 'mars', 'evostra', 'pytorch-frame', 'streamlit', 'mlxtend', 'DeepPavlov', 'snownlp', 'alibi-detect', 'Sklearn-genetic-opt', 'DI-engine', 'lightning-bolts', 'DIGITS', 'rep', 'LightGBM', 'yalign', 'determined', 'miraiml', 'matplotlib', 'tensorflow', 'haystack', 'mlens', 'machine-learning', 'neuropredict', 'frouros', 'feast', 'rasa', 'loso', 'mindsdb', 'nut', 'ViZDoom', 'neuraltalk', 'sentiment_classifier', 'NeuroNER', 'deepface', 'statsmodels', 'jProcessing', 'dedupe', 'python-recsys', 'cornac', 'eurybia', 'igel', 'keras-tuner', 'backprop', 'ray', 'cltk', 'recommenders', 'sentiment-analyzer', 'evidently', 'deepchecks', 'garage', 'hebel', 'jieba', 'pyod', 'catalyst', 'pytensor', 'lambdo', 'tflearn', 'prodmodel', 'zpar', 'polyglot', 'alibi', 'scikit-learn-intelex', 'pytorch-lightning', 'bolt', 'PCV']"
404,0,ChildOf,class,441,Unintended Proxy or Intermediary ('Confused Deputy'),81,918,"['danswerai', 'DIGITS', 'rep', 'open-webui', 'determined', 'deepface', 'upgini', 'matplotlib', 'langflow', 'keras-tuner', 'numpy', 'lightly', 'machine-learning', 'ray', 'mlflow', 'tflearn', 'pytorch-frame', 'streamlit', 'rasa', 'cortex', 'scikit-image', 'DeepPavlov', 'mindsdb', 'gradio', 'transformers', 'ColossalAI']"
405,1,MemberOf,category,417,Communication Channel Errors,81,918,"['danswerai', 'DIGITS', 'rep', 'open-webui', 'determined', 'deepface', 'upgini', 'matplotlib', 'langflow', 'keras-tuner', 'numpy', 'lightly', 'machine-learning', 'ray', 'mlflow', 'tflearn', 'pytorch-frame', 'streamlit', 'rasa', 'cortex', 'scikit-image', 'DeepPavlov', 'mindsdb', 'gradio', 'transformers', 'ColossalAI']"
406,2,ChildOf,class,610,Externally Controlled Reference to a Resource in Another Sphere,81,918,"['danswerai', 'DIGITS', 'rep', 'open-webui', 'determined', 'deepface', 'upgini', 'matplotlib', 'langflow', 'keras-tuner', 'numpy', 'lightly', 'machine-learning', 'ray', 'mlflow', 'tflearn', 'pytorch-frame', 'streamlit', 'rasa', 'cortex', 'scikit-image', 'DeepPavlov', 'mindsdb', 'gradio', 'transformers', 'ColossalAI']"
407,3,MemberOf,view,1337,Weaknesses in the 2021 CWE Top 25 Most Dangerous Software Weaknesses,81,918,"['danswerai', 'DIGITS', 'rep', 'open-webui', 'determined', 'deepface', 'upgini', 'matplotlib', 'langflow', 'keras-tuner', 'numpy', 'lightly', 'machine-learning', 'ray', 'mlflow', 'tflearn', 'pytorch-frame', 'streamlit', 'rasa', 'cortex', 'scikit-image', 'DeepPavlov', 'mindsdb', 'gradio', 'transformers', 'ColossalAI']"
408,4,MemberOf,category,1356,OWASP Top Ten 2021 Category A10:2021 - Server-Side Request Forgery (SSRF),81,918,"['danswerai', 'DIGITS', 'rep', 'open-webui', 'determined', 'deepface', 'upgini', 'matplotlib', 'langflow', 'keras-tuner', 'numpy', 'lightly', 'machine-learning', 'ray', 'mlflow', 'tflearn', 'pytorch-frame', 'streamlit', 'rasa', 'cortex', 'scikit-image', 'DeepPavlov', 'mindsdb', 'gradio', 'transformers', 'ColossalAI']"
409,5,MemberOf,view,1387,Weaknesses in the 2022 CWE Top 25 Most Dangerous Software Weaknesses,81,918,"['danswerai', 'DIGITS', 'rep', 'open-webui', 'determined', 'deepface', 'upgini', 'matplotlib', 'langflow', 'keras-tuner', 'numpy', 'lightly', 'machine-learning', 'ray', 'mlflow', 'tflearn', 'pytorch-frame', 'streamlit', 'rasa', 'cortex', 'scikit-image', 'DeepPavlov', 'mindsdb', 'gradio', 'transformers', 'ColossalAI']"
410,6,MemberOf,category,1396,Comprehensive Categorization: Access Control,81,918,"['danswerai', 'DIGITS', 'rep', 'open-webui', 'determined', 'deepface', 'upgini', 'matplotlib', 'langflow', 'keras-tuner', 'numpy', 'lightly', 'machine-learning', 'ray', 'mlflow', 'tflearn', 'pytorch-frame', 'streamlit', 'rasa', 'cortex', 'scikit-image', 'DeepPavlov', 'mindsdb', 'gradio', 'transformers', 'ColossalAI']"
411,7,MemberOf,view,1425,Weaknesses in the 2023 CWE Top 25 Most Dangerous Software Weaknesses,81,918,"['danswerai', 'DIGITS', 'rep', 'open-webui', 'determined', 'deepface', 'upgini', 'matplotlib', 'langflow', 'keras-tuner', 'numpy', 'lightly', 'machine-learning', 'ray', 'mlflow', 'tflearn', 'pytorch-frame', 'streamlit', 'rasa', 'cortex', 'scikit-image', 'DeepPavlov', 'mindsdb', 'gradio', 'transformers', 'ColossalAI']"
412,8,MemberOf,view,1430,Weaknesses in the 2024 CWE Top 25 Most Dangerous Software Weaknesses,81,918,"['danswerai', 'DIGITS', 'rep', 'open-webui', 'determined', 'deepface', 'upgini', 'matplotlib', 'langflow', 'keras-tuner', 'numpy', 'lightly', 'machine-learning', 'ray', 'mlflow', 'tflearn', 'pytorch-frame', 'streamlit', 'rasa', 'cortex', 'scikit-image', 'DeepPavlov', 'mindsdb', 'gradio', 'transformers', 'ColossalAI']"
413,9,MemberOf,view,1435,Weaknesses in the 2025 CWE Top 25 Most Dangerous Software Weaknesses,81,918,"['danswerai', 'DIGITS', 'rep', 'open-webui', 'determined', 'deepface', 'upgini', 'matplotlib', 'langflow', 'keras-tuner', 'numpy', 'lightly', 'machine-learning', 'ray', 'mlflow', 'tflearn', 'pytorch-frame', 'streamlit', 'rasa', 'cortex', 'scikit-image', 'DeepPavlov', 'mindsdb', 'gradio', 'transformers', 'ColossalAI']"
414,10,MemberOf,category,1436,OWASP Top Ten 2025 Category A01:2025 - Broken Access Control,81,918,"['danswerai', 'DIGITS', 'rep', 'open-webui', 'determined', 'deepface', 'upgini', 'matplotlib', 'langflow', 'keras-tuner', 'numpy', 'lightly', 'machine-learning', 'ray', 'mlflow', 'tflearn', 'pytorch-frame', 'streamlit', 'rasa', 'cortex', 'scikit-image', 'DeepPavlov', 'mindsdb', 'gradio', 'transformers', 'ColossalAI']"
415,11,MemberOf,category,1447,General Software Weaknesses that Appear in Products that Use or Support AI/ML Technology,81,918,"['danswerai', 'DIGITS', 'rep', 'open-webui', 'determined', 'deepface', 'upgini', 'matplotlib', 'langflow', 'keras-tuner', 'numpy', 'lightly', 'machine-learning', 'ray', 'mlflow', 'tflearn', 'pytorch-frame', 'streamlit', 'rasa', 'cortex', 'scikit-image', 'DeepPavlov', 'mindsdb', 'gradio', 'transformers', 'ColossalAI']"
416,12,Self,base,918,,81,918,"['danswerai', 'DIGITS', 'rep', 'open-webui', 'determined', 'deepface', 'upgini', 'matplotlib', 'langflow', 'keras-tuner', 'numpy', 'lightly', 'machine-learning', 'ray', 'mlflow', 'tflearn', 'pytorch-frame', 'streamlit', 'rasa', 'cortex', 'scikit-image', 'DeepPavlov', 'mindsdb', 'gradio', 'transformers', 'ColossalAI']"
417,0,ChildOf,pillar,707,Improper Neutralization,3,20,"['danswerai', 'DIGITS', 'open-webui', 'fastapi', 'bokeh', 'nalp', 'spammy', 'ViZDoom', 'langflow', 'PySyft', 'numpy', 'lightly', 'retro', 'ray', 'pydantic', 'pytensor', 'mlflow', 'pytorch', 'streamlit', 'feast', 'rasa', 'mindsdb', 'superset', 'gradio', 'transformers', 'pattern', 'AutoViz', 'Auto_ViML']"
418,1,ParentOf,base,179,Incorrect Behavior Order: Early Validation,3,20,"['danswerai', 'DIGITS', 'open-webui', 'fastapi', 'bokeh', 'nalp', 'spammy', 'ViZDoom', 'langflow', 'PySyft', 'numpy', 'lightly', 'retro', 'ray', 'pydantic', 'pytensor', 'mlflow', 'pytorch', 'streamlit', 'feast', 'rasa', 'mindsdb', 'superset', 'gradio', 'transformers', 'pattern', 'AutoViz', 'Auto_ViML']"
419,2,ParentOf,variant,622,Improper Validation of Function Hook Arguments,3,20,"['danswerai', 'DIGITS', 'open-webui', 'fastapi', 'bokeh', 'nalp', 'spammy', 'ViZDoom', 'langflow', 'PySyft', 'numpy', 'lightly', 'retro', 'ray', 'pydantic', 'pytensor', 'mlflow', 'pytorch', 'streamlit', 'feast', 'rasa', 'mindsdb', 'superset', 'gradio', 'transformers', 'pattern', 'AutoViz', 'Auto_ViML']"
420,3,ParentOf,base,1173,Improper Use of Validation Framework,3,20,"['danswerai', 'DIGITS', 'open-webui', 'fastapi', 'bokeh', 'nalp', 'spammy', 'ViZDoom', 'langflow', 'PySyft', 'numpy', 'lightly', 'retro', 'ray', 'pydantic', 'pytensor', 'mlflow', 'pytorch', 'streamlit', 'feast', 'rasa', 'mindsdb', 'superset', 'gradio', 'transformers', 'pattern', 'AutoViz', 'Auto_ViML']"
421,4,ParentOf,base,1284,Improper Validation of Specified Quantity in Input,3,20,"['danswerai', 'DIGITS', 'open-webui', 'fastapi', 'bokeh', 'nalp', 'spammy', 'ViZDoom', 'langflow', 'PySyft', 'numpy', 'lightly', 'retro', 'ray', 'pydantic', 'pytensor', 'mlflow', 'pytorch', 'streamlit', 'feast', 'rasa', 'mindsdb', 'superset', 'gradio', 'transformers', 'pattern', 'AutoViz', 'Auto_ViML']"
422,5,ParentOf,base,1285,"Improper Validation of Specified Index, Position, or Offset in Input",3,20,"['danswerai', 'DIGITS', 'open-webui', 'fastapi', 'bokeh', 'nalp', 'spammy', 'ViZDoom', 'langflow', 'PySyft', 'numpy', 'lightly', 'retro', 'ray', 'pydantic', 'pytensor', 'mlflow', 'pytorch', 'streamlit', 'feast', 'rasa', 'mindsdb', 'superset', 'gradio', 'transformers', 'pattern', 'AutoViz', 'Auto_ViML']"
423,6,ParentOf,base,1286,Improper Validation of Syntactic Correctness of Input,3,20,"['danswerai', 'DIGITS', 'open-webui', 'fastapi', 'bokeh', 'nalp', 'spammy', 'ViZDoom', 'langflow', 'PySyft', 'numpy', 'lightly', 'retro', 'ray', 'pydantic', 'pytensor', 'mlflow', 'pytorch', 'streamlit', 'feast', 'rasa', 'mindsdb', 'superset', 'gradio', 'transformers', 'pattern', 'AutoViz', 'Auto_ViML']"
424,7,ParentOf,base,1287,Improper Validation of Specified Type of Input,3,20,"['danswerai', 'DIGITS', 'open-webui', 'fastapi', 'bokeh', 'nalp', 'spammy', 'ViZDoom', 'langflow', 'PySyft', 'numpy', 'lightly', 'retro', 'ray', 'pydantic', 'pytensor', 'mlflow', 'pytorch', 'streamlit', 'feast', 'rasa', 'mindsdb', 'superset', 'gradio', 'transformers', 'pattern', 'AutoViz', 'Auto_ViML']"
425,8,ParentOf,base,1288,Improper Validation of Consistency within Input,3,20,"['danswerai', 'DIGITS', 'open-webui', 'fastapi', 'bokeh', 'nalp', 'spammy', 'ViZDoom', 'langflow', 'PySyft', 'numpy', 'lightly', 'retro', 'ray', 'pydantic', 'pytensor', 'mlflow', 'pytorch', 'streamlit', 'feast', 'rasa', 'mindsdb', 'superset', 'gradio', 'transformers', 'pattern', 'AutoViz', 'Auto_ViML']"
426,9,ParentOf,base,1289,Improper Validation of Unsafe Equivalence in Input,3,20,"['danswerai', 'DIGITS', 'open-webui', 'fastapi', 'bokeh', 'nalp', 'spammy', 'ViZDoom', 'langflow', 'PySyft', 'numpy', 'lightly', 'retro', 'ray', 'pydantic', 'pytensor', 'mlflow', 'pytorch', 'streamlit', 'feast', 'rasa', 'mindsdb', 'superset', 'gradio', 'transformers', 'pattern', 'AutoViz', 'Auto_ViML']"
427,10,PeerOf,class,345,Insufficient Verification of Data Authenticity,3,20,"['danswerai', 'DIGITS', 'open-webui', 'fastapi', 'bokeh', 'nalp', 'spammy', 'ViZDoom', 'langflow', 'PySyft', 'numpy', 'lightly', 'retro', 'ray', 'pydantic', 'pytensor', 'mlflow', 'pytorch', 'streamlit', 'feast', 'rasa', 'mindsdb', 'superset', 'gradio', 'transformers', 'pattern', 'AutoViz', 'Auto_ViML']"
428,11,CanPrecede,base,22,Improper Limitation of a Pathname to a Restricted Directory ('Path Traversal'),3,20,"['danswerai', 'DIGITS', 'open-webui', 'fastapi', 'bokeh', 'nalp', 'spammy', 'ViZDoom', 'langflow', 'PySyft', 'numpy', 'lightly', 'retro', 'ray', 'pydantic', 'pytensor', 'mlflow', 'pytorch', 'streamlit', 'feast', 'rasa', 'mindsdb', 'superset', 'gradio', 'transformers', 'pattern', 'AutoViz', 'Auto_ViML']"
429,12,CanPrecede,base,41,Improper Resolution of Path Equivalence,3,20,"['danswerai', 'DIGITS', 'open-webui', 'fastapi', 'bokeh', 'nalp', 'spammy', 'ViZDoom', 'langflow', 'PySyft', 'numpy', 'lightly', 'retro', 'ray', 'pydantic', 'pytensor', 'mlflow', 'pytorch', 'streamlit', 'feast', 'rasa', 'mindsdb', 'superset', 'gradio', 'transformers', 'pattern', 'AutoViz', 'Auto_ViML']"
430,13,CanPrecede,class,74,Improper Neutralization of Special Elements in Output Used by a Downstream Component ('Injection'),3,20,"['danswerai', 'DIGITS', 'open-webui', 'fastapi', 'bokeh', 'nalp', 'spammy', 'ViZDoom', 'langflow', 'PySyft', 'numpy', 'lightly', 'retro', 'ray', 'pydantic', 'pytensor', 'mlflow', 'pytorch', 'streamlit', 'feast', 'rasa', 'mindsdb', 'superset', 'gradio', 'transformers', 'pattern', 'AutoViz', 'Auto_ViML']"
431,14,CanPrecede,class,119,Improper Restriction of Operations within the Bounds of a Memory Buffer,3,20,"['danswerai', 'DIGITS', 'open-webui', 'fastapi', 'bokeh', 'nalp', 'spammy', 'ViZDoom', 'langflow', 'PySyft', 'numpy', 'lightly', 'retro', 'ray', 'pydantic', 'pytensor', 'mlflow', 'pytorch', 'streamlit', 'feast', 'rasa', 'mindsdb', 'superset', 'gradio', 'transformers', 'pattern', 'AutoViz', 'Auto_ViML']"
432,15,CanPrecede,base,770,Allocation of Resources Without Limits or Throttling,3,20,"['danswerai', 'DIGITS', 'open-webui', 'fastapi', 'bokeh', 'nalp', 'spammy', 'ViZDoom', 'langflow', 'PySyft', 'numpy', 'lightly', 'retro', 'ray', 'pydantic', 'pytensor', 'mlflow', 'pytorch', 'streamlit', 'feast', 'rasa', 'mindsdb', 'superset', 'gradio', 'transformers', 'pattern', 'AutoViz', 'Auto_ViML']"
433,16,MemberOf,view,1003,Weaknesses for Simplified Mapping of Published Vulnerabilities,3,20,"['danswerai', 'DIGITS', 'open-webui', 'fastapi', 'bokeh', 'nalp', 'spammy', 'ViZDoom', 'langflow', 'PySyft', 'numpy', 'lightly', 'retro', 'ray', 'pydantic', 'pytensor', 'mlflow', 'pytorch', 'streamlit', 'feast', 'rasa', 'mindsdb', 'superset', 'gradio', 'transformers', 'pattern', 'AutoViz', 'Auto_ViML']"
434,17,ParentOf,variant,129,Improper Validation of Array Index,3,20,"['danswerai', 'DIGITS', 'open-webui', 'fastapi', 'bokeh', 'nalp', 'spammy', 'ViZDoom', 'langflow', 'PySyft', 'numpy', 'lightly', 'retro', 'ray', 'pydantic', 'pytensor', 'mlflow', 'pytorch', 'streamlit', 'feast', 'rasa', 'mindsdb', 'superset', 'gradio', 'transformers', 'pattern', 'AutoViz', 'Auto_ViML']"
435,18,ParentOf,base,1284,Improper Validation of Specified Quantity in Input,3,20,"['danswerai', 'DIGITS', 'open-webui', 'fastapi', 'bokeh', 'nalp', 'spammy', 'ViZDoom', 'langflow', 'PySyft', 'numpy', 'lightly', 'retro', 'ray', 'pydantic', 'pytensor', 'mlflow', 'pytorch', 'streamlit', 'feast', 'rasa', 'mindsdb', 'superset', 'gradio', 'transformers', 'pattern', 'AutoViz', 'Auto_ViML']"
436,19,MemberOf,category,1019,Validate Inputs,3,20,"['danswerai', 'DIGITS', 'open-webui', 'fastapi', 'bokeh', 'nalp', 'spammy', 'ViZDoom', 'langflow', 'PySyft', 'numpy', 'lightly', 'retro', 'ray', 'pydantic', 'pytensor', 'mlflow', 'pytorch', 'streamlit', 'feast', 'rasa', 'mindsdb', 'superset', 'gradio', 'transformers', 'pattern', 'AutoViz', 'Auto_ViML']"
437,20,ParentOf,base,15,External Control of System or Configuration Setting,3,20,"['danswerai', 'DIGITS', 'open-webui', 'fastapi', 'bokeh', 'nalp', 'spammy', 'ViZDoom', 'langflow', 'PySyft', 'numpy', 'lightly', 'retro', 'ray', 'pydantic', 'pytensor', 'mlflow', 'pytorch', 'streamlit', 'feast', 'rasa', 'mindsdb', 'superset', 'gradio', 'transformers', 'pattern', 'AutoViz', 'Auto_ViML']"
438,21,ParentOf,base,73,External Control of File Name or Path,3,20,"['danswerai', 'DIGITS', 'open-webui', 'fastapi', 'bokeh', 'nalp', 'spammy', 'ViZDoom', 'langflow', 'PySyft', 'numpy', 'lightly', 'retro', 'ray', 'pydantic', 'pytensor', 'mlflow', 'pytorch', 'streamlit', 'feast', 'rasa', 'mindsdb', 'superset', 'gradio', 'transformers', 'pattern', 'AutoViz', 'Auto_ViML']"
439,22,ParentOf,variant,102,Struts: Duplicate Validation Forms,3,20,"['danswerai', 'DIGITS', 'open-webui', 'fastapi', 'bokeh', 'nalp', 'spammy', 'ViZDoom', 'langflow', 'PySyft', 'numpy', 'lightly', 'retro', 'ray', 'pydantic', 'pytensor', 'mlflow', 'pytorch', 'streamlit', 'feast', 'rasa', 'mindsdb', 'superset', 'gradio', 'transformers', 'pattern', 'AutoViz', 'Auto_ViML']"
440,23,ParentOf,variant,103,Struts: Incomplete validate() Method Definition,3,20,"['danswerai', 'DIGITS', 'open-webui', 'fastapi', 'bokeh', 'nalp', 'spammy', 'ViZDoom', 'langflow', 'PySyft', 'numpy', 'lightly', 'retro', 'ray', 'pydantic', 'pytensor', 'mlflow', 'pytorch', 'streamlit', 'feast', 'rasa', 'mindsdb', 'superset', 'gradio', 'transformers', 'pattern', 'AutoViz', 'Auto_ViML']"
441,24,ParentOf,variant,104,Struts: Form Bean Does Not Extend Validation Class,3,20,"['danswerai', 'DIGITS', 'open-webui', 'fastapi', 'bokeh', 'nalp', 'spammy', 'ViZDoom', 'langflow', 'PySyft', 'numpy', 'lightly', 'retro', 'ray', 'pydantic', 'pytensor', 'mlflow', 'pytorch', 'streamlit', 'feast', 'rasa', 'mindsdb', 'superset', 'gradio', 'transformers', 'pattern', 'AutoViz', 'Auto_ViML']"
442,25,ParentOf,variant,105,Struts: Form Field Without Validator,3,20,"['danswerai', 'DIGITS', 'open-webui', 'fastapi', 'bokeh', 'nalp', 'spammy', 'ViZDoom', 'langflow', 'PySyft', 'numpy', 'lightly', 'retro', 'ray', 'pydantic', 'pytensor', 'mlflow', 'pytorch', 'streamlit', 'feast', 'rasa', 'mindsdb', 'superset', 'gradio', 'transformers', 'pattern', 'AutoViz', 'Auto_ViML']"
443,26,ParentOf,variant,106,Struts: Plug-in Framework not in Use,3,20,"['danswerai', 'DIGITS', 'open-webui', 'fastapi', 'bokeh', 'nalp', 'spammy', 'ViZDoom', 'langflow', 'PySyft', 'numpy', 'lightly', 'retro', 'ray', 'pydantic', 'pytensor', 'mlflow', 'pytorch', 'streamlit', 'feast', 'rasa', 'mindsdb', 'superset', 'gradio', 'transformers', 'pattern', 'AutoViz', 'Auto_ViML']"
444,27,ParentOf,variant,107,Struts: Unused Validation Form,3,20,"['danswerai', 'DIGITS', 'open-webui', 'fastapi', 'bokeh', 'nalp', 'spammy', 'ViZDoom', 'langflow', 'PySyft', 'numpy', 'lightly', 'retro', 'ray', 'pydantic', 'pytensor', 'mlflow', 'pytorch', 'streamlit', 'feast', 'rasa', 'mindsdb', 'superset', 'gradio', 'transformers', 'pattern', 'AutoViz', 'Auto_ViML']"
445,28,ParentOf,variant,108,Struts: Unvalidated Action Form,3,20,"['danswerai', 'DIGITS', 'open-webui', 'fastapi', 'bokeh', 'nalp', 'spammy', 'ViZDoom', 'langflow', 'PySyft', 'numpy', 'lightly', 'retro', 'ray', 'pydantic', 'pytensor', 'mlflow', 'pytorch', 'streamlit', 'feast', 'rasa', 'mindsdb', 'superset', 'gradio', 'transformers', 'pattern', 'AutoViz', 'Auto_ViML']"
446,29,ParentOf,variant,109,Struts: Validator Turned Off,3,20,"['danswerai', 'DIGITS', 'open-webui', 'fastapi', 'bokeh', 'nalp', 'spammy', 'ViZDoom', 'langflow', 'PySyft', 'numpy', 'lightly', 'retro', 'ray', 'pydantic', 'pytensor', 'mlflow', 'pytorch', 'streamlit', 'feast', 'rasa', 'mindsdb', 'superset', 'gradio', 'transformers', 'pattern', 'AutoViz', 'Auto_ViML']"
447,30,ParentOf,variant,110,Struts: Validator Without Form Field,3,20,"['danswerai', 'DIGITS', 'open-webui', 'fastapi', 'bokeh', 'nalp', 'spammy', 'ViZDoom', 'langflow', 'PySyft', 'numpy', 'lightly', 'retro', 'ray', 'pydantic', 'pytensor', 'mlflow', 'pytorch', 'streamlit', 'feast', 'rasa', 'mindsdb', 'superset', 'gradio', 'transformers', 'pattern', 'AutoViz', 'Auto_ViML']"
448,31,ParentOf,variant,111,Direct Use of Unsafe JNI,3,20,"['danswerai', 'DIGITS', 'open-webui', 'fastapi', 'bokeh', 'nalp', 'spammy', 'ViZDoom', 'langflow', 'PySyft', 'numpy', 'lightly', 'retro', 'ray', 'pydantic', 'pytensor', 'mlflow', 'pytorch', 'streamlit', 'feast', 'rasa', 'mindsdb', 'superset', 'gradio', 'transformers', 'pattern', 'AutoViz', 'Auto_ViML']"
449,32,ParentOf,base,112,Missing XML Validation,3,20,"['danswerai', 'DIGITS', 'open-webui', 'fastapi', 'bokeh', 'nalp', 'spammy', 'ViZDoom', 'langflow', 'PySyft', 'numpy', 'lightly', 'retro', 'ray', 'pydantic', 'pytensor', 'mlflow', 'pytorch', 'streamlit', 'feast', 'rasa', 'mindsdb', 'superset', 'gradio', 'transformers', 'pattern', 'AutoViz', 'Auto_ViML']"
450,33,ParentOf,variant,113,Improper Neutralization of CRLF Sequences in HTTP Headers ('HTTP Request/Response Splitting'),3,20,"['danswerai', 'DIGITS', 'open-webui', 'fastapi', 'bokeh', 'nalp', 'spammy', 'ViZDoom', 'langflow', 'PySyft', 'numpy', 'lightly', 'retro', 'ray', 'pydantic', 'pytensor', 'mlflow', 'pytorch', 'streamlit', 'feast', 'rasa', 'mindsdb', 'superset', 'gradio', 'transformers', 'pattern', 'AutoViz', 'Auto_ViML']"
451,34,ParentOf,class,114,Process Control,3,20,"['danswerai', 'DIGITS', 'open-webui', 'fastapi', 'bokeh', 'nalp', 'spammy', 'ViZDoom', 'langflow', 'PySyft', 'numpy', 'lightly', 'retro', 'ray', 'pydantic', 'pytensor', 'mlflow', 'pytorch', 'streamlit', 'feast', 'rasa', 'mindsdb', 'superset', 'gradio', 'transformers', 'pattern', 'AutoViz', 'Auto_ViML']"
452,35,ParentOf,base,117,Improper Output Neutralization for Logs,3,20,"['danswerai', 'DIGITS', 'open-webui', 'fastapi', 'bokeh', 'nalp', 'spammy', 'ViZDoom', 'langflow', 'PySyft', 'numpy', 'lightly', 'retro', 'ray', 'pydantic', 'pytensor', 'mlflow', 'pytorch', 'streamlit', 'feast', 'rasa', 'mindsdb', 'superset', 'gradio', 'transformers', 'pattern', 'AutoViz', 'Auto_ViML']"
453,36,ParentOf,class,119,Improper Restriction of Operations within the Bounds of a Memory Buffer,3,20,"['danswerai', 'DIGITS', 'open-webui', 'fastapi', 'bokeh', 'nalp', 'spammy', 'ViZDoom', 'langflow', 'PySyft', 'numpy', 'lightly', 'retro', 'ray', 'pydantic', 'pytensor', 'mlflow', 'pytorch', 'streamlit', 'feast', 'rasa', 'mindsdb', 'superset', 'gradio', 'transformers', 'pattern', 'AutoViz', 'Auto_ViML']"
454,37,ParentOf,base,120,Buffer Copy without Checking Size of Input ('Classic Buffer Overflow'),3,20,"['danswerai', 'DIGITS', 'open-webui', 'fastapi', 'bokeh', 'nalp', 'spammy', 'ViZDoom', 'langflow', 'PySyft', 'numpy', 'lightly', 'retro', 'ray', 'pydantic', 'pytensor', 'mlflow', 'pytorch', 'streamlit', 'feast', 'rasa', 'mindsdb', 'superset', 'gradio', 'transformers', 'pattern', 'AutoViz', 'Auto_ViML']"
455,38,ParentOf,base,134,Use of Externally-Controlled Format String,3,20,"['danswerai', 'DIGITS', 'open-webui', 'fastapi', 'bokeh', 'nalp', 'spammy', 'ViZDoom', 'langflow', 'PySyft', 'numpy', 'lightly', 'retro', 'ray', 'pydantic', 'pytensor', 'mlflow', 'pytorch', 'streamlit', 'feast', 'rasa', 'mindsdb', 'superset', 'gradio', 'transformers', 'pattern', 'AutoViz', 'Auto_ViML']"
456,39,ParentOf,base,170,Improper Null Termination,3,20,"['danswerai', 'DIGITS', 'open-webui', 'fastapi', 'bokeh', 'nalp', 'spammy', 'ViZDoom', 'langflow', 'PySyft', 'numpy', 'lightly', 'retro', 'ray', 'pydantic', 'pytensor', 'mlflow', 'pytorch', 'streamlit', 'feast', 'rasa', 'mindsdb', 'superset', 'gradio', 'transformers', 'pattern', 'AutoViz', 'Auto_ViML']"
457,40,ParentOf,base,190,Integer Overflow or Wraparound,3,20,"['danswerai', 'DIGITS', 'open-webui', 'fastapi', 'bokeh', 'nalp', 'spammy', 'ViZDoom', 'langflow', 'PySyft', 'numpy', 'lightly', 'retro', 'ray', 'pydantic', 'pytensor', 'mlflow', 'pytorch', 'streamlit', 'feast', 'rasa', 'mindsdb', 'superset', 'gradio', 'transformers', 'pattern', 'AutoViz', 'Auto_ViML']"
458,41,ParentOf,base,466,Return of Pointer Value Outside of Expected Range,3,20,"['danswerai', 'DIGITS', 'open-webui', 'fastapi', 'bokeh', 'nalp', 'spammy', 'ViZDoom', 'langflow', 'PySyft', 'numpy', 'lightly', 'retro', 'ray', 'pydantic', 'pytensor', 'mlflow', 'pytorch', 'streamlit', 'feast', 'rasa', 'mindsdb', 'superset', 'gradio', 'transformers', 'pattern', 'AutoViz', 'Auto_ViML']"
459,42,ParentOf,base,470,Use of Externally-Controlled Input to Select Classes or Code ('Unsafe Reflection'),3,20,"['danswerai', 'DIGITS', 'open-webui', 'fastapi', 'bokeh', 'nalp', 'spammy', 'ViZDoom', 'langflow', 'PySyft', 'numpy', 'lightly', 'retro', 'ray', 'pydantic', 'pytensor', 'mlflow', 'pytorch', 'streamlit', 'feast', 'rasa', 'mindsdb', 'superset', 'gradio', 'transformers', 'pattern', 'AutoViz', 'Auto_ViML']"
460,43,ParentOf,variant,785,Use of Path Manipulation Function without Maximum-sized Buffer,3,20,"['danswerai', 'DIGITS', 'open-webui', 'fastapi', 'bokeh', 'nalp', 'spammy', 'ViZDoom', 'langflow', 'PySyft', 'numpy', 'lightly', 'retro', 'ray', 'pydantic', 'pytensor', 'mlflow', 'pytorch', 'streamlit', 'feast', 'rasa', 'mindsdb', 'superset', 'gradio', 'transformers', 'pattern', 'AutoViz', 'Auto_ViML']"
461,44,MemberOf,view,635,Weaknesses Originally Used by NVD from 2008 to 2016,3,20,"['danswerai', 'DIGITS', 'open-webui', 'fastapi', 'bokeh', 'nalp', 'spammy', 'ViZDoom', 'langflow', 'PySyft', 'numpy', 'lightly', 'retro', 'ray', 'pydantic', 'pytensor', 'mlflow', 'pytorch', 'streamlit', 'feast', 'rasa', 'mindsdb', 'superset', 'gradio', 'transformers', 'pattern', 'AutoViz', 'Auto_ViML']"
462,45,MemberOf,category,722,OWASP Top Ten 2004 Category A1 - Unvalidated Input,3,20,"['danswerai', 'DIGITS', 'open-webui', 'fastapi', 'bokeh', 'nalp', 'spammy', 'ViZDoom', 'langflow', 'PySyft', 'numpy', 'lightly', 'retro', 'ray', 'pydantic', 'pytensor', 'mlflow', 'pytorch', 'streamlit', 'feast', 'rasa', 'mindsdb', 'superset', 'gradio', 'transformers', 'pattern', 'AutoViz', 'Auto_ViML']"
463,46,MemberOf,category,738,CERT C Secure Coding Standard (2008) Chapter 5 - Integers (INT),3,20,"['danswerai', 'DIGITS', 'open-webui', 'fastapi', 'bokeh', 'nalp', 'spammy', 'ViZDoom', 'langflow', 'PySyft', 'numpy', 'lightly', 'retro', 'ray', 'pydantic', 'pytensor', 'mlflow', 'pytorch', 'streamlit', 'feast', 'rasa', 'mindsdb', 'superset', 'gradio', 'transformers', 'pattern', 'AutoViz', 'Auto_ViML']"
464,47,MemberOf,category,742,CERT C Secure Coding Standard (2008) Chapter 9 - Memory Management (MEM),3,20,"['danswerai', 'DIGITS', 'open-webui', 'fastapi', 'bokeh', 'nalp', 'spammy', 'ViZDoom', 'langflow', 'PySyft', 'numpy', 'lightly', 'retro', 'ray', 'pydantic', 'pytensor', 'mlflow', 'pytorch', 'streamlit', 'feast', 'rasa', 'mindsdb', 'superset', 'gradio', 'transformers', 'pattern', 'AutoViz', 'Auto_ViML']"
465,48,MemberOf,category,746,CERT C Secure Coding Standard (2008) Chapter 13 - Error Handling (ERR),3,20,"['danswerai', 'DIGITS', 'open-webui', 'fastapi', 'bokeh', 'nalp', 'spammy', 'ViZDoom', 'langflow', 'PySyft', 'numpy', 'lightly', 'retro', 'ray', 'pydantic', 'pytensor', 'mlflow', 'pytorch', 'streamlit', 'feast', 'rasa', 'mindsdb', 'superset', 'gradio', 'transformers', 'pattern', 'AutoViz', 'Auto_ViML']"
466,49,MemberOf,category,747,CERT C Secure Coding Standard (2008) Chapter 14 - Miscellaneous (MSC),3,20,"['danswerai', 'DIGITS', 'open-webui', 'fastapi', 'bokeh', 'nalp', 'spammy', 'ViZDoom', 'langflow', 'PySyft', 'numpy', 'lightly', 'retro', 'ray', 'pydantic', 'pytensor', 'mlflow', 'pytorch', 'streamlit', 'feast', 'rasa', 'mindsdb', 'superset', 'gradio', 'transformers', 'pattern', 'AutoViz', 'Auto_ViML']"
467,50,MemberOf,category,751,2009 Top 25 - Insecure Interaction Between Components,3,20,"['danswerai', 'DIGITS', 'open-webui', 'fastapi', 'bokeh', 'nalp', 'spammy', 'ViZDoom', 'langflow', 'PySyft', 'numpy', 'lightly', 'retro', 'ray', 'pydantic', 'pytensor', 'mlflow', 'pytorch', 'streamlit', 'feast', 'rasa', 'mindsdb', 'superset', 'gradio', 'transformers', 'pattern', 'AutoViz', 'Auto_ViML']"
468,51,MemberOf,category,872,CERT C++ Secure Coding Section 04 - Integers (INT),3,20,"['danswerai', 'DIGITS', 'open-webui', 'fastapi', 'bokeh', 'nalp', 'spammy', 'ViZDoom', 'langflow', 'PySyft', 'numpy', 'lightly', 'retro', 'ray', 'pydantic', 'pytensor', 'mlflow', 'pytorch', 'streamlit', 'feast', 'rasa', 'mindsdb', 'superset', 'gradio', 'transformers', 'pattern', 'AutoViz', 'Auto_ViML']"
469,52,MemberOf,category,876,CERT C++ Secure Coding Section 08 - Memory Management (MEM),3,20,"['danswerai', 'DIGITS', 'open-webui', 'fastapi', 'bokeh', 'nalp', 'spammy', 'ViZDoom', 'langflow', 'PySyft', 'numpy', 'lightly', 'retro', 'ray', 'pydantic', 'pytensor', 'mlflow', 'pytorch', 'streamlit', 'feast', 'rasa', 'mindsdb', 'superset', 'gradio', 'transformers', 'pattern', 'AutoViz', 'Auto_ViML']"
470,53,MemberOf,category,883,CERT C++ Secure Coding Section 49 - Miscellaneous (MSC),3,20,"['danswerai', 'DIGITS', 'open-webui', 'fastapi', 'bokeh', 'nalp', 'spammy', 'ViZDoom', 'langflow', 'PySyft', 'numpy', 'lightly', 'retro', 'ray', 'pydantic', 'pytensor', 'mlflow', 'pytorch', 'streamlit', 'feast', 'rasa', 'mindsdb', 'superset', 'gradio', 'transformers', 'pattern', 'AutoViz', 'Auto_ViML']"
471,54,MemberOf,category,994,SFP Secondary Cluster: Tainted Input to Variable,3,20,"['danswerai', 'DIGITS', 'open-webui', 'fastapi', 'bokeh', 'nalp', 'spammy', 'ViZDoom', 'langflow', 'PySyft', 'numpy', 'lightly', 'retro', 'ray', 'pydantic', 'pytensor', 'mlflow', 'pytorch', 'streamlit', 'feast', 'rasa', 'mindsdb', 'superset', 'gradio', 'transformers', 'pattern', 'AutoViz', 'Auto_ViML']"
472,55,MemberOf,category,1005,7PK - Input Validation and Representation,3,20,"['danswerai', 'DIGITS', 'open-webui', 'fastapi', 'bokeh', 'nalp', 'spammy', 'ViZDoom', 'langflow', 'PySyft', 'numpy', 'lightly', 'retro', 'ray', 'pydantic', 'pytensor', 'mlflow', 'pytorch', 'streamlit', 'feast', 'rasa', 'mindsdb', 'superset', 'gradio', 'transformers', 'pattern', 'AutoViz', 'Auto_ViML']"
473,56,MemberOf,category,1163,SEI CERT C Coding Standard - Guidelines 09. Input Output (FIO),3,20,"['danswerai', 'DIGITS', 'open-webui', 'fastapi', 'bokeh', 'nalp', 'spammy', 'ViZDoom', 'langflow', 'PySyft', 'numpy', 'lightly', 'retro', 'ray', 'pydantic', 'pytensor', 'mlflow', 'pytorch', 'streamlit', 'feast', 'rasa', 'mindsdb', 'superset', 'gradio', 'transformers', 'pattern', 'AutoViz', 'Auto_ViML']"
474,57,MemberOf,view,1200,Weaknesses in the 2019 CWE Top 25 Most Dangerous Software Errors,3,20,"['danswerai', 'DIGITS', 'open-webui', 'fastapi', 'bokeh', 'nalp', 'spammy', 'ViZDoom', 'langflow', 'PySyft', 'numpy', 'lightly', 'retro', 'ray', 'pydantic', 'pytensor', 'mlflow', 'pytorch', 'streamlit', 'feast', 'rasa', 'mindsdb', 'superset', 'gradio', 'transformers', 'pattern', 'AutoViz', 'Auto_ViML']"
475,58,MemberOf,view,1337,Weaknesses in the 2021 CWE Top 25 Most Dangerous Software Weaknesses,3,20,"['danswerai', 'DIGITS', 'open-webui', 'fastapi', 'bokeh', 'nalp', 'spammy', 'ViZDoom', 'langflow', 'PySyft', 'numpy', 'lightly', 'retro', 'ray', 'pydantic', 'pytensor', 'mlflow', 'pytorch', 'streamlit', 'feast', 'rasa', 'mindsdb', 'superset', 'gradio', 'transformers', 'pattern', 'AutoViz', 'Auto_ViML']"
476,59,MemberOf,category,1347,OWASP Top Ten 2021 Category A03:2021 - Injection,3,20,"['danswerai', 'DIGITS', 'open-webui', 'fastapi', 'bokeh', 'nalp', 'spammy', 'ViZDoom', 'langflow', 'PySyft', 'numpy', 'lightly', 'retro', 'ray', 'pydantic', 'pytensor', 'mlflow', 'pytorch', 'streamlit', 'feast', 'rasa', 'mindsdb', 'superset', 'gradio', 'transformers', 'pattern', 'AutoViz', 'Auto_ViML']"
477,60,MemberOf,view,1350,Weaknesses in the 2020 CWE Top 25 Most Dangerous Software Weaknesses,3,20,"['danswerai', 'DIGITS', 'open-webui', 'fastapi', 'bokeh', 'nalp', 'spammy', 'ViZDoom', 'langflow', 'PySyft', 'numpy', 'lightly', 'retro', 'ray', 'pydantic', 'pytensor', 'mlflow', 'pytorch', 'streamlit', 'feast', 'rasa', 'mindsdb', 'superset', 'gradio', 'transformers', 'pattern', 'AutoViz', 'Auto_ViML']"
478,61,MemberOf,category,1382,ICS Operations (& Maintenance): Emerging Energy Technologies,3,20,"['danswerai', 'DIGITS', 'open-webui', 'fastapi', 'bokeh', 'nalp', 'spammy', 'ViZDoom', 'langflow', 'PySyft', 'numpy', 'lightly', 'retro', 'ray', 'pydantic', 'pytensor', 'mlflow', 'pytorch', 'streamlit', 'feast', 'rasa', 'mindsdb', 'superset', 'gradio', 'transformers', 'pattern', 'AutoViz', 'Auto_ViML']"
479,62,MemberOf,view,1387,Weaknesses in the 2022 CWE Top 25 Most Dangerous Software Weaknesses,3,20,"['danswerai', 'DIGITS', 'open-webui', 'fastapi', 'bokeh', 'nalp', 'spammy', 'ViZDoom', 'langflow', 'PySyft', 'numpy', 'lightly', 'retro', 'ray', 'pydantic', 'pytensor', 'mlflow', 'pytorch', 'streamlit', 'feast', 'rasa', 'mindsdb', 'superset', 'gradio', 'transformers', 'pattern', 'AutoViz', 'Auto_ViML']"
480,63,MemberOf,category,1406,Comprehensive Categorization: Improper Input Validation,3,20,"['danswerai', 'DIGITS', 'open-webui', 'fastapi', 'bokeh', 'nalp', 'spammy', 'ViZDoom', 'langflow', 'PySyft', 'numpy', 'lightly', 'retro', 'ray', 'pydantic', 'pytensor', 'mlflow', 'pytorch', 'streamlit', 'feast', 'rasa', 'mindsdb', 'superset', 'gradio', 'transformers', 'pattern', 'AutoViz', 'Auto_ViML']"
481,64,MemberOf,view,1425,Weaknesses in the 2023 CWE Top 25 Most Dangerous Software Weaknesses,3,20,"['danswerai', 'DIGITS', 'open-webui', 'fastapi', 'bokeh', 'nalp', 'spammy', 'ViZDoom', 'langflow', 'PySyft', 'numpy', 'lightly', 'retro', 'ray', 'pydantic', 'pytensor', 'mlflow', 'pytorch', 'streamlit', 'feast', 'rasa', 'mindsdb', 'superset', 'gradio', 'transformers', 'pattern', 'AutoViz', 'Auto_ViML']"
482,65,MemberOf,view,1430,Weaknesses in the 2024 CWE Top 25 Most Dangerous Software Weaknesses,3,20,"['danswerai', 'DIGITS', 'open-webui', 'fastapi', 'bokeh', 'nalp', 'spammy', 'ViZDoom', 'langflow', 'PySyft', 'numpy', 'lightly', 'retro', 'ray', 'pydantic', 'pytensor', 'mlflow', 'pytorch', 'streamlit', 'feast', 'rasa', 'mindsdb', 'superset', 'gradio', 'transformers', 'pattern', 'AutoViz', 'Auto_ViML']"
483,66,MemberOf,view,1435,Weaknesses in the 2025 CWE Top 25 Most Dangerous Software Weaknesses,3,20,"['danswerai', 'DIGITS', 'open-webui', 'fastapi', 'bokeh', 'nalp', 'spammy', 'ViZDoom', 'langflow', 'PySyft', 'numpy', 'lightly', 'retro', 'ray', 'pydantic', 'pytensor', 'mlflow', 'pytorch', 'streamlit', 'feast', 'rasa', 'mindsdb', 'superset', 'gradio', 'transformers', 'pattern', 'AutoViz', 'Auto_ViML']"
484,67,MemberOf,category,1440,OWASP Top Ten 2025 Category A05:2025 - Injection,3,20,"['danswerai', 'DIGITS', 'open-webui', 'fastapi', 'bokeh', 'nalp', 'spammy', 'ViZDoom', 'langflow', 'PySyft', 'numpy', 'lightly', 'retro', 'ray', 'pydantic', 'pytensor', 'mlflow', 'pytorch', 'streamlit', 'feast', 'rasa', 'mindsdb', 'superset', 'gradio', 'transformers', 'pattern', 'AutoViz', 'Auto_ViML']"
485,68,Self,class,20,,3,20,"['danswerai', 'DIGITS', 'open-webui', 'fastapi', 'bokeh', 'nalp', 'spammy', 'ViZDoom', 'langflow', 'PySyft', 'numpy', 'lightly', 'retro', 'ray', 'pydantic', 'pytensor', 'mlflow', 'pytorch', 'streamlit', 'feast', 'rasa', 'mindsdb', 'superset', 'gradio', 'transformers', 'pattern', 'AutoViz', 'Auto_ViML']"
486,0,ChildOf,pillar,707,Improper Neutralization,3,116,"['couler', 'DIGITS', 'tpot', 'open-webui', 'chainer', 'pybrain', 'deepface', 'statsmodels', 'catboost', 'ggpy', 'dash', 'cornac', 'rgf', 'pyqtgraph', 'tensorflow', 'stellargraph', 'cleanlab', 'numpy', 'FEDOT', 'bytehub', 'PyTorchCV', 'segmentation_models', 'pebl', 'machine-learning', 'deeppy', 'bigartm', 'scikit-multiflow', 'recommenders', 'seaborn', 'nupic.studio', 'vigra', 'gan', 'python-timbl', 'notebook', 'pyod', 'catalyst', 'rockpool', 'mars', 'mlflow', 'metric-learn', 'lambdo', 'pytorch', 'zpar', 'streamlit', 'alibi', 'annoy', 'feast', 'bowtie', 'scikit-image', 'mist', 'DeepPavlov', 'breze', 'superset', 'imbalanced-ensemble', 'alibi-detect', 'mindsdb', 'xlearn', 'snips-nlu', 'transformers', 'lifelines', 'ColossalAI', 'DI-engine']"
487,1,ParentOf,base,117,Improper Output Neutralization for Logs,3,116,"['couler', 'DIGITS', 'tpot', 'open-webui', 'chainer', 'pybrain', 'deepface', 'statsmodels', 'catboost', 'ggpy', 'dash', 'cornac', 'rgf', 'pyqtgraph', 'tensorflow', 'stellargraph', 'cleanlab', 'numpy', 'FEDOT', 'bytehub', 'PyTorchCV', 'segmentation_models', 'pebl', 'machine-learning', 'deeppy', 'bigartm', 'scikit-multiflow', 'recommenders', 'seaborn', 'nupic.studio', 'vigra', 'gan', 'python-timbl', 'notebook', 'pyod', 'catalyst', 'rockpool', 'mars', 'mlflow', 'metric-learn', 'lambdo', 'pytorch', 'zpar', 'streamlit', 'alibi', 'annoy', 'feast', 'bowtie', 'scikit-image', 'mist', 'DeepPavlov', 'breze', 'superset', 'imbalanced-ensemble', 'alibi-detect', 'mindsdb', 'xlearn', 'snips-nlu', 'transformers', 'lifelines', 'ColossalAI', 'DI-engine']"
488,2,ParentOf,variant,644,Improper Neutralization of HTTP Headers for Scripting Syntax,3,116,"['couler', 'DIGITS', 'tpot', 'open-webui', 'chainer', 'pybrain', 'deepface', 'statsmodels', 'catboost', 'ggpy', 'dash', 'cornac', 'rgf', 'pyqtgraph', 'tensorflow', 'stellargraph', 'cleanlab', 'numpy', 'FEDOT', 'bytehub', 'PyTorchCV', 'segmentation_models', 'pebl', 'machine-learning', 'deeppy', 'bigartm', 'scikit-multiflow', 'recommenders', 'seaborn', 'nupic.studio', 'vigra', 'gan', 'python-timbl', 'notebook', 'pyod', 'catalyst', 'rockpool', 'mars', 'mlflow', 'metric-learn', 'lambdo', 'pytorch', 'zpar', 'streamlit', 'alibi', 'annoy', 'feast', 'bowtie', 'scikit-image', 'mist', 'DeepPavlov', 'breze', 'superset', 'imbalanced-ensemble', 'alibi-detect', 'mindsdb', 'xlearn', 'snips-nlu', 'transformers', 'lifelines', 'ColossalAI', 'DI-engine']"
489,3,ParentOf,base,838,Inappropriate Encoding for Output Context,3,116,"['couler', 'DIGITS', 'tpot', 'open-webui', 'chainer', 'pybrain', 'deepface', 'statsmodels', 'catboost', 'ggpy', 'dash', 'cornac', 'rgf', 'pyqtgraph', 'tensorflow', 'stellargraph', 'cleanlab', 'numpy', 'FEDOT', 'bytehub', 'PyTorchCV', 'segmentation_models', 'pebl', 'machine-learning', 'deeppy', 'bigartm', 'scikit-multiflow', 'recommenders', 'seaborn', 'nupic.studio', 'vigra', 'gan', 'python-timbl', 'notebook', 'pyod', 'catalyst', 'rockpool', 'mars', 'mlflow', 'metric-learn', 'lambdo', 'pytorch', 'zpar', 'streamlit', 'alibi', 'annoy', 'feast', 'bowtie', 'scikit-image', 'mist', 'DeepPavlov', 'breze', 'superset', 'imbalanced-ensemble', 'alibi-detect', 'mindsdb', 'xlearn', 'snips-nlu', 'transformers', 'lifelines', 'ColossalAI', 'DI-engine']"
490,4,CanPrecede,class,74,Improper Neutralization of Special Elements in Output Used by a Downstream Component ('Injection'),3,116,"['couler', 'DIGITS', 'tpot', 'open-webui', 'chainer', 'pybrain', 'deepface', 'statsmodels', 'catboost', 'ggpy', 'dash', 'cornac', 'rgf', 'pyqtgraph', 'tensorflow', 'stellargraph', 'cleanlab', 'numpy', 'FEDOT', 'bytehub', 'PyTorchCV', 'segmentation_models', 'pebl', 'machine-learning', 'deeppy', 'bigartm', 'scikit-multiflow', 'recommenders', 'seaborn', 'nupic.studio', 'vigra', 'gan', 'python-timbl', 'notebook', 'pyod', 'catalyst', 'rockpool', 'mars', 'mlflow', 'metric-learn', 'lambdo', 'pytorch', 'zpar', 'streamlit', 'alibi', 'annoy', 'feast', 'bowtie', 'scikit-image', 'mist', 'DeepPavlov', 'breze', 'superset', 'imbalanced-ensemble', 'alibi-detect', 'mindsdb', 'xlearn', 'snips-nlu', 'transformers', 'lifelines', 'ColossalAI', 'DI-engine']"
491,5,MemberOf,view,1003,Weaknesses for Simplified Mapping of Published Vulnerabilities,3,116,"['couler', 'DIGITS', 'tpot', 'open-webui', 'chainer', 'pybrain', 'deepface', 'statsmodels', 'catboost', 'ggpy', 'dash', 'cornac', 'rgf', 'pyqtgraph', 'tensorflow', 'stellargraph', 'cleanlab', 'numpy', 'FEDOT', 'bytehub', 'PyTorchCV', 'segmentation_models', 'pebl', 'machine-learning', 'deeppy', 'bigartm', 'scikit-multiflow', 'recommenders', 'seaborn', 'nupic.studio', 'vigra', 'gan', 'python-timbl', 'notebook', 'pyod', 'catalyst', 'rockpool', 'mars', 'mlflow', 'metric-learn', 'lambdo', 'pytorch', 'zpar', 'streamlit', 'alibi', 'annoy', 'feast', 'bowtie', 'scikit-image', 'mist', 'DeepPavlov', 'breze', 'superset', 'imbalanced-ensemble', 'alibi-detect', 'mindsdb', 'xlearn', 'snips-nlu', 'transformers', 'lifelines', 'ColossalAI', 'DI-engine']"
492,6,ParentOf,base,838,Inappropriate Encoding for Output Context,3,116,"['couler', 'DIGITS', 'tpot', 'open-webui', 'chainer', 'pybrain', 'deepface', 'statsmodels', 'catboost', 'ggpy', 'dash', 'cornac', 'rgf', 'pyqtgraph', 'tensorflow', 'stellargraph', 'cleanlab', 'numpy', 'FEDOT', 'bytehub', 'PyTorchCV', 'segmentation_models', 'pebl', 'machine-learning', 'deeppy', 'bigartm', 'scikit-multiflow', 'recommenders', 'seaborn', 'nupic.studio', 'vigra', 'gan', 'python-timbl', 'notebook', 'pyod', 'catalyst', 'rockpool', 'mars', 'mlflow', 'metric-learn', 'lambdo', 'pytorch', 'zpar', 'streamlit', 'alibi', 'annoy', 'feast', 'bowtie', 'scikit-image', 'mist', 'DeepPavlov', 'breze', 'superset', 'imbalanced-ensemble', 'alibi-detect', 'mindsdb', 'xlearn', 'snips-nlu', 'transformers', 'lifelines', 'ColossalAI', 'DI-engine']"
493,7,MemberOf,category,751,2009 Top 25 - Insecure Interaction Between Components,3,116,"['couler', 'DIGITS', 'tpot', 'open-webui', 'chainer', 'pybrain', 'deepface', 'statsmodels', 'catboost', 'ggpy', 'dash', 'cornac', 'rgf', 'pyqtgraph', 'tensorflow', 'stellargraph', 'cleanlab', 'numpy', 'FEDOT', 'bytehub', 'PyTorchCV', 'segmentation_models', 'pebl', 'machine-learning', 'deeppy', 'bigartm', 'scikit-multiflow', 'recommenders', 'seaborn', 'nupic.studio', 'vigra', 'gan', 'python-timbl', 'notebook', 'pyod', 'catalyst', 'rockpool', 'mars', 'mlflow', 'metric-learn', 'lambdo', 'pytorch', 'zpar', 'streamlit', 'alibi', 'annoy', 'feast', 'bowtie', 'scikit-image', 'mist', 'DeepPavlov', 'breze', 'superset', 'imbalanced-ensemble', 'alibi-detect', 'mindsdb', 'xlearn', 'snips-nlu', 'transformers', 'lifelines', 'ColossalAI', 'DI-engine']"
494,8,MemberOf,category,845,The CERT Oracle Secure Coding Standard for Java (2011) Chapter 2 - Input Validation and Data Sanitization (IDS),3,116,"['couler', 'DIGITS', 'tpot', 'open-webui', 'chainer', 'pybrain', 'deepface', 'statsmodels', 'catboost', 'ggpy', 'dash', 'cornac', 'rgf', 'pyqtgraph', 'tensorflow', 'stellargraph', 'cleanlab', 'numpy', 'FEDOT', 'bytehub', 'PyTorchCV', 'segmentation_models', 'pebl', 'machine-learning', 'deeppy', 'bigartm', 'scikit-multiflow', 'recommenders', 'seaborn', 'nupic.studio', 'vigra', 'gan', 'python-timbl', 'notebook', 'pyod', 'catalyst', 'rockpool', 'mars', 'mlflow', 'metric-learn', 'lambdo', 'pytorch', 'zpar', 'streamlit', 'alibi', 'annoy', 'feast', 'bowtie', 'scikit-image', 'mist', 'DeepPavlov', 'breze', 'superset', 'imbalanced-ensemble', 'alibi-detect', 'mindsdb', 'xlearn', 'snips-nlu', 'transformers', 'lifelines', 'ColossalAI', 'DI-engine']"
495,9,MemberOf,category,883,CERT C++ Secure Coding Section 49 - Miscellaneous (MSC),3,116,"['couler', 'DIGITS', 'tpot', 'open-webui', 'chainer', 'pybrain', 'deepface', 'statsmodels', 'catboost', 'ggpy', 'dash', 'cornac', 'rgf', 'pyqtgraph', 'tensorflow', 'stellargraph', 'cleanlab', 'numpy', 'FEDOT', 'bytehub', 'PyTorchCV', 'segmentation_models', 'pebl', 'machine-learning', 'deeppy', 'bigartm', 'scikit-multiflow', 'recommenders', 'seaborn', 'nupic.studio', 'vigra', 'gan', 'python-timbl', 'notebook', 'pyod', 'catalyst', 'rockpool', 'mars', 'mlflow', 'metric-learn', 'lambdo', 'pytorch', 'zpar', 'streamlit', 'alibi', 'annoy', 'feast', 'bowtie', 'scikit-image', 'mist', 'DeepPavlov', 'breze', 'superset', 'imbalanced-ensemble', 'alibi-detect', 'mindsdb', 'xlearn', 'snips-nlu', 'transformers', 'lifelines', 'ColossalAI', 'DI-engine']"
496,10,MemberOf,category,992,SFP Secondary Cluster: Faulty Input Transformation,3,116,"['couler', 'DIGITS', 'tpot', 'open-webui', 'chainer', 'pybrain', 'deepface', 'statsmodels', 'catboost', 'ggpy', 'dash', 'cornac', 'rgf', 'pyqtgraph', 'tensorflow', 'stellargraph', 'cleanlab', 'numpy', 'FEDOT', 'bytehub', 'PyTorchCV', 'segmentation_models', 'pebl', 'machine-learning', 'deeppy', 'bigartm', 'scikit-multiflow', 'recommenders', 'seaborn', 'nupic.studio', 'vigra', 'gan', 'python-timbl', 'notebook', 'pyod', 'catalyst', 'rockpool', 'mars', 'mlflow', 'metric-learn', 'lambdo', 'pytorch', 'zpar', 'streamlit', 'alibi', 'annoy', 'feast', 'bowtie', 'scikit-image', 'mist', 'DeepPavlov', 'breze', 'superset', 'imbalanced-ensemble', 'alibi-detect', 'mindsdb', 'xlearn', 'snips-nlu', 'transformers', 'lifelines', 'ColossalAI', 'DI-engine']"
497,11,MemberOf,category,1134,SEI CERT Oracle Secure Coding Standard for Java - Guidelines 00. Input Validation and Data Sanitization (IDS),3,116,"['couler', 'DIGITS', 'tpot', 'open-webui', 'chainer', 'pybrain', 'deepface', 'statsmodels', 'catboost', 'ggpy', 'dash', 'cornac', 'rgf', 'pyqtgraph', 'tensorflow', 'stellargraph', 'cleanlab', 'numpy', 'FEDOT', 'bytehub', 'PyTorchCV', 'segmentation_models', 'pebl', 'machine-learning', 'deeppy', 'bigartm', 'scikit-multiflow', 'recommenders', 'seaborn', 'nupic.studio', 'vigra', 'gan', 'python-timbl', 'notebook', 'pyod', 'catalyst', 'rockpool', 'mars', 'mlflow', 'metric-learn', 'lambdo', 'pytorch', 'zpar', 'streamlit', 'alibi', 'annoy', 'feast', 'bowtie', 'scikit-image', 'mist', 'DeepPavlov', 'breze', 'superset', 'imbalanced-ensemble', 'alibi-detect', 'mindsdb', 'xlearn', 'snips-nlu', 'transformers', 'lifelines', 'ColossalAI', 'DI-engine']"
498,12,MemberOf,category,1179,SEI CERT Perl Coding Standard - Guidelines 01. Input Validation and Data Sanitization (IDS),3,116,"['couler', 'DIGITS', 'tpot', 'open-webui', 'chainer', 'pybrain', 'deepface', 'statsmodels', 'catboost', 'ggpy', 'dash', 'cornac', 'rgf', 'pyqtgraph', 'tensorflow', 'stellargraph', 'cleanlab', 'numpy', 'FEDOT', 'bytehub', 'PyTorchCV', 'segmentation_models', 'pebl', 'machine-learning', 'deeppy', 'bigartm', 'scikit-multiflow', 'recommenders', 'seaborn', 'nupic.studio', 'vigra', 'gan', 'python-timbl', 'notebook', 'pyod', 'catalyst', 'rockpool', 'mars', 'mlflow', 'metric-learn', 'lambdo', 'pytorch', 'zpar', 'streamlit', 'alibi', 'annoy', 'feast', 'bowtie', 'scikit-image', 'mist', 'DeepPavlov', 'breze', 'superset', 'imbalanced-ensemble', 'alibi-detect', 'mindsdb', 'xlearn', 'snips-nlu', 'transformers', 'lifelines', 'ColossalAI', 'DI-engine']"
499,13,MemberOf,category,1347,OWASP Top Ten 2021 Category A03:2021 - Injection,3,116,"['couler', 'DIGITS', 'tpot', 'open-webui', 'chainer', 'pybrain', 'deepface', 'statsmodels', 'catboost', 'ggpy', 'dash', 'cornac', 'rgf', 'pyqtgraph', 'tensorflow', 'stellargraph', 'cleanlab', 'numpy', 'FEDOT', 'bytehub', 'PyTorchCV', 'segmentation_models', 'pebl', 'machine-learning', 'deeppy', 'bigartm', 'scikit-multiflow', 'recommenders', 'seaborn', 'nupic.studio', 'vigra', 'gan', 'python-timbl', 'notebook', 'pyod', 'catalyst', 'rockpool', 'mars', 'mlflow', 'metric-learn', 'lambdo', 'pytorch', 'zpar', 'streamlit', 'alibi', 'annoy', 'feast', 'bowtie', 'scikit-image', 'mist', 'DeepPavlov', 'breze', 'superset', 'imbalanced-ensemble', 'alibi-detect', 'mindsdb', 'xlearn', 'snips-nlu', 'transformers', 'lifelines', 'ColossalAI', 'DI-engine']"
500,14,MemberOf,category,1407,Comprehensive Categorization: Improper Neutralization,3,116,"['couler', 'DIGITS', 'tpot', 'open-webui', 'chainer', 'pybrain', 'deepface', 'statsmodels', 'catboost', 'ggpy', 'dash', 'cornac', 'rgf', 'pyqtgraph', 'tensorflow', 'stellargraph', 'cleanlab', 'numpy', 'FEDOT', 'bytehub', 'PyTorchCV', 'segmentation_models', 'pebl', 'machine-learning', 'deeppy', 'bigartm', 'scikit-multiflow', 'recommenders', 'seaborn', 'nupic.studio', 'vigra', 'gan', 'python-timbl', 'notebook', 'pyod', 'catalyst', 'rockpool', 'mars', 'mlflow', 'metric-learn', 'lambdo', 'pytorch', 'zpar', 'streamlit', 'alibi', 'annoy', 'feast', 'bowtie', 'scikit-image', 'mist', 'DeepPavlov', 'breze', 'superset', 'imbalanced-ensemble', 'alibi-detect', 'mindsdb', 'xlearn', 'snips-nlu', 'transformers', 'lifelines', 'ColossalAI', 'DI-engine']"
501,15,MemberOf,category,1440,OWASP Top Ten 2025 Category A05:2025 - Injection,3,116,"['couler', 'DIGITS', 'tpot', 'open-webui', 'chainer', 'pybrain', 'deepface', 'statsmodels', 'catboost', 'ggpy', 'dash', 'cornac', 'rgf', 'pyqtgraph', 'tensorflow', 'stellargraph', 'cleanlab', 'numpy', 'FEDOT', 'bytehub', 'PyTorchCV', 'segmentation_models', 'pebl', 'machine-learning', 'deeppy', 'bigartm', 'scikit-multiflow', 'recommenders', 'seaborn', 'nupic.studio', 'vigra', 'gan', 'python-timbl', 'notebook', 'pyod', 'catalyst', 'rockpool', 'mars', 'mlflow', 'metric-learn', 'lambdo', 'pytorch', 'zpar', 'streamlit', 'alibi', 'annoy', 'feast', 'bowtie', 'scikit-image', 'mist', 'DeepPavlov', 'breze', 'superset', 'imbalanced-ensemble', 'alibi-detect', 'mindsdb', 'xlearn', 'snips-nlu', 'transformers', 'lifelines', 'ColossalAI', 'DI-engine']"
502,16,MemberOf,category,1447,General Software Weaknesses that Appear in Products that Use or Support AI/ML Technology,3,116,"['couler', 'DIGITS', 'tpot', 'open-webui', 'chainer', 'pybrain', 'deepface', 'statsmodels', 'catboost', 'ggpy', 'dash', 'cornac', 'rgf', 'pyqtgraph', 'tensorflow', 'stellargraph', 'cleanlab', 'numpy', 'FEDOT', 'bytehub', 'PyTorchCV', 'segmentation_models', 'pebl', 'machine-learning', 'deeppy', 'bigartm', 'scikit-multiflow', 'recommenders', 'seaborn', 'nupic.studio', 'vigra', 'gan', 'python-timbl', 'notebook', 'pyod', 'catalyst', 'rockpool', 'mars', 'mlflow', 'metric-learn', 'lambdo', 'pytorch', 'zpar', 'streamlit', 'alibi', 'annoy', 'feast', 'bowtie', 'scikit-image', 'mist', 'DeepPavlov', 'breze', 'superset', 'imbalanced-ensemble', 'alibi-detect', 'mindsdb', 'xlearn', 'snips-nlu', 'transformers', 'lifelines', 'ColossalAI', 'DI-engine']"
503,17,Self,class,116,,3,116,"['couler', 'DIGITS', 'tpot', 'open-webui', 'chainer', 'pybrain', 'deepface', 'statsmodels', 'catboost', 'ggpy', 'dash', 'cornac', 'rgf', 'pyqtgraph', 'tensorflow', 'stellargraph', 'cleanlab', 'numpy', 'FEDOT', 'bytehub', 'PyTorchCV', 'segmentation_models', 'pebl', 'machine-learning', 'deeppy', 'bigartm', 'scikit-multiflow', 'recommenders', 'seaborn', 'nupic.studio', 'vigra', 'gan', 'python-timbl', 'notebook', 'pyod', 'catalyst', 'rockpool', 'mars', 'mlflow', 'metric-learn', 'lambdo', 'pytorch', 'zpar', 'streamlit', 'alibi', 'annoy', 'feast', 'bowtie', 'scikit-image', 'mist', 'DeepPavlov', 'breze', 'superset', 'imbalanced-ensemble', 'alibi-detect', 'mindsdb', 'xlearn', 'snips-nlu', 'transformers', 'lifelines', 'ColossalAI', 'DI-engine']"
504,0,ChildOf,pillar,697,Incorrect Comparison,3,185,"['transformers', 'superset']"
505,1,ParentOf,base,186,Overly Restrictive Regular Expression,3,185,"['transformers', 'superset']"
506,2,ParentOf,base,625,Permissive Regular Expression,3,185,"['transformers', 'superset']"
507,3,CanPrecede,base,182,Collapse of Data into Unsafe Value,3,185,"['transformers', 'superset']"
508,4,CanPrecede,variant,187,Partial String Comparison,3,185,"['transformers', 'superset']"
509,5,MemberOf,view,884,CWE Cross-section,3,185,"['transformers', 'superset']"
510,6,MemberOf,category,990,SFP Secondary Cluster: Tainted Input to Command,3,185,"['transformers', 'superset']"
511,7,MemberOf,category,1397,Comprehensive Categorization: Comparison,3,185,"['transformers', 'superset']"
512,8,Self,class,185,,3,185,"['transformers', 'superset']"
513,0,ChildOf,class,185,Incorrect Regular Expression,3,186,"['transformers', 'superset']"
514,1,MemberOf,category,19,Data Processing Errors,3,186,"['transformers', 'superset']"
515,2,MemberOf,category,990,SFP Secondary Cluster: Tainted Input to Command,3,186,"['transformers', 'superset']"
516,3,MemberOf,category,1397,Comprehensive Categorization: Comparison,3,186,"['transformers', 'superset']"
517,4,Self,base,186,,3,186,"['transformers', 'superset']"
518,0,ChildOf,pillar,707,Improper Neutralization,1,20,"['danswerai', 'DIGITS', 'open-webui', 'fastapi', 'bokeh', 'nalp', 'spammy', 'ViZDoom', 'langflow', 'PySyft', 'numpy', 'lightly', 'retro', 'ray', 'pydantic', 'pytensor', 'mlflow', 'pytorch', 'streamlit', 'feast', 'rasa', 'mindsdb', 'superset', 'gradio', 'transformers', 'pattern', 'AutoViz', 'Auto_ViML']"
519,1,ParentOf,base,179,Incorrect Behavior Order: Early Validation,1,20,"['danswerai', 'DIGITS', 'open-webui', 'fastapi', 'bokeh', 'nalp', 'spammy', 'ViZDoom', 'langflow', 'PySyft', 'numpy', 'lightly', 'retro', 'ray', 'pydantic', 'pytensor', 'mlflow', 'pytorch', 'streamlit', 'feast', 'rasa', 'mindsdb', 'superset', 'gradio', 'transformers', 'pattern', 'AutoViz', 'Auto_ViML']"
520,2,ParentOf,variant,622,Improper Validation of Function Hook Arguments,1,20,"['danswerai', 'DIGITS', 'open-webui', 'fastapi', 'bokeh', 'nalp', 'spammy', 'ViZDoom', 'langflow', 'PySyft', 'numpy', 'lightly', 'retro', 'ray', 'pydantic', 'pytensor', 'mlflow', 'pytorch', 'streamlit', 'feast', 'rasa', 'mindsdb', 'superset', 'gradio', 'transformers', 'pattern', 'AutoViz', 'Auto_ViML']"
521,3,ParentOf,base,1173,Improper Use of Validation Framework,1,20,"['danswerai', 'DIGITS', 'open-webui', 'fastapi', 'bokeh', 'nalp', 'spammy', 'ViZDoom', 'langflow', 'PySyft', 'numpy', 'lightly', 'retro', 'ray', 'pydantic', 'pytensor', 'mlflow', 'pytorch', 'streamlit', 'feast', 'rasa', 'mindsdb', 'superset', 'gradio', 'transformers', 'pattern', 'AutoViz', 'Auto_ViML']"
522,4,ParentOf,base,1284,Improper Validation of Specified Quantity in Input,1,20,"['danswerai', 'DIGITS', 'open-webui', 'fastapi', 'bokeh', 'nalp', 'spammy', 'ViZDoom', 'langflow', 'PySyft', 'numpy', 'lightly', 'retro', 'ray', 'pydantic', 'pytensor', 'mlflow', 'pytorch', 'streamlit', 'feast', 'rasa', 'mindsdb', 'superset', 'gradio', 'transformers', 'pattern', 'AutoViz', 'Auto_ViML']"
523,5,ParentOf,base,1285,"Improper Validation of Specified Index, Position, or Offset in Input",1,20,"['danswerai', 'DIGITS', 'open-webui', 'fastapi', 'bokeh', 'nalp', 'spammy', 'ViZDoom', 'langflow', 'PySyft', 'numpy', 'lightly', 'retro', 'ray', 'pydantic', 'pytensor', 'mlflow', 'pytorch', 'streamlit', 'feast', 'rasa', 'mindsdb', 'superset', 'gradio', 'transformers', 'pattern', 'AutoViz', 'Auto_ViML']"
524,6,ParentOf,base,1286,Improper Validation of Syntactic Correctness of Input,1,20,"['danswerai', 'DIGITS', 'open-webui', 'fastapi', 'bokeh', 'nalp', 'spammy', 'ViZDoom', 'langflow', 'PySyft', 'numpy', 'lightly', 'retro', 'ray', 'pydantic', 'pytensor', 'mlflow', 'pytorch', 'streamlit', 'feast', 'rasa', 'mindsdb', 'superset', 'gradio', 'transformers', 'pattern', 'AutoViz', 'Auto_ViML']"
525,7,ParentOf,base,1287,Improper Validation of Specified Type of Input,1,20,"['danswerai', 'DIGITS', 'open-webui', 'fastapi', 'bokeh', 'nalp', 'spammy', 'ViZDoom', 'langflow', 'PySyft', 'numpy', 'lightly', 'retro', 'ray', 'pydantic', 'pytensor', 'mlflow', 'pytorch', 'streamlit', 'feast', 'rasa', 'mindsdb', 'superset', 'gradio', 'transformers', 'pattern', 'AutoViz', 'Auto_ViML']"
526,8,ParentOf,base,1288,Improper Validation of Consistency within Input,1,20,"['danswerai', 'DIGITS', 'open-webui', 'fastapi', 'bokeh', 'nalp', 'spammy', 'ViZDoom', 'langflow', 'PySyft', 'numpy', 'lightly', 'retro', 'ray', 'pydantic', 'pytensor', 'mlflow', 'pytorch', 'streamlit', 'feast', 'rasa', 'mindsdb', 'superset', 'gradio', 'transformers', 'pattern', 'AutoViz', 'Auto_ViML']"
527,9,ParentOf,base,1289,Improper Validation of Unsafe Equivalence in Input,1,20,"['danswerai', 'DIGITS', 'open-webui', 'fastapi', 'bokeh', 'nalp', 'spammy', 'ViZDoom', 'langflow', 'PySyft', 'numpy', 'lightly', 'retro', 'ray', 'pydantic', 'pytensor', 'mlflow', 'pytorch', 'streamlit', 'feast', 'rasa', 'mindsdb', 'superset', 'gradio', 'transformers', 'pattern', 'AutoViz', 'Auto_ViML']"
528,10,PeerOf,class,345,Insufficient Verification of Data Authenticity,1,20,"['danswerai', 'DIGITS', 'open-webui', 'fastapi', 'bokeh', 'nalp', 'spammy', 'ViZDoom', 'langflow', 'PySyft', 'numpy', 'lightly', 'retro', 'ray', 'pydantic', 'pytensor', 'mlflow', 'pytorch', 'streamlit', 'feast', 'rasa', 'mindsdb', 'superset', 'gradio', 'transformers', 'pattern', 'AutoViz', 'Auto_ViML']"
529,11,CanPrecede,base,22,Improper Limitation of a Pathname to a Restricted Directory ('Path Traversal'),1,20,"['danswerai', 'DIGITS', 'open-webui', 'fastapi', 'bokeh', 'nalp', 'spammy', 'ViZDoom', 'langflow', 'PySyft', 'numpy', 'lightly', 'retro', 'ray', 'pydantic', 'pytensor', 'mlflow', 'pytorch', 'streamlit', 'feast', 'rasa', 'mindsdb', 'superset', 'gradio', 'transformers', 'pattern', 'AutoViz', 'Auto_ViML']"
530,12,CanPrecede,base,41,Improper Resolution of Path Equivalence,1,20,"['danswerai', 'DIGITS', 'open-webui', 'fastapi', 'bokeh', 'nalp', 'spammy', 'ViZDoom', 'langflow', 'PySyft', 'numpy', 'lightly', 'retro', 'ray', 'pydantic', 'pytensor', 'mlflow', 'pytorch', 'streamlit', 'feast', 'rasa', 'mindsdb', 'superset', 'gradio', 'transformers', 'pattern', 'AutoViz', 'Auto_ViML']"
531,13,CanPrecede,class,74,Improper Neutralization of Special Elements in Output Used by a Downstream Component ('Injection'),1,20,"['danswerai', 'DIGITS', 'open-webui', 'fastapi', 'bokeh', 'nalp', 'spammy', 'ViZDoom', 'langflow', 'PySyft', 'numpy', 'lightly', 'retro', 'ray', 'pydantic', 'pytensor', 'mlflow', 'pytorch', 'streamlit', 'feast', 'rasa', 'mindsdb', 'superset', 'gradio', 'transformers', 'pattern', 'AutoViz', 'Auto_ViML']"
532,14,CanPrecede,class,119,Improper Restriction of Operations within the Bounds of a Memory Buffer,1,20,"['danswerai', 'DIGITS', 'open-webui', 'fastapi', 'bokeh', 'nalp', 'spammy', 'ViZDoom', 'langflow', 'PySyft', 'numpy', 'lightly', 'retro', 'ray', 'pydantic', 'pytensor', 'mlflow', 'pytorch', 'streamlit', 'feast', 'rasa', 'mindsdb', 'superset', 'gradio', 'transformers', 'pattern', 'AutoViz', 'Auto_ViML']"
533,15,CanPrecede,base,770,Allocation of Resources Without Limits or Throttling,1,20,"['danswerai', 'DIGITS', 'open-webui', 'fastapi', 'bokeh', 'nalp', 'spammy', 'ViZDoom', 'langflow', 'PySyft', 'numpy', 'lightly', 'retro', 'ray', 'pydantic', 'pytensor', 'mlflow', 'pytorch', 'streamlit', 'feast', 'rasa', 'mindsdb', 'superset', 'gradio', 'transformers', 'pattern', 'AutoViz', 'Auto_ViML']"
534,16,MemberOf,view,1003,Weaknesses for Simplified Mapping of Published Vulnerabilities,1,20,"['danswerai', 'DIGITS', 'open-webui', 'fastapi', 'bokeh', 'nalp', 'spammy', 'ViZDoom', 'langflow', 'PySyft', 'numpy', 'lightly', 'retro', 'ray', 'pydantic', 'pytensor', 'mlflow', 'pytorch', 'streamlit', 'feast', 'rasa', 'mindsdb', 'superset', 'gradio', 'transformers', 'pattern', 'AutoViz', 'Auto_ViML']"
535,17,ParentOf,variant,129,Improper Validation of Array Index,1,20,"['danswerai', 'DIGITS', 'open-webui', 'fastapi', 'bokeh', 'nalp', 'spammy', 'ViZDoom', 'langflow', 'PySyft', 'numpy', 'lightly', 'retro', 'ray', 'pydantic', 'pytensor', 'mlflow', 'pytorch', 'streamlit', 'feast', 'rasa', 'mindsdb', 'superset', 'gradio', 'transformers', 'pattern', 'AutoViz', 'Auto_ViML']"
536,18,ParentOf,base,1284,Improper Validation of Specified Quantity in Input,1,20,"['danswerai', 'DIGITS', 'open-webui', 'fastapi', 'bokeh', 'nalp', 'spammy', 'ViZDoom', 'langflow', 'PySyft', 'numpy', 'lightly', 'retro', 'ray', 'pydantic', 'pytensor', 'mlflow', 'pytorch', 'streamlit', 'feast', 'rasa', 'mindsdb', 'superset', 'gradio', 'transformers', 'pattern', 'AutoViz', 'Auto_ViML']"
537,19,MemberOf,category,1019,Validate Inputs,1,20,"['danswerai', 'DIGITS', 'open-webui', 'fastapi', 'bokeh', 'nalp', 'spammy', 'ViZDoom', 'langflow', 'PySyft', 'numpy', 'lightly', 'retro', 'ray', 'pydantic', 'pytensor', 'mlflow', 'pytorch', 'streamlit', 'feast', 'rasa', 'mindsdb', 'superset', 'gradio', 'transformers', 'pattern', 'AutoViz', 'Auto_ViML']"
538,20,ParentOf,base,15,External Control of System or Configuration Setting,1,20,"['danswerai', 'DIGITS', 'open-webui', 'fastapi', 'bokeh', 'nalp', 'spammy', 'ViZDoom', 'langflow', 'PySyft', 'numpy', 'lightly', 'retro', 'ray', 'pydantic', 'pytensor', 'mlflow', 'pytorch', 'streamlit', 'feast', 'rasa', 'mindsdb', 'superset', 'gradio', 'transformers', 'pattern', 'AutoViz', 'Auto_ViML']"
539,21,ParentOf,base,73,External Control of File Name or Path,1,20,"['danswerai', 'DIGITS', 'open-webui', 'fastapi', 'bokeh', 'nalp', 'spammy', 'ViZDoom', 'langflow', 'PySyft', 'numpy', 'lightly', 'retro', 'ray', 'pydantic', 'pytensor', 'mlflow', 'pytorch', 'streamlit', 'feast', 'rasa', 'mindsdb', 'superset', 'gradio', 'transformers', 'pattern', 'AutoViz', 'Auto_ViML']"
540,22,ParentOf,variant,102,Struts: Duplicate Validation Forms,1,20,"['danswerai', 'DIGITS', 'open-webui', 'fastapi', 'bokeh', 'nalp', 'spammy', 'ViZDoom', 'langflow', 'PySyft', 'numpy', 'lightly', 'retro', 'ray', 'pydantic', 'pytensor', 'mlflow', 'pytorch', 'streamlit', 'feast', 'rasa', 'mindsdb', 'superset', 'gradio', 'transformers', 'pattern', 'AutoViz', 'Auto_ViML']"
541,23,ParentOf,variant,103,Struts: Incomplete validate() Method Definition,1,20,"['danswerai', 'DIGITS', 'open-webui', 'fastapi', 'bokeh', 'nalp', 'spammy', 'ViZDoom', 'langflow', 'PySyft', 'numpy', 'lightly', 'retro', 'ray', 'pydantic', 'pytensor', 'mlflow', 'pytorch', 'streamlit', 'feast', 'rasa', 'mindsdb', 'superset', 'gradio', 'transformers', 'pattern', 'AutoViz', 'Auto_ViML']"
542,24,ParentOf,variant,104,Struts: Form Bean Does Not Extend Validation Class,1,20,"['danswerai', 'DIGITS', 'open-webui', 'fastapi', 'bokeh', 'nalp', 'spammy', 'ViZDoom', 'langflow', 'PySyft', 'numpy', 'lightly', 'retro', 'ray', 'pydantic', 'pytensor', 'mlflow', 'pytorch', 'streamlit', 'feast', 'rasa', 'mindsdb', 'superset', 'gradio', 'transformers', 'pattern', 'AutoViz', 'Auto_ViML']"
543,25,ParentOf,variant,105,Struts: Form Field Without Validator,1,20,"['danswerai', 'DIGITS', 'open-webui', 'fastapi', 'bokeh', 'nalp', 'spammy', 'ViZDoom', 'langflow', 'PySyft', 'numpy', 'lightly', 'retro', 'ray', 'pydantic', 'pytensor', 'mlflow', 'pytorch', 'streamlit', 'feast', 'rasa', 'mindsdb', 'superset', 'gradio', 'transformers', 'pattern', 'AutoViz', 'Auto_ViML']"
544,26,ParentOf,variant,106,Struts: Plug-in Framework not in Use,1,20,"['danswerai', 'DIGITS', 'open-webui', 'fastapi', 'bokeh', 'nalp', 'spammy', 'ViZDoom', 'langflow', 'PySyft', 'numpy', 'lightly', 'retro', 'ray', 'pydantic', 'pytensor', 'mlflow', 'pytorch', 'streamlit', 'feast', 'rasa', 'mindsdb', 'superset', 'gradio', 'transformers', 'pattern', 'AutoViz', 'Auto_ViML']"
545,27,ParentOf,variant,107,Struts: Unused Validation Form,1,20,"['danswerai', 'DIGITS', 'open-webui', 'fastapi', 'bokeh', 'nalp', 'spammy', 'ViZDoom', 'langflow', 'PySyft', 'numpy', 'lightly', 'retro', 'ray', 'pydantic', 'pytensor', 'mlflow', 'pytorch', 'streamlit', 'feast', 'rasa', 'mindsdb', 'superset', 'gradio', 'transformers', 'pattern', 'AutoViz', 'Auto_ViML']"
546,28,ParentOf,variant,108,Struts: Unvalidated Action Form,1,20,"['danswerai', 'DIGITS', 'open-webui', 'fastapi', 'bokeh', 'nalp', 'spammy', 'ViZDoom', 'langflow', 'PySyft', 'numpy', 'lightly', 'retro', 'ray', 'pydantic', 'pytensor', 'mlflow', 'pytorch', 'streamlit', 'feast', 'rasa', 'mindsdb', 'superset', 'gradio', 'transformers', 'pattern', 'AutoViz', 'Auto_ViML']"
547,29,ParentOf,variant,109,Struts: Validator Turned Off,1,20,"['danswerai', 'DIGITS', 'open-webui', 'fastapi', 'bokeh', 'nalp', 'spammy', 'ViZDoom', 'langflow', 'PySyft', 'numpy', 'lightly', 'retro', 'ray', 'pydantic', 'pytensor', 'mlflow', 'pytorch', 'streamlit', 'feast', 'rasa', 'mindsdb', 'superset', 'gradio', 'transformers', 'pattern', 'AutoViz', 'Auto_ViML']"
548,30,ParentOf,variant,110,Struts: Validator Without Form Field,1,20,"['danswerai', 'DIGITS', 'open-webui', 'fastapi', 'bokeh', 'nalp', 'spammy', 'ViZDoom', 'langflow', 'PySyft', 'numpy', 'lightly', 'retro', 'ray', 'pydantic', 'pytensor', 'mlflow', 'pytorch', 'streamlit', 'feast', 'rasa', 'mindsdb', 'superset', 'gradio', 'transformers', 'pattern', 'AutoViz', 'Auto_ViML']"
549,31,ParentOf,variant,111,Direct Use of Unsafe JNI,1,20,"['danswerai', 'DIGITS', 'open-webui', 'fastapi', 'bokeh', 'nalp', 'spammy', 'ViZDoom', 'langflow', 'PySyft', 'numpy', 'lightly', 'retro', 'ray', 'pydantic', 'pytensor', 'mlflow', 'pytorch', 'streamlit', 'feast', 'rasa', 'mindsdb', 'superset', 'gradio', 'transformers', 'pattern', 'AutoViz', 'Auto_ViML']"
550,32,ParentOf,base,112,Missing XML Validation,1,20,"['danswerai', 'DIGITS', 'open-webui', 'fastapi', 'bokeh', 'nalp', 'spammy', 'ViZDoom', 'langflow', 'PySyft', 'numpy', 'lightly', 'retro', 'ray', 'pydantic', 'pytensor', 'mlflow', 'pytorch', 'streamlit', 'feast', 'rasa', 'mindsdb', 'superset', 'gradio', 'transformers', 'pattern', 'AutoViz', 'Auto_ViML']"
551,33,ParentOf,variant,113,Improper Neutralization of CRLF Sequences in HTTP Headers ('HTTP Request/Response Splitting'),1,20,"['danswerai', 'DIGITS', 'open-webui', 'fastapi', 'bokeh', 'nalp', 'spammy', 'ViZDoom', 'langflow', 'PySyft', 'numpy', 'lightly', 'retro', 'ray', 'pydantic', 'pytensor', 'mlflow', 'pytorch', 'streamlit', 'feast', 'rasa', 'mindsdb', 'superset', 'gradio', 'transformers', 'pattern', 'AutoViz', 'Auto_ViML']"
552,34,ParentOf,class,114,Process Control,1,20,"['danswerai', 'DIGITS', 'open-webui', 'fastapi', 'bokeh', 'nalp', 'spammy', 'ViZDoom', 'langflow', 'PySyft', 'numpy', 'lightly', 'retro', 'ray', 'pydantic', 'pytensor', 'mlflow', 'pytorch', 'streamlit', 'feast', 'rasa', 'mindsdb', 'superset', 'gradio', 'transformers', 'pattern', 'AutoViz', 'Auto_ViML']"
553,35,ParentOf,base,117,Improper Output Neutralization for Logs,1,20,"['danswerai', 'DIGITS', 'open-webui', 'fastapi', 'bokeh', 'nalp', 'spammy', 'ViZDoom', 'langflow', 'PySyft', 'numpy', 'lightly', 'retro', 'ray', 'pydantic', 'pytensor', 'mlflow', 'pytorch', 'streamlit', 'feast', 'rasa', 'mindsdb', 'superset', 'gradio', 'transformers', 'pattern', 'AutoViz', 'Auto_ViML']"
554,36,ParentOf,class,119,Improper Restriction of Operations within the Bounds of a Memory Buffer,1,20,"['danswerai', 'DIGITS', 'open-webui', 'fastapi', 'bokeh', 'nalp', 'spammy', 'ViZDoom', 'langflow', 'PySyft', 'numpy', 'lightly', 'retro', 'ray', 'pydantic', 'pytensor', 'mlflow', 'pytorch', 'streamlit', 'feast', 'rasa', 'mindsdb', 'superset', 'gradio', 'transformers', 'pattern', 'AutoViz', 'Auto_ViML']"
555,37,ParentOf,base,120,Buffer Copy without Checking Size of Input ('Classic Buffer Overflow'),1,20,"['danswerai', 'DIGITS', 'open-webui', 'fastapi', 'bokeh', 'nalp', 'spammy', 'ViZDoom', 'langflow', 'PySyft', 'numpy', 'lightly', 'retro', 'ray', 'pydantic', 'pytensor', 'mlflow', 'pytorch', 'streamlit', 'feast', 'rasa', 'mindsdb', 'superset', 'gradio', 'transformers', 'pattern', 'AutoViz', 'Auto_ViML']"
556,38,ParentOf,base,134,Use of Externally-Controlled Format String,1,20,"['danswerai', 'DIGITS', 'open-webui', 'fastapi', 'bokeh', 'nalp', 'spammy', 'ViZDoom', 'langflow', 'PySyft', 'numpy', 'lightly', 'retro', 'ray', 'pydantic', 'pytensor', 'mlflow', 'pytorch', 'streamlit', 'feast', 'rasa', 'mindsdb', 'superset', 'gradio', 'transformers', 'pattern', 'AutoViz', 'Auto_ViML']"
557,39,ParentOf,base,170,Improper Null Termination,1,20,"['danswerai', 'DIGITS', 'open-webui', 'fastapi', 'bokeh', 'nalp', 'spammy', 'ViZDoom', 'langflow', 'PySyft', 'numpy', 'lightly', 'retro', 'ray', 'pydantic', 'pytensor', 'mlflow', 'pytorch', 'streamlit', 'feast', 'rasa', 'mindsdb', 'superset', 'gradio', 'transformers', 'pattern', 'AutoViz', 'Auto_ViML']"
558,40,ParentOf,base,190,Integer Overflow or Wraparound,1,20,"['danswerai', 'DIGITS', 'open-webui', 'fastapi', 'bokeh', 'nalp', 'spammy', 'ViZDoom', 'langflow', 'PySyft', 'numpy', 'lightly', 'retro', 'ray', 'pydantic', 'pytensor', 'mlflow', 'pytorch', 'streamlit', 'feast', 'rasa', 'mindsdb', 'superset', 'gradio', 'transformers', 'pattern', 'AutoViz', 'Auto_ViML']"
559,41,ParentOf,base,466,Return of Pointer Value Outside of Expected Range,1,20,"['danswerai', 'DIGITS', 'open-webui', 'fastapi', 'bokeh', 'nalp', 'spammy', 'ViZDoom', 'langflow', 'PySyft', 'numpy', 'lightly', 'retro', 'ray', 'pydantic', 'pytensor', 'mlflow', 'pytorch', 'streamlit', 'feast', 'rasa', 'mindsdb', 'superset', 'gradio', 'transformers', 'pattern', 'AutoViz', 'Auto_ViML']"
560,42,ParentOf,base,470,Use of Externally-Controlled Input to Select Classes or Code ('Unsafe Reflection'),1,20,"['danswerai', 'DIGITS', 'open-webui', 'fastapi', 'bokeh', 'nalp', 'spammy', 'ViZDoom', 'langflow', 'PySyft', 'numpy', 'lightly', 'retro', 'ray', 'pydantic', 'pytensor', 'mlflow', 'pytorch', 'streamlit', 'feast', 'rasa', 'mindsdb', 'superset', 'gradio', 'transformers', 'pattern', 'AutoViz', 'Auto_ViML']"
561,43,ParentOf,variant,785,Use of Path Manipulation Function without Maximum-sized Buffer,1,20,"['danswerai', 'DIGITS', 'open-webui', 'fastapi', 'bokeh', 'nalp', 'spammy', 'ViZDoom', 'langflow', 'PySyft', 'numpy', 'lightly', 'retro', 'ray', 'pydantic', 'pytensor', 'mlflow', 'pytorch', 'streamlit', 'feast', 'rasa', 'mindsdb', 'superset', 'gradio', 'transformers', 'pattern', 'AutoViz', 'Auto_ViML']"
562,44,MemberOf,view,635,Weaknesses Originally Used by NVD from 2008 to 2016,1,20,"['danswerai', 'DIGITS', 'open-webui', 'fastapi', 'bokeh', 'nalp', 'spammy', 'ViZDoom', 'langflow', 'PySyft', 'numpy', 'lightly', 'retro', 'ray', 'pydantic', 'pytensor', 'mlflow', 'pytorch', 'streamlit', 'feast', 'rasa', 'mindsdb', 'superset', 'gradio', 'transformers', 'pattern', 'AutoViz', 'Auto_ViML']"
563,45,MemberOf,category,722,OWASP Top Ten 2004 Category A1 - Unvalidated Input,1,20,"['danswerai', 'DIGITS', 'open-webui', 'fastapi', 'bokeh', 'nalp', 'spammy', 'ViZDoom', 'langflow', 'PySyft', 'numpy', 'lightly', 'retro', 'ray', 'pydantic', 'pytensor', 'mlflow', 'pytorch', 'streamlit', 'feast', 'rasa', 'mindsdb', 'superset', 'gradio', 'transformers', 'pattern', 'AutoViz', 'Auto_ViML']"
564,46,MemberOf,category,738,CERT C Secure Coding Standard (2008) Chapter 5 - Integers (INT),1,20,"['danswerai', 'DIGITS', 'open-webui', 'fastapi', 'bokeh', 'nalp', 'spammy', 'ViZDoom', 'langflow', 'PySyft', 'numpy', 'lightly', 'retro', 'ray', 'pydantic', 'pytensor', 'mlflow', 'pytorch', 'streamlit', 'feast', 'rasa', 'mindsdb', 'superset', 'gradio', 'transformers', 'pattern', 'AutoViz', 'Auto_ViML']"
565,47,MemberOf,category,742,CERT C Secure Coding Standard (2008) Chapter 9 - Memory Management (MEM),1,20,"['danswerai', 'DIGITS', 'open-webui', 'fastapi', 'bokeh', 'nalp', 'spammy', 'ViZDoom', 'langflow', 'PySyft', 'numpy', 'lightly', 'retro', 'ray', 'pydantic', 'pytensor', 'mlflow', 'pytorch', 'streamlit', 'feast', 'rasa', 'mindsdb', 'superset', 'gradio', 'transformers', 'pattern', 'AutoViz', 'Auto_ViML']"
566,48,MemberOf,category,746,CERT C Secure Coding Standard (2008) Chapter 13 - Error Handling (ERR),1,20,"['danswerai', 'DIGITS', 'open-webui', 'fastapi', 'bokeh', 'nalp', 'spammy', 'ViZDoom', 'langflow', 'PySyft', 'numpy', 'lightly', 'retro', 'ray', 'pydantic', 'pytensor', 'mlflow', 'pytorch', 'streamlit', 'feast', 'rasa', 'mindsdb', 'superset', 'gradio', 'transformers', 'pattern', 'AutoViz', 'Auto_ViML']"
567,49,MemberOf,category,747,CERT C Secure Coding Standard (2008) Chapter 14 - Miscellaneous (MSC),1,20,"['danswerai', 'DIGITS', 'open-webui', 'fastapi', 'bokeh', 'nalp', 'spammy', 'ViZDoom', 'langflow', 'PySyft', 'numpy', 'lightly', 'retro', 'ray', 'pydantic', 'pytensor', 'mlflow', 'pytorch', 'streamlit', 'feast', 'rasa', 'mindsdb', 'superset', 'gradio', 'transformers', 'pattern', 'AutoViz', 'Auto_ViML']"
568,50,MemberOf,category,751,2009 Top 25 - Insecure Interaction Between Components,1,20,"['danswerai', 'DIGITS', 'open-webui', 'fastapi', 'bokeh', 'nalp', 'spammy', 'ViZDoom', 'langflow', 'PySyft', 'numpy', 'lightly', 'retro', 'ray', 'pydantic', 'pytensor', 'mlflow', 'pytorch', 'streamlit', 'feast', 'rasa', 'mindsdb', 'superset', 'gradio', 'transformers', 'pattern', 'AutoViz', 'Auto_ViML']"
569,51,MemberOf,category,872,CERT C++ Secure Coding Section 04 - Integers (INT),1,20,"['danswerai', 'DIGITS', 'open-webui', 'fastapi', 'bokeh', 'nalp', 'spammy', 'ViZDoom', 'langflow', 'PySyft', 'numpy', 'lightly', 'retro', 'ray', 'pydantic', 'pytensor', 'mlflow', 'pytorch', 'streamlit', 'feast', 'rasa', 'mindsdb', 'superset', 'gradio', 'transformers', 'pattern', 'AutoViz', 'Auto_ViML']"
570,52,MemberOf,category,876,CERT C++ Secure Coding Section 08 - Memory Management (MEM),1,20,"['danswerai', 'DIGITS', 'open-webui', 'fastapi', 'bokeh', 'nalp', 'spammy', 'ViZDoom', 'langflow', 'PySyft', 'numpy', 'lightly', 'retro', 'ray', 'pydantic', 'pytensor', 'mlflow', 'pytorch', 'streamlit', 'feast', 'rasa', 'mindsdb', 'superset', 'gradio', 'transformers', 'pattern', 'AutoViz', 'Auto_ViML']"
571,53,MemberOf,category,883,CERT C++ Secure Coding Section 49 - Miscellaneous (MSC),1,20,"['danswerai', 'DIGITS', 'open-webui', 'fastapi', 'bokeh', 'nalp', 'spammy', 'ViZDoom', 'langflow', 'PySyft', 'numpy', 'lightly', 'retro', 'ray', 'pydantic', 'pytensor', 'mlflow', 'pytorch', 'streamlit', 'feast', 'rasa', 'mindsdb', 'superset', 'gradio', 'transformers', 'pattern', 'AutoViz', 'Auto_ViML']"
572,54,MemberOf,category,994,SFP Secondary Cluster: Tainted Input to Variable,1,20,"['danswerai', 'DIGITS', 'open-webui', 'fastapi', 'bokeh', 'nalp', 'spammy', 'ViZDoom', 'langflow', 'PySyft', 'numpy', 'lightly', 'retro', 'ray', 'pydantic', 'pytensor', 'mlflow', 'pytorch', 'streamlit', 'feast', 'rasa', 'mindsdb', 'superset', 'gradio', 'transformers', 'pattern', 'AutoViz', 'Auto_ViML']"
573,55,MemberOf,category,1005,7PK - Input Validation and Representation,1,20,"['danswerai', 'DIGITS', 'open-webui', 'fastapi', 'bokeh', 'nalp', 'spammy', 'ViZDoom', 'langflow', 'PySyft', 'numpy', 'lightly', 'retro', 'ray', 'pydantic', 'pytensor', 'mlflow', 'pytorch', 'streamlit', 'feast', 'rasa', 'mindsdb', 'superset', 'gradio', 'transformers', 'pattern', 'AutoViz', 'Auto_ViML']"
574,56,MemberOf,category,1163,SEI CERT C Coding Standard - Guidelines 09. Input Output (FIO),1,20,"['danswerai', 'DIGITS', 'open-webui', 'fastapi', 'bokeh', 'nalp', 'spammy', 'ViZDoom', 'langflow', 'PySyft', 'numpy', 'lightly', 'retro', 'ray', 'pydantic', 'pytensor', 'mlflow', 'pytorch', 'streamlit', 'feast', 'rasa', 'mindsdb', 'superset', 'gradio', 'transformers', 'pattern', 'AutoViz', 'Auto_ViML']"
575,57,MemberOf,view,1200,Weaknesses in the 2019 CWE Top 25 Most Dangerous Software Errors,1,20,"['danswerai', 'DIGITS', 'open-webui', 'fastapi', 'bokeh', 'nalp', 'spammy', 'ViZDoom', 'langflow', 'PySyft', 'numpy', 'lightly', 'retro', 'ray', 'pydantic', 'pytensor', 'mlflow', 'pytorch', 'streamlit', 'feast', 'rasa', 'mindsdb', 'superset', 'gradio', 'transformers', 'pattern', 'AutoViz', 'Auto_ViML']"
576,58,MemberOf,view,1337,Weaknesses in the 2021 CWE Top 25 Most Dangerous Software Weaknesses,1,20,"['danswerai', 'DIGITS', 'open-webui', 'fastapi', 'bokeh', 'nalp', 'spammy', 'ViZDoom', 'langflow', 'PySyft', 'numpy', 'lightly', 'retro', 'ray', 'pydantic', 'pytensor', 'mlflow', 'pytorch', 'streamlit', 'feast', 'rasa', 'mindsdb', 'superset', 'gradio', 'transformers', 'pattern', 'AutoViz', 'Auto_ViML']"
577,59,MemberOf,category,1347,OWASP Top Ten 2021 Category A03:2021 - Injection,1,20,"['danswerai', 'DIGITS', 'open-webui', 'fastapi', 'bokeh', 'nalp', 'spammy', 'ViZDoom', 'langflow', 'PySyft', 'numpy', 'lightly', 'retro', 'ray', 'pydantic', 'pytensor', 'mlflow', 'pytorch', 'streamlit', 'feast', 'rasa', 'mindsdb', 'superset', 'gradio', 'transformers', 'pattern', 'AutoViz', 'Auto_ViML']"
578,60,MemberOf,view,1350,Weaknesses in the 2020 CWE Top 25 Most Dangerous Software Weaknesses,1,20,"['danswerai', 'DIGITS', 'open-webui', 'fastapi', 'bokeh', 'nalp', 'spammy', 'ViZDoom', 'langflow', 'PySyft', 'numpy', 'lightly', 'retro', 'ray', 'pydantic', 'pytensor', 'mlflow', 'pytorch', 'streamlit', 'feast', 'rasa', 'mindsdb', 'superset', 'gradio', 'transformers', 'pattern', 'AutoViz', 'Auto_ViML']"
579,61,MemberOf,category,1382,ICS Operations (& Maintenance): Emerging Energy Technologies,1,20,"['danswerai', 'DIGITS', 'open-webui', 'fastapi', 'bokeh', 'nalp', 'spammy', 'ViZDoom', 'langflow', 'PySyft', 'numpy', 'lightly', 'retro', 'ray', 'pydantic', 'pytensor', 'mlflow', 'pytorch', 'streamlit', 'feast', 'rasa', 'mindsdb', 'superset', 'gradio', 'transformers', 'pattern', 'AutoViz', 'Auto_ViML']"
580,62,MemberOf,view,1387,Weaknesses in the 2022 CWE Top 25 Most Dangerous Software Weaknesses,1,20,"['danswerai', 'DIGITS', 'open-webui', 'fastapi', 'bokeh', 'nalp', 'spammy', 'ViZDoom', 'langflow', 'PySyft', 'numpy', 'lightly', 'retro', 'ray', 'pydantic', 'pytensor', 'mlflow', 'pytorch', 'streamlit', 'feast', 'rasa', 'mindsdb', 'superset', 'gradio', 'transformers', 'pattern', 'AutoViz', 'Auto_ViML']"
581,63,MemberOf,category,1406,Comprehensive Categorization: Improper Input Validation,1,20,"['danswerai', 'DIGITS', 'open-webui', 'fastapi', 'bokeh', 'nalp', 'spammy', 'ViZDoom', 'langflow', 'PySyft', 'numpy', 'lightly', 'retro', 'ray', 'pydantic', 'pytensor', 'mlflow', 'pytorch', 'streamlit', 'feast', 'rasa', 'mindsdb', 'superset', 'gradio', 'transformers', 'pattern', 'AutoViz', 'Auto_ViML']"
582,64,MemberOf,view,1425,Weaknesses in the 2023 CWE Top 25 Most Dangerous Software Weaknesses,1,20,"['danswerai', 'DIGITS', 'open-webui', 'fastapi', 'bokeh', 'nalp', 'spammy', 'ViZDoom', 'langflow', 'PySyft', 'numpy', 'lightly', 'retro', 'ray', 'pydantic', 'pytensor', 'mlflow', 'pytorch', 'streamlit', 'feast', 'rasa', 'mindsdb', 'superset', 'gradio', 'transformers', 'pattern', 'AutoViz', 'Auto_ViML']"
583,65,MemberOf,view,1430,Weaknesses in the 2024 CWE Top 25 Most Dangerous Software Weaknesses,1,20,"['danswerai', 'DIGITS', 'open-webui', 'fastapi', 'bokeh', 'nalp', 'spammy', 'ViZDoom', 'langflow', 'PySyft', 'numpy', 'lightly', 'retro', 'ray', 'pydantic', 'pytensor', 'mlflow', 'pytorch', 'streamlit', 'feast', 'rasa', 'mindsdb', 'superset', 'gradio', 'transformers', 'pattern', 'AutoViz', 'Auto_ViML']"
584,66,MemberOf,view,1435,Weaknesses in the 2025 CWE Top 25 Most Dangerous Software Weaknesses,1,20,"['danswerai', 'DIGITS', 'open-webui', 'fastapi', 'bokeh', 'nalp', 'spammy', 'ViZDoom', 'langflow', 'PySyft', 'numpy', 'lightly', 'retro', 'ray', 'pydantic', 'pytensor', 'mlflow', 'pytorch', 'streamlit', 'feast', 'rasa', 'mindsdb', 'superset', 'gradio', 'transformers', 'pattern', 'AutoViz', 'Auto_ViML']"
585,67,MemberOf,category,1440,OWASP Top Ten 2025 Category A05:2025 - Injection,1,20,"['danswerai', 'DIGITS', 'open-webui', 'fastapi', 'bokeh', 'nalp', 'spammy', 'ViZDoom', 'langflow', 'PySyft', 'numpy', 'lightly', 'retro', 'ray', 'pydantic', 'pytensor', 'mlflow', 'pytorch', 'streamlit', 'feast', 'rasa', 'mindsdb', 'superset', 'gradio', 'transformers', 'pattern', 'AutoViz', 'Auto_ViML']"
586,68,Self,class,20,,1,20,"['danswerai', 'DIGITS', 'open-webui', 'fastapi', 'bokeh', 'nalp', 'spammy', 'ViZDoom', 'langflow', 'PySyft', 'numpy', 'lightly', 'retro', 'ray', 'pydantic', 'pytensor', 'mlflow', 'pytorch', 'streamlit', 'feast', 'rasa', 'mindsdb', 'superset', 'gradio', 'transformers', 'pattern', 'AutoViz', 'Auto_ViML']"
587,0,ChildOf,pillar,707,Improper Neutralization,49,20,"['danswerai', 'DIGITS', 'open-webui', 'fastapi', 'bokeh', 'nalp', 'spammy', 'ViZDoom', 'langflow', 'PySyft', 'numpy', 'lightly', 'retro', 'ray', 'pydantic', 'pytensor', 'mlflow', 'pytorch', 'streamlit', 'feast', 'rasa', 'mindsdb', 'superset', 'gradio', 'transformers', 'pattern', 'AutoViz', 'Auto_ViML']"
588,1,ParentOf,base,179,Incorrect Behavior Order: Early Validation,49,20,"['danswerai', 'DIGITS', 'open-webui', 'fastapi', 'bokeh', 'nalp', 'spammy', 'ViZDoom', 'langflow', 'PySyft', 'numpy', 'lightly', 'retro', 'ray', 'pydantic', 'pytensor', 'mlflow', 'pytorch', 'streamlit', 'feast', 'rasa', 'mindsdb', 'superset', 'gradio', 'transformers', 'pattern', 'AutoViz', 'Auto_ViML']"
589,2,ParentOf,variant,622,Improper Validation of Function Hook Arguments,49,20,"['danswerai', 'DIGITS', 'open-webui', 'fastapi', 'bokeh', 'nalp', 'spammy', 'ViZDoom', 'langflow', 'PySyft', 'numpy', 'lightly', 'retro', 'ray', 'pydantic', 'pytensor', 'mlflow', 'pytorch', 'streamlit', 'feast', 'rasa', 'mindsdb', 'superset', 'gradio', 'transformers', 'pattern', 'AutoViz', 'Auto_ViML']"
590,3,ParentOf,base,1173,Improper Use of Validation Framework,49,20,"['danswerai', 'DIGITS', 'open-webui', 'fastapi', 'bokeh', 'nalp', 'spammy', 'ViZDoom', 'langflow', 'PySyft', 'numpy', 'lightly', 'retro', 'ray', 'pydantic', 'pytensor', 'mlflow', 'pytorch', 'streamlit', 'feast', 'rasa', 'mindsdb', 'superset', 'gradio', 'transformers', 'pattern', 'AutoViz', 'Auto_ViML']"
591,4,ParentOf,base,1284,Improper Validation of Specified Quantity in Input,49,20,"['danswerai', 'DIGITS', 'open-webui', 'fastapi', 'bokeh', 'nalp', 'spammy', 'ViZDoom', 'langflow', 'PySyft', 'numpy', 'lightly', 'retro', 'ray', 'pydantic', 'pytensor', 'mlflow', 'pytorch', 'streamlit', 'feast', 'rasa', 'mindsdb', 'superset', 'gradio', 'transformers', 'pattern', 'AutoViz', 'Auto_ViML']"
592,5,ParentOf,base,1285,"Improper Validation of Specified Index, Position, or Offset in Input",49,20,"['danswerai', 'DIGITS', 'open-webui', 'fastapi', 'bokeh', 'nalp', 'spammy', 'ViZDoom', 'langflow', 'PySyft', 'numpy', 'lightly', 'retro', 'ray', 'pydantic', 'pytensor', 'mlflow', 'pytorch', 'streamlit', 'feast', 'rasa', 'mindsdb', 'superset', 'gradio', 'transformers', 'pattern', 'AutoViz', 'Auto_ViML']"
593,6,ParentOf,base,1286,Improper Validation of Syntactic Correctness of Input,49,20,"['danswerai', 'DIGITS', 'open-webui', 'fastapi', 'bokeh', 'nalp', 'spammy', 'ViZDoom', 'langflow', 'PySyft', 'numpy', 'lightly', 'retro', 'ray', 'pydantic', 'pytensor', 'mlflow', 'pytorch', 'streamlit', 'feast', 'rasa', 'mindsdb', 'superset', 'gradio', 'transformers', 'pattern', 'AutoViz', 'Auto_ViML']"
594,7,ParentOf,base,1287,Improper Validation of Specified Type of Input,49,20,"['danswerai', 'DIGITS', 'open-webui', 'fastapi', 'bokeh', 'nalp', 'spammy', 'ViZDoom', 'langflow', 'PySyft', 'numpy', 'lightly', 'retro', 'ray', 'pydantic', 'pytensor', 'mlflow', 'pytorch', 'streamlit', 'feast', 'rasa', 'mindsdb', 'superset', 'gradio', 'transformers', 'pattern', 'AutoViz', 'Auto_ViML']"
595,8,ParentOf,base,1288,Improper Validation of Consistency within Input,49,20,"['danswerai', 'DIGITS', 'open-webui', 'fastapi', 'bokeh', 'nalp', 'spammy', 'ViZDoom', 'langflow', 'PySyft', 'numpy', 'lightly', 'retro', 'ray', 'pydantic', 'pytensor', 'mlflow', 'pytorch', 'streamlit', 'feast', 'rasa', 'mindsdb', 'superset', 'gradio', 'transformers', 'pattern', 'AutoViz', 'Auto_ViML']"
596,9,ParentOf,base,1289,Improper Validation of Unsafe Equivalence in Input,49,20,"['danswerai', 'DIGITS', 'open-webui', 'fastapi', 'bokeh', 'nalp', 'spammy', 'ViZDoom', 'langflow', 'PySyft', 'numpy', 'lightly', 'retro', 'ray', 'pydantic', 'pytensor', 'mlflow', 'pytorch', 'streamlit', 'feast', 'rasa', 'mindsdb', 'superset', 'gradio', 'transformers', 'pattern', 'AutoViz', 'Auto_ViML']"
597,10,PeerOf,class,345,Insufficient Verification of Data Authenticity,49,20,"['danswerai', 'DIGITS', 'open-webui', 'fastapi', 'bokeh', 'nalp', 'spammy', 'ViZDoom', 'langflow', 'PySyft', 'numpy', 'lightly', 'retro', 'ray', 'pydantic', 'pytensor', 'mlflow', 'pytorch', 'streamlit', 'feast', 'rasa', 'mindsdb', 'superset', 'gradio', 'transformers', 'pattern', 'AutoViz', 'Auto_ViML']"
598,11,CanPrecede,base,22,Improper Limitation of a Pathname to a Restricted Directory ('Path Traversal'),49,20,"['danswerai', 'DIGITS', 'open-webui', 'fastapi', 'bokeh', 'nalp', 'spammy', 'ViZDoom', 'langflow', 'PySyft', 'numpy', 'lightly', 'retro', 'ray', 'pydantic', 'pytensor', 'mlflow', 'pytorch', 'streamlit', 'feast', 'rasa', 'mindsdb', 'superset', 'gradio', 'transformers', 'pattern', 'AutoViz', 'Auto_ViML']"
599,12,CanPrecede,base,41,Improper Resolution of Path Equivalence,49,20,"['danswerai', 'DIGITS', 'open-webui', 'fastapi', 'bokeh', 'nalp', 'spammy', 'ViZDoom', 'langflow', 'PySyft', 'numpy', 'lightly', 'retro', 'ray', 'pydantic', 'pytensor', 'mlflow', 'pytorch', 'streamlit', 'feast', 'rasa', 'mindsdb', 'superset', 'gradio', 'transformers', 'pattern', 'AutoViz', 'Auto_ViML']"
600,13,CanPrecede,class,74,Improper Neutralization of Special Elements in Output Used by a Downstream Component ('Injection'),49,20,"['danswerai', 'DIGITS', 'open-webui', 'fastapi', 'bokeh', 'nalp', 'spammy', 'ViZDoom', 'langflow', 'PySyft', 'numpy', 'lightly', 'retro', 'ray', 'pydantic', 'pytensor', 'mlflow', 'pytorch', 'streamlit', 'feast', 'rasa', 'mindsdb', 'superset', 'gradio', 'transformers', 'pattern', 'AutoViz', 'Auto_ViML']"
601,14,CanPrecede,class,119,Improper Restriction of Operations within the Bounds of a Memory Buffer,49,20,"['danswerai', 'DIGITS', 'open-webui', 'fastapi', 'bokeh', 'nalp', 'spammy', 'ViZDoom', 'langflow', 'PySyft', 'numpy', 'lightly', 'retro', 'ray', 'pydantic', 'pytensor', 'mlflow', 'pytorch', 'streamlit', 'feast', 'rasa', 'mindsdb', 'superset', 'gradio', 'transformers', 'pattern', 'AutoViz', 'Auto_ViML']"
602,15,CanPrecede,base,770,Allocation of Resources Without Limits or Throttling,49,20,"['danswerai', 'DIGITS', 'open-webui', 'fastapi', 'bokeh', 'nalp', 'spammy', 'ViZDoom', 'langflow', 'PySyft', 'numpy', 'lightly', 'retro', 'ray', 'pydantic', 'pytensor', 'mlflow', 'pytorch', 'streamlit', 'feast', 'rasa', 'mindsdb', 'superset', 'gradio', 'transformers', 'pattern', 'AutoViz', 'Auto_ViML']"
603,16,MemberOf,view,1003,Weaknesses for Simplified Mapping of Published Vulnerabilities,49,20,"['danswerai', 'DIGITS', 'open-webui', 'fastapi', 'bokeh', 'nalp', 'spammy', 'ViZDoom', 'langflow', 'PySyft', 'numpy', 'lightly', 'retro', 'ray', 'pydantic', 'pytensor', 'mlflow', 'pytorch', 'streamlit', 'feast', 'rasa', 'mindsdb', 'superset', 'gradio', 'transformers', 'pattern', 'AutoViz', 'Auto_ViML']"
604,17,ParentOf,variant,129,Improper Validation of Array Index,49,20,"['danswerai', 'DIGITS', 'open-webui', 'fastapi', 'bokeh', 'nalp', 'spammy', 'ViZDoom', 'langflow', 'PySyft', 'numpy', 'lightly', 'retro', 'ray', 'pydantic', 'pytensor', 'mlflow', 'pytorch', 'streamlit', 'feast', 'rasa', 'mindsdb', 'superset', 'gradio', 'transformers', 'pattern', 'AutoViz', 'Auto_ViML']"
605,18,ParentOf,base,1284,Improper Validation of Specified Quantity in Input,49,20,"['danswerai', 'DIGITS', 'open-webui', 'fastapi', 'bokeh', 'nalp', 'spammy', 'ViZDoom', 'langflow', 'PySyft', 'numpy', 'lightly', 'retro', 'ray', 'pydantic', 'pytensor', 'mlflow', 'pytorch', 'streamlit', 'feast', 'rasa', 'mindsdb', 'superset', 'gradio', 'transformers', 'pattern', 'AutoViz', 'Auto_ViML']"
606,19,MemberOf,category,1019,Validate Inputs,49,20,"['danswerai', 'DIGITS', 'open-webui', 'fastapi', 'bokeh', 'nalp', 'spammy', 'ViZDoom', 'langflow', 'PySyft', 'numpy', 'lightly', 'retro', 'ray', 'pydantic', 'pytensor', 'mlflow', 'pytorch', 'streamlit', 'feast', 'rasa', 'mindsdb', 'superset', 'gradio', 'transformers', 'pattern', 'AutoViz', 'Auto_ViML']"
607,20,ParentOf,base,15,External Control of System or Configuration Setting,49,20,"['danswerai', 'DIGITS', 'open-webui', 'fastapi', 'bokeh', 'nalp', 'spammy', 'ViZDoom', 'langflow', 'PySyft', 'numpy', 'lightly', 'retro', 'ray', 'pydantic', 'pytensor', 'mlflow', 'pytorch', 'streamlit', 'feast', 'rasa', 'mindsdb', 'superset', 'gradio', 'transformers', 'pattern', 'AutoViz', 'Auto_ViML']"
608,21,ParentOf,base,73,External Control of File Name or Path,49,20,"['danswerai', 'DIGITS', 'open-webui', 'fastapi', 'bokeh', 'nalp', 'spammy', 'ViZDoom', 'langflow', 'PySyft', 'numpy', 'lightly', 'retro', 'ray', 'pydantic', 'pytensor', 'mlflow', 'pytorch', 'streamlit', 'feast', 'rasa', 'mindsdb', 'superset', 'gradio', 'transformers', 'pattern', 'AutoViz', 'Auto_ViML']"
609,22,ParentOf,variant,102,Struts: Duplicate Validation Forms,49,20,"['danswerai', 'DIGITS', 'open-webui', 'fastapi', 'bokeh', 'nalp', 'spammy', 'ViZDoom', 'langflow', 'PySyft', 'numpy', 'lightly', 'retro', 'ray', 'pydantic', 'pytensor', 'mlflow', 'pytorch', 'streamlit', 'feast', 'rasa', 'mindsdb', 'superset', 'gradio', 'transformers', 'pattern', 'AutoViz', 'Auto_ViML']"
610,23,ParentOf,variant,103,Struts: Incomplete validate() Method Definition,49,20,"['danswerai', 'DIGITS', 'open-webui', 'fastapi', 'bokeh', 'nalp', 'spammy', 'ViZDoom', 'langflow', 'PySyft', 'numpy', 'lightly', 'retro', 'ray', 'pydantic', 'pytensor', 'mlflow', 'pytorch', 'streamlit', 'feast', 'rasa', 'mindsdb', 'superset', 'gradio', 'transformers', 'pattern', 'AutoViz', 'Auto_ViML']"
611,24,ParentOf,variant,104,Struts: Form Bean Does Not Extend Validation Class,49,20,"['danswerai', 'DIGITS', 'open-webui', 'fastapi', 'bokeh', 'nalp', 'spammy', 'ViZDoom', 'langflow', 'PySyft', 'numpy', 'lightly', 'retro', 'ray', 'pydantic', 'pytensor', 'mlflow', 'pytorch', 'streamlit', 'feast', 'rasa', 'mindsdb', 'superset', 'gradio', 'transformers', 'pattern', 'AutoViz', 'Auto_ViML']"
612,25,ParentOf,variant,105,Struts: Form Field Without Validator,49,20,"['danswerai', 'DIGITS', 'open-webui', 'fastapi', 'bokeh', 'nalp', 'spammy', 'ViZDoom', 'langflow', 'PySyft', 'numpy', 'lightly', 'retro', 'ray', 'pydantic', 'pytensor', 'mlflow', 'pytorch', 'streamlit', 'feast', 'rasa', 'mindsdb', 'superset', 'gradio', 'transformers', 'pattern', 'AutoViz', 'Auto_ViML']"
613,26,ParentOf,variant,106,Struts: Plug-in Framework not in Use,49,20,"['danswerai', 'DIGITS', 'open-webui', 'fastapi', 'bokeh', 'nalp', 'spammy', 'ViZDoom', 'langflow', 'PySyft', 'numpy', 'lightly', 'retro', 'ray', 'pydantic', 'pytensor', 'mlflow', 'pytorch', 'streamlit', 'feast', 'rasa', 'mindsdb', 'superset', 'gradio', 'transformers', 'pattern', 'AutoViz', 'Auto_ViML']"
614,27,ParentOf,variant,107,Struts: Unused Validation Form,49,20,"['danswerai', 'DIGITS', 'open-webui', 'fastapi', 'bokeh', 'nalp', 'spammy', 'ViZDoom', 'langflow', 'PySyft', 'numpy', 'lightly', 'retro', 'ray', 'pydantic', 'pytensor', 'mlflow', 'pytorch', 'streamlit', 'feast', 'rasa', 'mindsdb', 'superset', 'gradio', 'transformers', 'pattern', 'AutoViz', 'Auto_ViML']"
615,28,ParentOf,variant,108,Struts: Unvalidated Action Form,49,20,"['danswerai', 'DIGITS', 'open-webui', 'fastapi', 'bokeh', 'nalp', 'spammy', 'ViZDoom', 'langflow', 'PySyft', 'numpy', 'lightly', 'retro', 'ray', 'pydantic', 'pytensor', 'mlflow', 'pytorch', 'streamlit', 'feast', 'rasa', 'mindsdb', 'superset', 'gradio', 'transformers', 'pattern', 'AutoViz', 'Auto_ViML']"
616,29,ParentOf,variant,109,Struts: Validator Turned Off,49,20,"['danswerai', 'DIGITS', 'open-webui', 'fastapi', 'bokeh', 'nalp', 'spammy', 'ViZDoom', 'langflow', 'PySyft', 'numpy', 'lightly', 'retro', 'ray', 'pydantic', 'pytensor', 'mlflow', 'pytorch', 'streamlit', 'feast', 'rasa', 'mindsdb', 'superset', 'gradio', 'transformers', 'pattern', 'AutoViz', 'Auto_ViML']"
617,30,ParentOf,variant,110,Struts: Validator Without Form Field,49,20,"['danswerai', 'DIGITS', 'open-webui', 'fastapi', 'bokeh', 'nalp', 'spammy', 'ViZDoom', 'langflow', 'PySyft', 'numpy', 'lightly', 'retro', 'ray', 'pydantic', 'pytensor', 'mlflow', 'pytorch', 'streamlit', 'feast', 'rasa', 'mindsdb', 'superset', 'gradio', 'transformers', 'pattern', 'AutoViz', 'Auto_ViML']"
618,31,ParentOf,variant,111,Direct Use of Unsafe JNI,49,20,"['danswerai', 'DIGITS', 'open-webui', 'fastapi', 'bokeh', 'nalp', 'spammy', 'ViZDoom', 'langflow', 'PySyft', 'numpy', 'lightly', 'retro', 'ray', 'pydantic', 'pytensor', 'mlflow', 'pytorch', 'streamlit', 'feast', 'rasa', 'mindsdb', 'superset', 'gradio', 'transformers', 'pattern', 'AutoViz', 'Auto_ViML']"
619,32,ParentOf,base,112,Missing XML Validation,49,20,"['danswerai', 'DIGITS', 'open-webui', 'fastapi', 'bokeh', 'nalp', 'spammy', 'ViZDoom', 'langflow', 'PySyft', 'numpy', 'lightly', 'retro', 'ray', 'pydantic', 'pytensor', 'mlflow', 'pytorch', 'streamlit', 'feast', 'rasa', 'mindsdb', 'superset', 'gradio', 'transformers', 'pattern', 'AutoViz', 'Auto_ViML']"
620,33,ParentOf,variant,113,Improper Neutralization of CRLF Sequences in HTTP Headers ('HTTP Request/Response Splitting'),49,20,"['danswerai', 'DIGITS', 'open-webui', 'fastapi', 'bokeh', 'nalp', 'spammy', 'ViZDoom', 'langflow', 'PySyft', 'numpy', 'lightly', 'retro', 'ray', 'pydantic', 'pytensor', 'mlflow', 'pytorch', 'streamlit', 'feast', 'rasa', 'mindsdb', 'superset', 'gradio', 'transformers', 'pattern', 'AutoViz', 'Auto_ViML']"
621,34,ParentOf,class,114,Process Control,49,20,"['danswerai', 'DIGITS', 'open-webui', 'fastapi', 'bokeh', 'nalp', 'spammy', 'ViZDoom', 'langflow', 'PySyft', 'numpy', 'lightly', 'retro', 'ray', 'pydantic', 'pytensor', 'mlflow', 'pytorch', 'streamlit', 'feast', 'rasa', 'mindsdb', 'superset', 'gradio', 'transformers', 'pattern', 'AutoViz', 'Auto_ViML']"
622,35,ParentOf,base,117,Improper Output Neutralization for Logs,49,20,"['danswerai', 'DIGITS', 'open-webui', 'fastapi', 'bokeh', 'nalp', 'spammy', 'ViZDoom', 'langflow', 'PySyft', 'numpy', 'lightly', 'retro', 'ray', 'pydantic', 'pytensor', 'mlflow', 'pytorch', 'streamlit', 'feast', 'rasa', 'mindsdb', 'superset', 'gradio', 'transformers', 'pattern', 'AutoViz', 'Auto_ViML']"
623,36,ParentOf,class,119,Improper Restriction of Operations within the Bounds of a Memory Buffer,49,20,"['danswerai', 'DIGITS', 'open-webui', 'fastapi', 'bokeh', 'nalp', 'spammy', 'ViZDoom', 'langflow', 'PySyft', 'numpy', 'lightly', 'retro', 'ray', 'pydantic', 'pytensor', 'mlflow', 'pytorch', 'streamlit', 'feast', 'rasa', 'mindsdb', 'superset', 'gradio', 'transformers', 'pattern', 'AutoViz', 'Auto_ViML']"
624,37,ParentOf,base,120,Buffer Copy without Checking Size of Input ('Classic Buffer Overflow'),49,20,"['danswerai', 'DIGITS', 'open-webui', 'fastapi', 'bokeh', 'nalp', 'spammy', 'ViZDoom', 'langflow', 'PySyft', 'numpy', 'lightly', 'retro', 'ray', 'pydantic', 'pytensor', 'mlflow', 'pytorch', 'streamlit', 'feast', 'rasa', 'mindsdb', 'superset', 'gradio', 'transformers', 'pattern', 'AutoViz', 'Auto_ViML']"
625,38,ParentOf,base,134,Use of Externally-Controlled Format String,49,20,"['danswerai', 'DIGITS', 'open-webui', 'fastapi', 'bokeh', 'nalp', 'spammy', 'ViZDoom', 'langflow', 'PySyft', 'numpy', 'lightly', 'retro', 'ray', 'pydantic', 'pytensor', 'mlflow', 'pytorch', 'streamlit', 'feast', 'rasa', 'mindsdb', 'superset', 'gradio', 'transformers', 'pattern', 'AutoViz', 'Auto_ViML']"
626,39,ParentOf,base,170,Improper Null Termination,49,20,"['danswerai', 'DIGITS', 'open-webui', 'fastapi', 'bokeh', 'nalp', 'spammy', 'ViZDoom', 'langflow', 'PySyft', 'numpy', 'lightly', 'retro', 'ray', 'pydantic', 'pytensor', 'mlflow', 'pytorch', 'streamlit', 'feast', 'rasa', 'mindsdb', 'superset', 'gradio', 'transformers', 'pattern', 'AutoViz', 'Auto_ViML']"
627,40,ParentOf,base,190,Integer Overflow or Wraparound,49,20,"['danswerai', 'DIGITS', 'open-webui', 'fastapi', 'bokeh', 'nalp', 'spammy', 'ViZDoom', 'langflow', 'PySyft', 'numpy', 'lightly', 'retro', 'ray', 'pydantic', 'pytensor', 'mlflow', 'pytorch', 'streamlit', 'feast', 'rasa', 'mindsdb', 'superset', 'gradio', 'transformers', 'pattern', 'AutoViz', 'Auto_ViML']"
628,41,ParentOf,base,466,Return of Pointer Value Outside of Expected Range,49,20,"['danswerai', 'DIGITS', 'open-webui', 'fastapi', 'bokeh', 'nalp', 'spammy', 'ViZDoom', 'langflow', 'PySyft', 'numpy', 'lightly', 'retro', 'ray', 'pydantic', 'pytensor', 'mlflow', 'pytorch', 'streamlit', 'feast', 'rasa', 'mindsdb', 'superset', 'gradio', 'transformers', 'pattern', 'AutoViz', 'Auto_ViML']"
629,42,ParentOf,base,470,Use of Externally-Controlled Input to Select Classes or Code ('Unsafe Reflection'),49,20,"['danswerai', 'DIGITS', 'open-webui', 'fastapi', 'bokeh', 'nalp', 'spammy', 'ViZDoom', 'langflow', 'PySyft', 'numpy', 'lightly', 'retro', 'ray', 'pydantic', 'pytensor', 'mlflow', 'pytorch', 'streamlit', 'feast', 'rasa', 'mindsdb', 'superset', 'gradio', 'transformers', 'pattern', 'AutoViz', 'Auto_ViML']"
630,43,ParentOf,variant,785,Use of Path Manipulation Function without Maximum-sized Buffer,49,20,"['danswerai', 'DIGITS', 'open-webui', 'fastapi', 'bokeh', 'nalp', 'spammy', 'ViZDoom', 'langflow', 'PySyft', 'numpy', 'lightly', 'retro', 'ray', 'pydantic', 'pytensor', 'mlflow', 'pytorch', 'streamlit', 'feast', 'rasa', 'mindsdb', 'superset', 'gradio', 'transformers', 'pattern', 'AutoViz', 'Auto_ViML']"
631,44,MemberOf,view,635,Weaknesses Originally Used by NVD from 2008 to 2016,49,20,"['danswerai', 'DIGITS', 'open-webui', 'fastapi', 'bokeh', 'nalp', 'spammy', 'ViZDoom', 'langflow', 'PySyft', 'numpy', 'lightly', 'retro', 'ray', 'pydantic', 'pytensor', 'mlflow', 'pytorch', 'streamlit', 'feast', 'rasa', 'mindsdb', 'superset', 'gradio', 'transformers', 'pattern', 'AutoViz', 'Auto_ViML']"
632,45,MemberOf,category,722,OWASP Top Ten 2004 Category A1 - Unvalidated Input,49,20,"['danswerai', 'DIGITS', 'open-webui', 'fastapi', 'bokeh', 'nalp', 'spammy', 'ViZDoom', 'langflow', 'PySyft', 'numpy', 'lightly', 'retro', 'ray', 'pydantic', 'pytensor', 'mlflow', 'pytorch', 'streamlit', 'feast', 'rasa', 'mindsdb', 'superset', 'gradio', 'transformers', 'pattern', 'AutoViz', 'Auto_ViML']"
633,46,MemberOf,category,738,CERT C Secure Coding Standard (2008) Chapter 5 - Integers (INT),49,20,"['danswerai', 'DIGITS', 'open-webui', 'fastapi', 'bokeh', 'nalp', 'spammy', 'ViZDoom', 'langflow', 'PySyft', 'numpy', 'lightly', 'retro', 'ray', 'pydantic', 'pytensor', 'mlflow', 'pytorch', 'streamlit', 'feast', 'rasa', 'mindsdb', 'superset', 'gradio', 'transformers', 'pattern', 'AutoViz', 'Auto_ViML']"
634,47,MemberOf,category,742,CERT C Secure Coding Standard (2008) Chapter 9 - Memory Management (MEM),49,20,"['danswerai', 'DIGITS', 'open-webui', 'fastapi', 'bokeh', 'nalp', 'spammy', 'ViZDoom', 'langflow', 'PySyft', 'numpy', 'lightly', 'retro', 'ray', 'pydantic', 'pytensor', 'mlflow', 'pytorch', 'streamlit', 'feast', 'rasa', 'mindsdb', 'superset', 'gradio', 'transformers', 'pattern', 'AutoViz', 'Auto_ViML']"
635,48,MemberOf,category,746,CERT C Secure Coding Standard (2008) Chapter 13 - Error Handling (ERR),49,20,"['danswerai', 'DIGITS', 'open-webui', 'fastapi', 'bokeh', 'nalp', 'spammy', 'ViZDoom', 'langflow', 'PySyft', 'numpy', 'lightly', 'retro', 'ray', 'pydantic', 'pytensor', 'mlflow', 'pytorch', 'streamlit', 'feast', 'rasa', 'mindsdb', 'superset', 'gradio', 'transformers', 'pattern', 'AutoViz', 'Auto_ViML']"
636,49,MemberOf,category,747,CERT C Secure Coding Standard (2008) Chapter 14 - Miscellaneous (MSC),49,20,"['danswerai', 'DIGITS', 'open-webui', 'fastapi', 'bokeh', 'nalp', 'spammy', 'ViZDoom', 'langflow', 'PySyft', 'numpy', 'lightly', 'retro', 'ray', 'pydantic', 'pytensor', 'mlflow', 'pytorch', 'streamlit', 'feast', 'rasa', 'mindsdb', 'superset', 'gradio', 'transformers', 'pattern', 'AutoViz', 'Auto_ViML']"
637,50,MemberOf,category,751,2009 Top 25 - Insecure Interaction Between Components,49,20,"['danswerai', 'DIGITS', 'open-webui', 'fastapi', 'bokeh', 'nalp', 'spammy', 'ViZDoom', 'langflow', 'PySyft', 'numpy', 'lightly', 'retro', 'ray', 'pydantic', 'pytensor', 'mlflow', 'pytorch', 'streamlit', 'feast', 'rasa', 'mindsdb', 'superset', 'gradio', 'transformers', 'pattern', 'AutoViz', 'Auto_ViML']"
638,51,MemberOf,category,872,CERT C++ Secure Coding Section 04 - Integers (INT),49,20,"['danswerai', 'DIGITS', 'open-webui', 'fastapi', 'bokeh', 'nalp', 'spammy', 'ViZDoom', 'langflow', 'PySyft', 'numpy', 'lightly', 'retro', 'ray', 'pydantic', 'pytensor', 'mlflow', 'pytorch', 'streamlit', 'feast', 'rasa', 'mindsdb', 'superset', 'gradio', 'transformers', 'pattern', 'AutoViz', 'Auto_ViML']"
639,52,MemberOf,category,876,CERT C++ Secure Coding Section 08 - Memory Management (MEM),49,20,"['danswerai', 'DIGITS', 'open-webui', 'fastapi', 'bokeh', 'nalp', 'spammy', 'ViZDoom', 'langflow', 'PySyft', 'numpy', 'lightly', 'retro', 'ray', 'pydantic', 'pytensor', 'mlflow', 'pytorch', 'streamlit', 'feast', 'rasa', 'mindsdb', 'superset', 'gradio', 'transformers', 'pattern', 'AutoViz', 'Auto_ViML']"
640,53,MemberOf,category,883,CERT C++ Secure Coding Section 49 - Miscellaneous (MSC),49,20,"['danswerai', 'DIGITS', 'open-webui', 'fastapi', 'bokeh', 'nalp', 'spammy', 'ViZDoom', 'langflow', 'PySyft', 'numpy', 'lightly', 'retro', 'ray', 'pydantic', 'pytensor', 'mlflow', 'pytorch', 'streamlit', 'feast', 'rasa', 'mindsdb', 'superset', 'gradio', 'transformers', 'pattern', 'AutoViz', 'Auto_ViML']"
641,54,MemberOf,category,994,SFP Secondary Cluster: Tainted Input to Variable,49,20,"['danswerai', 'DIGITS', 'open-webui', 'fastapi', 'bokeh', 'nalp', 'spammy', 'ViZDoom', 'langflow', 'PySyft', 'numpy', 'lightly', 'retro', 'ray', 'pydantic', 'pytensor', 'mlflow', 'pytorch', 'streamlit', 'feast', 'rasa', 'mindsdb', 'superset', 'gradio', 'transformers', 'pattern', 'AutoViz', 'Auto_ViML']"
642,55,MemberOf,category,1005,7PK - Input Validation and Representation,49,20,"['danswerai', 'DIGITS', 'open-webui', 'fastapi', 'bokeh', 'nalp', 'spammy', 'ViZDoom', 'langflow', 'PySyft', 'numpy', 'lightly', 'retro', 'ray', 'pydantic', 'pytensor', 'mlflow', 'pytorch', 'streamlit', 'feast', 'rasa', 'mindsdb', 'superset', 'gradio', 'transformers', 'pattern', 'AutoViz', 'Auto_ViML']"
643,56,MemberOf,category,1163,SEI CERT C Coding Standard - Guidelines 09. Input Output (FIO),49,20,"['danswerai', 'DIGITS', 'open-webui', 'fastapi', 'bokeh', 'nalp', 'spammy', 'ViZDoom', 'langflow', 'PySyft', 'numpy', 'lightly', 'retro', 'ray', 'pydantic', 'pytensor', 'mlflow', 'pytorch', 'streamlit', 'feast', 'rasa', 'mindsdb', 'superset', 'gradio', 'transformers', 'pattern', 'AutoViz', 'Auto_ViML']"
644,57,MemberOf,view,1200,Weaknesses in the 2019 CWE Top 25 Most Dangerous Software Errors,49,20,"['danswerai', 'DIGITS', 'open-webui', 'fastapi', 'bokeh', 'nalp', 'spammy', 'ViZDoom', 'langflow', 'PySyft', 'numpy', 'lightly', 'retro', 'ray', 'pydantic', 'pytensor', 'mlflow', 'pytorch', 'streamlit', 'feast', 'rasa', 'mindsdb', 'superset', 'gradio', 'transformers', 'pattern', 'AutoViz', 'Auto_ViML']"
645,58,MemberOf,view,1337,Weaknesses in the 2021 CWE Top 25 Most Dangerous Software Weaknesses,49,20,"['danswerai', 'DIGITS', 'open-webui', 'fastapi', 'bokeh', 'nalp', 'spammy', 'ViZDoom', 'langflow', 'PySyft', 'numpy', 'lightly', 'retro', 'ray', 'pydantic', 'pytensor', 'mlflow', 'pytorch', 'streamlit', 'feast', 'rasa', 'mindsdb', 'superset', 'gradio', 'transformers', 'pattern', 'AutoViz', 'Auto_ViML']"
646,59,MemberOf,category,1347,OWASP Top Ten 2021 Category A03:2021 - Injection,49,20,"['danswerai', 'DIGITS', 'open-webui', 'fastapi', 'bokeh', 'nalp', 'spammy', 'ViZDoom', 'langflow', 'PySyft', 'numpy', 'lightly', 'retro', 'ray', 'pydantic', 'pytensor', 'mlflow', 'pytorch', 'streamlit', 'feast', 'rasa', 'mindsdb', 'superset', 'gradio', 'transformers', 'pattern', 'AutoViz', 'Auto_ViML']"
647,60,MemberOf,view,1350,Weaknesses in the 2020 CWE Top 25 Most Dangerous Software Weaknesses,49,20,"['danswerai', 'DIGITS', 'open-webui', 'fastapi', 'bokeh', 'nalp', 'spammy', 'ViZDoom', 'langflow', 'PySyft', 'numpy', 'lightly', 'retro', 'ray', 'pydantic', 'pytensor', 'mlflow', 'pytorch', 'streamlit', 'feast', 'rasa', 'mindsdb', 'superset', 'gradio', 'transformers', 'pattern', 'AutoViz', 'Auto_ViML']"
648,61,MemberOf,category,1382,ICS Operations (& Maintenance): Emerging Energy Technologies,49,20,"['danswerai', 'DIGITS', 'open-webui', 'fastapi', 'bokeh', 'nalp', 'spammy', 'ViZDoom', 'langflow', 'PySyft', 'numpy', 'lightly', 'retro', 'ray', 'pydantic', 'pytensor', 'mlflow', 'pytorch', 'streamlit', 'feast', 'rasa', 'mindsdb', 'superset', 'gradio', 'transformers', 'pattern', 'AutoViz', 'Auto_ViML']"
649,62,MemberOf,view,1387,Weaknesses in the 2022 CWE Top 25 Most Dangerous Software Weaknesses,49,20,"['danswerai', 'DIGITS', 'open-webui', 'fastapi', 'bokeh', 'nalp', 'spammy', 'ViZDoom', 'langflow', 'PySyft', 'numpy', 'lightly', 'retro', 'ray', 'pydantic', 'pytensor', 'mlflow', 'pytorch', 'streamlit', 'feast', 'rasa', 'mindsdb', 'superset', 'gradio', 'transformers', 'pattern', 'AutoViz', 'Auto_ViML']"
650,63,MemberOf,category,1406,Comprehensive Categorization: Improper Input Validation,49,20,"['danswerai', 'DIGITS', 'open-webui', 'fastapi', 'bokeh', 'nalp', 'spammy', 'ViZDoom', 'langflow', 'PySyft', 'numpy', 'lightly', 'retro', 'ray', 'pydantic', 'pytensor', 'mlflow', 'pytorch', 'streamlit', 'feast', 'rasa', 'mindsdb', 'superset', 'gradio', 'transformers', 'pattern', 'AutoViz', 'Auto_ViML']"
651,64,MemberOf,view,1425,Weaknesses in the 2023 CWE Top 25 Most Dangerous Software Weaknesses,49,20,"['danswerai', 'DIGITS', 'open-webui', 'fastapi', 'bokeh', 'nalp', 'spammy', 'ViZDoom', 'langflow', 'PySyft', 'numpy', 'lightly', 'retro', 'ray', 'pydantic', 'pytensor', 'mlflow', 'pytorch', 'streamlit', 'feast', 'rasa', 'mindsdb', 'superset', 'gradio', 'transformers', 'pattern', 'AutoViz', 'Auto_ViML']"
652,65,MemberOf,view,1430,Weaknesses in the 2024 CWE Top 25 Most Dangerous Software Weaknesses,49,20,"['danswerai', 'DIGITS', 'open-webui', 'fastapi', 'bokeh', 'nalp', 'spammy', 'ViZDoom', 'langflow', 'PySyft', 'numpy', 'lightly', 'retro', 'ray', 'pydantic', 'pytensor', 'mlflow', 'pytorch', 'streamlit', 'feast', 'rasa', 'mindsdb', 'superset', 'gradio', 'transformers', 'pattern', 'AutoViz', 'Auto_ViML']"
653,66,MemberOf,view,1435,Weaknesses in the 2025 CWE Top 25 Most Dangerous Software Weaknesses,49,20,"['danswerai', 'DIGITS', 'open-webui', 'fastapi', 'bokeh', 'nalp', 'spammy', 'ViZDoom', 'langflow', 'PySyft', 'numpy', 'lightly', 'retro', 'ray', 'pydantic', 'pytensor', 'mlflow', 'pytorch', 'streamlit', 'feast', 'rasa', 'mindsdb', 'superset', 'gradio', 'transformers', 'pattern', 'AutoViz', 'Auto_ViML']"
654,67,MemberOf,category,1440,OWASP Top Ten 2025 Category A05:2025 - Injection,49,20,"['danswerai', 'DIGITS', 'open-webui', 'fastapi', 'bokeh', 'nalp', 'spammy', 'ViZDoom', 'langflow', 'PySyft', 'numpy', 'lightly', 'retro', 'ray', 'pydantic', 'pytensor', 'mlflow', 'pytorch', 'streamlit', 'feast', 'rasa', 'mindsdb', 'superset', 'gradio', 'transformers', 'pattern', 'AutoViz', 'Auto_ViML']"
655,68,Self,class,20,,49,20,"['danswerai', 'DIGITS', 'open-webui', 'fastapi', 'bokeh', 'nalp', 'spammy', 'ViZDoom', 'langflow', 'PySyft', 'numpy', 'lightly', 'retro', 'ray', 'pydantic', 'pytensor', 'mlflow', 'pytorch', 'streamlit', 'feast', 'rasa', 'mindsdb', 'superset', 'gradio', 'transformers', 'pattern', 'AutoViz', 'Auto_ViML']"
656,0,ChildOf,class,706,Use of Incorrectly-Resolved Name or Reference,7024,22,"['tpot', 'neural-style-pt', 'chainer', 'skorch', 'pybrain', 'bokeh', 'autogluon', 'pytorch_geometric', 'pkuseg-python', 'open-metric-learning', 'detectron2', 'nilearn', 'mljar-supervised', 'altair', 'pyqtgraph', 'bentoml', 'caffe', 'river', 'numpy', 'CompreFace', 'FEDOT', 'sktime', 'PyTorchCV', 'pytorch-image-models', 'pebl', 'bigartm', 'BioPy', 'python-timbl', 'lightwood', 'mlx', 'zipline', 'pgmpy', 'Petrel', 'mlflow', 'DrQA', 'Parris', 'scikit-learn', 'pytorch', 'SynapseML', 'superset', 'transformers', 'ColossalAI', 'vispy', 'joliGEN', 'danswerai', 'shogun', 'Spearmint', 'xgboost', 'rosetta', 'catboost', 'dash', 'tesseract', 'stellargraph', 'maze', 'cleanlab', 'lightly', 'pymc', 'scikit-opt', 'deeppy', 'Gymnasium', 'skll', 'emcee', 'vigra', 'dtaidistance', 'mars', 'neuraltalk2', 'jax', 'scikit-survival', 'pytorch-frame', 'streamlit', 'mlxtend', 'cortex', 'DeepPavlov', 'alibi-detect', 'gradio', 'xlearn', 'langfuse', 'DI-engine', 'pyss3', 'DIGITS', 'LightGBM', 'CoreNLP', 'yalign', 'determined', 'deeplake', 'blaze', 'somoclu', 'xcessiv', 'matplotlib', 'tensorflow', 'PySyft', 'haystack', 'mlens', 'retro', 'machine-learning', 'gensim', 'neuropredict', 'feast', 'rasa', 'loso', 'lab', 'mindsdb', 'dowel', 'nut', 'retinaface', 'ViZDoom', 'neuraltalk', 'optuna', 'open-webui', 'NeuroNER', 'deepface', 'statsmodels', 'jProcessing', 'typer', 'python-recsys', 'textacy', 'ggpy', 'cornac', 'spaCy', 'langflow', 'igel', 'keras-tuner', 'Metaworld', 'aim', 'pynlpl', 'ray', 'cltk', 'recommenders', 'seaborn', 'evidently', 'deepchecks', 'garage', 'hebel', 'jieba', 'catalyst', 'pytensor', 'lambdo', 'prodmodel', 'zpar', 'polyglot', 'scikit-learn-intelex', 'scikit-image', 'pytorch-lightning', 'colibri-core', 'bolt']"
657,1,ParentOf,base,23,Relative Path Traversal,7024,22,"['tpot', 'neural-style-pt', 'chainer', 'skorch', 'pybrain', 'bokeh', 'autogluon', 'pytorch_geometric', 'pkuseg-python', 'open-metric-learning', 'detectron2', 'nilearn', 'mljar-supervised', 'altair', 'pyqtgraph', 'bentoml', 'caffe', 'river', 'numpy', 'CompreFace', 'FEDOT', 'sktime', 'PyTorchCV', 'pytorch-image-models', 'pebl', 'bigartm', 'BioPy', 'python-timbl', 'lightwood', 'mlx', 'zipline', 'pgmpy', 'Petrel', 'mlflow', 'DrQA', 'Parris', 'scikit-learn', 'pytorch', 'SynapseML', 'superset', 'transformers', 'ColossalAI', 'vispy', 'joliGEN', 'danswerai', 'shogun', 'Spearmint', 'xgboost', 'rosetta', 'catboost', 'dash', 'tesseract', 'stellargraph', 'maze', 'cleanlab', 'lightly', 'pymc', 'scikit-opt', 'deeppy', 'Gymnasium', 'skll', 'emcee', 'vigra', 'dtaidistance', 'mars', 'neuraltalk2', 'jax', 'scikit-survival', 'pytorch-frame', 'streamlit', 'mlxtend', 'cortex', 'DeepPavlov', 'alibi-detect', 'gradio', 'xlearn', 'langfuse', 'DI-engine', 'pyss3', 'DIGITS', 'LightGBM', 'CoreNLP', 'yalign', 'determined', 'deeplake', 'blaze', 'somoclu', 'xcessiv', 'matplotlib', 'tensorflow', 'PySyft', 'haystack', 'mlens', 'retro', 'machine-learning', 'gensim', 'neuropredict', 'feast', 'rasa', 'loso', 'lab', 'mindsdb', 'dowel', 'nut', 'retinaface', 'ViZDoom', 'neuraltalk', 'optuna', 'open-webui', 'NeuroNER', 'deepface', 'statsmodels', 'jProcessing', 'typer', 'python-recsys', 'textacy', 'ggpy', 'cornac', 'spaCy', 'langflow', 'igel', 'keras-tuner', 'Metaworld', 'aim', 'pynlpl', 'ray', 'cltk', 'recommenders', 'seaborn', 'evidently', 'deepchecks', 'garage', 'hebel', 'jieba', 'catalyst', 'pytensor', 'lambdo', 'prodmodel', 'zpar', 'polyglot', 'scikit-learn-intelex', 'scikit-image', 'pytorch-lightning', 'colibri-core', 'bolt']"
658,2,ParentOf,base,36,Absolute Path Traversal,7024,22,"['tpot', 'neural-style-pt', 'chainer', 'skorch', 'pybrain', 'bokeh', 'autogluon', 'pytorch_geometric', 'pkuseg-python', 'open-metric-learning', 'detectron2', 'nilearn', 'mljar-supervised', 'altair', 'pyqtgraph', 'bentoml', 'caffe', 'river', 'numpy', 'CompreFace', 'FEDOT', 'sktime', 'PyTorchCV', 'pytorch-image-models', 'pebl', 'bigartm', 'BioPy', 'python-timbl', 'lightwood', 'mlx', 'zipline', 'pgmpy', 'Petrel', 'mlflow', 'DrQA', 'Parris', 'scikit-learn', 'pytorch', 'SynapseML', 'superset', 'transformers', 'ColossalAI', 'vispy', 'joliGEN', 'danswerai', 'shogun', 'Spearmint', 'xgboost', 'rosetta', 'catboost', 'dash', 'tesseract', 'stellargraph', 'maze', 'cleanlab', 'lightly', 'pymc', 'scikit-opt', 'deeppy', 'Gymnasium', 'skll', 'emcee', 'vigra', 'dtaidistance', 'mars', 'neuraltalk2', 'jax', 'scikit-survival', 'pytorch-frame', 'streamlit', 'mlxtend', 'cortex', 'DeepPavlov', 'alibi-detect', 'gradio', 'xlearn', 'langfuse', 'DI-engine', 'pyss3', 'DIGITS', 'LightGBM', 'CoreNLP', 'yalign', 'determined', 'deeplake', 'blaze', 'somoclu', 'xcessiv', 'matplotlib', 'tensorflow', 'PySyft', 'haystack', 'mlens', 'retro', 'machine-learning', 'gensim', 'neuropredict', 'feast', 'rasa', 'loso', 'lab', 'mindsdb', 'dowel', 'nut', 'retinaface', 'ViZDoom', 'neuraltalk', 'optuna', 'open-webui', 'NeuroNER', 'deepface', 'statsmodels', 'jProcessing', 'typer', 'python-recsys', 'textacy', 'ggpy', 'cornac', 'spaCy', 'langflow', 'igel', 'keras-tuner', 'Metaworld', 'aim', 'pynlpl', 'ray', 'cltk', 'recommenders', 'seaborn', 'evidently', 'deepchecks', 'garage', 'hebel', 'jieba', 'catalyst', 'pytensor', 'lambdo', 'prodmodel', 'zpar', 'polyglot', 'scikit-learn-intelex', 'scikit-image', 'pytorch-lightning', 'colibri-core', 'bolt']"
659,3,CanFollow,class,20,Improper Input Validation,7024,22,"['tpot', 'neural-style-pt', 'chainer', 'skorch', 'pybrain', 'bokeh', 'autogluon', 'pytorch_geometric', 'pkuseg-python', 'open-metric-learning', 'detectron2', 'nilearn', 'mljar-supervised', 'altair', 'pyqtgraph', 'bentoml', 'caffe', 'river', 'numpy', 'CompreFace', 'FEDOT', 'sktime', 'PyTorchCV', 'pytorch-image-models', 'pebl', 'bigartm', 'BioPy', 'python-timbl', 'lightwood', 'mlx', 'zipline', 'pgmpy', 'Petrel', 'mlflow', 'DrQA', 'Parris', 'scikit-learn', 'pytorch', 'SynapseML', 'superset', 'transformers', 'ColossalAI', 'vispy', 'joliGEN', 'danswerai', 'shogun', 'Spearmint', 'xgboost', 'rosetta', 'catboost', 'dash', 'tesseract', 'stellargraph', 'maze', 'cleanlab', 'lightly', 'pymc', 'scikit-opt', 'deeppy', 'Gymnasium', 'skll', 'emcee', 'vigra', 'dtaidistance', 'mars', 'neuraltalk2', 'jax', 'scikit-survival', 'pytorch-frame', 'streamlit', 'mlxtend', 'cortex', 'DeepPavlov', 'alibi-detect', 'gradio', 'xlearn', 'langfuse', 'DI-engine', 'pyss3', 'DIGITS', 'LightGBM', 'CoreNLP', 'yalign', 'determined', 'deeplake', 'blaze', 'somoclu', 'xcessiv', 'matplotlib', 'tensorflow', 'PySyft', 'haystack', 'mlens', 'retro', 'machine-learning', 'gensim', 'neuropredict', 'feast', 'rasa', 'loso', 'lab', 'mindsdb', 'dowel', 'nut', 'retinaface', 'ViZDoom', 'neuraltalk', 'optuna', 'open-webui', 'NeuroNER', 'deepface', 'statsmodels', 'jProcessing', 'typer', 'python-recsys', 'textacy', 'ggpy', 'cornac', 'spaCy', 'langflow', 'igel', 'keras-tuner', 'Metaworld', 'aim', 'pynlpl', 'ray', 'cltk', 'recommenders', 'seaborn', 'evidently', 'deepchecks', 'garage', 'hebel', 'jieba', 'catalyst', 'pytensor', 'lambdo', 'prodmodel', 'zpar', 'polyglot', 'scikit-learn-intelex', 'scikit-image', 'pytorch-lightning', 'colibri-core', 'bolt']"
660,4,CanFollow,base,73,External Control of File Name or Path,7024,22,"['tpot', 'neural-style-pt', 'chainer', 'skorch', 'pybrain', 'bokeh', 'autogluon', 'pytorch_geometric', 'pkuseg-python', 'open-metric-learning', 'detectron2', 'nilearn', 'mljar-supervised', 'altair', 'pyqtgraph', 'bentoml', 'caffe', 'river', 'numpy', 'CompreFace', 'FEDOT', 'sktime', 'PyTorchCV', 'pytorch-image-models', 'pebl', 'bigartm', 'BioPy', 'python-timbl', 'lightwood', 'mlx', 'zipline', 'pgmpy', 'Petrel', 'mlflow', 'DrQA', 'Parris', 'scikit-learn', 'pytorch', 'SynapseML', 'superset', 'transformers', 'ColossalAI', 'vispy', 'joliGEN', 'danswerai', 'shogun', 'Spearmint', 'xgboost', 'rosetta', 'catboost', 'dash', 'tesseract', 'stellargraph', 'maze', 'cleanlab', 'lightly', 'pymc', 'scikit-opt', 'deeppy', 'Gymnasium', 'skll', 'emcee', 'vigra', 'dtaidistance', 'mars', 'neuraltalk2', 'jax', 'scikit-survival', 'pytorch-frame', 'streamlit', 'mlxtend', 'cortex', 'DeepPavlov', 'alibi-detect', 'gradio', 'xlearn', 'langfuse', 'DI-engine', 'pyss3', 'DIGITS', 'LightGBM', 'CoreNLP', 'yalign', 'determined', 'deeplake', 'blaze', 'somoclu', 'xcessiv', 'matplotlib', 'tensorflow', 'PySyft', 'haystack', 'mlens', 'retro', 'machine-learning', 'gensim', 'neuropredict', 'feast', 'rasa', 'loso', 'lab', 'mindsdb', 'dowel', 'nut', 'retinaface', 'ViZDoom', 'neuraltalk', 'optuna', 'open-webui', 'NeuroNER', 'deepface', 'statsmodels', 'jProcessing', 'typer', 'python-recsys', 'textacy', 'ggpy', 'cornac', 'spaCy', 'langflow', 'igel', 'keras-tuner', 'Metaworld', 'aim', 'pynlpl', 'ray', 'cltk', 'recommenders', 'seaborn', 'evidently', 'deepchecks', 'garage', 'hebel', 'jieba', 'catalyst', 'pytensor', 'lambdo', 'prodmodel', 'zpar', 'polyglot', 'scikit-learn-intelex', 'scikit-image', 'pytorch-lightning', 'colibri-core', 'bolt']"
661,5,CanFollow,class,172,Encoding Error,7024,22,"['tpot', 'neural-style-pt', 'chainer', 'skorch', 'pybrain', 'bokeh', 'autogluon', 'pytorch_geometric', 'pkuseg-python', 'open-metric-learning', 'detectron2', 'nilearn', 'mljar-supervised', 'altair', 'pyqtgraph', 'bentoml', 'caffe', 'river', 'numpy', 'CompreFace', 'FEDOT', 'sktime', 'PyTorchCV', 'pytorch-image-models', 'pebl', 'bigartm', 'BioPy', 'python-timbl', 'lightwood', 'mlx', 'zipline', 'pgmpy', 'Petrel', 'mlflow', 'DrQA', 'Parris', 'scikit-learn', 'pytorch', 'SynapseML', 'superset', 'transformers', 'ColossalAI', 'vispy', 'joliGEN', 'danswerai', 'shogun', 'Spearmint', 'xgboost', 'rosetta', 'catboost', 'dash', 'tesseract', 'stellargraph', 'maze', 'cleanlab', 'lightly', 'pymc', 'scikit-opt', 'deeppy', 'Gymnasium', 'skll', 'emcee', 'vigra', 'dtaidistance', 'mars', 'neuraltalk2', 'jax', 'scikit-survival', 'pytorch-frame', 'streamlit', 'mlxtend', 'cortex', 'DeepPavlov', 'alibi-detect', 'gradio', 'xlearn', 'langfuse', 'DI-engine', 'pyss3', 'DIGITS', 'LightGBM', 'CoreNLP', 'yalign', 'determined', 'deeplake', 'blaze', 'somoclu', 'xcessiv', 'matplotlib', 'tensorflow', 'PySyft', 'haystack', 'mlens', 'retro', 'machine-learning', 'gensim', 'neuropredict', 'feast', 'rasa', 'loso', 'lab', 'mindsdb', 'dowel', 'nut', 'retinaface', 'ViZDoom', 'neuraltalk', 'optuna', 'open-webui', 'NeuroNER', 'deepface', 'statsmodels', 'jProcessing', 'typer', 'python-recsys', 'textacy', 'ggpy', 'cornac', 'spaCy', 'langflow', 'igel', 'keras-tuner', 'Metaworld', 'aim', 'pynlpl', 'ray', 'cltk', 'recommenders', 'seaborn', 'evidently', 'deepchecks', 'garage', 'hebel', 'jieba', 'catalyst', 'pytensor', 'lambdo', 'prodmodel', 'zpar', 'polyglot', 'scikit-learn-intelex', 'scikit-image', 'pytorch-lightning', 'colibri-core', 'bolt']"
662,6,CanPrecede,class,668,Exposure of Resource to Wrong Sphere,7024,22,"['tpot', 'neural-style-pt', 'chainer', 'skorch', 'pybrain', 'bokeh', 'autogluon', 'pytorch_geometric', 'pkuseg-python', 'open-metric-learning', 'detectron2', 'nilearn', 'mljar-supervised', 'altair', 'pyqtgraph', 'bentoml', 'caffe', 'river', 'numpy', 'CompreFace', 'FEDOT', 'sktime', 'PyTorchCV', 'pytorch-image-models', 'pebl', 'bigartm', 'BioPy', 'python-timbl', 'lightwood', 'mlx', 'zipline', 'pgmpy', 'Petrel', 'mlflow', 'DrQA', 'Parris', 'scikit-learn', 'pytorch', 'SynapseML', 'superset', 'transformers', 'ColossalAI', 'vispy', 'joliGEN', 'danswerai', 'shogun', 'Spearmint', 'xgboost', 'rosetta', 'catboost', 'dash', 'tesseract', 'stellargraph', 'maze', 'cleanlab', 'lightly', 'pymc', 'scikit-opt', 'deeppy', 'Gymnasium', 'skll', 'emcee', 'vigra', 'dtaidistance', 'mars', 'neuraltalk2', 'jax', 'scikit-survival', 'pytorch-frame', 'streamlit', 'mlxtend', 'cortex', 'DeepPavlov', 'alibi-detect', 'gradio', 'xlearn', 'langfuse', 'DI-engine', 'pyss3', 'DIGITS', 'LightGBM', 'CoreNLP', 'yalign', 'determined', 'deeplake', 'blaze', 'somoclu', 'xcessiv', 'matplotlib', 'tensorflow', 'PySyft', 'haystack', 'mlens', 'retro', 'machine-learning', 'gensim', 'neuropredict', 'feast', 'rasa', 'loso', 'lab', 'mindsdb', 'dowel', 'nut', 'retinaface', 'ViZDoom', 'neuraltalk', 'optuna', 'open-webui', 'NeuroNER', 'deepface', 'statsmodels', 'jProcessing', 'typer', 'python-recsys', 'textacy', 'ggpy', 'cornac', 'spaCy', 'langflow', 'igel', 'keras-tuner', 'Metaworld', 'aim', 'pynlpl', 'ray', 'cltk', 'recommenders', 'seaborn', 'evidently', 'deepchecks', 'garage', 'hebel', 'jieba', 'catalyst', 'pytensor', 'lambdo', 'prodmodel', 'zpar', 'polyglot', 'scikit-learn-intelex', 'scikit-image', 'pytorch-lightning', 'colibri-core', 'bolt']"
663,7,MemberOf,category,1219,File Handling Issues,7024,22,"['tpot', 'neural-style-pt', 'chainer', 'skorch', 'pybrain', 'bokeh', 'autogluon', 'pytorch_geometric', 'pkuseg-python', 'open-metric-learning', 'detectron2', 'nilearn', 'mljar-supervised', 'altair', 'pyqtgraph', 'bentoml', 'caffe', 'river', 'numpy', 'CompreFace', 'FEDOT', 'sktime', 'PyTorchCV', 'pytorch-image-models', 'pebl', 'bigartm', 'BioPy', 'python-timbl', 'lightwood', 'mlx', 'zipline', 'pgmpy', 'Petrel', 'mlflow', 'DrQA', 'Parris', 'scikit-learn', 'pytorch', 'SynapseML', 'superset', 'transformers', 'ColossalAI', 'vispy', 'joliGEN', 'danswerai', 'shogun', 'Spearmint', 'xgboost', 'rosetta', 'catboost', 'dash', 'tesseract', 'stellargraph', 'maze', 'cleanlab', 'lightly', 'pymc', 'scikit-opt', 'deeppy', 'Gymnasium', 'skll', 'emcee', 'vigra', 'dtaidistance', 'mars', 'neuraltalk2', 'jax', 'scikit-survival', 'pytorch-frame', 'streamlit', 'mlxtend', 'cortex', 'DeepPavlov', 'alibi-detect', 'gradio', 'xlearn', 'langfuse', 'DI-engine', 'pyss3', 'DIGITS', 'LightGBM', 'CoreNLP', 'yalign', 'determined', 'deeplake', 'blaze', 'somoclu', 'xcessiv', 'matplotlib', 'tensorflow', 'PySyft', 'haystack', 'mlens', 'retro', 'machine-learning', 'gensim', 'neuropredict', 'feast', 'rasa', 'loso', 'lab', 'mindsdb', 'dowel', 'nut', 'retinaface', 'ViZDoom', 'neuraltalk', 'optuna', 'open-webui', 'NeuroNER', 'deepface', 'statsmodels', 'jProcessing', 'typer', 'python-recsys', 'textacy', 'ggpy', 'cornac', 'spaCy', 'langflow', 'igel', 'keras-tuner', 'Metaworld', 'aim', 'pynlpl', 'ray', 'cltk', 'recommenders', 'seaborn', 'evidently', 'deepchecks', 'garage', 'hebel', 'jieba', 'catalyst', 'pytensor', 'lambdo', 'prodmodel', 'zpar', 'polyglot', 'scikit-learn-intelex', 'scikit-image', 'pytorch-lightning', 'colibri-core', 'bolt']"
664,8,ChildOf,class,706,Use of Incorrectly-Resolved Name or Reference,7024,22,"['tpot', 'neural-style-pt', 'chainer', 'skorch', 'pybrain', 'bokeh', 'autogluon', 'pytorch_geometric', 'pkuseg-python', 'open-metric-learning', 'detectron2', 'nilearn', 'mljar-supervised', 'altair', 'pyqtgraph', 'bentoml', 'caffe', 'river', 'numpy', 'CompreFace', 'FEDOT', 'sktime', 'PyTorchCV', 'pytorch-image-models', 'pebl', 'bigartm', 'BioPy', 'python-timbl', 'lightwood', 'mlx', 'zipline', 'pgmpy', 'Petrel', 'mlflow', 'DrQA', 'Parris', 'scikit-learn', 'pytorch', 'SynapseML', 'superset', 'transformers', 'ColossalAI', 'vispy', 'joliGEN', 'danswerai', 'shogun', 'Spearmint', 'xgboost', 'rosetta', 'catboost', 'dash', 'tesseract', 'stellargraph', 'maze', 'cleanlab', 'lightly', 'pymc', 'scikit-opt', 'deeppy', 'Gymnasium', 'skll', 'emcee', 'vigra', 'dtaidistance', 'mars', 'neuraltalk2', 'jax', 'scikit-survival', 'pytorch-frame', 'streamlit', 'mlxtend', 'cortex', 'DeepPavlov', 'alibi-detect', 'gradio', 'xlearn', 'langfuse', 'DI-engine', 'pyss3', 'DIGITS', 'LightGBM', 'CoreNLP', 'yalign', 'determined', 'deeplake', 'blaze', 'somoclu', 'xcessiv', 'matplotlib', 'tensorflow', 'PySyft', 'haystack', 'mlens', 'retro', 'machine-learning', 'gensim', 'neuropredict', 'feast', 'rasa', 'loso', 'lab', 'mindsdb', 'dowel', 'nut', 'retinaface', 'ViZDoom', 'neuraltalk', 'optuna', 'open-webui', 'NeuroNER', 'deepface', 'statsmodels', 'jProcessing', 'typer', 'python-recsys', 'textacy', 'ggpy', 'cornac', 'spaCy', 'langflow', 'igel', 'keras-tuner', 'Metaworld', 'aim', 'pynlpl', 'ray', 'cltk', 'recommenders', 'seaborn', 'evidently', 'deepchecks', 'garage', 'hebel', 'jieba', 'catalyst', 'pytensor', 'lambdo', 'prodmodel', 'zpar', 'polyglot', 'scikit-learn-intelex', 'scikit-image', 'pytorch-lightning', 'colibri-core', 'bolt']"
665,9,ParentOf,base,23,Relative Path Traversal,7024,22,"['tpot', 'neural-style-pt', 'chainer', 'skorch', 'pybrain', 'bokeh', 'autogluon', 'pytorch_geometric', 'pkuseg-python', 'open-metric-learning', 'detectron2', 'nilearn', 'mljar-supervised', 'altair', 'pyqtgraph', 'bentoml', 'caffe', 'river', 'numpy', 'CompreFace', 'FEDOT', 'sktime', 'PyTorchCV', 'pytorch-image-models', 'pebl', 'bigartm', 'BioPy', 'python-timbl', 'lightwood', 'mlx', 'zipline', 'pgmpy', 'Petrel', 'mlflow', 'DrQA', 'Parris', 'scikit-learn', 'pytorch', 'SynapseML', 'superset', 'transformers', 'ColossalAI', 'vispy', 'joliGEN', 'danswerai', 'shogun', 'Spearmint', 'xgboost', 'rosetta', 'catboost', 'dash', 'tesseract', 'stellargraph', 'maze', 'cleanlab', 'lightly', 'pymc', 'scikit-opt', 'deeppy', 'Gymnasium', 'skll', 'emcee', 'vigra', 'dtaidistance', 'mars', 'neuraltalk2', 'jax', 'scikit-survival', 'pytorch-frame', 'streamlit', 'mlxtend', 'cortex', 'DeepPavlov', 'alibi-detect', 'gradio', 'xlearn', 'langfuse', 'DI-engine', 'pyss3', 'DIGITS', 'LightGBM', 'CoreNLP', 'yalign', 'determined', 'deeplake', 'blaze', 'somoclu', 'xcessiv', 'matplotlib', 'tensorflow', 'PySyft', 'haystack', 'mlens', 'retro', 'machine-learning', 'gensim', 'neuropredict', 'feast', 'rasa', 'loso', 'lab', 'mindsdb', 'dowel', 'nut', 'retinaface', 'ViZDoom', 'neuraltalk', 'optuna', 'open-webui', 'NeuroNER', 'deepface', 'statsmodels', 'jProcessing', 'typer', 'python-recsys', 'textacy', 'ggpy', 'cornac', 'spaCy', 'langflow', 'igel', 'keras-tuner', 'Metaworld', 'aim', 'pynlpl', 'ray', 'cltk', 'recommenders', 'seaborn', 'evidently', 'deepchecks', 'garage', 'hebel', 'jieba', 'catalyst', 'pytensor', 'lambdo', 'prodmodel', 'zpar', 'polyglot', 'scikit-learn-intelex', 'scikit-image', 'pytorch-lightning', 'colibri-core', 'bolt']"
666,10,ParentOf,base,36,Absolute Path Traversal,7024,22,"['tpot', 'neural-style-pt', 'chainer', 'skorch', 'pybrain', 'bokeh', 'autogluon', 'pytorch_geometric', 'pkuseg-python', 'open-metric-learning', 'detectron2', 'nilearn', 'mljar-supervised', 'altair', 'pyqtgraph', 'bentoml', 'caffe', 'river', 'numpy', 'CompreFace', 'FEDOT', 'sktime', 'PyTorchCV', 'pytorch-image-models', 'pebl', 'bigartm', 'BioPy', 'python-timbl', 'lightwood', 'mlx', 'zipline', 'pgmpy', 'Petrel', 'mlflow', 'DrQA', 'Parris', 'scikit-learn', 'pytorch', 'SynapseML', 'superset', 'transformers', 'ColossalAI', 'vispy', 'joliGEN', 'danswerai', 'shogun', 'Spearmint', 'xgboost', 'rosetta', 'catboost', 'dash', 'tesseract', 'stellargraph', 'maze', 'cleanlab', 'lightly', 'pymc', 'scikit-opt', 'deeppy', 'Gymnasium', 'skll', 'emcee', 'vigra', 'dtaidistance', 'mars', 'neuraltalk2', 'jax', 'scikit-survival', 'pytorch-frame', 'streamlit', 'mlxtend', 'cortex', 'DeepPavlov', 'alibi-detect', 'gradio', 'xlearn', 'langfuse', 'DI-engine', 'pyss3', 'DIGITS', 'LightGBM', 'CoreNLP', 'yalign', 'determined', 'deeplake', 'blaze', 'somoclu', 'xcessiv', 'matplotlib', 'tensorflow', 'PySyft', 'haystack', 'mlens', 'retro', 'machine-learning', 'gensim', 'neuropredict', 'feast', 'rasa', 'loso', 'lab', 'mindsdb', 'dowel', 'nut', 'retinaface', 'ViZDoom', 'neuraltalk', 'optuna', 'open-webui', 'NeuroNER', 'deepface', 'statsmodels', 'jProcessing', 'typer', 'python-recsys', 'textacy', 'ggpy', 'cornac', 'spaCy', 'langflow', 'igel', 'keras-tuner', 'Metaworld', 'aim', 'pynlpl', 'ray', 'cltk', 'recommenders', 'seaborn', 'evidently', 'deepchecks', 'garage', 'hebel', 'jieba', 'catalyst', 'pytensor', 'lambdo', 'prodmodel', 'zpar', 'polyglot', 'scikit-learn-intelex', 'scikit-image', 'pytorch-lightning', 'colibri-core', 'bolt']"
667,11,ParentOf,base,23,Relative Path Traversal,7024,22,"['tpot', 'neural-style-pt', 'chainer', 'skorch', 'pybrain', 'bokeh', 'autogluon', 'pytorch_geometric', 'pkuseg-python', 'open-metric-learning', 'detectron2', 'nilearn', 'mljar-supervised', 'altair', 'pyqtgraph', 'bentoml', 'caffe', 'river', 'numpy', 'CompreFace', 'FEDOT', 'sktime', 'PyTorchCV', 'pytorch-image-models', 'pebl', 'bigartm', 'BioPy', 'python-timbl', 'lightwood', 'mlx', 'zipline', 'pgmpy', 'Petrel', 'mlflow', 'DrQA', 'Parris', 'scikit-learn', 'pytorch', 'SynapseML', 'superset', 'transformers', 'ColossalAI', 'vispy', 'joliGEN', 'danswerai', 'shogun', 'Spearmint', 'xgboost', 'rosetta', 'catboost', 'dash', 'tesseract', 'stellargraph', 'maze', 'cleanlab', 'lightly', 'pymc', 'scikit-opt', 'deeppy', 'Gymnasium', 'skll', 'emcee', 'vigra', 'dtaidistance', 'mars', 'neuraltalk2', 'jax', 'scikit-survival', 'pytorch-frame', 'streamlit', 'mlxtend', 'cortex', 'DeepPavlov', 'alibi-detect', 'gradio', 'xlearn', 'langfuse', 'DI-engine', 'pyss3', 'DIGITS', 'LightGBM', 'CoreNLP', 'yalign', 'determined', 'deeplake', 'blaze', 'somoclu', 'xcessiv', 'matplotlib', 'tensorflow', 'PySyft', 'haystack', 'mlens', 'retro', 'machine-learning', 'gensim', 'neuropredict', 'feast', 'rasa', 'loso', 'lab', 'mindsdb', 'dowel', 'nut', 'retinaface', 'ViZDoom', 'neuraltalk', 'optuna', 'open-webui', 'NeuroNER', 'deepface', 'statsmodels', 'jProcessing', 'typer', 'python-recsys', 'textacy', 'ggpy', 'cornac', 'spaCy', 'langflow', 'igel', 'keras-tuner', 'Metaworld', 'aim', 'pynlpl', 'ray', 'cltk', 'recommenders', 'seaborn', 'evidently', 'deepchecks', 'garage', 'hebel', 'jieba', 'catalyst', 'pytensor', 'lambdo', 'prodmodel', 'zpar', 'polyglot', 'scikit-learn-intelex', 'scikit-image', 'pytorch-lightning', 'colibri-core', 'bolt']"
668,12,ParentOf,base,36,Absolute Path Traversal,7024,22,"['tpot', 'neural-style-pt', 'chainer', 'skorch', 'pybrain', 'bokeh', 'autogluon', 'pytorch_geometric', 'pkuseg-python', 'open-metric-learning', 'detectron2', 'nilearn', 'mljar-supervised', 'altair', 'pyqtgraph', 'bentoml', 'caffe', 'river', 'numpy', 'CompreFace', 'FEDOT', 'sktime', 'PyTorchCV', 'pytorch-image-models', 'pebl', 'bigartm', 'BioPy', 'python-timbl', 'lightwood', 'mlx', 'zipline', 'pgmpy', 'Petrel', 'mlflow', 'DrQA', 'Parris', 'scikit-learn', 'pytorch', 'SynapseML', 'superset', 'transformers', 'ColossalAI', 'vispy', 'joliGEN', 'danswerai', 'shogun', 'Spearmint', 'xgboost', 'rosetta', 'catboost', 'dash', 'tesseract', 'stellargraph', 'maze', 'cleanlab', 'lightly', 'pymc', 'scikit-opt', 'deeppy', 'Gymnasium', 'skll', 'emcee', 'vigra', 'dtaidistance', 'mars', 'neuraltalk2', 'jax', 'scikit-survival', 'pytorch-frame', 'streamlit', 'mlxtend', 'cortex', 'DeepPavlov', 'alibi-detect', 'gradio', 'xlearn', 'langfuse', 'DI-engine', 'pyss3', 'DIGITS', 'LightGBM', 'CoreNLP', 'yalign', 'determined', 'deeplake', 'blaze', 'somoclu', 'xcessiv', 'matplotlib', 'tensorflow', 'PySyft', 'haystack', 'mlens', 'retro', 'machine-learning', 'gensim', 'neuropredict', 'feast', 'rasa', 'loso', 'lab', 'mindsdb', 'dowel', 'nut', 'retinaface', 'ViZDoom', 'neuraltalk', 'optuna', 'open-webui', 'NeuroNER', 'deepface', 'statsmodels', 'jProcessing', 'typer', 'python-recsys', 'textacy', 'ggpy', 'cornac', 'spaCy', 'langflow', 'igel', 'keras-tuner', 'Metaworld', 'aim', 'pynlpl', 'ray', 'cltk', 'recommenders', 'seaborn', 'evidently', 'deepchecks', 'garage', 'hebel', 'jieba', 'catalyst', 'pytensor', 'lambdo', 'prodmodel', 'zpar', 'polyglot', 'scikit-learn-intelex', 'scikit-image', 'pytorch-lightning', 'colibri-core', 'bolt']"
669,13,MemberOf,view,635,Weaknesses Originally Used by NVD from 2008 to 2016,7024,22,"['tpot', 'neural-style-pt', 'chainer', 'skorch', 'pybrain', 'bokeh', 'autogluon', 'pytorch_geometric', 'pkuseg-python', 'open-metric-learning', 'detectron2', 'nilearn', 'mljar-supervised', 'altair', 'pyqtgraph', 'bentoml', 'caffe', 'river', 'numpy', 'CompreFace', 'FEDOT', 'sktime', 'PyTorchCV', 'pytorch-image-models', 'pebl', 'bigartm', 'BioPy', 'python-timbl', 'lightwood', 'mlx', 'zipline', 'pgmpy', 'Petrel', 'mlflow', 'DrQA', 'Parris', 'scikit-learn', 'pytorch', 'SynapseML', 'superset', 'transformers', 'ColossalAI', 'vispy', 'joliGEN', 'danswerai', 'shogun', 'Spearmint', 'xgboost', 'rosetta', 'catboost', 'dash', 'tesseract', 'stellargraph', 'maze', 'cleanlab', 'lightly', 'pymc', 'scikit-opt', 'deeppy', 'Gymnasium', 'skll', 'emcee', 'vigra', 'dtaidistance', 'mars', 'neuraltalk2', 'jax', 'scikit-survival', 'pytorch-frame', 'streamlit', 'mlxtend', 'cortex', 'DeepPavlov', 'alibi-detect', 'gradio', 'xlearn', 'langfuse', 'DI-engine', 'pyss3', 'DIGITS', 'LightGBM', 'CoreNLP', 'yalign', 'determined', 'deeplake', 'blaze', 'somoclu', 'xcessiv', 'matplotlib', 'tensorflow', 'PySyft', 'haystack', 'mlens', 'retro', 'machine-learning', 'gensim', 'neuropredict', 'feast', 'rasa', 'loso', 'lab', 'mindsdb', 'dowel', 'nut', 'retinaface', 'ViZDoom', 'neuraltalk', 'optuna', 'open-webui', 'NeuroNER', 'deepface', 'statsmodels', 'jProcessing', 'typer', 'python-recsys', 'textacy', 'ggpy', 'cornac', 'spaCy', 'langflow', 'igel', 'keras-tuner', 'Metaworld', 'aim', 'pynlpl', 'ray', 'cltk', 'recommenders', 'seaborn', 'evidently', 'deepchecks', 'garage', 'hebel', 'jieba', 'catalyst', 'pytensor', 'lambdo', 'prodmodel', 'zpar', 'polyglot', 'scikit-learn-intelex', 'scikit-image', 'pytorch-lightning', 'colibri-core', 'bolt']"
670,14,MemberOf,category,715,OWASP Top Ten 2007 Category A4 - Insecure Direct Object Reference,7024,22,"['tpot', 'neural-style-pt', 'chainer', 'skorch', 'pybrain', 'bokeh', 'autogluon', 'pytorch_geometric', 'pkuseg-python', 'open-metric-learning', 'detectron2', 'nilearn', 'mljar-supervised', 'altair', 'pyqtgraph', 'bentoml', 'caffe', 'river', 'numpy', 'CompreFace', 'FEDOT', 'sktime', 'PyTorchCV', 'pytorch-image-models', 'pebl', 'bigartm', 'BioPy', 'python-timbl', 'lightwood', 'mlx', 'zipline', 'pgmpy', 'Petrel', 'mlflow', 'DrQA', 'Parris', 'scikit-learn', 'pytorch', 'SynapseML', 'superset', 'transformers', 'ColossalAI', 'vispy', 'joliGEN', 'danswerai', 'shogun', 'Spearmint', 'xgboost', 'rosetta', 'catboost', 'dash', 'tesseract', 'stellargraph', 'maze', 'cleanlab', 'lightly', 'pymc', 'scikit-opt', 'deeppy', 'Gymnasium', 'skll', 'emcee', 'vigra', 'dtaidistance', 'mars', 'neuraltalk2', 'jax', 'scikit-survival', 'pytorch-frame', 'streamlit', 'mlxtend', 'cortex', 'DeepPavlov', 'alibi-detect', 'gradio', 'xlearn', 'langfuse', 'DI-engine', 'pyss3', 'DIGITS', 'LightGBM', 'CoreNLP', 'yalign', 'determined', 'deeplake', 'blaze', 'somoclu', 'xcessiv', 'matplotlib', 'tensorflow', 'PySyft', 'haystack', 'mlens', 'retro', 'machine-learning', 'gensim', 'neuropredict', 'feast', 'rasa', 'loso', 'lab', 'mindsdb', 'dowel', 'nut', 'retinaface', 'ViZDoom', 'neuraltalk', 'optuna', 'open-webui', 'NeuroNER', 'deepface', 'statsmodels', 'jProcessing', 'typer', 'python-recsys', 'textacy', 'ggpy', 'cornac', 'spaCy', 'langflow', 'igel', 'keras-tuner', 'Metaworld', 'aim', 'pynlpl', 'ray', 'cltk', 'recommenders', 'seaborn', 'evidently', 'deepchecks', 'garage', 'hebel', 'jieba', 'catalyst', 'pytensor', 'lambdo', 'prodmodel', 'zpar', 'polyglot', 'scikit-learn-intelex', 'scikit-image', 'pytorch-lightning', 'colibri-core', 'bolt']"
671,15,MemberOf,category,723,OWASP Top Ten 2004 Category A2 - Broken Access Control,7024,22,"['tpot', 'neural-style-pt', 'chainer', 'skorch', 'pybrain', 'bokeh', 'autogluon', 'pytorch_geometric', 'pkuseg-python', 'open-metric-learning', 'detectron2', 'nilearn', 'mljar-supervised', 'altair', 'pyqtgraph', 'bentoml', 'caffe', 'river', 'numpy', 'CompreFace', 'FEDOT', 'sktime', 'PyTorchCV', 'pytorch-image-models', 'pebl', 'bigartm', 'BioPy', 'python-timbl', 'lightwood', 'mlx', 'zipline', 'pgmpy', 'Petrel', 'mlflow', 'DrQA', 'Parris', 'scikit-learn', 'pytorch', 'SynapseML', 'superset', 'transformers', 'ColossalAI', 'vispy', 'joliGEN', 'danswerai', 'shogun', 'Spearmint', 'xgboost', 'rosetta', 'catboost', 'dash', 'tesseract', 'stellargraph', 'maze', 'cleanlab', 'lightly', 'pymc', 'scikit-opt', 'deeppy', 'Gymnasium', 'skll', 'emcee', 'vigra', 'dtaidistance', 'mars', 'neuraltalk2', 'jax', 'scikit-survival', 'pytorch-frame', 'streamlit', 'mlxtend', 'cortex', 'DeepPavlov', 'alibi-detect', 'gradio', 'xlearn', 'langfuse', 'DI-engine', 'pyss3', 'DIGITS', 'LightGBM', 'CoreNLP', 'yalign', 'determined', 'deeplake', 'blaze', 'somoclu', 'xcessiv', 'matplotlib', 'tensorflow', 'PySyft', 'haystack', 'mlens', 'retro', 'machine-learning', 'gensim', 'neuropredict', 'feast', 'rasa', 'loso', 'lab', 'mindsdb', 'dowel', 'nut', 'retinaface', 'ViZDoom', 'neuraltalk', 'optuna', 'open-webui', 'NeuroNER', 'deepface', 'statsmodels', 'jProcessing', 'typer', 'python-recsys', 'textacy', 'ggpy', 'cornac', 'spaCy', 'langflow', 'igel', 'keras-tuner', 'Metaworld', 'aim', 'pynlpl', 'ray', 'cltk', 'recommenders', 'seaborn', 'evidently', 'deepchecks', 'garage', 'hebel', 'jieba', 'catalyst', 'pytensor', 'lambdo', 'prodmodel', 'zpar', 'polyglot', 'scikit-learn-intelex', 'scikit-image', 'pytorch-lightning', 'colibri-core', 'bolt']"
672,16,MemberOf,category,743,CERT C Secure Coding Standard (2008) Chapter 10 - Input Output (FIO),7024,22,"['tpot', 'neural-style-pt', 'chainer', 'skorch', 'pybrain', 'bokeh', 'autogluon', 'pytorch_geometric', 'pkuseg-python', 'open-metric-learning', 'detectron2', 'nilearn', 'mljar-supervised', 'altair', 'pyqtgraph', 'bentoml', 'caffe', 'river', 'numpy', 'CompreFace', 'FEDOT', 'sktime', 'PyTorchCV', 'pytorch-image-models', 'pebl', 'bigartm', 'BioPy', 'python-timbl', 'lightwood', 'mlx', 'zipline', 'pgmpy', 'Petrel', 'mlflow', 'DrQA', 'Parris', 'scikit-learn', 'pytorch', 'SynapseML', 'superset', 'transformers', 'ColossalAI', 'vispy', 'joliGEN', 'danswerai', 'shogun', 'Spearmint', 'xgboost', 'rosetta', 'catboost', 'dash', 'tesseract', 'stellargraph', 'maze', 'cleanlab', 'lightly', 'pymc', 'scikit-opt', 'deeppy', 'Gymnasium', 'skll', 'emcee', 'vigra', 'dtaidistance', 'mars', 'neuraltalk2', 'jax', 'scikit-survival', 'pytorch-frame', 'streamlit', 'mlxtend', 'cortex', 'DeepPavlov', 'alibi-detect', 'gradio', 'xlearn', 'langfuse', 'DI-engine', 'pyss3', 'DIGITS', 'LightGBM', 'CoreNLP', 'yalign', 'determined', 'deeplake', 'blaze', 'somoclu', 'xcessiv', 'matplotlib', 'tensorflow', 'PySyft', 'haystack', 'mlens', 'retro', 'machine-learning', 'gensim', 'neuropredict', 'feast', 'rasa', 'loso', 'lab', 'mindsdb', 'dowel', 'nut', 'retinaface', 'ViZDoom', 'neuraltalk', 'optuna', 'open-webui', 'NeuroNER', 'deepface', 'statsmodels', 'jProcessing', 'typer', 'python-recsys', 'textacy', 'ggpy', 'cornac', 'spaCy', 'langflow', 'igel', 'keras-tuner', 'Metaworld', 'aim', 'pynlpl', 'ray', 'cltk', 'recommenders', 'seaborn', 'evidently', 'deepchecks', 'garage', 'hebel', 'jieba', 'catalyst', 'pytensor', 'lambdo', 'prodmodel', 'zpar', 'polyglot', 'scikit-learn-intelex', 'scikit-image', 'pytorch-lightning', 'colibri-core', 'bolt']"
673,17,MemberOf,category,802,2010 Top 25 - Risky Resource Management,7024,22,"['tpot', 'neural-style-pt', 'chainer', 'skorch', 'pybrain', 'bokeh', 'autogluon', 'pytorch_geometric', 'pkuseg-python', 'open-metric-learning', 'detectron2', 'nilearn', 'mljar-supervised', 'altair', 'pyqtgraph', 'bentoml', 'caffe', 'river', 'numpy', 'CompreFace', 'FEDOT', 'sktime', 'PyTorchCV', 'pytorch-image-models', 'pebl', 'bigartm', 'BioPy', 'python-timbl', 'lightwood', 'mlx', 'zipline', 'pgmpy', 'Petrel', 'mlflow', 'DrQA', 'Parris', 'scikit-learn', 'pytorch', 'SynapseML', 'superset', 'transformers', 'ColossalAI', 'vispy', 'joliGEN', 'danswerai', 'shogun', 'Spearmint', 'xgboost', 'rosetta', 'catboost', 'dash', 'tesseract', 'stellargraph', 'maze', 'cleanlab', 'lightly', 'pymc', 'scikit-opt', 'deeppy', 'Gymnasium', 'skll', 'emcee', 'vigra', 'dtaidistance', 'mars', 'neuraltalk2', 'jax', 'scikit-survival', 'pytorch-frame', 'streamlit', 'mlxtend', 'cortex', 'DeepPavlov', 'alibi-detect', 'gradio', 'xlearn', 'langfuse', 'DI-engine', 'pyss3', 'DIGITS', 'LightGBM', 'CoreNLP', 'yalign', 'determined', 'deeplake', 'blaze', 'somoclu', 'xcessiv', 'matplotlib', 'tensorflow', 'PySyft', 'haystack', 'mlens', 'retro', 'machine-learning', 'gensim', 'neuropredict', 'feast', 'rasa', 'loso', 'lab', 'mindsdb', 'dowel', 'nut', 'retinaface', 'ViZDoom', 'neuraltalk', 'optuna', 'open-webui', 'NeuroNER', 'deepface', 'statsmodels', 'jProcessing', 'typer', 'python-recsys', 'textacy', 'ggpy', 'cornac', 'spaCy', 'langflow', 'igel', 'keras-tuner', 'Metaworld', 'aim', 'pynlpl', 'ray', 'cltk', 'recommenders', 'seaborn', 'evidently', 'deepchecks', 'garage', 'hebel', 'jieba', 'catalyst', 'pytensor', 'lambdo', 'prodmodel', 'zpar', 'polyglot', 'scikit-learn-intelex', 'scikit-image', 'pytorch-lightning', 'colibri-core', 'bolt']"
674,18,MemberOf,category,813,OWASP Top Ten 2010 Category A4 - Insecure Direct Object References,7024,22,"['tpot', 'neural-style-pt', 'chainer', 'skorch', 'pybrain', 'bokeh', 'autogluon', 'pytorch_geometric', 'pkuseg-python', 'open-metric-learning', 'detectron2', 'nilearn', 'mljar-supervised', 'altair', 'pyqtgraph', 'bentoml', 'caffe', 'river', 'numpy', 'CompreFace', 'FEDOT', 'sktime', 'PyTorchCV', 'pytorch-image-models', 'pebl', 'bigartm', 'BioPy', 'python-timbl', 'lightwood', 'mlx', 'zipline', 'pgmpy', 'Petrel', 'mlflow', 'DrQA', 'Parris', 'scikit-learn', 'pytorch', 'SynapseML', 'superset', 'transformers', 'ColossalAI', 'vispy', 'joliGEN', 'danswerai', 'shogun', 'Spearmint', 'xgboost', 'rosetta', 'catboost', 'dash', 'tesseract', 'stellargraph', 'maze', 'cleanlab', 'lightly', 'pymc', 'scikit-opt', 'deeppy', 'Gymnasium', 'skll', 'emcee', 'vigra', 'dtaidistance', 'mars', 'neuraltalk2', 'jax', 'scikit-survival', 'pytorch-frame', 'streamlit', 'mlxtend', 'cortex', 'DeepPavlov', 'alibi-detect', 'gradio', 'xlearn', 'langfuse', 'DI-engine', 'pyss3', 'DIGITS', 'LightGBM', 'CoreNLP', 'yalign', 'determined', 'deeplake', 'blaze', 'somoclu', 'xcessiv', 'matplotlib', 'tensorflow', 'PySyft', 'haystack', 'mlens', 'retro', 'machine-learning', 'gensim', 'neuropredict', 'feast', 'rasa', 'loso', 'lab', 'mindsdb', 'dowel', 'nut', 'retinaface', 'ViZDoom', 'neuraltalk', 'optuna', 'open-webui', 'NeuroNER', 'deepface', 'statsmodels', 'jProcessing', 'typer', 'python-recsys', 'textacy', 'ggpy', 'cornac', 'spaCy', 'langflow', 'igel', 'keras-tuner', 'Metaworld', 'aim', 'pynlpl', 'ray', 'cltk', 'recommenders', 'seaborn', 'evidently', 'deepchecks', 'garage', 'hebel', 'jieba', 'catalyst', 'pytensor', 'lambdo', 'prodmodel', 'zpar', 'polyglot', 'scikit-learn-intelex', 'scikit-image', 'pytorch-lightning', 'colibri-core', 'bolt']"
675,19,MemberOf,category,865,2011 Top 25 - Risky Resource Management,7024,22,"['tpot', 'neural-style-pt', 'chainer', 'skorch', 'pybrain', 'bokeh', 'autogluon', 'pytorch_geometric', 'pkuseg-python', 'open-metric-learning', 'detectron2', 'nilearn', 'mljar-supervised', 'altair', 'pyqtgraph', 'bentoml', 'caffe', 'river', 'numpy', 'CompreFace', 'FEDOT', 'sktime', 'PyTorchCV', 'pytorch-image-models', 'pebl', 'bigartm', 'BioPy', 'python-timbl', 'lightwood', 'mlx', 'zipline', 'pgmpy', 'Petrel', 'mlflow', 'DrQA', 'Parris', 'scikit-learn', 'pytorch', 'SynapseML', 'superset', 'transformers', 'ColossalAI', 'vispy', 'joliGEN', 'danswerai', 'shogun', 'Spearmint', 'xgboost', 'rosetta', 'catboost', 'dash', 'tesseract', 'stellargraph', 'maze', 'cleanlab', 'lightly', 'pymc', 'scikit-opt', 'deeppy', 'Gymnasium', 'skll', 'emcee', 'vigra', 'dtaidistance', 'mars', 'neuraltalk2', 'jax', 'scikit-survival', 'pytorch-frame', 'streamlit', 'mlxtend', 'cortex', 'DeepPavlov', 'alibi-detect', 'gradio', 'xlearn', 'langfuse', 'DI-engine', 'pyss3', 'DIGITS', 'LightGBM', 'CoreNLP', 'yalign', 'determined', 'deeplake', 'blaze', 'somoclu', 'xcessiv', 'matplotlib', 'tensorflow', 'PySyft', 'haystack', 'mlens', 'retro', 'machine-learning', 'gensim', 'neuropredict', 'feast', 'rasa', 'loso', 'lab', 'mindsdb', 'dowel', 'nut', 'retinaface', 'ViZDoom', 'neuraltalk', 'optuna', 'open-webui', 'NeuroNER', 'deepface', 'statsmodels', 'jProcessing', 'typer', 'python-recsys', 'textacy', 'ggpy', 'cornac', 'spaCy', 'langflow', 'igel', 'keras-tuner', 'Metaworld', 'aim', 'pynlpl', 'ray', 'cltk', 'recommenders', 'seaborn', 'evidently', 'deepchecks', 'garage', 'hebel', 'jieba', 'catalyst', 'pytensor', 'lambdo', 'prodmodel', 'zpar', 'polyglot', 'scikit-learn-intelex', 'scikit-image', 'pytorch-lightning', 'colibri-core', 'bolt']"
676,20,MemberOf,category,877,CERT C++ Secure Coding Section 09 - Input Output (FIO),7024,22,"['tpot', 'neural-style-pt', 'chainer', 'skorch', 'pybrain', 'bokeh', 'autogluon', 'pytorch_geometric', 'pkuseg-python', 'open-metric-learning', 'detectron2', 'nilearn', 'mljar-supervised', 'altair', 'pyqtgraph', 'bentoml', 'caffe', 'river', 'numpy', 'CompreFace', 'FEDOT', 'sktime', 'PyTorchCV', 'pytorch-image-models', 'pebl', 'bigartm', 'BioPy', 'python-timbl', 'lightwood', 'mlx', 'zipline', 'pgmpy', 'Petrel', 'mlflow', 'DrQA', 'Parris', 'scikit-learn', 'pytorch', 'SynapseML', 'superset', 'transformers', 'ColossalAI', 'vispy', 'joliGEN', 'danswerai', 'shogun', 'Spearmint', 'xgboost', 'rosetta', 'catboost', 'dash', 'tesseract', 'stellargraph', 'maze', 'cleanlab', 'lightly', 'pymc', 'scikit-opt', 'deeppy', 'Gymnasium', 'skll', 'emcee', 'vigra', 'dtaidistance', 'mars', 'neuraltalk2', 'jax', 'scikit-survival', 'pytorch-frame', 'streamlit', 'mlxtend', 'cortex', 'DeepPavlov', 'alibi-detect', 'gradio', 'xlearn', 'langfuse', 'DI-engine', 'pyss3', 'DIGITS', 'LightGBM', 'CoreNLP', 'yalign', 'determined', 'deeplake', 'blaze', 'somoclu', 'xcessiv', 'matplotlib', 'tensorflow', 'PySyft', 'haystack', 'mlens', 'retro', 'machine-learning', 'gensim', 'neuropredict', 'feast', 'rasa', 'loso', 'lab', 'mindsdb', 'dowel', 'nut', 'retinaface', 'ViZDoom', 'neuraltalk', 'optuna', 'open-webui', 'NeuroNER', 'deepface', 'statsmodels', 'jProcessing', 'typer', 'python-recsys', 'textacy', 'ggpy', 'cornac', 'spaCy', 'langflow', 'igel', 'keras-tuner', 'Metaworld', 'aim', 'pynlpl', 'ray', 'cltk', 'recommenders', 'seaborn', 'evidently', 'deepchecks', 'garage', 'hebel', 'jieba', 'catalyst', 'pytensor', 'lambdo', 'prodmodel', 'zpar', 'polyglot', 'scikit-learn-intelex', 'scikit-image', 'pytorch-lightning', 'colibri-core', 'bolt']"
677,21,MemberOf,view,884,CWE Cross-section,7024,22,"['tpot', 'neural-style-pt', 'chainer', 'skorch', 'pybrain', 'bokeh', 'autogluon', 'pytorch_geometric', 'pkuseg-python', 'open-metric-learning', 'detectron2', 'nilearn', 'mljar-supervised', 'altair', 'pyqtgraph', 'bentoml', 'caffe', 'river', 'numpy', 'CompreFace', 'FEDOT', 'sktime', 'PyTorchCV', 'pytorch-image-models', 'pebl', 'bigartm', 'BioPy', 'python-timbl', 'lightwood', 'mlx', 'zipline', 'pgmpy', 'Petrel', 'mlflow', 'DrQA', 'Parris', 'scikit-learn', 'pytorch', 'SynapseML', 'superset', 'transformers', 'ColossalAI', 'vispy', 'joliGEN', 'danswerai', 'shogun', 'Spearmint', 'xgboost', 'rosetta', 'catboost', 'dash', 'tesseract', 'stellargraph', 'maze', 'cleanlab', 'lightly', 'pymc', 'scikit-opt', 'deeppy', 'Gymnasium', 'skll', 'emcee', 'vigra', 'dtaidistance', 'mars', 'neuraltalk2', 'jax', 'scikit-survival', 'pytorch-frame', 'streamlit', 'mlxtend', 'cortex', 'DeepPavlov', 'alibi-detect', 'gradio', 'xlearn', 'langfuse', 'DI-engine', 'pyss3', 'DIGITS', 'LightGBM', 'CoreNLP', 'yalign', 'determined', 'deeplake', 'blaze', 'somoclu', 'xcessiv', 'matplotlib', 'tensorflow', 'PySyft', 'haystack', 'mlens', 'retro', 'machine-learning', 'gensim', 'neuropredict', 'feast', 'rasa', 'loso', 'lab', 'mindsdb', 'dowel', 'nut', 'retinaface', 'ViZDoom', 'neuraltalk', 'optuna', 'open-webui', 'NeuroNER', 'deepface', 'statsmodels', 'jProcessing', 'typer', 'python-recsys', 'textacy', 'ggpy', 'cornac', 'spaCy', 'langflow', 'igel', 'keras-tuner', 'Metaworld', 'aim', 'pynlpl', 'ray', 'cltk', 'recommenders', 'seaborn', 'evidently', 'deepchecks', 'garage', 'hebel', 'jieba', 'catalyst', 'pytensor', 'lambdo', 'prodmodel', 'zpar', 'polyglot', 'scikit-learn-intelex', 'scikit-image', 'pytorch-lightning', 'colibri-core', 'bolt']"
678,22,MemberOf,category,932,OWASP Top Ten 2013 Category A4 - Insecure Direct Object References,7024,22,"['tpot', 'neural-style-pt', 'chainer', 'skorch', 'pybrain', 'bokeh', 'autogluon', 'pytorch_geometric', 'pkuseg-python', 'open-metric-learning', 'detectron2', 'nilearn', 'mljar-supervised', 'altair', 'pyqtgraph', 'bentoml', 'caffe', 'river', 'numpy', 'CompreFace', 'FEDOT', 'sktime', 'PyTorchCV', 'pytorch-image-models', 'pebl', 'bigartm', 'BioPy', 'python-timbl', 'lightwood', 'mlx', 'zipline', 'pgmpy', 'Petrel', 'mlflow', 'DrQA', 'Parris', 'scikit-learn', 'pytorch', 'SynapseML', 'superset', 'transformers', 'ColossalAI', 'vispy', 'joliGEN', 'danswerai', 'shogun', 'Spearmint', 'xgboost', 'rosetta', 'catboost', 'dash', 'tesseract', 'stellargraph', 'maze', 'cleanlab', 'lightly', 'pymc', 'scikit-opt', 'deeppy', 'Gymnasium', 'skll', 'emcee', 'vigra', 'dtaidistance', 'mars', 'neuraltalk2', 'jax', 'scikit-survival', 'pytorch-frame', 'streamlit', 'mlxtend', 'cortex', 'DeepPavlov', 'alibi-detect', 'gradio', 'xlearn', 'langfuse', 'DI-engine', 'pyss3', 'DIGITS', 'LightGBM', 'CoreNLP', 'yalign', 'determined', 'deeplake', 'blaze', 'somoclu', 'xcessiv', 'matplotlib', 'tensorflow', 'PySyft', 'haystack', 'mlens', 'retro', 'machine-learning', 'gensim', 'neuropredict', 'feast', 'rasa', 'loso', 'lab', 'mindsdb', 'dowel', 'nut', 'retinaface', 'ViZDoom', 'neuraltalk', 'optuna', 'open-webui', 'NeuroNER', 'deepface', 'statsmodels', 'jProcessing', 'typer', 'python-recsys', 'textacy', 'ggpy', 'cornac', 'spaCy', 'langflow', 'igel', 'keras-tuner', 'Metaworld', 'aim', 'pynlpl', 'ray', 'cltk', 'recommenders', 'seaborn', 'evidently', 'deepchecks', 'garage', 'hebel', 'jieba', 'catalyst', 'pytensor', 'lambdo', 'prodmodel', 'zpar', 'polyglot', 'scikit-learn-intelex', 'scikit-image', 'pytorch-lightning', 'colibri-core', 'bolt']"
679,23,MemberOf,category,981,SFP Secondary Cluster: Path Traversal,7024,22,"['tpot', 'neural-style-pt', 'chainer', 'skorch', 'pybrain', 'bokeh', 'autogluon', 'pytorch_geometric', 'pkuseg-python', 'open-metric-learning', 'detectron2', 'nilearn', 'mljar-supervised', 'altair', 'pyqtgraph', 'bentoml', 'caffe', 'river', 'numpy', 'CompreFace', 'FEDOT', 'sktime', 'PyTorchCV', 'pytorch-image-models', 'pebl', 'bigartm', 'BioPy', 'python-timbl', 'lightwood', 'mlx', 'zipline', 'pgmpy', 'Petrel', 'mlflow', 'DrQA', 'Parris', 'scikit-learn', 'pytorch', 'SynapseML', 'superset', 'transformers', 'ColossalAI', 'vispy', 'joliGEN', 'danswerai', 'shogun', 'Spearmint', 'xgboost', 'rosetta', 'catboost', 'dash', 'tesseract', 'stellargraph', 'maze', 'cleanlab', 'lightly', 'pymc', 'scikit-opt', 'deeppy', 'Gymnasium', 'skll', 'emcee', 'vigra', 'dtaidistance', 'mars', 'neuraltalk2', 'jax', 'scikit-survival', 'pytorch-frame', 'streamlit', 'mlxtend', 'cortex', 'DeepPavlov', 'alibi-detect', 'gradio', 'xlearn', 'langfuse', 'DI-engine', 'pyss3', 'DIGITS', 'LightGBM', 'CoreNLP', 'yalign', 'determined', 'deeplake', 'blaze', 'somoclu', 'xcessiv', 'matplotlib', 'tensorflow', 'PySyft', 'haystack', 'mlens', 'retro', 'machine-learning', 'gensim', 'neuropredict', 'feast', 'rasa', 'loso', 'lab', 'mindsdb', 'dowel', 'nut', 'retinaface', 'ViZDoom', 'neuraltalk', 'optuna', 'open-webui', 'NeuroNER', 'deepface', 'statsmodels', 'jProcessing', 'typer', 'python-recsys', 'textacy', 'ggpy', 'cornac', 'spaCy', 'langflow', 'igel', 'keras-tuner', 'Metaworld', 'aim', 'pynlpl', 'ray', 'cltk', 'recommenders', 'seaborn', 'evidently', 'deepchecks', 'garage', 'hebel', 'jieba', 'catalyst', 'pytensor', 'lambdo', 'prodmodel', 'zpar', 'polyglot', 'scikit-learn-intelex', 'scikit-image', 'pytorch-lightning', 'colibri-core', 'bolt']"
680,24,MemberOf,category,1031,OWASP Top Ten 2017 Category A5 - Broken Access Control,7024,22,"['tpot', 'neural-style-pt', 'chainer', 'skorch', 'pybrain', 'bokeh', 'autogluon', 'pytorch_geometric', 'pkuseg-python', 'open-metric-learning', 'detectron2', 'nilearn', 'mljar-supervised', 'altair', 'pyqtgraph', 'bentoml', 'caffe', 'river', 'numpy', 'CompreFace', 'FEDOT', 'sktime', 'PyTorchCV', 'pytorch-image-models', 'pebl', 'bigartm', 'BioPy', 'python-timbl', 'lightwood', 'mlx', 'zipline', 'pgmpy', 'Petrel', 'mlflow', 'DrQA', 'Parris', 'scikit-learn', 'pytorch', 'SynapseML', 'superset', 'transformers', 'ColossalAI', 'vispy', 'joliGEN', 'danswerai', 'shogun', 'Spearmint', 'xgboost', 'rosetta', 'catboost', 'dash', 'tesseract', 'stellargraph', 'maze', 'cleanlab', 'lightly', 'pymc', 'scikit-opt', 'deeppy', 'Gymnasium', 'skll', 'emcee', 'vigra', 'dtaidistance', 'mars', 'neuraltalk2', 'jax', 'scikit-survival', 'pytorch-frame', 'streamlit', 'mlxtend', 'cortex', 'DeepPavlov', 'alibi-detect', 'gradio', 'xlearn', 'langfuse', 'DI-engine', 'pyss3', 'DIGITS', 'LightGBM', 'CoreNLP', 'yalign', 'determined', 'deeplake', 'blaze', 'somoclu', 'xcessiv', 'matplotlib', 'tensorflow', 'PySyft', 'haystack', 'mlens', 'retro', 'machine-learning', 'gensim', 'neuropredict', 'feast', 'rasa', 'loso', 'lab', 'mindsdb', 'dowel', 'nut', 'retinaface', 'ViZDoom', 'neuraltalk', 'optuna', 'open-webui', 'NeuroNER', 'deepface', 'statsmodels', 'jProcessing', 'typer', 'python-recsys', 'textacy', 'ggpy', 'cornac', 'spaCy', 'langflow', 'igel', 'keras-tuner', 'Metaworld', 'aim', 'pynlpl', 'ray', 'cltk', 'recommenders', 'seaborn', 'evidently', 'deepchecks', 'garage', 'hebel', 'jieba', 'catalyst', 'pytensor', 'lambdo', 'prodmodel', 'zpar', 'polyglot', 'scikit-learn-intelex', 'scikit-image', 'pytorch-lightning', 'colibri-core', 'bolt']"
681,25,MemberOf,category,1131,CISQ Quality Measures (2016) - Security,7024,22,"['tpot', 'neural-style-pt', 'chainer', 'skorch', 'pybrain', 'bokeh', 'autogluon', 'pytorch_geometric', 'pkuseg-python', 'open-metric-learning', 'detectron2', 'nilearn', 'mljar-supervised', 'altair', 'pyqtgraph', 'bentoml', 'caffe', 'river', 'numpy', 'CompreFace', 'FEDOT', 'sktime', 'PyTorchCV', 'pytorch-image-models', 'pebl', 'bigartm', 'BioPy', 'python-timbl', 'lightwood', 'mlx', 'zipline', 'pgmpy', 'Petrel', 'mlflow', 'DrQA', 'Parris', 'scikit-learn', 'pytorch', 'SynapseML', 'superset', 'transformers', 'ColossalAI', 'vispy', 'joliGEN', 'danswerai', 'shogun', 'Spearmint', 'xgboost', 'rosetta', 'catboost', 'dash', 'tesseract', 'stellargraph', 'maze', 'cleanlab', 'lightly', 'pymc', 'scikit-opt', 'deeppy', 'Gymnasium', 'skll', 'emcee', 'vigra', 'dtaidistance', 'mars', 'neuraltalk2', 'jax', 'scikit-survival', 'pytorch-frame', 'streamlit', 'mlxtend', 'cortex', 'DeepPavlov', 'alibi-detect', 'gradio', 'xlearn', 'langfuse', 'DI-engine', 'pyss3', 'DIGITS', 'LightGBM', 'CoreNLP', 'yalign', 'determined', 'deeplake', 'blaze', 'somoclu', 'xcessiv', 'matplotlib', 'tensorflow', 'PySyft', 'haystack', 'mlens', 'retro', 'machine-learning', 'gensim', 'neuropredict', 'feast', 'rasa', 'loso', 'lab', 'mindsdb', 'dowel', 'nut', 'retinaface', 'ViZDoom', 'neuraltalk', 'optuna', 'open-webui', 'NeuroNER', 'deepface', 'statsmodels', 'jProcessing', 'typer', 'python-recsys', 'textacy', 'ggpy', 'cornac', 'spaCy', 'langflow', 'igel', 'keras-tuner', 'Metaworld', 'aim', 'pynlpl', 'ray', 'cltk', 'recommenders', 'seaborn', 'evidently', 'deepchecks', 'garage', 'hebel', 'jieba', 'catalyst', 'pytensor', 'lambdo', 'prodmodel', 'zpar', 'polyglot', 'scikit-learn-intelex', 'scikit-image', 'pytorch-lightning', 'colibri-core', 'bolt']"
682,26,MemberOf,category,1179,SEI CERT Perl Coding Standard - Guidelines 01. Input Validation and Data Sanitization (IDS),7024,22,"['tpot', 'neural-style-pt', 'chainer', 'skorch', 'pybrain', 'bokeh', 'autogluon', 'pytorch_geometric', 'pkuseg-python', 'open-metric-learning', 'detectron2', 'nilearn', 'mljar-supervised', 'altair', 'pyqtgraph', 'bentoml', 'caffe', 'river', 'numpy', 'CompreFace', 'FEDOT', 'sktime', 'PyTorchCV', 'pytorch-image-models', 'pebl', 'bigartm', 'BioPy', 'python-timbl', 'lightwood', 'mlx', 'zipline', 'pgmpy', 'Petrel', 'mlflow', 'DrQA', 'Parris', 'scikit-learn', 'pytorch', 'SynapseML', 'superset', 'transformers', 'ColossalAI', 'vispy', 'joliGEN', 'danswerai', 'shogun', 'Spearmint', 'xgboost', 'rosetta', 'catboost', 'dash', 'tesseract', 'stellargraph', 'maze', 'cleanlab', 'lightly', 'pymc', 'scikit-opt', 'deeppy', 'Gymnasium', 'skll', 'emcee', 'vigra', 'dtaidistance', 'mars', 'neuraltalk2', 'jax', 'scikit-survival', 'pytorch-frame', 'streamlit', 'mlxtend', 'cortex', 'DeepPavlov', 'alibi-detect', 'gradio', 'xlearn', 'langfuse', 'DI-engine', 'pyss3', 'DIGITS', 'LightGBM', 'CoreNLP', 'yalign', 'determined', 'deeplake', 'blaze', 'somoclu', 'xcessiv', 'matplotlib', 'tensorflow', 'PySyft', 'haystack', 'mlens', 'retro', 'machine-learning', 'gensim', 'neuropredict', 'feast', 'rasa', 'loso', 'lab', 'mindsdb', 'dowel', 'nut', 'retinaface', 'ViZDoom', 'neuraltalk', 'optuna', 'open-webui', 'NeuroNER', 'deepface', 'statsmodels', 'jProcessing', 'typer', 'python-recsys', 'textacy', 'ggpy', 'cornac', 'spaCy', 'langflow', 'igel', 'keras-tuner', 'Metaworld', 'aim', 'pynlpl', 'ray', 'cltk', 'recommenders', 'seaborn', 'evidently', 'deepchecks', 'garage', 'hebel', 'jieba', 'catalyst', 'pytensor', 'lambdo', 'prodmodel', 'zpar', 'polyglot', 'scikit-learn-intelex', 'scikit-image', 'pytorch-lightning', 'colibri-core', 'bolt']"
683,27,MemberOf,view,1200,Weaknesses in the 2019 CWE Top 25 Most Dangerous Software Errors,7024,22,"['tpot', 'neural-style-pt', 'chainer', 'skorch', 'pybrain', 'bokeh', 'autogluon', 'pytorch_geometric', 'pkuseg-python', 'open-metric-learning', 'detectron2', 'nilearn', 'mljar-supervised', 'altair', 'pyqtgraph', 'bentoml', 'caffe', 'river', 'numpy', 'CompreFace', 'FEDOT', 'sktime', 'PyTorchCV', 'pytorch-image-models', 'pebl', 'bigartm', 'BioPy', 'python-timbl', 'lightwood', 'mlx', 'zipline', 'pgmpy', 'Petrel', 'mlflow', 'DrQA', 'Parris', 'scikit-learn', 'pytorch', 'SynapseML', 'superset', 'transformers', 'ColossalAI', 'vispy', 'joliGEN', 'danswerai', 'shogun', 'Spearmint', 'xgboost', 'rosetta', 'catboost', 'dash', 'tesseract', 'stellargraph', 'maze', 'cleanlab', 'lightly', 'pymc', 'scikit-opt', 'deeppy', 'Gymnasium', 'skll', 'emcee', 'vigra', 'dtaidistance', 'mars', 'neuraltalk2', 'jax', 'scikit-survival', 'pytorch-frame', 'streamlit', 'mlxtend', 'cortex', 'DeepPavlov', 'alibi-detect', 'gradio', 'xlearn', 'langfuse', 'DI-engine', 'pyss3', 'DIGITS', 'LightGBM', 'CoreNLP', 'yalign', 'determined', 'deeplake', 'blaze', 'somoclu', 'xcessiv', 'matplotlib', 'tensorflow', 'PySyft', 'haystack', 'mlens', 'retro', 'machine-learning', 'gensim', 'neuropredict', 'feast', 'rasa', 'loso', 'lab', 'mindsdb', 'dowel', 'nut', 'retinaface', 'ViZDoom', 'neuraltalk', 'optuna', 'open-webui', 'NeuroNER', 'deepface', 'statsmodels', 'jProcessing', 'typer', 'python-recsys', 'textacy', 'ggpy', 'cornac', 'spaCy', 'langflow', 'igel', 'keras-tuner', 'Metaworld', 'aim', 'pynlpl', 'ray', 'cltk', 'recommenders', 'seaborn', 'evidently', 'deepchecks', 'garage', 'hebel', 'jieba', 'catalyst', 'pytensor', 'lambdo', 'prodmodel', 'zpar', 'polyglot', 'scikit-learn-intelex', 'scikit-image', 'pytorch-lightning', 'colibri-core', 'bolt']"
684,28,MemberOf,category,1308,CISQ Quality Measures - Security,7024,22,"['tpot', 'neural-style-pt', 'chainer', 'skorch', 'pybrain', 'bokeh', 'autogluon', 'pytorch_geometric', 'pkuseg-python', 'open-metric-learning', 'detectron2', 'nilearn', 'mljar-supervised', 'altair', 'pyqtgraph', 'bentoml', 'caffe', 'river', 'numpy', 'CompreFace', 'FEDOT', 'sktime', 'PyTorchCV', 'pytorch-image-models', 'pebl', 'bigartm', 'BioPy', 'python-timbl', 'lightwood', 'mlx', 'zipline', 'pgmpy', 'Petrel', 'mlflow', 'DrQA', 'Parris', 'scikit-learn', 'pytorch', 'SynapseML', 'superset', 'transformers', 'ColossalAI', 'vispy', 'joliGEN', 'danswerai', 'shogun', 'Spearmint', 'xgboost', 'rosetta', 'catboost', 'dash', 'tesseract', 'stellargraph', 'maze', 'cleanlab', 'lightly', 'pymc', 'scikit-opt', 'deeppy', 'Gymnasium', 'skll', 'emcee', 'vigra', 'dtaidistance', 'mars', 'neuraltalk2', 'jax', 'scikit-survival', 'pytorch-frame', 'streamlit', 'mlxtend', 'cortex', 'DeepPavlov', 'alibi-detect', 'gradio', 'xlearn', 'langfuse', 'DI-engine', 'pyss3', 'DIGITS', 'LightGBM', 'CoreNLP', 'yalign', 'determined', 'deeplake', 'blaze', 'somoclu', 'xcessiv', 'matplotlib', 'tensorflow', 'PySyft', 'haystack', 'mlens', 'retro', 'machine-learning', 'gensim', 'neuropredict', 'feast', 'rasa', 'loso', 'lab', 'mindsdb', 'dowel', 'nut', 'retinaface', 'ViZDoom', 'neuraltalk', 'optuna', 'open-webui', 'NeuroNER', 'deepface', 'statsmodels', 'jProcessing', 'typer', 'python-recsys', 'textacy', 'ggpy', 'cornac', 'spaCy', 'langflow', 'igel', 'keras-tuner', 'Metaworld', 'aim', 'pynlpl', 'ray', 'cltk', 'recommenders', 'seaborn', 'evidently', 'deepchecks', 'garage', 'hebel', 'jieba', 'catalyst', 'pytensor', 'lambdo', 'prodmodel', 'zpar', 'polyglot', 'scikit-learn-intelex', 'scikit-image', 'pytorch-lightning', 'colibri-core', 'bolt']"
685,29,MemberOf,view,1337,Weaknesses in the 2021 CWE Top 25 Most Dangerous Software Weaknesses,7024,22,"['tpot', 'neural-style-pt', 'chainer', 'skorch', 'pybrain', 'bokeh', 'autogluon', 'pytorch_geometric', 'pkuseg-python', 'open-metric-learning', 'detectron2', 'nilearn', 'mljar-supervised', 'altair', 'pyqtgraph', 'bentoml', 'caffe', 'river', 'numpy', 'CompreFace', 'FEDOT', 'sktime', 'PyTorchCV', 'pytorch-image-models', 'pebl', 'bigartm', 'BioPy', 'python-timbl', 'lightwood', 'mlx', 'zipline', 'pgmpy', 'Petrel', 'mlflow', 'DrQA', 'Parris', 'scikit-learn', 'pytorch', 'SynapseML', 'superset', 'transformers', 'ColossalAI', 'vispy', 'joliGEN', 'danswerai', 'shogun', 'Spearmint', 'xgboost', 'rosetta', 'catboost', 'dash', 'tesseract', 'stellargraph', 'maze', 'cleanlab', 'lightly', 'pymc', 'scikit-opt', 'deeppy', 'Gymnasium', 'skll', 'emcee', 'vigra', 'dtaidistance', 'mars', 'neuraltalk2', 'jax', 'scikit-survival', 'pytorch-frame', 'streamlit', 'mlxtend', 'cortex', 'DeepPavlov', 'alibi-detect', 'gradio', 'xlearn', 'langfuse', 'DI-engine', 'pyss3', 'DIGITS', 'LightGBM', 'CoreNLP', 'yalign', 'determined', 'deeplake', 'blaze', 'somoclu', 'xcessiv', 'matplotlib', 'tensorflow', 'PySyft', 'haystack', 'mlens', 'retro', 'machine-learning', 'gensim', 'neuropredict', 'feast', 'rasa', 'loso', 'lab', 'mindsdb', 'dowel', 'nut', 'retinaface', 'ViZDoom', 'neuraltalk', 'optuna', 'open-webui', 'NeuroNER', 'deepface', 'statsmodels', 'jProcessing', 'typer', 'python-recsys', 'textacy', 'ggpy', 'cornac', 'spaCy', 'langflow', 'igel', 'keras-tuner', 'Metaworld', 'aim', 'pynlpl', 'ray', 'cltk', 'recommenders', 'seaborn', 'evidently', 'deepchecks', 'garage', 'hebel', 'jieba', 'catalyst', 'pytensor', 'lambdo', 'prodmodel', 'zpar', 'polyglot', 'scikit-learn-intelex', 'scikit-image', 'pytorch-lightning', 'colibri-core', 'bolt']"
686,30,MemberOf,view,1340,CISQ Data Protection Measures,7024,22,"['tpot', 'neural-style-pt', 'chainer', 'skorch', 'pybrain', 'bokeh', 'autogluon', 'pytorch_geometric', 'pkuseg-python', 'open-metric-learning', 'detectron2', 'nilearn', 'mljar-supervised', 'altair', 'pyqtgraph', 'bentoml', 'caffe', 'river', 'numpy', 'CompreFace', 'FEDOT', 'sktime', 'PyTorchCV', 'pytorch-image-models', 'pebl', 'bigartm', 'BioPy', 'python-timbl', 'lightwood', 'mlx', 'zipline', 'pgmpy', 'Petrel', 'mlflow', 'DrQA', 'Parris', 'scikit-learn', 'pytorch', 'SynapseML', 'superset', 'transformers', 'ColossalAI', 'vispy', 'joliGEN', 'danswerai', 'shogun', 'Spearmint', 'xgboost', 'rosetta', 'catboost', 'dash', 'tesseract', 'stellargraph', 'maze', 'cleanlab', 'lightly', 'pymc', 'scikit-opt', 'deeppy', 'Gymnasium', 'skll', 'emcee', 'vigra', 'dtaidistance', 'mars', 'neuraltalk2', 'jax', 'scikit-survival', 'pytorch-frame', 'streamlit', 'mlxtend', 'cortex', 'DeepPavlov', 'alibi-detect', 'gradio', 'xlearn', 'langfuse', 'DI-engine', 'pyss3', 'DIGITS', 'LightGBM', 'CoreNLP', 'yalign', 'determined', 'deeplake', 'blaze', 'somoclu', 'xcessiv', 'matplotlib', 'tensorflow', 'PySyft', 'haystack', 'mlens', 'retro', 'machine-learning', 'gensim', 'neuropredict', 'feast', 'rasa', 'loso', 'lab', 'mindsdb', 'dowel', 'nut', 'retinaface', 'ViZDoom', 'neuraltalk', 'optuna', 'open-webui', 'NeuroNER', 'deepface', 'statsmodels', 'jProcessing', 'typer', 'python-recsys', 'textacy', 'ggpy', 'cornac', 'spaCy', 'langflow', 'igel', 'keras-tuner', 'Metaworld', 'aim', 'pynlpl', 'ray', 'cltk', 'recommenders', 'seaborn', 'evidently', 'deepchecks', 'garage', 'hebel', 'jieba', 'catalyst', 'pytensor', 'lambdo', 'prodmodel', 'zpar', 'polyglot', 'scikit-learn-intelex', 'scikit-image', 'pytorch-lightning', 'colibri-core', 'bolt']"
687,31,MemberOf,category,1345,OWASP Top Ten 2021 Category A01:2021 - Broken Access Control,7024,22,"['tpot', 'neural-style-pt', 'chainer', 'skorch', 'pybrain', 'bokeh', 'autogluon', 'pytorch_geometric', 'pkuseg-python', 'open-metric-learning', 'detectron2', 'nilearn', 'mljar-supervised', 'altair', 'pyqtgraph', 'bentoml', 'caffe', 'river', 'numpy', 'CompreFace', 'FEDOT', 'sktime', 'PyTorchCV', 'pytorch-image-models', 'pebl', 'bigartm', 'BioPy', 'python-timbl', 'lightwood', 'mlx', 'zipline', 'pgmpy', 'Petrel', 'mlflow', 'DrQA', 'Parris', 'scikit-learn', 'pytorch', 'SynapseML', 'superset', 'transformers', 'ColossalAI', 'vispy', 'joliGEN', 'danswerai', 'shogun', 'Spearmint', 'xgboost', 'rosetta', 'catboost', 'dash', 'tesseract', 'stellargraph', 'maze', 'cleanlab', 'lightly', 'pymc', 'scikit-opt', 'deeppy', 'Gymnasium', 'skll', 'emcee', 'vigra', 'dtaidistance', 'mars', 'neuraltalk2', 'jax', 'scikit-survival', 'pytorch-frame', 'streamlit', 'mlxtend', 'cortex', 'DeepPavlov', 'alibi-detect', 'gradio', 'xlearn', 'langfuse', 'DI-engine', 'pyss3', 'DIGITS', 'LightGBM', 'CoreNLP', 'yalign', 'determined', 'deeplake', 'blaze', 'somoclu', 'xcessiv', 'matplotlib', 'tensorflow', 'PySyft', 'haystack', 'mlens', 'retro', 'machine-learning', 'gensim', 'neuropredict', 'feast', 'rasa', 'loso', 'lab', 'mindsdb', 'dowel', 'nut', 'retinaface', 'ViZDoom', 'neuraltalk', 'optuna', 'open-webui', 'NeuroNER', 'deepface', 'statsmodels', 'jProcessing', 'typer', 'python-recsys', 'textacy', 'ggpy', 'cornac', 'spaCy', 'langflow', 'igel', 'keras-tuner', 'Metaworld', 'aim', 'pynlpl', 'ray', 'cltk', 'recommenders', 'seaborn', 'evidently', 'deepchecks', 'garage', 'hebel', 'jieba', 'catalyst', 'pytensor', 'lambdo', 'prodmodel', 'zpar', 'polyglot', 'scikit-learn-intelex', 'scikit-image', 'pytorch-lightning', 'colibri-core', 'bolt']"
688,32,MemberOf,view,1350,Weaknesses in the 2020 CWE Top 25 Most Dangerous Software Weaknesses,7024,22,"['tpot', 'neural-style-pt', 'chainer', 'skorch', 'pybrain', 'bokeh', 'autogluon', 'pytorch_geometric', 'pkuseg-python', 'open-metric-learning', 'detectron2', 'nilearn', 'mljar-supervised', 'altair', 'pyqtgraph', 'bentoml', 'caffe', 'river', 'numpy', 'CompreFace', 'FEDOT', 'sktime', 'PyTorchCV', 'pytorch-image-models', 'pebl', 'bigartm', 'BioPy', 'python-timbl', 'lightwood', 'mlx', 'zipline', 'pgmpy', 'Petrel', 'mlflow', 'DrQA', 'Parris', 'scikit-learn', 'pytorch', 'SynapseML', 'superset', 'transformers', 'ColossalAI', 'vispy', 'joliGEN', 'danswerai', 'shogun', 'Spearmint', 'xgboost', 'rosetta', 'catboost', 'dash', 'tesseract', 'stellargraph', 'maze', 'cleanlab', 'lightly', 'pymc', 'scikit-opt', 'deeppy', 'Gymnasium', 'skll', 'emcee', 'vigra', 'dtaidistance', 'mars', 'neuraltalk2', 'jax', 'scikit-survival', 'pytorch-frame', 'streamlit', 'mlxtend', 'cortex', 'DeepPavlov', 'alibi-detect', 'gradio', 'xlearn', 'langfuse', 'DI-engine', 'pyss3', 'DIGITS', 'LightGBM', 'CoreNLP', 'yalign', 'determined', 'deeplake', 'blaze', 'somoclu', 'xcessiv', 'matplotlib', 'tensorflow', 'PySyft', 'haystack', 'mlens', 'retro', 'machine-learning', 'gensim', 'neuropredict', 'feast', 'rasa', 'loso', 'lab', 'mindsdb', 'dowel', 'nut', 'retinaface', 'ViZDoom', 'neuraltalk', 'optuna', 'open-webui', 'NeuroNER', 'deepface', 'statsmodels', 'jProcessing', 'typer', 'python-recsys', 'textacy', 'ggpy', 'cornac', 'spaCy', 'langflow', 'igel', 'keras-tuner', 'Metaworld', 'aim', 'pynlpl', 'ray', 'cltk', 'recommenders', 'seaborn', 'evidently', 'deepchecks', 'garage', 'hebel', 'jieba', 'catalyst', 'pytensor', 'lambdo', 'prodmodel', 'zpar', 'polyglot', 'scikit-learn-intelex', 'scikit-image', 'pytorch-lightning', 'colibri-core', 'bolt']"
689,33,MemberOf,view,1387,Weaknesses in the 2022 CWE Top 25 Most Dangerous Software Weaknesses,7024,22,"['tpot', 'neural-style-pt', 'chainer', 'skorch', 'pybrain', 'bokeh', 'autogluon', 'pytorch_geometric', 'pkuseg-python', 'open-metric-learning', 'detectron2', 'nilearn', 'mljar-supervised', 'altair', 'pyqtgraph', 'bentoml', 'caffe', 'river', 'numpy', 'CompreFace', 'FEDOT', 'sktime', 'PyTorchCV', 'pytorch-image-models', 'pebl', 'bigartm', 'BioPy', 'python-timbl', 'lightwood', 'mlx', 'zipline', 'pgmpy', 'Petrel', 'mlflow', 'DrQA', 'Parris', 'scikit-learn', 'pytorch', 'SynapseML', 'superset', 'transformers', 'ColossalAI', 'vispy', 'joliGEN', 'danswerai', 'shogun', 'Spearmint', 'xgboost', 'rosetta', 'catboost', 'dash', 'tesseract', 'stellargraph', 'maze', 'cleanlab', 'lightly', 'pymc', 'scikit-opt', 'deeppy', 'Gymnasium', 'skll', 'emcee', 'vigra', 'dtaidistance', 'mars', 'neuraltalk2', 'jax', 'scikit-survival', 'pytorch-frame', 'streamlit', 'mlxtend', 'cortex', 'DeepPavlov', 'alibi-detect', 'gradio', 'xlearn', 'langfuse', 'DI-engine', 'pyss3', 'DIGITS', 'LightGBM', 'CoreNLP', 'yalign', 'determined', 'deeplake', 'blaze', 'somoclu', 'xcessiv', 'matplotlib', 'tensorflow', 'PySyft', 'haystack', 'mlens', 'retro', 'machine-learning', 'gensim', 'neuropredict', 'feast', 'rasa', 'loso', 'lab', 'mindsdb', 'dowel', 'nut', 'retinaface', 'ViZDoom', 'neuraltalk', 'optuna', 'open-webui', 'NeuroNER', 'deepface', 'statsmodels', 'jProcessing', 'typer', 'python-recsys', 'textacy', 'ggpy', 'cornac', 'spaCy', 'langflow', 'igel', 'keras-tuner', 'Metaworld', 'aim', 'pynlpl', 'ray', 'cltk', 'recommenders', 'seaborn', 'evidently', 'deepchecks', 'garage', 'hebel', 'jieba', 'catalyst', 'pytensor', 'lambdo', 'prodmodel', 'zpar', 'polyglot', 'scikit-learn-intelex', 'scikit-image', 'pytorch-lightning', 'colibri-core', 'bolt']"
690,34,MemberOf,category,1404,Comprehensive Categorization: File Handling,7024,22,"['tpot', 'neural-style-pt', 'chainer', 'skorch', 'pybrain', 'bokeh', 'autogluon', 'pytorch_geometric', 'pkuseg-python', 'open-metric-learning', 'detectron2', 'nilearn', 'mljar-supervised', 'altair', 'pyqtgraph', 'bentoml', 'caffe', 'river', 'numpy', 'CompreFace', 'FEDOT', 'sktime', 'PyTorchCV', 'pytorch-image-models', 'pebl', 'bigartm', 'BioPy', 'python-timbl', 'lightwood', 'mlx', 'zipline', 'pgmpy', 'Petrel', 'mlflow', 'DrQA', 'Parris', 'scikit-learn', 'pytorch', 'SynapseML', 'superset', 'transformers', 'ColossalAI', 'vispy', 'joliGEN', 'danswerai', 'shogun', 'Spearmint', 'xgboost', 'rosetta', 'catboost', 'dash', 'tesseract', 'stellargraph', 'maze', 'cleanlab', 'lightly', 'pymc', 'scikit-opt', 'deeppy', 'Gymnasium', 'skll', 'emcee', 'vigra', 'dtaidistance', 'mars', 'neuraltalk2', 'jax', 'scikit-survival', 'pytorch-frame', 'streamlit', 'mlxtend', 'cortex', 'DeepPavlov', 'alibi-detect', 'gradio', 'xlearn', 'langfuse', 'DI-engine', 'pyss3', 'DIGITS', 'LightGBM', 'CoreNLP', 'yalign', 'determined', 'deeplake', 'blaze', 'somoclu', 'xcessiv', 'matplotlib', 'tensorflow', 'PySyft', 'haystack', 'mlens', 'retro', 'machine-learning', 'gensim', 'neuropredict', 'feast', 'rasa', 'loso', 'lab', 'mindsdb', 'dowel', 'nut', 'retinaface', 'ViZDoom', 'neuraltalk', 'optuna', 'open-webui', 'NeuroNER', 'deepface', 'statsmodels', 'jProcessing', 'typer', 'python-recsys', 'textacy', 'ggpy', 'cornac', 'spaCy', 'langflow', 'igel', 'keras-tuner', 'Metaworld', 'aim', 'pynlpl', 'ray', 'cltk', 'recommenders', 'seaborn', 'evidently', 'deepchecks', 'garage', 'hebel', 'jieba', 'catalyst', 'pytensor', 'lambdo', 'prodmodel', 'zpar', 'polyglot', 'scikit-learn-intelex', 'scikit-image', 'pytorch-lightning', 'colibri-core', 'bolt']"
691,35,MemberOf,view,1425,Weaknesses in the 2023 CWE Top 25 Most Dangerous Software Weaknesses,7024,22,"['tpot', 'neural-style-pt', 'chainer', 'skorch', 'pybrain', 'bokeh', 'autogluon', 'pytorch_geometric', 'pkuseg-python', 'open-metric-learning', 'detectron2', 'nilearn', 'mljar-supervised', 'altair', 'pyqtgraph', 'bentoml', 'caffe', 'river', 'numpy', 'CompreFace', 'FEDOT', 'sktime', 'PyTorchCV', 'pytorch-image-models', 'pebl', 'bigartm', 'BioPy', 'python-timbl', 'lightwood', 'mlx', 'zipline', 'pgmpy', 'Petrel', 'mlflow', 'DrQA', 'Parris', 'scikit-learn', 'pytorch', 'SynapseML', 'superset', 'transformers', 'ColossalAI', 'vispy', 'joliGEN', 'danswerai', 'shogun', 'Spearmint', 'xgboost', 'rosetta', 'catboost', 'dash', 'tesseract', 'stellargraph', 'maze', 'cleanlab', 'lightly', 'pymc', 'scikit-opt', 'deeppy', 'Gymnasium', 'skll', 'emcee', 'vigra', 'dtaidistance', 'mars', 'neuraltalk2', 'jax', 'scikit-survival', 'pytorch-frame', 'streamlit', 'mlxtend', 'cortex', 'DeepPavlov', 'alibi-detect', 'gradio', 'xlearn', 'langfuse', 'DI-engine', 'pyss3', 'DIGITS', 'LightGBM', 'CoreNLP', 'yalign', 'determined', 'deeplake', 'blaze', 'somoclu', 'xcessiv', 'matplotlib', 'tensorflow', 'PySyft', 'haystack', 'mlens', 'retro', 'machine-learning', 'gensim', 'neuropredict', 'feast', 'rasa', 'loso', 'lab', 'mindsdb', 'dowel', 'nut', 'retinaface', 'ViZDoom', 'neuraltalk', 'optuna', 'open-webui', 'NeuroNER', 'deepface', 'statsmodels', 'jProcessing', 'typer', 'python-recsys', 'textacy', 'ggpy', 'cornac', 'spaCy', 'langflow', 'igel', 'keras-tuner', 'Metaworld', 'aim', 'pynlpl', 'ray', 'cltk', 'recommenders', 'seaborn', 'evidently', 'deepchecks', 'garage', 'hebel', 'jieba', 'catalyst', 'pytensor', 'lambdo', 'prodmodel', 'zpar', 'polyglot', 'scikit-learn-intelex', 'scikit-image', 'pytorch-lightning', 'colibri-core', 'bolt']"
692,36,MemberOf,view,1430,Weaknesses in the 2024 CWE Top 25 Most Dangerous Software Weaknesses,7024,22,"['tpot', 'neural-style-pt', 'chainer', 'skorch', 'pybrain', 'bokeh', 'autogluon', 'pytorch_geometric', 'pkuseg-python', 'open-metric-learning', 'detectron2', 'nilearn', 'mljar-supervised', 'altair', 'pyqtgraph', 'bentoml', 'caffe', 'river', 'numpy', 'CompreFace', 'FEDOT', 'sktime', 'PyTorchCV', 'pytorch-image-models', 'pebl', 'bigartm', 'BioPy', 'python-timbl', 'lightwood', 'mlx', 'zipline', 'pgmpy', 'Petrel', 'mlflow', 'DrQA', 'Parris', 'scikit-learn', 'pytorch', 'SynapseML', 'superset', 'transformers', 'ColossalAI', 'vispy', 'joliGEN', 'danswerai', 'shogun', 'Spearmint', 'xgboost', 'rosetta', 'catboost', 'dash', 'tesseract', 'stellargraph', 'maze', 'cleanlab', 'lightly', 'pymc', 'scikit-opt', 'deeppy', 'Gymnasium', 'skll', 'emcee', 'vigra', 'dtaidistance', 'mars', 'neuraltalk2', 'jax', 'scikit-survival', 'pytorch-frame', 'streamlit', 'mlxtend', 'cortex', 'DeepPavlov', 'alibi-detect', 'gradio', 'xlearn', 'langfuse', 'DI-engine', 'pyss3', 'DIGITS', 'LightGBM', 'CoreNLP', 'yalign', 'determined', 'deeplake', 'blaze', 'somoclu', 'xcessiv', 'matplotlib', 'tensorflow', 'PySyft', 'haystack', 'mlens', 'retro', 'machine-learning', 'gensim', 'neuropredict', 'feast', 'rasa', 'loso', 'lab', 'mindsdb', 'dowel', 'nut', 'retinaface', 'ViZDoom', 'neuraltalk', 'optuna', 'open-webui', 'NeuroNER', 'deepface', 'statsmodels', 'jProcessing', 'typer', 'python-recsys', 'textacy', 'ggpy', 'cornac', 'spaCy', 'langflow', 'igel', 'keras-tuner', 'Metaworld', 'aim', 'pynlpl', 'ray', 'cltk', 'recommenders', 'seaborn', 'evidently', 'deepchecks', 'garage', 'hebel', 'jieba', 'catalyst', 'pytensor', 'lambdo', 'prodmodel', 'zpar', 'polyglot', 'scikit-learn-intelex', 'scikit-image', 'pytorch-lightning', 'colibri-core', 'bolt']"
693,37,MemberOf,view,1435,Weaknesses in the 2025 CWE Top 25 Most Dangerous Software Weaknesses,7024,22,"['tpot', 'neural-style-pt', 'chainer', 'skorch', 'pybrain', 'bokeh', 'autogluon', 'pytorch_geometric', 'pkuseg-python', 'open-metric-learning', 'detectron2', 'nilearn', 'mljar-supervised', 'altair', 'pyqtgraph', 'bentoml', 'caffe', 'river', 'numpy', 'CompreFace', 'FEDOT', 'sktime', 'PyTorchCV', 'pytorch-image-models', 'pebl', 'bigartm', 'BioPy', 'python-timbl', 'lightwood', 'mlx', 'zipline', 'pgmpy', 'Petrel', 'mlflow', 'DrQA', 'Parris', 'scikit-learn', 'pytorch', 'SynapseML', 'superset', 'transformers', 'ColossalAI', 'vispy', 'joliGEN', 'danswerai', 'shogun', 'Spearmint', 'xgboost', 'rosetta', 'catboost', 'dash', 'tesseract', 'stellargraph', 'maze', 'cleanlab', 'lightly', 'pymc', 'scikit-opt', 'deeppy', 'Gymnasium', 'skll', 'emcee', 'vigra', 'dtaidistance', 'mars', 'neuraltalk2', 'jax', 'scikit-survival', 'pytorch-frame', 'streamlit', 'mlxtend', 'cortex', 'DeepPavlov', 'alibi-detect', 'gradio', 'xlearn', 'langfuse', 'DI-engine', 'pyss3', 'DIGITS', 'LightGBM', 'CoreNLP', 'yalign', 'determined', 'deeplake', 'blaze', 'somoclu', 'xcessiv', 'matplotlib', 'tensorflow', 'PySyft', 'haystack', 'mlens', 'retro', 'machine-learning', 'gensim', 'neuropredict', 'feast', 'rasa', 'loso', 'lab', 'mindsdb', 'dowel', 'nut', 'retinaface', 'ViZDoom', 'neuraltalk', 'optuna', 'open-webui', 'NeuroNER', 'deepface', 'statsmodels', 'jProcessing', 'typer', 'python-recsys', 'textacy', 'ggpy', 'cornac', 'spaCy', 'langflow', 'igel', 'keras-tuner', 'Metaworld', 'aim', 'pynlpl', 'ray', 'cltk', 'recommenders', 'seaborn', 'evidently', 'deepchecks', 'garage', 'hebel', 'jieba', 'catalyst', 'pytensor', 'lambdo', 'prodmodel', 'zpar', 'polyglot', 'scikit-learn-intelex', 'scikit-image', 'pytorch-lightning', 'colibri-core', 'bolt']"
694,38,MemberOf,category,1436,OWASP Top Ten 2025 Category A01:2025 - Broken Access Control,7024,22,"['tpot', 'neural-style-pt', 'chainer', 'skorch', 'pybrain', 'bokeh', 'autogluon', 'pytorch_geometric', 'pkuseg-python', 'open-metric-learning', 'detectron2', 'nilearn', 'mljar-supervised', 'altair', 'pyqtgraph', 'bentoml', 'caffe', 'river', 'numpy', 'CompreFace', 'FEDOT', 'sktime', 'PyTorchCV', 'pytorch-image-models', 'pebl', 'bigartm', 'BioPy', 'python-timbl', 'lightwood', 'mlx', 'zipline', 'pgmpy', 'Petrel', 'mlflow', 'DrQA', 'Parris', 'scikit-learn', 'pytorch', 'SynapseML', 'superset', 'transformers', 'ColossalAI', 'vispy', 'joliGEN', 'danswerai', 'shogun', 'Spearmint', 'xgboost', 'rosetta', 'catboost', 'dash', 'tesseract', 'stellargraph', 'maze', 'cleanlab', 'lightly', 'pymc', 'scikit-opt', 'deeppy', 'Gymnasium', 'skll', 'emcee', 'vigra', 'dtaidistance', 'mars', 'neuraltalk2', 'jax', 'scikit-survival', 'pytorch-frame', 'streamlit', 'mlxtend', 'cortex', 'DeepPavlov', 'alibi-detect', 'gradio', 'xlearn', 'langfuse', 'DI-engine', 'pyss3', 'DIGITS', 'LightGBM', 'CoreNLP', 'yalign', 'determined', 'deeplake', 'blaze', 'somoclu', 'xcessiv', 'matplotlib', 'tensorflow', 'PySyft', 'haystack', 'mlens', 'retro', 'machine-learning', 'gensim', 'neuropredict', 'feast', 'rasa', 'loso', 'lab', 'mindsdb', 'dowel', 'nut', 'retinaface', 'ViZDoom', 'neuraltalk', 'optuna', 'open-webui', 'NeuroNER', 'deepface', 'statsmodels', 'jProcessing', 'typer', 'python-recsys', 'textacy', 'ggpy', 'cornac', 'spaCy', 'langflow', 'igel', 'keras-tuner', 'Metaworld', 'aim', 'pynlpl', 'ray', 'cltk', 'recommenders', 'seaborn', 'evidently', 'deepchecks', 'garage', 'hebel', 'jieba', 'catalyst', 'pytensor', 'lambdo', 'prodmodel', 'zpar', 'polyglot', 'scikit-learn-intelex', 'scikit-image', 'pytorch-lightning', 'colibri-core', 'bolt']"
695,39,MemberOf,category,1447,General Software Weaknesses that Appear in Products that Use or Support AI/ML Technology,7024,22,"['tpot', 'neural-style-pt', 'chainer', 'skorch', 'pybrain', 'bokeh', 'autogluon', 'pytorch_geometric', 'pkuseg-python', 'open-metric-learning', 'detectron2', 'nilearn', 'mljar-supervised', 'altair', 'pyqtgraph', 'bentoml', 'caffe', 'river', 'numpy', 'CompreFace', 'FEDOT', 'sktime', 'PyTorchCV', 'pytorch-image-models', 'pebl', 'bigartm', 'BioPy', 'python-timbl', 'lightwood', 'mlx', 'zipline', 'pgmpy', 'Petrel', 'mlflow', 'DrQA', 'Parris', 'scikit-learn', 'pytorch', 'SynapseML', 'superset', 'transformers', 'ColossalAI', 'vispy', 'joliGEN', 'danswerai', 'shogun', 'Spearmint', 'xgboost', 'rosetta', 'catboost', 'dash', 'tesseract', 'stellargraph', 'maze', 'cleanlab', 'lightly', 'pymc', 'scikit-opt', 'deeppy', 'Gymnasium', 'skll', 'emcee', 'vigra', 'dtaidistance', 'mars', 'neuraltalk2', 'jax', 'scikit-survival', 'pytorch-frame', 'streamlit', 'mlxtend', 'cortex', 'DeepPavlov', 'alibi-detect', 'gradio', 'xlearn', 'langfuse', 'DI-engine', 'pyss3', 'DIGITS', 'LightGBM', 'CoreNLP', 'yalign', 'determined', 'deeplake', 'blaze', 'somoclu', 'xcessiv', 'matplotlib', 'tensorflow', 'PySyft', 'haystack', 'mlens', 'retro', 'machine-learning', 'gensim', 'neuropredict', 'feast', 'rasa', 'loso', 'lab', 'mindsdb', 'dowel', 'nut', 'retinaface', 'ViZDoom', 'neuraltalk', 'optuna', 'open-webui', 'NeuroNER', 'deepface', 'statsmodels', 'jProcessing', 'typer', 'python-recsys', 'textacy', 'ggpy', 'cornac', 'spaCy', 'langflow', 'igel', 'keras-tuner', 'Metaworld', 'aim', 'pynlpl', 'ray', 'cltk', 'recommenders', 'seaborn', 'evidently', 'deepchecks', 'garage', 'hebel', 'jieba', 'catalyst', 'pytensor', 'lambdo', 'prodmodel', 'zpar', 'polyglot', 'scikit-learn-intelex', 'scikit-image', 'pytorch-lightning', 'colibri-core', 'bolt']"
696,40,Self,base,22,,7024,22,"['tpot', 'neural-style-pt', 'chainer', 'skorch', 'pybrain', 'bokeh', 'autogluon', 'pytorch_geometric', 'pkuseg-python', 'open-metric-learning', 'detectron2', 'nilearn', 'mljar-supervised', 'altair', 'pyqtgraph', 'bentoml', 'caffe', 'river', 'numpy', 'CompreFace', 'FEDOT', 'sktime', 'PyTorchCV', 'pytorch-image-models', 'pebl', 'bigartm', 'BioPy', 'python-timbl', 'lightwood', 'mlx', 'zipline', 'pgmpy', 'Petrel', 'mlflow', 'DrQA', 'Parris', 'scikit-learn', 'pytorch', 'SynapseML', 'superset', 'transformers', 'ColossalAI', 'vispy', 'joliGEN', 'danswerai', 'shogun', 'Spearmint', 'xgboost', 'rosetta', 'catboost', 'dash', 'tesseract', 'stellargraph', 'maze', 'cleanlab', 'lightly', 'pymc', 'scikit-opt', 'deeppy', 'Gymnasium', 'skll', 'emcee', 'vigra', 'dtaidistance', 'mars', 'neuraltalk2', 'jax', 'scikit-survival', 'pytorch-frame', 'streamlit', 'mlxtend', 'cortex', 'DeepPavlov', 'alibi-detect', 'gradio', 'xlearn', 'langfuse', 'DI-engine', 'pyss3', 'DIGITS', 'LightGBM', 'CoreNLP', 'yalign', 'determined', 'deeplake', 'blaze', 'somoclu', 'xcessiv', 'matplotlib', 'tensorflow', 'PySyft', 'haystack', 'mlens', 'retro', 'machine-learning', 'gensim', 'neuropredict', 'feast', 'rasa', 'loso', 'lab', 'mindsdb', 'dowel', 'nut', 'retinaface', 'ViZDoom', 'neuraltalk', 'optuna', 'open-webui', 'NeuroNER', 'deepface', 'statsmodels', 'jProcessing', 'typer', 'python-recsys', 'textacy', 'ggpy', 'cornac', 'spaCy', 'langflow', 'igel', 'keras-tuner', 'Metaworld', 'aim', 'pynlpl', 'ray', 'cltk', 'recommenders', 'seaborn', 'evidently', 'deepchecks', 'garage', 'hebel', 'jieba', 'catalyst', 'pytensor', 'lambdo', 'prodmodel', 'zpar', 'polyglot', 'scikit-learn-intelex', 'scikit-image', 'pytorch-lightning', 'colibri-core', 'bolt']"
697,0,ChildOf,base,22,Improper Limitation of a Pathname to a Restricted Directory ('Path Traversal'),7024,23,"['tpot', 'neural-style-pt', 'chainer', 'skorch', 'pybrain', 'bokeh', 'autogluon', 'pytorch_geometric', 'pkuseg-python', 'open-metric-learning', 'detectron2', 'nilearn', 'mljar-supervised', 'altair', 'pyqtgraph', 'bentoml', 'caffe', 'river', 'numpy', 'CompreFace', 'FEDOT', 'sktime', 'PyTorchCV', 'pytorch-image-models', 'pebl', 'bigartm', 'BioPy', 'python-timbl', 'lightwood', 'mlx', 'zipline', 'pgmpy', 'Petrel', 'mlflow', 'DrQA', 'Parris', 'scikit-learn', 'pytorch', 'SynapseML', 'superset', 'transformers', 'ColossalAI', 'vispy', 'joliGEN', 'danswerai', 'shogun', 'Spearmint', 'xgboost', 'rosetta', 'catboost', 'dash', 'tesseract', 'stellargraph', 'maze', 'cleanlab', 'lightly', 'pymc', 'scikit-opt', 'deeppy', 'Gymnasium', 'skll', 'emcee', 'vigra', 'dtaidistance', 'mars', 'neuraltalk2', 'jax', 'scikit-survival', 'pytorch-frame', 'streamlit', 'mlxtend', 'cortex', 'DeepPavlov', 'alibi-detect', 'gradio', 'xlearn', 'langfuse', 'DI-engine', 'pyss3', 'DIGITS', 'LightGBM', 'CoreNLP', 'yalign', 'determined', 'deeplake', 'blaze', 'somoclu', 'xcessiv', 'matplotlib', 'tensorflow', 'PySyft', 'haystack', 'mlens', 'retro', 'machine-learning', 'gensim', 'neuropredict', 'feast', 'rasa', 'loso', 'lab', 'mindsdb', 'dowel', 'nut', 'retinaface', 'ViZDoom', 'neuraltalk', 'optuna', 'open-webui', 'NeuroNER', 'deepface', 'statsmodels', 'jProcessing', 'typer', 'python-recsys', 'textacy', 'ggpy', 'cornac', 'spaCy', 'langflow', 'igel', 'keras-tuner', 'Metaworld', 'aim', 'pynlpl', 'ray', 'cltk', 'recommenders', 'seaborn', 'evidently', 'deepchecks', 'garage', 'hebel', 'jieba', 'catalyst', 'pytensor', 'lambdo', 'prodmodel', 'zpar', 'polyglot', 'scikit-learn-intelex', 'scikit-image', 'pytorch-lightning', 'colibri-core', 'bolt']"
698,1,ParentOf,variant,24,Path Traversal: '../filedir',7024,23,"['tpot', 'neural-style-pt', 'chainer', 'skorch', 'pybrain', 'bokeh', 'autogluon', 'pytorch_geometric', 'pkuseg-python', 'open-metric-learning', 'detectron2', 'nilearn', 'mljar-supervised', 'altair', 'pyqtgraph', 'bentoml', 'caffe', 'river', 'numpy', 'CompreFace', 'FEDOT', 'sktime', 'PyTorchCV', 'pytorch-image-models', 'pebl', 'bigartm', 'BioPy', 'python-timbl', 'lightwood', 'mlx', 'zipline', 'pgmpy', 'Petrel', 'mlflow', 'DrQA', 'Parris', 'scikit-learn', 'pytorch', 'SynapseML', 'superset', 'transformers', 'ColossalAI', 'vispy', 'joliGEN', 'danswerai', 'shogun', 'Spearmint', 'xgboost', 'rosetta', 'catboost', 'dash', 'tesseract', 'stellargraph', 'maze', 'cleanlab', 'lightly', 'pymc', 'scikit-opt', 'deeppy', 'Gymnasium', 'skll', 'emcee', 'vigra', 'dtaidistance', 'mars', 'neuraltalk2', 'jax', 'scikit-survival', 'pytorch-frame', 'streamlit', 'mlxtend', 'cortex', 'DeepPavlov', 'alibi-detect', 'gradio', 'xlearn', 'langfuse', 'DI-engine', 'pyss3', 'DIGITS', 'LightGBM', 'CoreNLP', 'yalign', 'determined', 'deeplake', 'blaze', 'somoclu', 'xcessiv', 'matplotlib', 'tensorflow', 'PySyft', 'haystack', 'mlens', 'retro', 'machine-learning', 'gensim', 'neuropredict', 'feast', 'rasa', 'loso', 'lab', 'mindsdb', 'dowel', 'nut', 'retinaface', 'ViZDoom', 'neuraltalk', 'optuna', 'open-webui', 'NeuroNER', 'deepface', 'statsmodels', 'jProcessing', 'typer', 'python-recsys', 'textacy', 'ggpy', 'cornac', 'spaCy', 'langflow', 'igel', 'keras-tuner', 'Metaworld', 'aim', 'pynlpl', 'ray', 'cltk', 'recommenders', 'seaborn', 'evidently', 'deepchecks', 'garage', 'hebel', 'jieba', 'catalyst', 'pytensor', 'lambdo', 'prodmodel', 'zpar', 'polyglot', 'scikit-learn-intelex', 'scikit-image', 'pytorch-lightning', 'colibri-core', 'bolt']"
699,2,ParentOf,variant,25,Path Traversal: '/../filedir',7024,23,"['tpot', 'neural-style-pt', 'chainer', 'skorch', 'pybrain', 'bokeh', 'autogluon', 'pytorch_geometric', 'pkuseg-python', 'open-metric-learning', 'detectron2', 'nilearn', 'mljar-supervised', 'altair', 'pyqtgraph', 'bentoml', 'caffe', 'river', 'numpy', 'CompreFace', 'FEDOT', 'sktime', 'PyTorchCV', 'pytorch-image-models', 'pebl', 'bigartm', 'BioPy', 'python-timbl', 'lightwood', 'mlx', 'zipline', 'pgmpy', 'Petrel', 'mlflow', 'DrQA', 'Parris', 'scikit-learn', 'pytorch', 'SynapseML', 'superset', 'transformers', 'ColossalAI', 'vispy', 'joliGEN', 'danswerai', 'shogun', 'Spearmint', 'xgboost', 'rosetta', 'catboost', 'dash', 'tesseract', 'stellargraph', 'maze', 'cleanlab', 'lightly', 'pymc', 'scikit-opt', 'deeppy', 'Gymnasium', 'skll', 'emcee', 'vigra', 'dtaidistance', 'mars', 'neuraltalk2', 'jax', 'scikit-survival', 'pytorch-frame', 'streamlit', 'mlxtend', 'cortex', 'DeepPavlov', 'alibi-detect', 'gradio', 'xlearn', 'langfuse', 'DI-engine', 'pyss3', 'DIGITS', 'LightGBM', 'CoreNLP', 'yalign', 'determined', 'deeplake', 'blaze', 'somoclu', 'xcessiv', 'matplotlib', 'tensorflow', 'PySyft', 'haystack', 'mlens', 'retro', 'machine-learning', 'gensim', 'neuropredict', 'feast', 'rasa', 'loso', 'lab', 'mindsdb', 'dowel', 'nut', 'retinaface', 'ViZDoom', 'neuraltalk', 'optuna', 'open-webui', 'NeuroNER', 'deepface', 'statsmodels', 'jProcessing', 'typer', 'python-recsys', 'textacy', 'ggpy', 'cornac', 'spaCy', 'langflow', 'igel', 'keras-tuner', 'Metaworld', 'aim', 'pynlpl', 'ray', 'cltk', 'recommenders', 'seaborn', 'evidently', 'deepchecks', 'garage', 'hebel', 'jieba', 'catalyst', 'pytensor', 'lambdo', 'prodmodel', 'zpar', 'polyglot', 'scikit-learn-intelex', 'scikit-image', 'pytorch-lightning', 'colibri-core', 'bolt']"
700,3,ParentOf,variant,26,Path Traversal: '/dir/../filename',7024,23,"['tpot', 'neural-style-pt', 'chainer', 'skorch', 'pybrain', 'bokeh', 'autogluon', 'pytorch_geometric', 'pkuseg-python', 'open-metric-learning', 'detectron2', 'nilearn', 'mljar-supervised', 'altair', 'pyqtgraph', 'bentoml', 'caffe', 'river', 'numpy', 'CompreFace', 'FEDOT', 'sktime', 'PyTorchCV', 'pytorch-image-models', 'pebl', 'bigartm', 'BioPy', 'python-timbl', 'lightwood', 'mlx', 'zipline', 'pgmpy', 'Petrel', 'mlflow', 'DrQA', 'Parris', 'scikit-learn', 'pytorch', 'SynapseML', 'superset', 'transformers', 'ColossalAI', 'vispy', 'joliGEN', 'danswerai', 'shogun', 'Spearmint', 'xgboost', 'rosetta', 'catboost', 'dash', 'tesseract', 'stellargraph', 'maze', 'cleanlab', 'lightly', 'pymc', 'scikit-opt', 'deeppy', 'Gymnasium', 'skll', 'emcee', 'vigra', 'dtaidistance', 'mars', 'neuraltalk2', 'jax', 'scikit-survival', 'pytorch-frame', 'streamlit', 'mlxtend', 'cortex', 'DeepPavlov', 'alibi-detect', 'gradio', 'xlearn', 'langfuse', 'DI-engine', 'pyss3', 'DIGITS', 'LightGBM', 'CoreNLP', 'yalign', 'determined', 'deeplake', 'blaze', 'somoclu', 'xcessiv', 'matplotlib', 'tensorflow', 'PySyft', 'haystack', 'mlens', 'retro', 'machine-learning', 'gensim', 'neuropredict', 'feast', 'rasa', 'loso', 'lab', 'mindsdb', 'dowel', 'nut', 'retinaface', 'ViZDoom', 'neuraltalk', 'optuna', 'open-webui', 'NeuroNER', 'deepface', 'statsmodels', 'jProcessing', 'typer', 'python-recsys', 'textacy', 'ggpy', 'cornac', 'spaCy', 'langflow', 'igel', 'keras-tuner', 'Metaworld', 'aim', 'pynlpl', 'ray', 'cltk', 'recommenders', 'seaborn', 'evidently', 'deepchecks', 'garage', 'hebel', 'jieba', 'catalyst', 'pytensor', 'lambdo', 'prodmodel', 'zpar', 'polyglot', 'scikit-learn-intelex', 'scikit-image', 'pytorch-lightning', 'colibri-core', 'bolt']"
701,4,ParentOf,variant,27,Path Traversal: 'dir/../../filename',7024,23,"['tpot', 'neural-style-pt', 'chainer', 'skorch', 'pybrain', 'bokeh', 'autogluon', 'pytorch_geometric', 'pkuseg-python', 'open-metric-learning', 'detectron2', 'nilearn', 'mljar-supervised', 'altair', 'pyqtgraph', 'bentoml', 'caffe', 'river', 'numpy', 'CompreFace', 'FEDOT', 'sktime', 'PyTorchCV', 'pytorch-image-models', 'pebl', 'bigartm', 'BioPy', 'python-timbl', 'lightwood', 'mlx', 'zipline', 'pgmpy', 'Petrel', 'mlflow', 'DrQA', 'Parris', 'scikit-learn', 'pytorch', 'SynapseML', 'superset', 'transformers', 'ColossalAI', 'vispy', 'joliGEN', 'danswerai', 'shogun', 'Spearmint', 'xgboost', 'rosetta', 'catboost', 'dash', 'tesseract', 'stellargraph', 'maze', 'cleanlab', 'lightly', 'pymc', 'scikit-opt', 'deeppy', 'Gymnasium', 'skll', 'emcee', 'vigra', 'dtaidistance', 'mars', 'neuraltalk2', 'jax', 'scikit-survival', 'pytorch-frame', 'streamlit', 'mlxtend', 'cortex', 'DeepPavlov', 'alibi-detect', 'gradio', 'xlearn', 'langfuse', 'DI-engine', 'pyss3', 'DIGITS', 'LightGBM', 'CoreNLP', 'yalign', 'determined', 'deeplake', 'blaze', 'somoclu', 'xcessiv', 'matplotlib', 'tensorflow', 'PySyft', 'haystack', 'mlens', 'retro', 'machine-learning', 'gensim', 'neuropredict', 'feast', 'rasa', 'loso', 'lab', 'mindsdb', 'dowel', 'nut', 'retinaface', 'ViZDoom', 'neuraltalk', 'optuna', 'open-webui', 'NeuroNER', 'deepface', 'statsmodels', 'jProcessing', 'typer', 'python-recsys', 'textacy', 'ggpy', 'cornac', 'spaCy', 'langflow', 'igel', 'keras-tuner', 'Metaworld', 'aim', 'pynlpl', 'ray', 'cltk', 'recommenders', 'seaborn', 'evidently', 'deepchecks', 'garage', 'hebel', 'jieba', 'catalyst', 'pytensor', 'lambdo', 'prodmodel', 'zpar', 'polyglot', 'scikit-learn-intelex', 'scikit-image', 'pytorch-lightning', 'colibri-core', 'bolt']"
702,5,ParentOf,variant,28,Path Traversal: '..\filedir',7024,23,"['tpot', 'neural-style-pt', 'chainer', 'skorch', 'pybrain', 'bokeh', 'autogluon', 'pytorch_geometric', 'pkuseg-python', 'open-metric-learning', 'detectron2', 'nilearn', 'mljar-supervised', 'altair', 'pyqtgraph', 'bentoml', 'caffe', 'river', 'numpy', 'CompreFace', 'FEDOT', 'sktime', 'PyTorchCV', 'pytorch-image-models', 'pebl', 'bigartm', 'BioPy', 'python-timbl', 'lightwood', 'mlx', 'zipline', 'pgmpy', 'Petrel', 'mlflow', 'DrQA', 'Parris', 'scikit-learn', 'pytorch', 'SynapseML', 'superset', 'transformers', 'ColossalAI', 'vispy', 'joliGEN', 'danswerai', 'shogun', 'Spearmint', 'xgboost', 'rosetta', 'catboost', 'dash', 'tesseract', 'stellargraph', 'maze', 'cleanlab', 'lightly', 'pymc', 'scikit-opt', 'deeppy', 'Gymnasium', 'skll', 'emcee', 'vigra', 'dtaidistance', 'mars', 'neuraltalk2', 'jax', 'scikit-survival', 'pytorch-frame', 'streamlit', 'mlxtend', 'cortex', 'DeepPavlov', 'alibi-detect', 'gradio', 'xlearn', 'langfuse', 'DI-engine', 'pyss3', 'DIGITS', 'LightGBM', 'CoreNLP', 'yalign', 'determined', 'deeplake', 'blaze', 'somoclu', 'xcessiv', 'matplotlib', 'tensorflow', 'PySyft', 'haystack', 'mlens', 'retro', 'machine-learning', 'gensim', 'neuropredict', 'feast', 'rasa', 'loso', 'lab', 'mindsdb', 'dowel', 'nut', 'retinaface', 'ViZDoom', 'neuraltalk', 'optuna', 'open-webui', 'NeuroNER', 'deepface', 'statsmodels', 'jProcessing', 'typer', 'python-recsys', 'textacy', 'ggpy', 'cornac', 'spaCy', 'langflow', 'igel', 'keras-tuner', 'Metaworld', 'aim', 'pynlpl', 'ray', 'cltk', 'recommenders', 'seaborn', 'evidently', 'deepchecks', 'garage', 'hebel', 'jieba', 'catalyst', 'pytensor', 'lambdo', 'prodmodel', 'zpar', 'polyglot', 'scikit-learn-intelex', 'scikit-image', 'pytorch-lightning', 'colibri-core', 'bolt']"
703,6,ParentOf,variant,29,Path Traversal: '\..\filename',7024,23,"['tpot', 'neural-style-pt', 'chainer', 'skorch', 'pybrain', 'bokeh', 'autogluon', 'pytorch_geometric', 'pkuseg-python', 'open-metric-learning', 'detectron2', 'nilearn', 'mljar-supervised', 'altair', 'pyqtgraph', 'bentoml', 'caffe', 'river', 'numpy', 'CompreFace', 'FEDOT', 'sktime', 'PyTorchCV', 'pytorch-image-models', 'pebl', 'bigartm', 'BioPy', 'python-timbl', 'lightwood', 'mlx', 'zipline', 'pgmpy', 'Petrel', 'mlflow', 'DrQA', 'Parris', 'scikit-learn', 'pytorch', 'SynapseML', 'superset', 'transformers', 'ColossalAI', 'vispy', 'joliGEN', 'danswerai', 'shogun', 'Spearmint', 'xgboost', 'rosetta', 'catboost', 'dash', 'tesseract', 'stellargraph', 'maze', 'cleanlab', 'lightly', 'pymc', 'scikit-opt', 'deeppy', 'Gymnasium', 'skll', 'emcee', 'vigra', 'dtaidistance', 'mars', 'neuraltalk2', 'jax', 'scikit-survival', 'pytorch-frame', 'streamlit', 'mlxtend', 'cortex', 'DeepPavlov', 'alibi-detect', 'gradio', 'xlearn', 'langfuse', 'DI-engine', 'pyss3', 'DIGITS', 'LightGBM', 'CoreNLP', 'yalign', 'determined', 'deeplake', 'blaze', 'somoclu', 'xcessiv', 'matplotlib', 'tensorflow', 'PySyft', 'haystack', 'mlens', 'retro', 'machine-learning', 'gensim', 'neuropredict', 'feast', 'rasa', 'loso', 'lab', 'mindsdb', 'dowel', 'nut', 'retinaface', 'ViZDoom', 'neuraltalk', 'optuna', 'open-webui', 'NeuroNER', 'deepface', 'statsmodels', 'jProcessing', 'typer', 'python-recsys', 'textacy', 'ggpy', 'cornac', 'spaCy', 'langflow', 'igel', 'keras-tuner', 'Metaworld', 'aim', 'pynlpl', 'ray', 'cltk', 'recommenders', 'seaborn', 'evidently', 'deepchecks', 'garage', 'hebel', 'jieba', 'catalyst', 'pytensor', 'lambdo', 'prodmodel', 'zpar', 'polyglot', 'scikit-learn-intelex', 'scikit-image', 'pytorch-lightning', 'colibri-core', 'bolt']"
704,7,ParentOf,variant,30,Path Traversal: '\dir\..\filename',7024,23,"['tpot', 'neural-style-pt', 'chainer', 'skorch', 'pybrain', 'bokeh', 'autogluon', 'pytorch_geometric', 'pkuseg-python', 'open-metric-learning', 'detectron2', 'nilearn', 'mljar-supervised', 'altair', 'pyqtgraph', 'bentoml', 'caffe', 'river', 'numpy', 'CompreFace', 'FEDOT', 'sktime', 'PyTorchCV', 'pytorch-image-models', 'pebl', 'bigartm', 'BioPy', 'python-timbl', 'lightwood', 'mlx', 'zipline', 'pgmpy', 'Petrel', 'mlflow', 'DrQA', 'Parris', 'scikit-learn', 'pytorch', 'SynapseML', 'superset', 'transformers', 'ColossalAI', 'vispy', 'joliGEN', 'danswerai', 'shogun', 'Spearmint', 'xgboost', 'rosetta', 'catboost', 'dash', 'tesseract', 'stellargraph', 'maze', 'cleanlab', 'lightly', 'pymc', 'scikit-opt', 'deeppy', 'Gymnasium', 'skll', 'emcee', 'vigra', 'dtaidistance', 'mars', 'neuraltalk2', 'jax', 'scikit-survival', 'pytorch-frame', 'streamlit', 'mlxtend', 'cortex', 'DeepPavlov', 'alibi-detect', 'gradio', 'xlearn', 'langfuse', 'DI-engine', 'pyss3', 'DIGITS', 'LightGBM', 'CoreNLP', 'yalign', 'determined', 'deeplake', 'blaze', 'somoclu', 'xcessiv', 'matplotlib', 'tensorflow', 'PySyft', 'haystack', 'mlens', 'retro', 'machine-learning', 'gensim', 'neuropredict', 'feast', 'rasa', 'loso', 'lab', 'mindsdb', 'dowel', 'nut', 'retinaface', 'ViZDoom', 'neuraltalk', 'optuna', 'open-webui', 'NeuroNER', 'deepface', 'statsmodels', 'jProcessing', 'typer', 'python-recsys', 'textacy', 'ggpy', 'cornac', 'spaCy', 'langflow', 'igel', 'keras-tuner', 'Metaworld', 'aim', 'pynlpl', 'ray', 'cltk', 'recommenders', 'seaborn', 'evidently', 'deepchecks', 'garage', 'hebel', 'jieba', 'catalyst', 'pytensor', 'lambdo', 'prodmodel', 'zpar', 'polyglot', 'scikit-learn-intelex', 'scikit-image', 'pytorch-lightning', 'colibri-core', 'bolt']"
705,8,ParentOf,variant,31,Path Traversal: 'dir\..\..\filename',7024,23,"['tpot', 'neural-style-pt', 'chainer', 'skorch', 'pybrain', 'bokeh', 'autogluon', 'pytorch_geometric', 'pkuseg-python', 'open-metric-learning', 'detectron2', 'nilearn', 'mljar-supervised', 'altair', 'pyqtgraph', 'bentoml', 'caffe', 'river', 'numpy', 'CompreFace', 'FEDOT', 'sktime', 'PyTorchCV', 'pytorch-image-models', 'pebl', 'bigartm', 'BioPy', 'python-timbl', 'lightwood', 'mlx', 'zipline', 'pgmpy', 'Petrel', 'mlflow', 'DrQA', 'Parris', 'scikit-learn', 'pytorch', 'SynapseML', 'superset', 'transformers', 'ColossalAI', 'vispy', 'joliGEN', 'danswerai', 'shogun', 'Spearmint', 'xgboost', 'rosetta', 'catboost', 'dash', 'tesseract', 'stellargraph', 'maze', 'cleanlab', 'lightly', 'pymc', 'scikit-opt', 'deeppy', 'Gymnasium', 'skll', 'emcee', 'vigra', 'dtaidistance', 'mars', 'neuraltalk2', 'jax', 'scikit-survival', 'pytorch-frame', 'streamlit', 'mlxtend', 'cortex', 'DeepPavlov', 'alibi-detect', 'gradio', 'xlearn', 'langfuse', 'DI-engine', 'pyss3', 'DIGITS', 'LightGBM', 'CoreNLP', 'yalign', 'determined', 'deeplake', 'blaze', 'somoclu', 'xcessiv', 'matplotlib', 'tensorflow', 'PySyft', 'haystack', 'mlens', 'retro', 'machine-learning', 'gensim', 'neuropredict', 'feast', 'rasa', 'loso', 'lab', 'mindsdb', 'dowel', 'nut', 'retinaface', 'ViZDoom', 'neuraltalk', 'optuna', 'open-webui', 'NeuroNER', 'deepface', 'statsmodels', 'jProcessing', 'typer', 'python-recsys', 'textacy', 'ggpy', 'cornac', 'spaCy', 'langflow', 'igel', 'keras-tuner', 'Metaworld', 'aim', 'pynlpl', 'ray', 'cltk', 'recommenders', 'seaborn', 'evidently', 'deepchecks', 'garage', 'hebel', 'jieba', 'catalyst', 'pytensor', 'lambdo', 'prodmodel', 'zpar', 'polyglot', 'scikit-learn-intelex', 'scikit-image', 'pytorch-lightning', 'colibri-core', 'bolt']"
706,9,ParentOf,variant,32,Path Traversal: '...' (Triple Dot),7024,23,"['tpot', 'neural-style-pt', 'chainer', 'skorch', 'pybrain', 'bokeh', 'autogluon', 'pytorch_geometric', 'pkuseg-python', 'open-metric-learning', 'detectron2', 'nilearn', 'mljar-supervised', 'altair', 'pyqtgraph', 'bentoml', 'caffe', 'river', 'numpy', 'CompreFace', 'FEDOT', 'sktime', 'PyTorchCV', 'pytorch-image-models', 'pebl', 'bigartm', 'BioPy', 'python-timbl', 'lightwood', 'mlx', 'zipline', 'pgmpy', 'Petrel', 'mlflow', 'DrQA', 'Parris', 'scikit-learn', 'pytorch', 'SynapseML', 'superset', 'transformers', 'ColossalAI', 'vispy', 'joliGEN', 'danswerai', 'shogun', 'Spearmint', 'xgboost', 'rosetta', 'catboost', 'dash', 'tesseract', 'stellargraph', 'maze', 'cleanlab', 'lightly', 'pymc', 'scikit-opt', 'deeppy', 'Gymnasium', 'skll', 'emcee', 'vigra', 'dtaidistance', 'mars', 'neuraltalk2', 'jax', 'scikit-survival', 'pytorch-frame', 'streamlit', 'mlxtend', 'cortex', 'DeepPavlov', 'alibi-detect', 'gradio', 'xlearn', 'langfuse', 'DI-engine', 'pyss3', 'DIGITS', 'LightGBM', 'CoreNLP', 'yalign', 'determined', 'deeplake', 'blaze', 'somoclu', 'xcessiv', 'matplotlib', 'tensorflow', 'PySyft', 'haystack', 'mlens', 'retro', 'machine-learning', 'gensim', 'neuropredict', 'feast', 'rasa', 'loso', 'lab', 'mindsdb', 'dowel', 'nut', 'retinaface', 'ViZDoom', 'neuraltalk', 'optuna', 'open-webui', 'NeuroNER', 'deepface', 'statsmodels', 'jProcessing', 'typer', 'python-recsys', 'textacy', 'ggpy', 'cornac', 'spaCy', 'langflow', 'igel', 'keras-tuner', 'Metaworld', 'aim', 'pynlpl', 'ray', 'cltk', 'recommenders', 'seaborn', 'evidently', 'deepchecks', 'garage', 'hebel', 'jieba', 'catalyst', 'pytensor', 'lambdo', 'prodmodel', 'zpar', 'polyglot', 'scikit-learn-intelex', 'scikit-image', 'pytorch-lightning', 'colibri-core', 'bolt']"
707,10,ParentOf,variant,33,Path Traversal: '....' (Multiple Dot),7024,23,"['tpot', 'neural-style-pt', 'chainer', 'skorch', 'pybrain', 'bokeh', 'autogluon', 'pytorch_geometric', 'pkuseg-python', 'open-metric-learning', 'detectron2', 'nilearn', 'mljar-supervised', 'altair', 'pyqtgraph', 'bentoml', 'caffe', 'river', 'numpy', 'CompreFace', 'FEDOT', 'sktime', 'PyTorchCV', 'pytorch-image-models', 'pebl', 'bigartm', 'BioPy', 'python-timbl', 'lightwood', 'mlx', 'zipline', 'pgmpy', 'Petrel', 'mlflow', 'DrQA', 'Parris', 'scikit-learn', 'pytorch', 'SynapseML', 'superset', 'transformers', 'ColossalAI', 'vispy', 'joliGEN', 'danswerai', 'shogun', 'Spearmint', 'xgboost', 'rosetta', 'catboost', 'dash', 'tesseract', 'stellargraph', 'maze', 'cleanlab', 'lightly', 'pymc', 'scikit-opt', 'deeppy', 'Gymnasium', 'skll', 'emcee', 'vigra', 'dtaidistance', 'mars', 'neuraltalk2', 'jax', 'scikit-survival', 'pytorch-frame', 'streamlit', 'mlxtend', 'cortex', 'DeepPavlov', 'alibi-detect', 'gradio', 'xlearn', 'langfuse', 'DI-engine', 'pyss3', 'DIGITS', 'LightGBM', 'CoreNLP', 'yalign', 'determined', 'deeplake', 'blaze', 'somoclu', 'xcessiv', 'matplotlib', 'tensorflow', 'PySyft', 'haystack', 'mlens', 'retro', 'machine-learning', 'gensim', 'neuropredict', 'feast', 'rasa', 'loso', 'lab', 'mindsdb', 'dowel', 'nut', 'retinaface', 'ViZDoom', 'neuraltalk', 'optuna', 'open-webui', 'NeuroNER', 'deepface', 'statsmodels', 'jProcessing', 'typer', 'python-recsys', 'textacy', 'ggpy', 'cornac', 'spaCy', 'langflow', 'igel', 'keras-tuner', 'Metaworld', 'aim', 'pynlpl', 'ray', 'cltk', 'recommenders', 'seaborn', 'evidently', 'deepchecks', 'garage', 'hebel', 'jieba', 'catalyst', 'pytensor', 'lambdo', 'prodmodel', 'zpar', 'polyglot', 'scikit-learn-intelex', 'scikit-image', 'pytorch-lightning', 'colibri-core', 'bolt']"
708,11,ParentOf,variant,34,Path Traversal: '....//',7024,23,"['tpot', 'neural-style-pt', 'chainer', 'skorch', 'pybrain', 'bokeh', 'autogluon', 'pytorch_geometric', 'pkuseg-python', 'open-metric-learning', 'detectron2', 'nilearn', 'mljar-supervised', 'altair', 'pyqtgraph', 'bentoml', 'caffe', 'river', 'numpy', 'CompreFace', 'FEDOT', 'sktime', 'PyTorchCV', 'pytorch-image-models', 'pebl', 'bigartm', 'BioPy', 'python-timbl', 'lightwood', 'mlx', 'zipline', 'pgmpy', 'Petrel', 'mlflow', 'DrQA', 'Parris', 'scikit-learn', 'pytorch', 'SynapseML', 'superset', 'transformers', 'ColossalAI', 'vispy', 'joliGEN', 'danswerai', 'shogun', 'Spearmint', 'xgboost', 'rosetta', 'catboost', 'dash', 'tesseract', 'stellargraph', 'maze', 'cleanlab', 'lightly', 'pymc', 'scikit-opt', 'deeppy', 'Gymnasium', 'skll', 'emcee', 'vigra', 'dtaidistance', 'mars', 'neuraltalk2', 'jax', 'scikit-survival', 'pytorch-frame', 'streamlit', 'mlxtend', 'cortex', 'DeepPavlov', 'alibi-detect', 'gradio', 'xlearn', 'langfuse', 'DI-engine', 'pyss3', 'DIGITS', 'LightGBM', 'CoreNLP', 'yalign', 'determined', 'deeplake', 'blaze', 'somoclu', 'xcessiv', 'matplotlib', 'tensorflow', 'PySyft', 'haystack', 'mlens', 'retro', 'machine-learning', 'gensim', 'neuropredict', 'feast', 'rasa', 'loso', 'lab', 'mindsdb', 'dowel', 'nut', 'retinaface', 'ViZDoom', 'neuraltalk', 'optuna', 'open-webui', 'NeuroNER', 'deepface', 'statsmodels', 'jProcessing', 'typer', 'python-recsys', 'textacy', 'ggpy', 'cornac', 'spaCy', 'langflow', 'igel', 'keras-tuner', 'Metaworld', 'aim', 'pynlpl', 'ray', 'cltk', 'recommenders', 'seaborn', 'evidently', 'deepchecks', 'garage', 'hebel', 'jieba', 'catalyst', 'pytensor', 'lambdo', 'prodmodel', 'zpar', 'polyglot', 'scikit-learn-intelex', 'scikit-image', 'pytorch-lightning', 'colibri-core', 'bolt']"
709,12,ParentOf,variant,35,Path Traversal: '.../...//',7024,23,"['tpot', 'neural-style-pt', 'chainer', 'skorch', 'pybrain', 'bokeh', 'autogluon', 'pytorch_geometric', 'pkuseg-python', 'open-metric-learning', 'detectron2', 'nilearn', 'mljar-supervised', 'altair', 'pyqtgraph', 'bentoml', 'caffe', 'river', 'numpy', 'CompreFace', 'FEDOT', 'sktime', 'PyTorchCV', 'pytorch-image-models', 'pebl', 'bigartm', 'BioPy', 'python-timbl', 'lightwood', 'mlx', 'zipline', 'pgmpy', 'Petrel', 'mlflow', 'DrQA', 'Parris', 'scikit-learn', 'pytorch', 'SynapseML', 'superset', 'transformers', 'ColossalAI', 'vispy', 'joliGEN', 'danswerai', 'shogun', 'Spearmint', 'xgboost', 'rosetta', 'catboost', 'dash', 'tesseract', 'stellargraph', 'maze', 'cleanlab', 'lightly', 'pymc', 'scikit-opt', 'deeppy', 'Gymnasium', 'skll', 'emcee', 'vigra', 'dtaidistance', 'mars', 'neuraltalk2', 'jax', 'scikit-survival', 'pytorch-frame', 'streamlit', 'mlxtend', 'cortex', 'DeepPavlov', 'alibi-detect', 'gradio', 'xlearn', 'langfuse', 'DI-engine', 'pyss3', 'DIGITS', 'LightGBM', 'CoreNLP', 'yalign', 'determined', 'deeplake', 'blaze', 'somoclu', 'xcessiv', 'matplotlib', 'tensorflow', 'PySyft', 'haystack', 'mlens', 'retro', 'machine-learning', 'gensim', 'neuropredict', 'feast', 'rasa', 'loso', 'lab', 'mindsdb', 'dowel', 'nut', 'retinaface', 'ViZDoom', 'neuraltalk', 'optuna', 'open-webui', 'NeuroNER', 'deepface', 'statsmodels', 'jProcessing', 'typer', 'python-recsys', 'textacy', 'ggpy', 'cornac', 'spaCy', 'langflow', 'igel', 'keras-tuner', 'Metaworld', 'aim', 'pynlpl', 'ray', 'cltk', 'recommenders', 'seaborn', 'evidently', 'deepchecks', 'garage', 'hebel', 'jieba', 'catalyst', 'pytensor', 'lambdo', 'prodmodel', 'zpar', 'polyglot', 'scikit-learn-intelex', 'scikit-image', 'pytorch-lightning', 'colibri-core', 'bolt']"
710,13,ChildOf,base,22,Improper Limitation of a Pathname to a Restricted Directory ('Path Traversal'),7024,23,"['tpot', 'neural-style-pt', 'chainer', 'skorch', 'pybrain', 'bokeh', 'autogluon', 'pytorch_geometric', 'pkuseg-python', 'open-metric-learning', 'detectron2', 'nilearn', 'mljar-supervised', 'altair', 'pyqtgraph', 'bentoml', 'caffe', 'river', 'numpy', 'CompreFace', 'FEDOT', 'sktime', 'PyTorchCV', 'pytorch-image-models', 'pebl', 'bigartm', 'BioPy', 'python-timbl', 'lightwood', 'mlx', 'zipline', 'pgmpy', 'Petrel', 'mlflow', 'DrQA', 'Parris', 'scikit-learn', 'pytorch', 'SynapseML', 'superset', 'transformers', 'ColossalAI', 'vispy', 'joliGEN', 'danswerai', 'shogun', 'Spearmint', 'xgboost', 'rosetta', 'catboost', 'dash', 'tesseract', 'stellargraph', 'maze', 'cleanlab', 'lightly', 'pymc', 'scikit-opt', 'deeppy', 'Gymnasium', 'skll', 'emcee', 'vigra', 'dtaidistance', 'mars', 'neuraltalk2', 'jax', 'scikit-survival', 'pytorch-frame', 'streamlit', 'mlxtend', 'cortex', 'DeepPavlov', 'alibi-detect', 'gradio', 'xlearn', 'langfuse', 'DI-engine', 'pyss3', 'DIGITS', 'LightGBM', 'CoreNLP', 'yalign', 'determined', 'deeplake', 'blaze', 'somoclu', 'xcessiv', 'matplotlib', 'tensorflow', 'PySyft', 'haystack', 'mlens', 'retro', 'machine-learning', 'gensim', 'neuropredict', 'feast', 'rasa', 'loso', 'lab', 'mindsdb', 'dowel', 'nut', 'retinaface', 'ViZDoom', 'neuraltalk', 'optuna', 'open-webui', 'NeuroNER', 'deepface', 'statsmodels', 'jProcessing', 'typer', 'python-recsys', 'textacy', 'ggpy', 'cornac', 'spaCy', 'langflow', 'igel', 'keras-tuner', 'Metaworld', 'aim', 'pynlpl', 'ray', 'cltk', 'recommenders', 'seaborn', 'evidently', 'deepchecks', 'garage', 'hebel', 'jieba', 'catalyst', 'pytensor', 'lambdo', 'prodmodel', 'zpar', 'polyglot', 'scikit-learn-intelex', 'scikit-image', 'pytorch-lightning', 'colibri-core', 'bolt']"
711,14,ChildOf,base,22,Improper Limitation of a Pathname to a Restricted Directory ('Path Traversal'),7024,23,"['tpot', 'neural-style-pt', 'chainer', 'skorch', 'pybrain', 'bokeh', 'autogluon', 'pytorch_geometric', 'pkuseg-python', 'open-metric-learning', 'detectron2', 'nilearn', 'mljar-supervised', 'altair', 'pyqtgraph', 'bentoml', 'caffe', 'river', 'numpy', 'CompreFace', 'FEDOT', 'sktime', 'PyTorchCV', 'pytorch-image-models', 'pebl', 'bigartm', 'BioPy', 'python-timbl', 'lightwood', 'mlx', 'zipline', 'pgmpy', 'Petrel', 'mlflow', 'DrQA', 'Parris', 'scikit-learn', 'pytorch', 'SynapseML', 'superset', 'transformers', 'ColossalAI', 'vispy', 'joliGEN', 'danswerai', 'shogun', 'Spearmint', 'xgboost', 'rosetta', 'catboost', 'dash', 'tesseract', 'stellargraph', 'maze', 'cleanlab', 'lightly', 'pymc', 'scikit-opt', 'deeppy', 'Gymnasium', 'skll', 'emcee', 'vigra', 'dtaidistance', 'mars', 'neuraltalk2', 'jax', 'scikit-survival', 'pytorch-frame', 'streamlit', 'mlxtend', 'cortex', 'DeepPavlov', 'alibi-detect', 'gradio', 'xlearn', 'langfuse', 'DI-engine', 'pyss3', 'DIGITS', 'LightGBM', 'CoreNLP', 'yalign', 'determined', 'deeplake', 'blaze', 'somoclu', 'xcessiv', 'matplotlib', 'tensorflow', 'PySyft', 'haystack', 'mlens', 'retro', 'machine-learning', 'gensim', 'neuropredict', 'feast', 'rasa', 'loso', 'lab', 'mindsdb', 'dowel', 'nut', 'retinaface', 'ViZDoom', 'neuraltalk', 'optuna', 'open-webui', 'NeuroNER', 'deepface', 'statsmodels', 'jProcessing', 'typer', 'python-recsys', 'textacy', 'ggpy', 'cornac', 'spaCy', 'langflow', 'igel', 'keras-tuner', 'Metaworld', 'aim', 'pynlpl', 'ray', 'cltk', 'recommenders', 'seaborn', 'evidently', 'deepchecks', 'garage', 'hebel', 'jieba', 'catalyst', 'pytensor', 'lambdo', 'prodmodel', 'zpar', 'polyglot', 'scikit-learn-intelex', 'scikit-image', 'pytorch-lightning', 'colibri-core', 'bolt']"
712,15,MemberOf,view,884,CWE Cross-section,7024,23,"['tpot', 'neural-style-pt', 'chainer', 'skorch', 'pybrain', 'bokeh', 'autogluon', 'pytorch_geometric', 'pkuseg-python', 'open-metric-learning', 'detectron2', 'nilearn', 'mljar-supervised', 'altair', 'pyqtgraph', 'bentoml', 'caffe', 'river', 'numpy', 'CompreFace', 'FEDOT', 'sktime', 'PyTorchCV', 'pytorch-image-models', 'pebl', 'bigartm', 'BioPy', 'python-timbl', 'lightwood', 'mlx', 'zipline', 'pgmpy', 'Petrel', 'mlflow', 'DrQA', 'Parris', 'scikit-learn', 'pytorch', 'SynapseML', 'superset', 'transformers', 'ColossalAI', 'vispy', 'joliGEN', 'danswerai', 'shogun', 'Spearmint', 'xgboost', 'rosetta', 'catboost', 'dash', 'tesseract', 'stellargraph', 'maze', 'cleanlab', 'lightly', 'pymc', 'scikit-opt', 'deeppy', 'Gymnasium', 'skll', 'emcee', 'vigra', 'dtaidistance', 'mars', 'neuraltalk2', 'jax', 'scikit-survival', 'pytorch-frame', 'streamlit', 'mlxtend', 'cortex', 'DeepPavlov', 'alibi-detect', 'gradio', 'xlearn', 'langfuse', 'DI-engine', 'pyss3', 'DIGITS', 'LightGBM', 'CoreNLP', 'yalign', 'determined', 'deeplake', 'blaze', 'somoclu', 'xcessiv', 'matplotlib', 'tensorflow', 'PySyft', 'haystack', 'mlens', 'retro', 'machine-learning', 'gensim', 'neuropredict', 'feast', 'rasa', 'loso', 'lab', 'mindsdb', 'dowel', 'nut', 'retinaface', 'ViZDoom', 'neuraltalk', 'optuna', 'open-webui', 'NeuroNER', 'deepface', 'statsmodels', 'jProcessing', 'typer', 'python-recsys', 'textacy', 'ggpy', 'cornac', 'spaCy', 'langflow', 'igel', 'keras-tuner', 'Metaworld', 'aim', 'pynlpl', 'ray', 'cltk', 'recommenders', 'seaborn', 'evidently', 'deepchecks', 'garage', 'hebel', 'jieba', 'catalyst', 'pytensor', 'lambdo', 'prodmodel', 'zpar', 'polyglot', 'scikit-learn-intelex', 'scikit-image', 'pytorch-lightning', 'colibri-core', 'bolt']"
713,16,MemberOf,category,981,SFP Secondary Cluster: Path Traversal,7024,23,"['tpot', 'neural-style-pt', 'chainer', 'skorch', 'pybrain', 'bokeh', 'autogluon', 'pytorch_geometric', 'pkuseg-python', 'open-metric-learning', 'detectron2', 'nilearn', 'mljar-supervised', 'altair', 'pyqtgraph', 'bentoml', 'caffe', 'river', 'numpy', 'CompreFace', 'FEDOT', 'sktime', 'PyTorchCV', 'pytorch-image-models', 'pebl', 'bigartm', 'BioPy', 'python-timbl', 'lightwood', 'mlx', 'zipline', 'pgmpy', 'Petrel', 'mlflow', 'DrQA', 'Parris', 'scikit-learn', 'pytorch', 'SynapseML', 'superset', 'transformers', 'ColossalAI', 'vispy', 'joliGEN', 'danswerai', 'shogun', 'Spearmint', 'xgboost', 'rosetta', 'catboost', 'dash', 'tesseract', 'stellargraph', 'maze', 'cleanlab', 'lightly', 'pymc', 'scikit-opt', 'deeppy', 'Gymnasium', 'skll', 'emcee', 'vigra', 'dtaidistance', 'mars', 'neuraltalk2', 'jax', 'scikit-survival', 'pytorch-frame', 'streamlit', 'mlxtend', 'cortex', 'DeepPavlov', 'alibi-detect', 'gradio', 'xlearn', 'langfuse', 'DI-engine', 'pyss3', 'DIGITS', 'LightGBM', 'CoreNLP', 'yalign', 'determined', 'deeplake', 'blaze', 'somoclu', 'xcessiv', 'matplotlib', 'tensorflow', 'PySyft', 'haystack', 'mlens', 'retro', 'machine-learning', 'gensim', 'neuropredict', 'feast', 'rasa', 'loso', 'lab', 'mindsdb', 'dowel', 'nut', 'retinaface', 'ViZDoom', 'neuraltalk', 'optuna', 'open-webui', 'NeuroNER', 'deepface', 'statsmodels', 'jProcessing', 'typer', 'python-recsys', 'textacy', 'ggpy', 'cornac', 'spaCy', 'langflow', 'igel', 'keras-tuner', 'Metaworld', 'aim', 'pynlpl', 'ray', 'cltk', 'recommenders', 'seaborn', 'evidently', 'deepchecks', 'garage', 'hebel', 'jieba', 'catalyst', 'pytensor', 'lambdo', 'prodmodel', 'zpar', 'polyglot', 'scikit-learn-intelex', 'scikit-image', 'pytorch-lightning', 'colibri-core', 'bolt']"
714,17,MemberOf,category,1345,OWASP Top Ten 2021 Category A01:2021 - Broken Access Control,7024,23,"['tpot', 'neural-style-pt', 'chainer', 'skorch', 'pybrain', 'bokeh', 'autogluon', 'pytorch_geometric', 'pkuseg-python', 'open-metric-learning', 'detectron2', 'nilearn', 'mljar-supervised', 'altair', 'pyqtgraph', 'bentoml', 'caffe', 'river', 'numpy', 'CompreFace', 'FEDOT', 'sktime', 'PyTorchCV', 'pytorch-image-models', 'pebl', 'bigartm', 'BioPy', 'python-timbl', 'lightwood', 'mlx', 'zipline', 'pgmpy', 'Petrel', 'mlflow', 'DrQA', 'Parris', 'scikit-learn', 'pytorch', 'SynapseML', 'superset', 'transformers', 'ColossalAI', 'vispy', 'joliGEN', 'danswerai', 'shogun', 'Spearmint', 'xgboost', 'rosetta', 'catboost', 'dash', 'tesseract', 'stellargraph', 'maze', 'cleanlab', 'lightly', 'pymc', 'scikit-opt', 'deeppy', 'Gymnasium', 'skll', 'emcee', 'vigra', 'dtaidistance', 'mars', 'neuraltalk2', 'jax', 'scikit-survival', 'pytorch-frame', 'streamlit', 'mlxtend', 'cortex', 'DeepPavlov', 'alibi-detect', 'gradio', 'xlearn', 'langfuse', 'DI-engine', 'pyss3', 'DIGITS', 'LightGBM', 'CoreNLP', 'yalign', 'determined', 'deeplake', 'blaze', 'somoclu', 'xcessiv', 'matplotlib', 'tensorflow', 'PySyft', 'haystack', 'mlens', 'retro', 'machine-learning', 'gensim', 'neuropredict', 'feast', 'rasa', 'loso', 'lab', 'mindsdb', 'dowel', 'nut', 'retinaface', 'ViZDoom', 'neuraltalk', 'optuna', 'open-webui', 'NeuroNER', 'deepface', 'statsmodels', 'jProcessing', 'typer', 'python-recsys', 'textacy', 'ggpy', 'cornac', 'spaCy', 'langflow', 'igel', 'keras-tuner', 'Metaworld', 'aim', 'pynlpl', 'ray', 'cltk', 'recommenders', 'seaborn', 'evidently', 'deepchecks', 'garage', 'hebel', 'jieba', 'catalyst', 'pytensor', 'lambdo', 'prodmodel', 'zpar', 'polyglot', 'scikit-learn-intelex', 'scikit-image', 'pytorch-lightning', 'colibri-core', 'bolt']"
715,18,MemberOf,category,1404,Comprehensive Categorization: File Handling,7024,23,"['tpot', 'neural-style-pt', 'chainer', 'skorch', 'pybrain', 'bokeh', 'autogluon', 'pytorch_geometric', 'pkuseg-python', 'open-metric-learning', 'detectron2', 'nilearn', 'mljar-supervised', 'altair', 'pyqtgraph', 'bentoml', 'caffe', 'river', 'numpy', 'CompreFace', 'FEDOT', 'sktime', 'PyTorchCV', 'pytorch-image-models', 'pebl', 'bigartm', 'BioPy', 'python-timbl', 'lightwood', 'mlx', 'zipline', 'pgmpy', 'Petrel', 'mlflow', 'DrQA', 'Parris', 'scikit-learn', 'pytorch', 'SynapseML', 'superset', 'transformers', 'ColossalAI', 'vispy', 'joliGEN', 'danswerai', 'shogun', 'Spearmint', 'xgboost', 'rosetta', 'catboost', 'dash', 'tesseract', 'stellargraph', 'maze', 'cleanlab', 'lightly', 'pymc', 'scikit-opt', 'deeppy', 'Gymnasium', 'skll', 'emcee', 'vigra', 'dtaidistance', 'mars', 'neuraltalk2', 'jax', 'scikit-survival', 'pytorch-frame', 'streamlit', 'mlxtend', 'cortex', 'DeepPavlov', 'alibi-detect', 'gradio', 'xlearn', 'langfuse', 'DI-engine', 'pyss3', 'DIGITS', 'LightGBM', 'CoreNLP', 'yalign', 'determined', 'deeplake', 'blaze', 'somoclu', 'xcessiv', 'matplotlib', 'tensorflow', 'PySyft', 'haystack', 'mlens', 'retro', 'machine-learning', 'gensim', 'neuropredict', 'feast', 'rasa', 'loso', 'lab', 'mindsdb', 'dowel', 'nut', 'retinaface', 'ViZDoom', 'neuraltalk', 'optuna', 'open-webui', 'NeuroNER', 'deepface', 'statsmodels', 'jProcessing', 'typer', 'python-recsys', 'textacy', 'ggpy', 'cornac', 'spaCy', 'langflow', 'igel', 'keras-tuner', 'Metaworld', 'aim', 'pynlpl', 'ray', 'cltk', 'recommenders', 'seaborn', 'evidently', 'deepchecks', 'garage', 'hebel', 'jieba', 'catalyst', 'pytensor', 'lambdo', 'prodmodel', 'zpar', 'polyglot', 'scikit-learn-intelex', 'scikit-image', 'pytorch-lightning', 'colibri-core', 'bolt']"
716,19,MemberOf,category,1436,OWASP Top Ten 2025 Category A01:2025 - Broken Access Control,7024,23,"['tpot', 'neural-style-pt', 'chainer', 'skorch', 'pybrain', 'bokeh', 'autogluon', 'pytorch_geometric', 'pkuseg-python', 'open-metric-learning', 'detectron2', 'nilearn', 'mljar-supervised', 'altair', 'pyqtgraph', 'bentoml', 'caffe', 'river', 'numpy', 'CompreFace', 'FEDOT', 'sktime', 'PyTorchCV', 'pytorch-image-models', 'pebl', 'bigartm', 'BioPy', 'python-timbl', 'lightwood', 'mlx', 'zipline', 'pgmpy', 'Petrel', 'mlflow', 'DrQA', 'Parris', 'scikit-learn', 'pytorch', 'SynapseML', 'superset', 'transformers', 'ColossalAI', 'vispy', 'joliGEN', 'danswerai', 'shogun', 'Spearmint', 'xgboost', 'rosetta', 'catboost', 'dash', 'tesseract', 'stellargraph', 'maze', 'cleanlab', 'lightly', 'pymc', 'scikit-opt', 'deeppy', 'Gymnasium', 'skll', 'emcee', 'vigra', 'dtaidistance', 'mars', 'neuraltalk2', 'jax', 'scikit-survival', 'pytorch-frame', 'streamlit', 'mlxtend', 'cortex', 'DeepPavlov', 'alibi-detect', 'gradio', 'xlearn', 'langfuse', 'DI-engine', 'pyss3', 'DIGITS', 'LightGBM', 'CoreNLP', 'yalign', 'determined', 'deeplake', 'blaze', 'somoclu', 'xcessiv', 'matplotlib', 'tensorflow', 'PySyft', 'haystack', 'mlens', 'retro', 'machine-learning', 'gensim', 'neuropredict', 'feast', 'rasa', 'loso', 'lab', 'mindsdb', 'dowel', 'nut', 'retinaface', 'ViZDoom', 'neuraltalk', 'optuna', 'open-webui', 'NeuroNER', 'deepface', 'statsmodels', 'jProcessing', 'typer', 'python-recsys', 'textacy', 'ggpy', 'cornac', 'spaCy', 'langflow', 'igel', 'keras-tuner', 'Metaworld', 'aim', 'pynlpl', 'ray', 'cltk', 'recommenders', 'seaborn', 'evidently', 'deepchecks', 'garage', 'hebel', 'jieba', 'catalyst', 'pytensor', 'lambdo', 'prodmodel', 'zpar', 'polyglot', 'scikit-learn-intelex', 'scikit-image', 'pytorch-lightning', 'colibri-core', 'bolt']"
717,20,Self,base,23,,7024,23,"['tpot', 'neural-style-pt', 'chainer', 'skorch', 'pybrain', 'bokeh', 'autogluon', 'pytorch_geometric', 'pkuseg-python', 'open-metric-learning', 'detectron2', 'nilearn', 'mljar-supervised', 'altair', 'pyqtgraph', 'bentoml', 'caffe', 'river', 'numpy', 'CompreFace', 'FEDOT', 'sktime', 'PyTorchCV', 'pytorch-image-models', 'pebl', 'bigartm', 'BioPy', 'python-timbl', 'lightwood', 'mlx', 'zipline', 'pgmpy', 'Petrel', 'mlflow', 'DrQA', 'Parris', 'scikit-learn', 'pytorch', 'SynapseML', 'superset', 'transformers', 'ColossalAI', 'vispy', 'joliGEN', 'danswerai', 'shogun', 'Spearmint', 'xgboost', 'rosetta', 'catboost', 'dash', 'tesseract', 'stellargraph', 'maze', 'cleanlab', 'lightly', 'pymc', 'scikit-opt', 'deeppy', 'Gymnasium', 'skll', 'emcee', 'vigra', 'dtaidistance', 'mars', 'neuraltalk2', 'jax', 'scikit-survival', 'pytorch-frame', 'streamlit', 'mlxtend', 'cortex', 'DeepPavlov', 'alibi-detect', 'gradio', 'xlearn', 'langfuse', 'DI-engine', 'pyss3', 'DIGITS', 'LightGBM', 'CoreNLP', 'yalign', 'determined', 'deeplake', 'blaze', 'somoclu', 'xcessiv', 'matplotlib', 'tensorflow', 'PySyft', 'haystack', 'mlens', 'retro', 'machine-learning', 'gensim', 'neuropredict', 'feast', 'rasa', 'loso', 'lab', 'mindsdb', 'dowel', 'nut', 'retinaface', 'ViZDoom', 'neuraltalk', 'optuna', 'open-webui', 'NeuroNER', 'deepface', 'statsmodels', 'jProcessing', 'typer', 'python-recsys', 'textacy', 'ggpy', 'cornac', 'spaCy', 'langflow', 'igel', 'keras-tuner', 'Metaworld', 'aim', 'pynlpl', 'ray', 'cltk', 'recommenders', 'seaborn', 'evidently', 'deepchecks', 'garage', 'hebel', 'jieba', 'catalyst', 'pytensor', 'lambdo', 'prodmodel', 'zpar', 'polyglot', 'scikit-learn-intelex', 'scikit-image', 'pytorch-lightning', 'colibri-core', 'bolt']"
718,0,ChildOf,base,22,Improper Limitation of a Pathname to a Restricted Directory ('Path Traversal'),7024,36,"['tpot', 'neural-style-pt', 'chainer', 'skorch', 'pybrain', 'bokeh', 'autogluon', 'pytorch_geometric', 'pkuseg-python', 'open-metric-learning', 'detectron2', 'nilearn', 'mljar-supervised', 'altair', 'pyqtgraph', 'bentoml', 'caffe', 'river', 'numpy', 'CompreFace', 'FEDOT', 'sktime', 'PyTorchCV', 'pytorch-image-models', 'pebl', 'bigartm', 'BioPy', 'python-timbl', 'lightwood', 'mlx', 'zipline', 'pgmpy', 'Petrel', 'mlflow', 'DrQA', 'Parris', 'scikit-learn', 'pytorch', 'SynapseML', 'superset', 'transformers', 'ColossalAI', 'vispy', 'joliGEN', 'danswerai', 'shogun', 'Spearmint', 'xgboost', 'rosetta', 'catboost', 'dash', 'tesseract', 'stellargraph', 'maze', 'cleanlab', 'lightly', 'pymc', 'scikit-opt', 'deeppy', 'Gymnasium', 'skll', 'emcee', 'vigra', 'dtaidistance', 'mars', 'neuraltalk2', 'jax', 'scikit-survival', 'pytorch-frame', 'streamlit', 'mlxtend', 'cortex', 'DeepPavlov', 'alibi-detect', 'gradio', 'xlearn', 'langfuse', 'DI-engine', 'pyss3', 'DIGITS', 'LightGBM', 'CoreNLP', 'yalign', 'determined', 'deeplake', 'blaze', 'somoclu', 'xcessiv', 'matplotlib', 'tensorflow', 'PySyft', 'haystack', 'mlens', 'retro', 'machine-learning', 'gensim', 'neuropredict', 'feast', 'rasa', 'loso', 'lab', 'mindsdb', 'dowel', 'nut', 'retinaface', 'ViZDoom', 'neuraltalk', 'optuna', 'open-webui', 'NeuroNER', 'deepface', 'statsmodels', 'jProcessing', 'typer', 'python-recsys', 'textacy', 'ggpy', 'cornac', 'spaCy', 'langflow', 'igel', 'keras-tuner', 'Metaworld', 'aim', 'pynlpl', 'ray', 'cltk', 'recommenders', 'seaborn', 'evidently', 'deepchecks', 'garage', 'hebel', 'jieba', 'catalyst', 'pytensor', 'lambdo', 'prodmodel', 'zpar', 'polyglot', 'scikit-learn-intelex', 'scikit-image', 'pytorch-lightning', 'colibri-core', 'bolt']"
719,1,ParentOf,variant,37,Path Traversal: '/absolute/pathname/here',7024,36,"['tpot', 'neural-style-pt', 'chainer', 'skorch', 'pybrain', 'bokeh', 'autogluon', 'pytorch_geometric', 'pkuseg-python', 'open-metric-learning', 'detectron2', 'nilearn', 'mljar-supervised', 'altair', 'pyqtgraph', 'bentoml', 'caffe', 'river', 'numpy', 'CompreFace', 'FEDOT', 'sktime', 'PyTorchCV', 'pytorch-image-models', 'pebl', 'bigartm', 'BioPy', 'python-timbl', 'lightwood', 'mlx', 'zipline', 'pgmpy', 'Petrel', 'mlflow', 'DrQA', 'Parris', 'scikit-learn', 'pytorch', 'SynapseML', 'superset', 'transformers', 'ColossalAI', 'vispy', 'joliGEN', 'danswerai', 'shogun', 'Spearmint', 'xgboost', 'rosetta', 'catboost', 'dash', 'tesseract', 'stellargraph', 'maze', 'cleanlab', 'lightly', 'pymc', 'scikit-opt', 'deeppy', 'Gymnasium', 'skll', 'emcee', 'vigra', 'dtaidistance', 'mars', 'neuraltalk2', 'jax', 'scikit-survival', 'pytorch-frame', 'streamlit', 'mlxtend', 'cortex', 'DeepPavlov', 'alibi-detect', 'gradio', 'xlearn', 'langfuse', 'DI-engine', 'pyss3', 'DIGITS', 'LightGBM', 'CoreNLP', 'yalign', 'determined', 'deeplake', 'blaze', 'somoclu', 'xcessiv', 'matplotlib', 'tensorflow', 'PySyft', 'haystack', 'mlens', 'retro', 'machine-learning', 'gensim', 'neuropredict', 'feast', 'rasa', 'loso', 'lab', 'mindsdb', 'dowel', 'nut', 'retinaface', 'ViZDoom', 'neuraltalk', 'optuna', 'open-webui', 'NeuroNER', 'deepface', 'statsmodels', 'jProcessing', 'typer', 'python-recsys', 'textacy', 'ggpy', 'cornac', 'spaCy', 'langflow', 'igel', 'keras-tuner', 'Metaworld', 'aim', 'pynlpl', 'ray', 'cltk', 'recommenders', 'seaborn', 'evidently', 'deepchecks', 'garage', 'hebel', 'jieba', 'catalyst', 'pytensor', 'lambdo', 'prodmodel', 'zpar', 'polyglot', 'scikit-learn-intelex', 'scikit-image', 'pytorch-lightning', 'colibri-core', 'bolt']"
720,2,ParentOf,variant,38,Path Traversal: '\absolute\pathname\here',7024,36,"['tpot', 'neural-style-pt', 'chainer', 'skorch', 'pybrain', 'bokeh', 'autogluon', 'pytorch_geometric', 'pkuseg-python', 'open-metric-learning', 'detectron2', 'nilearn', 'mljar-supervised', 'altair', 'pyqtgraph', 'bentoml', 'caffe', 'river', 'numpy', 'CompreFace', 'FEDOT', 'sktime', 'PyTorchCV', 'pytorch-image-models', 'pebl', 'bigartm', 'BioPy', 'python-timbl', 'lightwood', 'mlx', 'zipline', 'pgmpy', 'Petrel', 'mlflow', 'DrQA', 'Parris', 'scikit-learn', 'pytorch', 'SynapseML', 'superset', 'transformers', 'ColossalAI', 'vispy', 'joliGEN', 'danswerai', 'shogun', 'Spearmint', 'xgboost', 'rosetta', 'catboost', 'dash', 'tesseract', 'stellargraph', 'maze', 'cleanlab', 'lightly', 'pymc', 'scikit-opt', 'deeppy', 'Gymnasium', 'skll', 'emcee', 'vigra', 'dtaidistance', 'mars', 'neuraltalk2', 'jax', 'scikit-survival', 'pytorch-frame', 'streamlit', 'mlxtend', 'cortex', 'DeepPavlov', 'alibi-detect', 'gradio', 'xlearn', 'langfuse', 'DI-engine', 'pyss3', 'DIGITS', 'LightGBM', 'CoreNLP', 'yalign', 'determined', 'deeplake', 'blaze', 'somoclu', 'xcessiv', 'matplotlib', 'tensorflow', 'PySyft', 'haystack', 'mlens', 'retro', 'machine-learning', 'gensim', 'neuropredict', 'feast', 'rasa', 'loso', 'lab', 'mindsdb', 'dowel', 'nut', 'retinaface', 'ViZDoom', 'neuraltalk', 'optuna', 'open-webui', 'NeuroNER', 'deepface', 'statsmodels', 'jProcessing', 'typer', 'python-recsys', 'textacy', 'ggpy', 'cornac', 'spaCy', 'langflow', 'igel', 'keras-tuner', 'Metaworld', 'aim', 'pynlpl', 'ray', 'cltk', 'recommenders', 'seaborn', 'evidently', 'deepchecks', 'garage', 'hebel', 'jieba', 'catalyst', 'pytensor', 'lambdo', 'prodmodel', 'zpar', 'polyglot', 'scikit-learn-intelex', 'scikit-image', 'pytorch-lightning', 'colibri-core', 'bolt']"
721,3,ParentOf,variant,39,Path Traversal: 'C:dirname',7024,36,"['tpot', 'neural-style-pt', 'chainer', 'skorch', 'pybrain', 'bokeh', 'autogluon', 'pytorch_geometric', 'pkuseg-python', 'open-metric-learning', 'detectron2', 'nilearn', 'mljar-supervised', 'altair', 'pyqtgraph', 'bentoml', 'caffe', 'river', 'numpy', 'CompreFace', 'FEDOT', 'sktime', 'PyTorchCV', 'pytorch-image-models', 'pebl', 'bigartm', 'BioPy', 'python-timbl', 'lightwood', 'mlx', 'zipline', 'pgmpy', 'Petrel', 'mlflow', 'DrQA', 'Parris', 'scikit-learn', 'pytorch', 'SynapseML', 'superset', 'transformers', 'ColossalAI', 'vispy', 'joliGEN', 'danswerai', 'shogun', 'Spearmint', 'xgboost', 'rosetta', 'catboost', 'dash', 'tesseract', 'stellargraph', 'maze', 'cleanlab', 'lightly', 'pymc', 'scikit-opt', 'deeppy', 'Gymnasium', 'skll', 'emcee', 'vigra', 'dtaidistance', 'mars', 'neuraltalk2', 'jax', 'scikit-survival', 'pytorch-frame', 'streamlit', 'mlxtend', 'cortex', 'DeepPavlov', 'alibi-detect', 'gradio', 'xlearn', 'langfuse', 'DI-engine', 'pyss3', 'DIGITS', 'LightGBM', 'CoreNLP', 'yalign', 'determined', 'deeplake', 'blaze', 'somoclu', 'xcessiv', 'matplotlib', 'tensorflow', 'PySyft', 'haystack', 'mlens', 'retro', 'machine-learning', 'gensim', 'neuropredict', 'feast', 'rasa', 'loso', 'lab', 'mindsdb', 'dowel', 'nut', 'retinaface', 'ViZDoom', 'neuraltalk', 'optuna', 'open-webui', 'NeuroNER', 'deepface', 'statsmodels', 'jProcessing', 'typer', 'python-recsys', 'textacy', 'ggpy', 'cornac', 'spaCy', 'langflow', 'igel', 'keras-tuner', 'Metaworld', 'aim', 'pynlpl', 'ray', 'cltk', 'recommenders', 'seaborn', 'evidently', 'deepchecks', 'garage', 'hebel', 'jieba', 'catalyst', 'pytensor', 'lambdo', 'prodmodel', 'zpar', 'polyglot', 'scikit-learn-intelex', 'scikit-image', 'pytorch-lightning', 'colibri-core', 'bolt']"
722,4,ParentOf,variant,40,Path Traversal: '\\UNC\share\name\' (Windows UNC Share),7024,36,"['tpot', 'neural-style-pt', 'chainer', 'skorch', 'pybrain', 'bokeh', 'autogluon', 'pytorch_geometric', 'pkuseg-python', 'open-metric-learning', 'detectron2', 'nilearn', 'mljar-supervised', 'altair', 'pyqtgraph', 'bentoml', 'caffe', 'river', 'numpy', 'CompreFace', 'FEDOT', 'sktime', 'PyTorchCV', 'pytorch-image-models', 'pebl', 'bigartm', 'BioPy', 'python-timbl', 'lightwood', 'mlx', 'zipline', 'pgmpy', 'Petrel', 'mlflow', 'DrQA', 'Parris', 'scikit-learn', 'pytorch', 'SynapseML', 'superset', 'transformers', 'ColossalAI', 'vispy', 'joliGEN', 'danswerai', 'shogun', 'Spearmint', 'xgboost', 'rosetta', 'catboost', 'dash', 'tesseract', 'stellargraph', 'maze', 'cleanlab', 'lightly', 'pymc', 'scikit-opt', 'deeppy', 'Gymnasium', 'skll', 'emcee', 'vigra', 'dtaidistance', 'mars', 'neuraltalk2', 'jax', 'scikit-survival', 'pytorch-frame', 'streamlit', 'mlxtend', 'cortex', 'DeepPavlov', 'alibi-detect', 'gradio', 'xlearn', 'langfuse', 'DI-engine', 'pyss3', 'DIGITS', 'LightGBM', 'CoreNLP', 'yalign', 'determined', 'deeplake', 'blaze', 'somoclu', 'xcessiv', 'matplotlib', 'tensorflow', 'PySyft', 'haystack', 'mlens', 'retro', 'machine-learning', 'gensim', 'neuropredict', 'feast', 'rasa', 'loso', 'lab', 'mindsdb', 'dowel', 'nut', 'retinaface', 'ViZDoom', 'neuraltalk', 'optuna', 'open-webui', 'NeuroNER', 'deepface', 'statsmodels', 'jProcessing', 'typer', 'python-recsys', 'textacy', 'ggpy', 'cornac', 'spaCy', 'langflow', 'igel', 'keras-tuner', 'Metaworld', 'aim', 'pynlpl', 'ray', 'cltk', 'recommenders', 'seaborn', 'evidently', 'deepchecks', 'garage', 'hebel', 'jieba', 'catalyst', 'pytensor', 'lambdo', 'prodmodel', 'zpar', 'polyglot', 'scikit-learn-intelex', 'scikit-image', 'pytorch-lightning', 'colibri-core', 'bolt']"
723,5,ChildOf,base,22,Improper Limitation of a Pathname to a Restricted Directory ('Path Traversal'),7024,36,"['tpot', 'neural-style-pt', 'chainer', 'skorch', 'pybrain', 'bokeh', 'autogluon', 'pytorch_geometric', 'pkuseg-python', 'open-metric-learning', 'detectron2', 'nilearn', 'mljar-supervised', 'altair', 'pyqtgraph', 'bentoml', 'caffe', 'river', 'numpy', 'CompreFace', 'FEDOT', 'sktime', 'PyTorchCV', 'pytorch-image-models', 'pebl', 'bigartm', 'BioPy', 'python-timbl', 'lightwood', 'mlx', 'zipline', 'pgmpy', 'Petrel', 'mlflow', 'DrQA', 'Parris', 'scikit-learn', 'pytorch', 'SynapseML', 'superset', 'transformers', 'ColossalAI', 'vispy', 'joliGEN', 'danswerai', 'shogun', 'Spearmint', 'xgboost', 'rosetta', 'catboost', 'dash', 'tesseract', 'stellargraph', 'maze', 'cleanlab', 'lightly', 'pymc', 'scikit-opt', 'deeppy', 'Gymnasium', 'skll', 'emcee', 'vigra', 'dtaidistance', 'mars', 'neuraltalk2', 'jax', 'scikit-survival', 'pytorch-frame', 'streamlit', 'mlxtend', 'cortex', 'DeepPavlov', 'alibi-detect', 'gradio', 'xlearn', 'langfuse', 'DI-engine', 'pyss3', 'DIGITS', 'LightGBM', 'CoreNLP', 'yalign', 'determined', 'deeplake', 'blaze', 'somoclu', 'xcessiv', 'matplotlib', 'tensorflow', 'PySyft', 'haystack', 'mlens', 'retro', 'machine-learning', 'gensim', 'neuropredict', 'feast', 'rasa', 'loso', 'lab', 'mindsdb', 'dowel', 'nut', 'retinaface', 'ViZDoom', 'neuraltalk', 'optuna', 'open-webui', 'NeuroNER', 'deepface', 'statsmodels', 'jProcessing', 'typer', 'python-recsys', 'textacy', 'ggpy', 'cornac', 'spaCy', 'langflow', 'igel', 'keras-tuner', 'Metaworld', 'aim', 'pynlpl', 'ray', 'cltk', 'recommenders', 'seaborn', 'evidently', 'deepchecks', 'garage', 'hebel', 'jieba', 'catalyst', 'pytensor', 'lambdo', 'prodmodel', 'zpar', 'polyglot', 'scikit-learn-intelex', 'scikit-image', 'pytorch-lightning', 'colibri-core', 'bolt']"
724,6,ChildOf,base,22,Improper Limitation of a Pathname to a Restricted Directory ('Path Traversal'),7024,36,"['tpot', 'neural-style-pt', 'chainer', 'skorch', 'pybrain', 'bokeh', 'autogluon', 'pytorch_geometric', 'pkuseg-python', 'open-metric-learning', 'detectron2', 'nilearn', 'mljar-supervised', 'altair', 'pyqtgraph', 'bentoml', 'caffe', 'river', 'numpy', 'CompreFace', 'FEDOT', 'sktime', 'PyTorchCV', 'pytorch-image-models', 'pebl', 'bigartm', 'BioPy', 'python-timbl', 'lightwood', 'mlx', 'zipline', 'pgmpy', 'Petrel', 'mlflow', 'DrQA', 'Parris', 'scikit-learn', 'pytorch', 'SynapseML', 'superset', 'transformers', 'ColossalAI', 'vispy', 'joliGEN', 'danswerai', 'shogun', 'Spearmint', 'xgboost', 'rosetta', 'catboost', 'dash', 'tesseract', 'stellargraph', 'maze', 'cleanlab', 'lightly', 'pymc', 'scikit-opt', 'deeppy', 'Gymnasium', 'skll', 'emcee', 'vigra', 'dtaidistance', 'mars', 'neuraltalk2', 'jax', 'scikit-survival', 'pytorch-frame', 'streamlit', 'mlxtend', 'cortex', 'DeepPavlov', 'alibi-detect', 'gradio', 'xlearn', 'langfuse', 'DI-engine', 'pyss3', 'DIGITS', 'LightGBM', 'CoreNLP', 'yalign', 'determined', 'deeplake', 'blaze', 'somoclu', 'xcessiv', 'matplotlib', 'tensorflow', 'PySyft', 'haystack', 'mlens', 'retro', 'machine-learning', 'gensim', 'neuropredict', 'feast', 'rasa', 'loso', 'lab', 'mindsdb', 'dowel', 'nut', 'retinaface', 'ViZDoom', 'neuraltalk', 'optuna', 'open-webui', 'NeuroNER', 'deepface', 'statsmodels', 'jProcessing', 'typer', 'python-recsys', 'textacy', 'ggpy', 'cornac', 'spaCy', 'langflow', 'igel', 'keras-tuner', 'Metaworld', 'aim', 'pynlpl', 'ray', 'cltk', 'recommenders', 'seaborn', 'evidently', 'deepchecks', 'garage', 'hebel', 'jieba', 'catalyst', 'pytensor', 'lambdo', 'prodmodel', 'zpar', 'polyglot', 'scikit-learn-intelex', 'scikit-image', 'pytorch-lightning', 'colibri-core', 'bolt']"
725,7,MemberOf,view,884,CWE Cross-section,7024,36,"['tpot', 'neural-style-pt', 'chainer', 'skorch', 'pybrain', 'bokeh', 'autogluon', 'pytorch_geometric', 'pkuseg-python', 'open-metric-learning', 'detectron2', 'nilearn', 'mljar-supervised', 'altair', 'pyqtgraph', 'bentoml', 'caffe', 'river', 'numpy', 'CompreFace', 'FEDOT', 'sktime', 'PyTorchCV', 'pytorch-image-models', 'pebl', 'bigartm', 'BioPy', 'python-timbl', 'lightwood', 'mlx', 'zipline', 'pgmpy', 'Petrel', 'mlflow', 'DrQA', 'Parris', 'scikit-learn', 'pytorch', 'SynapseML', 'superset', 'transformers', 'ColossalAI', 'vispy', 'joliGEN', 'danswerai', 'shogun', 'Spearmint', 'xgboost', 'rosetta', 'catboost', 'dash', 'tesseract', 'stellargraph', 'maze', 'cleanlab', 'lightly', 'pymc', 'scikit-opt', 'deeppy', 'Gymnasium', 'skll', 'emcee', 'vigra', 'dtaidistance', 'mars', 'neuraltalk2', 'jax', 'scikit-survival', 'pytorch-frame', 'streamlit', 'mlxtend', 'cortex', 'DeepPavlov', 'alibi-detect', 'gradio', 'xlearn', 'langfuse', 'DI-engine', 'pyss3', 'DIGITS', 'LightGBM', 'CoreNLP', 'yalign', 'determined', 'deeplake', 'blaze', 'somoclu', 'xcessiv', 'matplotlib', 'tensorflow', 'PySyft', 'haystack', 'mlens', 'retro', 'machine-learning', 'gensim', 'neuropredict', 'feast', 'rasa', 'loso', 'lab', 'mindsdb', 'dowel', 'nut', 'retinaface', 'ViZDoom', 'neuraltalk', 'optuna', 'open-webui', 'NeuroNER', 'deepface', 'statsmodels', 'jProcessing', 'typer', 'python-recsys', 'textacy', 'ggpy', 'cornac', 'spaCy', 'langflow', 'igel', 'keras-tuner', 'Metaworld', 'aim', 'pynlpl', 'ray', 'cltk', 'recommenders', 'seaborn', 'evidently', 'deepchecks', 'garage', 'hebel', 'jieba', 'catalyst', 'pytensor', 'lambdo', 'prodmodel', 'zpar', 'polyglot', 'scikit-learn-intelex', 'scikit-image', 'pytorch-lightning', 'colibri-core', 'bolt']"
726,8,MemberOf,category,981,SFP Secondary Cluster: Path Traversal,7024,36,"['tpot', 'neural-style-pt', 'chainer', 'skorch', 'pybrain', 'bokeh', 'autogluon', 'pytorch_geometric', 'pkuseg-python', 'open-metric-learning', 'detectron2', 'nilearn', 'mljar-supervised', 'altair', 'pyqtgraph', 'bentoml', 'caffe', 'river', 'numpy', 'CompreFace', 'FEDOT', 'sktime', 'PyTorchCV', 'pytorch-image-models', 'pebl', 'bigartm', 'BioPy', 'python-timbl', 'lightwood', 'mlx', 'zipline', 'pgmpy', 'Petrel', 'mlflow', 'DrQA', 'Parris', 'scikit-learn', 'pytorch', 'SynapseML', 'superset', 'transformers', 'ColossalAI', 'vispy', 'joliGEN', 'danswerai', 'shogun', 'Spearmint', 'xgboost', 'rosetta', 'catboost', 'dash', 'tesseract', 'stellargraph', 'maze', 'cleanlab', 'lightly', 'pymc', 'scikit-opt', 'deeppy', 'Gymnasium', 'skll', 'emcee', 'vigra', 'dtaidistance', 'mars', 'neuraltalk2', 'jax', 'scikit-survival', 'pytorch-frame', 'streamlit', 'mlxtend', 'cortex', 'DeepPavlov', 'alibi-detect', 'gradio', 'xlearn', 'langfuse', 'DI-engine', 'pyss3', 'DIGITS', 'LightGBM', 'CoreNLP', 'yalign', 'determined', 'deeplake', 'blaze', 'somoclu', 'xcessiv', 'matplotlib', 'tensorflow', 'PySyft', 'haystack', 'mlens', 'retro', 'machine-learning', 'gensim', 'neuropredict', 'feast', 'rasa', 'loso', 'lab', 'mindsdb', 'dowel', 'nut', 'retinaface', 'ViZDoom', 'neuraltalk', 'optuna', 'open-webui', 'NeuroNER', 'deepface', 'statsmodels', 'jProcessing', 'typer', 'python-recsys', 'textacy', 'ggpy', 'cornac', 'spaCy', 'langflow', 'igel', 'keras-tuner', 'Metaworld', 'aim', 'pynlpl', 'ray', 'cltk', 'recommenders', 'seaborn', 'evidently', 'deepchecks', 'garage', 'hebel', 'jieba', 'catalyst', 'pytensor', 'lambdo', 'prodmodel', 'zpar', 'polyglot', 'scikit-learn-intelex', 'scikit-image', 'pytorch-lightning', 'colibri-core', 'bolt']"
727,9,MemberOf,category,1404,Comprehensive Categorization: File Handling,7024,36,"['tpot', 'neural-style-pt', 'chainer', 'skorch', 'pybrain', 'bokeh', 'autogluon', 'pytorch_geometric', 'pkuseg-python', 'open-metric-learning', 'detectron2', 'nilearn', 'mljar-supervised', 'altair', 'pyqtgraph', 'bentoml', 'caffe', 'river', 'numpy', 'CompreFace', 'FEDOT', 'sktime', 'PyTorchCV', 'pytorch-image-models', 'pebl', 'bigartm', 'BioPy', 'python-timbl', 'lightwood', 'mlx', 'zipline', 'pgmpy', 'Petrel', 'mlflow', 'DrQA', 'Parris', 'scikit-learn', 'pytorch', 'SynapseML', 'superset', 'transformers', 'ColossalAI', 'vispy', 'joliGEN', 'danswerai', 'shogun', 'Spearmint', 'xgboost', 'rosetta', 'catboost', 'dash', 'tesseract', 'stellargraph', 'maze', 'cleanlab', 'lightly', 'pymc', 'scikit-opt', 'deeppy', 'Gymnasium', 'skll', 'emcee', 'vigra', 'dtaidistance', 'mars', 'neuraltalk2', 'jax', 'scikit-survival', 'pytorch-frame', 'streamlit', 'mlxtend', 'cortex', 'DeepPavlov', 'alibi-detect', 'gradio', 'xlearn', 'langfuse', 'DI-engine', 'pyss3', 'DIGITS', 'LightGBM', 'CoreNLP', 'yalign', 'determined', 'deeplake', 'blaze', 'somoclu', 'xcessiv', 'matplotlib', 'tensorflow', 'PySyft', 'haystack', 'mlens', 'retro', 'machine-learning', 'gensim', 'neuropredict', 'feast', 'rasa', 'loso', 'lab', 'mindsdb', 'dowel', 'nut', 'retinaface', 'ViZDoom', 'neuraltalk', 'optuna', 'open-webui', 'NeuroNER', 'deepface', 'statsmodels', 'jProcessing', 'typer', 'python-recsys', 'textacy', 'ggpy', 'cornac', 'spaCy', 'langflow', 'igel', 'keras-tuner', 'Metaworld', 'aim', 'pynlpl', 'ray', 'cltk', 'recommenders', 'seaborn', 'evidently', 'deepchecks', 'garage', 'hebel', 'jieba', 'catalyst', 'pytensor', 'lambdo', 'prodmodel', 'zpar', 'polyglot', 'scikit-learn-intelex', 'scikit-image', 'pytorch-lightning', 'colibri-core', 'bolt']"
728,10,MemberOf,category,1436,OWASP Top Ten 2025 Category A01:2025 - Broken Access Control,7024,36,"['tpot', 'neural-style-pt', 'chainer', 'skorch', 'pybrain', 'bokeh', 'autogluon', 'pytorch_geometric', 'pkuseg-python', 'open-metric-learning', 'detectron2', 'nilearn', 'mljar-supervised', 'altair', 'pyqtgraph', 'bentoml', 'caffe', 'river', 'numpy', 'CompreFace', 'FEDOT', 'sktime', 'PyTorchCV', 'pytorch-image-models', 'pebl', 'bigartm', 'BioPy', 'python-timbl', 'lightwood', 'mlx', 'zipline', 'pgmpy', 'Petrel', 'mlflow', 'DrQA', 'Parris', 'scikit-learn', 'pytorch', 'SynapseML', 'superset', 'transformers', 'ColossalAI', 'vispy', 'joliGEN', 'danswerai', 'shogun', 'Spearmint', 'xgboost', 'rosetta', 'catboost', 'dash', 'tesseract', 'stellargraph', 'maze', 'cleanlab', 'lightly', 'pymc', 'scikit-opt', 'deeppy', 'Gymnasium', 'skll', 'emcee', 'vigra', 'dtaidistance', 'mars', 'neuraltalk2', 'jax', 'scikit-survival', 'pytorch-frame', 'streamlit', 'mlxtend', 'cortex', 'DeepPavlov', 'alibi-detect', 'gradio', 'xlearn', 'langfuse', 'DI-engine', 'pyss3', 'DIGITS', 'LightGBM', 'CoreNLP', 'yalign', 'determined', 'deeplake', 'blaze', 'somoclu', 'xcessiv', 'matplotlib', 'tensorflow', 'PySyft', 'haystack', 'mlens', 'retro', 'machine-learning', 'gensim', 'neuropredict', 'feast', 'rasa', 'loso', 'lab', 'mindsdb', 'dowel', 'nut', 'retinaface', 'ViZDoom', 'neuraltalk', 'optuna', 'open-webui', 'NeuroNER', 'deepface', 'statsmodels', 'jProcessing', 'typer', 'python-recsys', 'textacy', 'ggpy', 'cornac', 'spaCy', 'langflow', 'igel', 'keras-tuner', 'Metaworld', 'aim', 'pynlpl', 'ray', 'cltk', 'recommenders', 'seaborn', 'evidently', 'deepchecks', 'garage', 'hebel', 'jieba', 'catalyst', 'pytensor', 'lambdo', 'prodmodel', 'zpar', 'polyglot', 'scikit-learn-intelex', 'scikit-image', 'pytorch-lightning', 'colibri-core', 'bolt']"
729,11,Self,base,36,,7024,36,"['tpot', 'neural-style-pt', 'chainer', 'skorch', 'pybrain', 'bokeh', 'autogluon', 'pytorch_geometric', 'pkuseg-python', 'open-metric-learning', 'detectron2', 'nilearn', 'mljar-supervised', 'altair', 'pyqtgraph', 'bentoml', 'caffe', 'river', 'numpy', 'CompreFace', 'FEDOT', 'sktime', 'PyTorchCV', 'pytorch-image-models', 'pebl', 'bigartm', 'BioPy', 'python-timbl', 'lightwood', 'mlx', 'zipline', 'pgmpy', 'Petrel', 'mlflow', 'DrQA', 'Parris', 'scikit-learn', 'pytorch', 'SynapseML', 'superset', 'transformers', 'ColossalAI', 'vispy', 'joliGEN', 'danswerai', 'shogun', 'Spearmint', 'xgboost', 'rosetta', 'catboost', 'dash', 'tesseract', 'stellargraph', 'maze', 'cleanlab', 'lightly', 'pymc', 'scikit-opt', 'deeppy', 'Gymnasium', 'skll', 'emcee', 'vigra', 'dtaidistance', 'mars', 'neuraltalk2', 'jax', 'scikit-survival', 'pytorch-frame', 'streamlit', 'mlxtend', 'cortex', 'DeepPavlov', 'alibi-detect', 'gradio', 'xlearn', 'langfuse', 'DI-engine', 'pyss3', 'DIGITS', 'LightGBM', 'CoreNLP', 'yalign', 'determined', 'deeplake', 'blaze', 'somoclu', 'xcessiv', 'matplotlib', 'tensorflow', 'PySyft', 'haystack', 'mlens', 'retro', 'machine-learning', 'gensim', 'neuropredict', 'feast', 'rasa', 'loso', 'lab', 'mindsdb', 'dowel', 'nut', 'retinaface', 'ViZDoom', 'neuraltalk', 'optuna', 'open-webui', 'NeuroNER', 'deepface', 'statsmodels', 'jProcessing', 'typer', 'python-recsys', 'textacy', 'ggpy', 'cornac', 'spaCy', 'langflow', 'igel', 'keras-tuner', 'Metaworld', 'aim', 'pynlpl', 'ray', 'cltk', 'recommenders', 'seaborn', 'evidently', 'deepchecks', 'garage', 'hebel', 'jieba', 'catalyst', 'pytensor', 'lambdo', 'prodmodel', 'zpar', 'polyglot', 'scikit-learn-intelex', 'scikit-image', 'pytorch-lightning', 'colibri-core', 'bolt']"
730,0,ChildOf,class,610,Externally Controlled Reference to a Resource in Another Sphere,7024,73,"['tpot', 'neural-style-pt', 'chainer', 'skorch', 'pybrain', 'bokeh', 'autogluon', 'pytorch_geometric', 'pkuseg-python', 'open-metric-learning', 'detectron2', 'nilearn', 'mljar-supervised', 'altair', 'pyqtgraph', 'bentoml', 'caffe', 'river', 'numpy', 'CompreFace', 'FEDOT', 'sktime', 'PyTorchCV', 'pytorch-image-models', 'pebl', 'bigartm', 'BioPy', 'python-timbl', 'lightwood', 'mlx', 'zipline', 'pgmpy', 'Petrel', 'mlflow', 'DrQA', 'Parris', 'scikit-learn', 'pytorch', 'SynapseML', 'superset', 'transformers', 'ColossalAI', 'vispy', 'joliGEN', 'danswerai', 'shogun', 'Spearmint', 'xgboost', 'rosetta', 'catboost', 'dash', 'tesseract', 'stellargraph', 'maze', 'cleanlab', 'lightly', 'pymc', 'scikit-opt', 'deeppy', 'Gymnasium', 'skll', 'emcee', 'vigra', 'dtaidistance', 'mars', 'neuraltalk2', 'jax', 'scikit-survival', 'pytorch-frame', 'streamlit', 'mlxtend', 'cortex', 'DeepPavlov', 'alibi-detect', 'gradio', 'xlearn', 'langfuse', 'DI-engine', 'pyss3', 'DIGITS', 'LightGBM', 'CoreNLP', 'yalign', 'determined', 'deeplake', 'blaze', 'somoclu', 'xcessiv', 'matplotlib', 'tensorflow', 'PySyft', 'haystack', 'mlens', 'retro', 'machine-learning', 'gensim', 'neuropredict', 'feast', 'rasa', 'loso', 'lab', 'mindsdb', 'dowel', 'nut', 'retinaface', 'ViZDoom', 'neuraltalk', 'optuna', 'open-webui', 'NeuroNER', 'deepface', 'statsmodels', 'jProcessing', 'typer', 'python-recsys', 'textacy', 'ggpy', 'cornac', 'spaCy', 'langflow', 'igel', 'keras-tuner', 'Metaworld', 'aim', 'pynlpl', 'ray', 'cltk', 'recommenders', 'seaborn', 'evidently', 'deepchecks', 'garage', 'hebel', 'jieba', 'catalyst', 'pytensor', 'lambdo', 'prodmodel', 'zpar', 'polyglot', 'scikit-learn-intelex', 'scikit-image', 'pytorch-lightning', 'colibri-core', 'bolt']"
731,1,ChildOf,class,642,External Control of Critical State Data,7024,73,"['tpot', 'neural-style-pt', 'chainer', 'skorch', 'pybrain', 'bokeh', 'autogluon', 'pytorch_geometric', 'pkuseg-python', 'open-metric-learning', 'detectron2', 'nilearn', 'mljar-supervised', 'altair', 'pyqtgraph', 'bentoml', 'caffe', 'river', 'numpy', 'CompreFace', 'FEDOT', 'sktime', 'PyTorchCV', 'pytorch-image-models', 'pebl', 'bigartm', 'BioPy', 'python-timbl', 'lightwood', 'mlx', 'zipline', 'pgmpy', 'Petrel', 'mlflow', 'DrQA', 'Parris', 'scikit-learn', 'pytorch', 'SynapseML', 'superset', 'transformers', 'ColossalAI', 'vispy', 'joliGEN', 'danswerai', 'shogun', 'Spearmint', 'xgboost', 'rosetta', 'catboost', 'dash', 'tesseract', 'stellargraph', 'maze', 'cleanlab', 'lightly', 'pymc', 'scikit-opt', 'deeppy', 'Gymnasium', 'skll', 'emcee', 'vigra', 'dtaidistance', 'mars', 'neuraltalk2', 'jax', 'scikit-survival', 'pytorch-frame', 'streamlit', 'mlxtend', 'cortex', 'DeepPavlov', 'alibi-detect', 'gradio', 'xlearn', 'langfuse', 'DI-engine', 'pyss3', 'DIGITS', 'LightGBM', 'CoreNLP', 'yalign', 'determined', 'deeplake', 'blaze', 'somoclu', 'xcessiv', 'matplotlib', 'tensorflow', 'PySyft', 'haystack', 'mlens', 'retro', 'machine-learning', 'gensim', 'neuropredict', 'feast', 'rasa', 'loso', 'lab', 'mindsdb', 'dowel', 'nut', 'retinaface', 'ViZDoom', 'neuraltalk', 'optuna', 'open-webui', 'NeuroNER', 'deepface', 'statsmodels', 'jProcessing', 'typer', 'python-recsys', 'textacy', 'ggpy', 'cornac', 'spaCy', 'langflow', 'igel', 'keras-tuner', 'Metaworld', 'aim', 'pynlpl', 'ray', 'cltk', 'recommenders', 'seaborn', 'evidently', 'deepchecks', 'garage', 'hebel', 'jieba', 'catalyst', 'pytensor', 'lambdo', 'prodmodel', 'zpar', 'polyglot', 'scikit-learn-intelex', 'scikit-image', 'pytorch-lightning', 'colibri-core', 'bolt']"
732,2,ParentOf,class,114,Process Control,7024,73,"['tpot', 'neural-style-pt', 'chainer', 'skorch', 'pybrain', 'bokeh', 'autogluon', 'pytorch_geometric', 'pkuseg-python', 'open-metric-learning', 'detectron2', 'nilearn', 'mljar-supervised', 'altair', 'pyqtgraph', 'bentoml', 'caffe', 'river', 'numpy', 'CompreFace', 'FEDOT', 'sktime', 'PyTorchCV', 'pytorch-image-models', 'pebl', 'bigartm', 'BioPy', 'python-timbl', 'lightwood', 'mlx', 'zipline', 'pgmpy', 'Petrel', 'mlflow', 'DrQA', 'Parris', 'scikit-learn', 'pytorch', 'SynapseML', 'superset', 'transformers', 'ColossalAI', 'vispy', 'joliGEN', 'danswerai', 'shogun', 'Spearmint', 'xgboost', 'rosetta', 'catboost', 'dash', 'tesseract', 'stellargraph', 'maze', 'cleanlab', 'lightly', 'pymc', 'scikit-opt', 'deeppy', 'Gymnasium', 'skll', 'emcee', 'vigra', 'dtaidistance', 'mars', 'neuraltalk2', 'jax', 'scikit-survival', 'pytorch-frame', 'streamlit', 'mlxtend', 'cortex', 'DeepPavlov', 'alibi-detect', 'gradio', 'xlearn', 'langfuse', 'DI-engine', 'pyss3', 'DIGITS', 'LightGBM', 'CoreNLP', 'yalign', 'determined', 'deeplake', 'blaze', 'somoclu', 'xcessiv', 'matplotlib', 'tensorflow', 'PySyft', 'haystack', 'mlens', 'retro', 'machine-learning', 'gensim', 'neuropredict', 'feast', 'rasa', 'loso', 'lab', 'mindsdb', 'dowel', 'nut', 'retinaface', 'ViZDoom', 'neuraltalk', 'optuna', 'open-webui', 'NeuroNER', 'deepface', 'statsmodels', 'jProcessing', 'typer', 'python-recsys', 'textacy', 'ggpy', 'cornac', 'spaCy', 'langflow', 'igel', 'keras-tuner', 'Metaworld', 'aim', 'pynlpl', 'ray', 'cltk', 'recommenders', 'seaborn', 'evidently', 'deepchecks', 'garage', 'hebel', 'jieba', 'catalyst', 'pytensor', 'lambdo', 'prodmodel', 'zpar', 'polyglot', 'scikit-learn-intelex', 'scikit-image', 'pytorch-lightning', 'colibri-core', 'bolt']"
733,3,CanPrecede,base,22,Improper Limitation of a Pathname to a Restricted Directory ('Path Traversal'),7024,73,"['tpot', 'neural-style-pt', 'chainer', 'skorch', 'pybrain', 'bokeh', 'autogluon', 'pytorch_geometric', 'pkuseg-python', 'open-metric-learning', 'detectron2', 'nilearn', 'mljar-supervised', 'altair', 'pyqtgraph', 'bentoml', 'caffe', 'river', 'numpy', 'CompreFace', 'FEDOT', 'sktime', 'PyTorchCV', 'pytorch-image-models', 'pebl', 'bigartm', 'BioPy', 'python-timbl', 'lightwood', 'mlx', 'zipline', 'pgmpy', 'Petrel', 'mlflow', 'DrQA', 'Parris', 'scikit-learn', 'pytorch', 'SynapseML', 'superset', 'transformers', 'ColossalAI', 'vispy', 'joliGEN', 'danswerai', 'shogun', 'Spearmint', 'xgboost', 'rosetta', 'catboost', 'dash', 'tesseract', 'stellargraph', 'maze', 'cleanlab', 'lightly', 'pymc', 'scikit-opt', 'deeppy', 'Gymnasium', 'skll', 'emcee', 'vigra', 'dtaidistance', 'mars', 'neuraltalk2', 'jax', 'scikit-survival', 'pytorch-frame', 'streamlit', 'mlxtend', 'cortex', 'DeepPavlov', 'alibi-detect', 'gradio', 'xlearn', 'langfuse', 'DI-engine', 'pyss3', 'DIGITS', 'LightGBM', 'CoreNLP', 'yalign', 'determined', 'deeplake', 'blaze', 'somoclu', 'xcessiv', 'matplotlib', 'tensorflow', 'PySyft', 'haystack', 'mlens', 'retro', 'machine-learning', 'gensim', 'neuropredict', 'feast', 'rasa', 'loso', 'lab', 'mindsdb', 'dowel', 'nut', 'retinaface', 'ViZDoom', 'neuraltalk', 'optuna', 'open-webui', 'NeuroNER', 'deepface', 'statsmodels', 'jProcessing', 'typer', 'python-recsys', 'textacy', 'ggpy', 'cornac', 'spaCy', 'langflow', 'igel', 'keras-tuner', 'Metaworld', 'aim', 'pynlpl', 'ray', 'cltk', 'recommenders', 'seaborn', 'evidently', 'deepchecks', 'garage', 'hebel', 'jieba', 'catalyst', 'pytensor', 'lambdo', 'prodmodel', 'zpar', 'polyglot', 'scikit-learn-intelex', 'scikit-image', 'pytorch-lightning', 'colibri-core', 'bolt']"
734,4,CanPrecede,base,41,Improper Resolution of Path Equivalence,7024,73,"['tpot', 'neural-style-pt', 'chainer', 'skorch', 'pybrain', 'bokeh', 'autogluon', 'pytorch_geometric', 'pkuseg-python', 'open-metric-learning', 'detectron2', 'nilearn', 'mljar-supervised', 'altair', 'pyqtgraph', 'bentoml', 'caffe', 'river', 'numpy', 'CompreFace', 'FEDOT', 'sktime', 'PyTorchCV', 'pytorch-image-models', 'pebl', 'bigartm', 'BioPy', 'python-timbl', 'lightwood', 'mlx', 'zipline', 'pgmpy', 'Petrel', 'mlflow', 'DrQA', 'Parris', 'scikit-learn', 'pytorch', 'SynapseML', 'superset', 'transformers', 'ColossalAI', 'vispy', 'joliGEN', 'danswerai', 'shogun', 'Spearmint', 'xgboost', 'rosetta', 'catboost', 'dash', 'tesseract', 'stellargraph', 'maze', 'cleanlab', 'lightly', 'pymc', 'scikit-opt', 'deeppy', 'Gymnasium', 'skll', 'emcee', 'vigra', 'dtaidistance', 'mars', 'neuraltalk2', 'jax', 'scikit-survival', 'pytorch-frame', 'streamlit', 'mlxtend', 'cortex', 'DeepPavlov', 'alibi-detect', 'gradio', 'xlearn', 'langfuse', 'DI-engine', 'pyss3', 'DIGITS', 'LightGBM', 'CoreNLP', 'yalign', 'determined', 'deeplake', 'blaze', 'somoclu', 'xcessiv', 'matplotlib', 'tensorflow', 'PySyft', 'haystack', 'mlens', 'retro', 'machine-learning', 'gensim', 'neuropredict', 'feast', 'rasa', 'loso', 'lab', 'mindsdb', 'dowel', 'nut', 'retinaface', 'ViZDoom', 'neuraltalk', 'optuna', 'open-webui', 'NeuroNER', 'deepface', 'statsmodels', 'jProcessing', 'typer', 'python-recsys', 'textacy', 'ggpy', 'cornac', 'spaCy', 'langflow', 'igel', 'keras-tuner', 'Metaworld', 'aim', 'pynlpl', 'ray', 'cltk', 'recommenders', 'seaborn', 'evidently', 'deepchecks', 'garage', 'hebel', 'jieba', 'catalyst', 'pytensor', 'lambdo', 'prodmodel', 'zpar', 'polyglot', 'scikit-learn-intelex', 'scikit-image', 'pytorch-lightning', 'colibri-core', 'bolt']"
735,5,CanPrecede,base,59,Improper Link Resolution Before File Access ('Link Following'),7024,73,"['tpot', 'neural-style-pt', 'chainer', 'skorch', 'pybrain', 'bokeh', 'autogluon', 'pytorch_geometric', 'pkuseg-python', 'open-metric-learning', 'detectron2', 'nilearn', 'mljar-supervised', 'altair', 'pyqtgraph', 'bentoml', 'caffe', 'river', 'numpy', 'CompreFace', 'FEDOT', 'sktime', 'PyTorchCV', 'pytorch-image-models', 'pebl', 'bigartm', 'BioPy', 'python-timbl', 'lightwood', 'mlx', 'zipline', 'pgmpy', 'Petrel', 'mlflow', 'DrQA', 'Parris', 'scikit-learn', 'pytorch', 'SynapseML', 'superset', 'transformers', 'ColossalAI', 'vispy', 'joliGEN', 'danswerai', 'shogun', 'Spearmint', 'xgboost', 'rosetta', 'catboost', 'dash', 'tesseract', 'stellargraph', 'maze', 'cleanlab', 'lightly', 'pymc', 'scikit-opt', 'deeppy', 'Gymnasium', 'skll', 'emcee', 'vigra', 'dtaidistance', 'mars', 'neuraltalk2', 'jax', 'scikit-survival', 'pytorch-frame', 'streamlit', 'mlxtend', 'cortex', 'DeepPavlov', 'alibi-detect', 'gradio', 'xlearn', 'langfuse', 'DI-engine', 'pyss3', 'DIGITS', 'LightGBM', 'CoreNLP', 'yalign', 'determined', 'deeplake', 'blaze', 'somoclu', 'xcessiv', 'matplotlib', 'tensorflow', 'PySyft', 'haystack', 'mlens', 'retro', 'machine-learning', 'gensim', 'neuropredict', 'feast', 'rasa', 'loso', 'lab', 'mindsdb', 'dowel', 'nut', 'retinaface', 'ViZDoom', 'neuraltalk', 'optuna', 'open-webui', 'NeuroNER', 'deepface', 'statsmodels', 'jProcessing', 'typer', 'python-recsys', 'textacy', 'ggpy', 'cornac', 'spaCy', 'langflow', 'igel', 'keras-tuner', 'Metaworld', 'aim', 'pynlpl', 'ray', 'cltk', 'recommenders', 'seaborn', 'evidently', 'deepchecks', 'garage', 'hebel', 'jieba', 'catalyst', 'pytensor', 'lambdo', 'prodmodel', 'zpar', 'polyglot', 'scikit-learn-intelex', 'scikit-image', 'pytorch-lightning', 'colibri-core', 'bolt']"
736,6,CanPrecede,variant,98,Improper Control of Filename for Include/Require Statement in PHP Program ('PHP Remote File Inclusion'),7024,73,"['tpot', 'neural-style-pt', 'chainer', 'skorch', 'pybrain', 'bokeh', 'autogluon', 'pytorch_geometric', 'pkuseg-python', 'open-metric-learning', 'detectron2', 'nilearn', 'mljar-supervised', 'altair', 'pyqtgraph', 'bentoml', 'caffe', 'river', 'numpy', 'CompreFace', 'FEDOT', 'sktime', 'PyTorchCV', 'pytorch-image-models', 'pebl', 'bigartm', 'BioPy', 'python-timbl', 'lightwood', 'mlx', 'zipline', 'pgmpy', 'Petrel', 'mlflow', 'DrQA', 'Parris', 'scikit-learn', 'pytorch', 'SynapseML', 'superset', 'transformers', 'ColossalAI', 'vispy', 'joliGEN', 'danswerai', 'shogun', 'Spearmint', 'xgboost', 'rosetta', 'catboost', 'dash', 'tesseract', 'stellargraph', 'maze', 'cleanlab', 'lightly', 'pymc', 'scikit-opt', 'deeppy', 'Gymnasium', 'skll', 'emcee', 'vigra', 'dtaidistance', 'mars', 'neuraltalk2', 'jax', 'scikit-survival', 'pytorch-frame', 'streamlit', 'mlxtend', 'cortex', 'DeepPavlov', 'alibi-detect', 'gradio', 'xlearn', 'langfuse', 'DI-engine', 'pyss3', 'DIGITS', 'LightGBM', 'CoreNLP', 'yalign', 'determined', 'deeplake', 'blaze', 'somoclu', 'xcessiv', 'matplotlib', 'tensorflow', 'PySyft', 'haystack', 'mlens', 'retro', 'machine-learning', 'gensim', 'neuropredict', 'feast', 'rasa', 'loso', 'lab', 'mindsdb', 'dowel', 'nut', 'retinaface', 'ViZDoom', 'neuraltalk', 'optuna', 'open-webui', 'NeuroNER', 'deepface', 'statsmodels', 'jProcessing', 'typer', 'python-recsys', 'textacy', 'ggpy', 'cornac', 'spaCy', 'langflow', 'igel', 'keras-tuner', 'Metaworld', 'aim', 'pynlpl', 'ray', 'cltk', 'recommenders', 'seaborn', 'evidently', 'deepchecks', 'garage', 'hebel', 'jieba', 'catalyst', 'pytensor', 'lambdo', 'prodmodel', 'zpar', 'polyglot', 'scikit-learn-intelex', 'scikit-image', 'pytorch-lightning', 'colibri-core', 'bolt']"
737,7,CanPrecede,base,434,Unrestricted Upload of File with Dangerous Type,7024,73,"['tpot', 'neural-style-pt', 'chainer', 'skorch', 'pybrain', 'bokeh', 'autogluon', 'pytorch_geometric', 'pkuseg-python', 'open-metric-learning', 'detectron2', 'nilearn', 'mljar-supervised', 'altair', 'pyqtgraph', 'bentoml', 'caffe', 'river', 'numpy', 'CompreFace', 'FEDOT', 'sktime', 'PyTorchCV', 'pytorch-image-models', 'pebl', 'bigartm', 'BioPy', 'python-timbl', 'lightwood', 'mlx', 'zipline', 'pgmpy', 'Petrel', 'mlflow', 'DrQA', 'Parris', 'scikit-learn', 'pytorch', 'SynapseML', 'superset', 'transformers', 'ColossalAI', 'vispy', 'joliGEN', 'danswerai', 'shogun', 'Spearmint', 'xgboost', 'rosetta', 'catboost', 'dash', 'tesseract', 'stellargraph', 'maze', 'cleanlab', 'lightly', 'pymc', 'scikit-opt', 'deeppy', 'Gymnasium', 'skll', 'emcee', 'vigra', 'dtaidistance', 'mars', 'neuraltalk2', 'jax', 'scikit-survival', 'pytorch-frame', 'streamlit', 'mlxtend', 'cortex', 'DeepPavlov', 'alibi-detect', 'gradio', 'xlearn', 'langfuse', 'DI-engine', 'pyss3', 'DIGITS', 'LightGBM', 'CoreNLP', 'yalign', 'determined', 'deeplake', 'blaze', 'somoclu', 'xcessiv', 'matplotlib', 'tensorflow', 'PySyft', 'haystack', 'mlens', 'retro', 'machine-learning', 'gensim', 'neuropredict', 'feast', 'rasa', 'loso', 'lab', 'mindsdb', 'dowel', 'nut', 'retinaface', 'ViZDoom', 'neuraltalk', 'optuna', 'open-webui', 'NeuroNER', 'deepface', 'statsmodels', 'jProcessing', 'typer', 'python-recsys', 'textacy', 'ggpy', 'cornac', 'spaCy', 'langflow', 'igel', 'keras-tuner', 'Metaworld', 'aim', 'pynlpl', 'ray', 'cltk', 'recommenders', 'seaborn', 'evidently', 'deepchecks', 'garage', 'hebel', 'jieba', 'catalyst', 'pytensor', 'lambdo', 'prodmodel', 'zpar', 'polyglot', 'scikit-learn-intelex', 'scikit-image', 'pytorch-lightning', 'colibri-core', 'bolt']"
738,8,MemberOf,category,399,Resource Management Errors,7024,73,"['tpot', 'neural-style-pt', 'chainer', 'skorch', 'pybrain', 'bokeh', 'autogluon', 'pytorch_geometric', 'pkuseg-python', 'open-metric-learning', 'detectron2', 'nilearn', 'mljar-supervised', 'altair', 'pyqtgraph', 'bentoml', 'caffe', 'river', 'numpy', 'CompreFace', 'FEDOT', 'sktime', 'PyTorchCV', 'pytorch-image-models', 'pebl', 'bigartm', 'BioPy', 'python-timbl', 'lightwood', 'mlx', 'zipline', 'pgmpy', 'Petrel', 'mlflow', 'DrQA', 'Parris', 'scikit-learn', 'pytorch', 'SynapseML', 'superset', 'transformers', 'ColossalAI', 'vispy', 'joliGEN', 'danswerai', 'shogun', 'Spearmint', 'xgboost', 'rosetta', 'catboost', 'dash', 'tesseract', 'stellargraph', 'maze', 'cleanlab', 'lightly', 'pymc', 'scikit-opt', 'deeppy', 'Gymnasium', 'skll', 'emcee', 'vigra', 'dtaidistance', 'mars', 'neuraltalk2', 'jax', 'scikit-survival', 'pytorch-frame', 'streamlit', 'mlxtend', 'cortex', 'DeepPavlov', 'alibi-detect', 'gradio', 'xlearn', 'langfuse', 'DI-engine', 'pyss3', 'DIGITS', 'LightGBM', 'CoreNLP', 'yalign', 'determined', 'deeplake', 'blaze', 'somoclu', 'xcessiv', 'matplotlib', 'tensorflow', 'PySyft', 'haystack', 'mlens', 'retro', 'machine-learning', 'gensim', 'neuropredict', 'feast', 'rasa', 'loso', 'lab', 'mindsdb', 'dowel', 'nut', 'retinaface', 'ViZDoom', 'neuraltalk', 'optuna', 'open-webui', 'NeuroNER', 'deepface', 'statsmodels', 'jProcessing', 'typer', 'python-recsys', 'textacy', 'ggpy', 'cornac', 'spaCy', 'langflow', 'igel', 'keras-tuner', 'Metaworld', 'aim', 'pynlpl', 'ray', 'cltk', 'recommenders', 'seaborn', 'evidently', 'deepchecks', 'garage', 'hebel', 'jieba', 'catalyst', 'pytensor', 'lambdo', 'prodmodel', 'zpar', 'polyglot', 'scikit-learn-intelex', 'scikit-image', 'pytorch-lightning', 'colibri-core', 'bolt']"
739,9,MemberOf,category,1015,Limit Access,7024,73,"['tpot', 'neural-style-pt', 'chainer', 'skorch', 'pybrain', 'bokeh', 'autogluon', 'pytorch_geometric', 'pkuseg-python', 'open-metric-learning', 'detectron2', 'nilearn', 'mljar-supervised', 'altair', 'pyqtgraph', 'bentoml', 'caffe', 'river', 'numpy', 'CompreFace', 'FEDOT', 'sktime', 'PyTorchCV', 'pytorch-image-models', 'pebl', 'bigartm', 'BioPy', 'python-timbl', 'lightwood', 'mlx', 'zipline', 'pgmpy', 'Petrel', 'mlflow', 'DrQA', 'Parris', 'scikit-learn', 'pytorch', 'SynapseML', 'superset', 'transformers', 'ColossalAI', 'vispy', 'joliGEN', 'danswerai', 'shogun', 'Spearmint', 'xgboost', 'rosetta', 'catboost', 'dash', 'tesseract', 'stellargraph', 'maze', 'cleanlab', 'lightly', 'pymc', 'scikit-opt', 'deeppy', 'Gymnasium', 'skll', 'emcee', 'vigra', 'dtaidistance', 'mars', 'neuraltalk2', 'jax', 'scikit-survival', 'pytorch-frame', 'streamlit', 'mlxtend', 'cortex', 'DeepPavlov', 'alibi-detect', 'gradio', 'xlearn', 'langfuse', 'DI-engine', 'pyss3', 'DIGITS', 'LightGBM', 'CoreNLP', 'yalign', 'determined', 'deeplake', 'blaze', 'somoclu', 'xcessiv', 'matplotlib', 'tensorflow', 'PySyft', 'haystack', 'mlens', 'retro', 'machine-learning', 'gensim', 'neuropredict', 'feast', 'rasa', 'loso', 'lab', 'mindsdb', 'dowel', 'nut', 'retinaface', 'ViZDoom', 'neuraltalk', 'optuna', 'open-webui', 'NeuroNER', 'deepface', 'statsmodels', 'jProcessing', 'typer', 'python-recsys', 'textacy', 'ggpy', 'cornac', 'spaCy', 'langflow', 'igel', 'keras-tuner', 'Metaworld', 'aim', 'pynlpl', 'ray', 'cltk', 'recommenders', 'seaborn', 'evidently', 'deepchecks', 'garage', 'hebel', 'jieba', 'catalyst', 'pytensor', 'lambdo', 'prodmodel', 'zpar', 'polyglot', 'scikit-learn-intelex', 'scikit-image', 'pytorch-lightning', 'colibri-core', 'bolt']"
740,10,ChildOf,class,20,Improper Input Validation,7024,73,"['tpot', 'neural-style-pt', 'chainer', 'skorch', 'pybrain', 'bokeh', 'autogluon', 'pytorch_geometric', 'pkuseg-python', 'open-metric-learning', 'detectron2', 'nilearn', 'mljar-supervised', 'altair', 'pyqtgraph', 'bentoml', 'caffe', 'river', 'numpy', 'CompreFace', 'FEDOT', 'sktime', 'PyTorchCV', 'pytorch-image-models', 'pebl', 'bigartm', 'BioPy', 'python-timbl', 'lightwood', 'mlx', 'zipline', 'pgmpy', 'Petrel', 'mlflow', 'DrQA', 'Parris', 'scikit-learn', 'pytorch', 'SynapseML', 'superset', 'transformers', 'ColossalAI', 'vispy', 'joliGEN', 'danswerai', 'shogun', 'Spearmint', 'xgboost', 'rosetta', 'catboost', 'dash', 'tesseract', 'stellargraph', 'maze', 'cleanlab', 'lightly', 'pymc', 'scikit-opt', 'deeppy', 'Gymnasium', 'skll', 'emcee', 'vigra', 'dtaidistance', 'mars', 'neuraltalk2', 'jax', 'scikit-survival', 'pytorch-frame', 'streamlit', 'mlxtend', 'cortex', 'DeepPavlov', 'alibi-detect', 'gradio', 'xlearn', 'langfuse', 'DI-engine', 'pyss3', 'DIGITS', 'LightGBM', 'CoreNLP', 'yalign', 'determined', 'deeplake', 'blaze', 'somoclu', 'xcessiv', 'matplotlib', 'tensorflow', 'PySyft', 'haystack', 'mlens', 'retro', 'machine-learning', 'gensim', 'neuropredict', 'feast', 'rasa', 'loso', 'lab', 'mindsdb', 'dowel', 'nut', 'retinaface', 'ViZDoom', 'neuraltalk', 'optuna', 'open-webui', 'NeuroNER', 'deepface', 'statsmodels', 'jProcessing', 'typer', 'python-recsys', 'textacy', 'ggpy', 'cornac', 'spaCy', 'langflow', 'igel', 'keras-tuner', 'Metaworld', 'aim', 'pynlpl', 'ray', 'cltk', 'recommenders', 'seaborn', 'evidently', 'deepchecks', 'garage', 'hebel', 'jieba', 'catalyst', 'pytensor', 'lambdo', 'prodmodel', 'zpar', 'polyglot', 'scikit-learn-intelex', 'scikit-image', 'pytorch-lightning', 'colibri-core', 'bolt']"
741,11,MemberOf,category,723,OWASP Top Ten 2004 Category A2 - Broken Access Control,7024,73,"['tpot', 'neural-style-pt', 'chainer', 'skorch', 'pybrain', 'bokeh', 'autogluon', 'pytorch_geometric', 'pkuseg-python', 'open-metric-learning', 'detectron2', 'nilearn', 'mljar-supervised', 'altair', 'pyqtgraph', 'bentoml', 'caffe', 'river', 'numpy', 'CompreFace', 'FEDOT', 'sktime', 'PyTorchCV', 'pytorch-image-models', 'pebl', 'bigartm', 'BioPy', 'python-timbl', 'lightwood', 'mlx', 'zipline', 'pgmpy', 'Petrel', 'mlflow', 'DrQA', 'Parris', 'scikit-learn', 'pytorch', 'SynapseML', 'superset', 'transformers', 'ColossalAI', 'vispy', 'joliGEN', 'danswerai', 'shogun', 'Spearmint', 'xgboost', 'rosetta', 'catboost', 'dash', 'tesseract', 'stellargraph', 'maze', 'cleanlab', 'lightly', 'pymc', 'scikit-opt', 'deeppy', 'Gymnasium', 'skll', 'emcee', 'vigra', 'dtaidistance', 'mars', 'neuraltalk2', 'jax', 'scikit-survival', 'pytorch-frame', 'streamlit', 'mlxtend', 'cortex', 'DeepPavlov', 'alibi-detect', 'gradio', 'xlearn', 'langfuse', 'DI-engine', 'pyss3', 'DIGITS', 'LightGBM', 'CoreNLP', 'yalign', 'determined', 'deeplake', 'blaze', 'somoclu', 'xcessiv', 'matplotlib', 'tensorflow', 'PySyft', 'haystack', 'mlens', 'retro', 'machine-learning', 'gensim', 'neuropredict', 'feast', 'rasa', 'loso', 'lab', 'mindsdb', 'dowel', 'nut', 'retinaface', 'ViZDoom', 'neuraltalk', 'optuna', 'open-webui', 'NeuroNER', 'deepface', 'statsmodels', 'jProcessing', 'typer', 'python-recsys', 'textacy', 'ggpy', 'cornac', 'spaCy', 'langflow', 'igel', 'keras-tuner', 'Metaworld', 'aim', 'pynlpl', 'ray', 'cltk', 'recommenders', 'seaborn', 'evidently', 'deepchecks', 'garage', 'hebel', 'jieba', 'catalyst', 'pytensor', 'lambdo', 'prodmodel', 'zpar', 'polyglot', 'scikit-learn-intelex', 'scikit-image', 'pytorch-lightning', 'colibri-core', 'bolt']"
742,12,MemberOf,category,752,2009 Top 25 - Risky Resource Management,7024,73,"['tpot', 'neural-style-pt', 'chainer', 'skorch', 'pybrain', 'bokeh', 'autogluon', 'pytorch_geometric', 'pkuseg-python', 'open-metric-learning', 'detectron2', 'nilearn', 'mljar-supervised', 'altair', 'pyqtgraph', 'bentoml', 'caffe', 'river', 'numpy', 'CompreFace', 'FEDOT', 'sktime', 'PyTorchCV', 'pytorch-image-models', 'pebl', 'bigartm', 'BioPy', 'python-timbl', 'lightwood', 'mlx', 'zipline', 'pgmpy', 'Petrel', 'mlflow', 'DrQA', 'Parris', 'scikit-learn', 'pytorch', 'SynapseML', 'superset', 'transformers', 'ColossalAI', 'vispy', 'joliGEN', 'danswerai', 'shogun', 'Spearmint', 'xgboost', 'rosetta', 'catboost', 'dash', 'tesseract', 'stellargraph', 'maze', 'cleanlab', 'lightly', 'pymc', 'scikit-opt', 'deeppy', 'Gymnasium', 'skll', 'emcee', 'vigra', 'dtaidistance', 'mars', 'neuraltalk2', 'jax', 'scikit-survival', 'pytorch-frame', 'streamlit', 'mlxtend', 'cortex', 'DeepPavlov', 'alibi-detect', 'gradio', 'xlearn', 'langfuse', 'DI-engine', 'pyss3', 'DIGITS', 'LightGBM', 'CoreNLP', 'yalign', 'determined', 'deeplake', 'blaze', 'somoclu', 'xcessiv', 'matplotlib', 'tensorflow', 'PySyft', 'haystack', 'mlens', 'retro', 'machine-learning', 'gensim', 'neuropredict', 'feast', 'rasa', 'loso', 'lab', 'mindsdb', 'dowel', 'nut', 'retinaface', 'ViZDoom', 'neuraltalk', 'optuna', 'open-webui', 'NeuroNER', 'deepface', 'statsmodels', 'jProcessing', 'typer', 'python-recsys', 'textacy', 'ggpy', 'cornac', 'spaCy', 'langflow', 'igel', 'keras-tuner', 'Metaworld', 'aim', 'pynlpl', 'ray', 'cltk', 'recommenders', 'seaborn', 'evidently', 'deepchecks', 'garage', 'hebel', 'jieba', 'catalyst', 'pytensor', 'lambdo', 'prodmodel', 'zpar', 'polyglot', 'scikit-learn-intelex', 'scikit-image', 'pytorch-lightning', 'colibri-core', 'bolt']"
743,13,MemberOf,category,877,CERT C++ Secure Coding Section 09 - Input Output (FIO),7024,73,"['tpot', 'neural-style-pt', 'chainer', 'skorch', 'pybrain', 'bokeh', 'autogluon', 'pytorch_geometric', 'pkuseg-python', 'open-metric-learning', 'detectron2', 'nilearn', 'mljar-supervised', 'altair', 'pyqtgraph', 'bentoml', 'caffe', 'river', 'numpy', 'CompreFace', 'FEDOT', 'sktime', 'PyTorchCV', 'pytorch-image-models', 'pebl', 'bigartm', 'BioPy', 'python-timbl', 'lightwood', 'mlx', 'zipline', 'pgmpy', 'Petrel', 'mlflow', 'DrQA', 'Parris', 'scikit-learn', 'pytorch', 'SynapseML', 'superset', 'transformers', 'ColossalAI', 'vispy', 'joliGEN', 'danswerai', 'shogun', 'Spearmint', 'xgboost', 'rosetta', 'catboost', 'dash', 'tesseract', 'stellargraph', 'maze', 'cleanlab', 'lightly', 'pymc', 'scikit-opt', 'deeppy', 'Gymnasium', 'skll', 'emcee', 'vigra', 'dtaidistance', 'mars', 'neuraltalk2', 'jax', 'scikit-survival', 'pytorch-frame', 'streamlit', 'mlxtend', 'cortex', 'DeepPavlov', 'alibi-detect', 'gradio', 'xlearn', 'langfuse', 'DI-engine', 'pyss3', 'DIGITS', 'LightGBM', 'CoreNLP', 'yalign', 'determined', 'deeplake', 'blaze', 'somoclu', 'xcessiv', 'matplotlib', 'tensorflow', 'PySyft', 'haystack', 'mlens', 'retro', 'machine-learning', 'gensim', 'neuropredict', 'feast', 'rasa', 'loso', 'lab', 'mindsdb', 'dowel', 'nut', 'retinaface', 'ViZDoom', 'neuraltalk', 'optuna', 'open-webui', 'NeuroNER', 'deepface', 'statsmodels', 'jProcessing', 'typer', 'python-recsys', 'textacy', 'ggpy', 'cornac', 'spaCy', 'langflow', 'igel', 'keras-tuner', 'Metaworld', 'aim', 'pynlpl', 'ray', 'cltk', 'recommenders', 'seaborn', 'evidently', 'deepchecks', 'garage', 'hebel', 'jieba', 'catalyst', 'pytensor', 'lambdo', 'prodmodel', 'zpar', 'polyglot', 'scikit-learn-intelex', 'scikit-image', 'pytorch-lightning', 'colibri-core', 'bolt']"
744,14,MemberOf,category,981,SFP Secondary Cluster: Path Traversal,7024,73,"['tpot', 'neural-style-pt', 'chainer', 'skorch', 'pybrain', 'bokeh', 'autogluon', 'pytorch_geometric', 'pkuseg-python', 'open-metric-learning', 'detectron2', 'nilearn', 'mljar-supervised', 'altair', 'pyqtgraph', 'bentoml', 'caffe', 'river', 'numpy', 'CompreFace', 'FEDOT', 'sktime', 'PyTorchCV', 'pytorch-image-models', 'pebl', 'bigartm', 'BioPy', 'python-timbl', 'lightwood', 'mlx', 'zipline', 'pgmpy', 'Petrel', 'mlflow', 'DrQA', 'Parris', 'scikit-learn', 'pytorch', 'SynapseML', 'superset', 'transformers', 'ColossalAI', 'vispy', 'joliGEN', 'danswerai', 'shogun', 'Spearmint', 'xgboost', 'rosetta', 'catboost', 'dash', 'tesseract', 'stellargraph', 'maze', 'cleanlab', 'lightly', 'pymc', 'scikit-opt', 'deeppy', 'Gymnasium', 'skll', 'emcee', 'vigra', 'dtaidistance', 'mars', 'neuraltalk2', 'jax', 'scikit-survival', 'pytorch-frame', 'streamlit', 'mlxtend', 'cortex', 'DeepPavlov', 'alibi-detect', 'gradio', 'xlearn', 'langfuse', 'DI-engine', 'pyss3', 'DIGITS', 'LightGBM', 'CoreNLP', 'yalign', 'determined', 'deeplake', 'blaze', 'somoclu', 'xcessiv', 'matplotlib', 'tensorflow', 'PySyft', 'haystack', 'mlens', 'retro', 'machine-learning', 'gensim', 'neuropredict', 'feast', 'rasa', 'loso', 'lab', 'mindsdb', 'dowel', 'nut', 'retinaface', 'ViZDoom', 'neuraltalk', 'optuna', 'open-webui', 'NeuroNER', 'deepface', 'statsmodels', 'jProcessing', 'typer', 'python-recsys', 'textacy', 'ggpy', 'cornac', 'spaCy', 'langflow', 'igel', 'keras-tuner', 'Metaworld', 'aim', 'pynlpl', 'ray', 'cltk', 'recommenders', 'seaborn', 'evidently', 'deepchecks', 'garage', 'hebel', 'jieba', 'catalyst', 'pytensor', 'lambdo', 'prodmodel', 'zpar', 'polyglot', 'scikit-learn-intelex', 'scikit-image', 'pytorch-lightning', 'colibri-core', 'bolt']"
745,15,MemberOf,category,1348,OWASP Top Ten 2021 Category A04:2021 - Insecure Design,7024,73,"['tpot', 'neural-style-pt', 'chainer', 'skorch', 'pybrain', 'bokeh', 'autogluon', 'pytorch_geometric', 'pkuseg-python', 'open-metric-learning', 'detectron2', 'nilearn', 'mljar-supervised', 'altair', 'pyqtgraph', 'bentoml', 'caffe', 'river', 'numpy', 'CompreFace', 'FEDOT', 'sktime', 'PyTorchCV', 'pytorch-image-models', 'pebl', 'bigartm', 'BioPy', 'python-timbl', 'lightwood', 'mlx', 'zipline', 'pgmpy', 'Petrel', 'mlflow', 'DrQA', 'Parris', 'scikit-learn', 'pytorch', 'SynapseML', 'superset', 'transformers', 'ColossalAI', 'vispy', 'joliGEN', 'danswerai', 'shogun', 'Spearmint', 'xgboost', 'rosetta', 'catboost', 'dash', 'tesseract', 'stellargraph', 'maze', 'cleanlab', 'lightly', 'pymc', 'scikit-opt', 'deeppy', 'Gymnasium', 'skll', 'emcee', 'vigra', 'dtaidistance', 'mars', 'neuraltalk2', 'jax', 'scikit-survival', 'pytorch-frame', 'streamlit', 'mlxtend', 'cortex', 'DeepPavlov', 'alibi-detect', 'gradio', 'xlearn', 'langfuse', 'DI-engine', 'pyss3', 'DIGITS', 'LightGBM', 'CoreNLP', 'yalign', 'determined', 'deeplake', 'blaze', 'somoclu', 'xcessiv', 'matplotlib', 'tensorflow', 'PySyft', 'haystack', 'mlens', 'retro', 'machine-learning', 'gensim', 'neuropredict', 'feast', 'rasa', 'loso', 'lab', 'mindsdb', 'dowel', 'nut', 'retinaface', 'ViZDoom', 'neuraltalk', 'optuna', 'open-webui', 'NeuroNER', 'deepface', 'statsmodels', 'jProcessing', 'typer', 'python-recsys', 'textacy', 'ggpy', 'cornac', 'spaCy', 'langflow', 'igel', 'keras-tuner', 'Metaworld', 'aim', 'pynlpl', 'ray', 'cltk', 'recommenders', 'seaborn', 'evidently', 'deepchecks', 'garage', 'hebel', 'jieba', 'catalyst', 'pytensor', 'lambdo', 'prodmodel', 'zpar', 'polyglot', 'scikit-learn-intelex', 'scikit-image', 'pytorch-lightning', 'colibri-core', 'bolt']"
746,16,MemberOf,category,1403,Comprehensive Categorization: Exposed Resource,7024,73,"['tpot', 'neural-style-pt', 'chainer', 'skorch', 'pybrain', 'bokeh', 'autogluon', 'pytorch_geometric', 'pkuseg-python', 'open-metric-learning', 'detectron2', 'nilearn', 'mljar-supervised', 'altair', 'pyqtgraph', 'bentoml', 'caffe', 'river', 'numpy', 'CompreFace', 'FEDOT', 'sktime', 'PyTorchCV', 'pytorch-image-models', 'pebl', 'bigartm', 'BioPy', 'python-timbl', 'lightwood', 'mlx', 'zipline', 'pgmpy', 'Petrel', 'mlflow', 'DrQA', 'Parris', 'scikit-learn', 'pytorch', 'SynapseML', 'superset', 'transformers', 'ColossalAI', 'vispy', 'joliGEN', 'danswerai', 'shogun', 'Spearmint', 'xgboost', 'rosetta', 'catboost', 'dash', 'tesseract', 'stellargraph', 'maze', 'cleanlab', 'lightly', 'pymc', 'scikit-opt', 'deeppy', 'Gymnasium', 'skll', 'emcee', 'vigra', 'dtaidistance', 'mars', 'neuraltalk2', 'jax', 'scikit-survival', 'pytorch-frame', 'streamlit', 'mlxtend', 'cortex', 'DeepPavlov', 'alibi-detect', 'gradio', 'xlearn', 'langfuse', 'DI-engine', 'pyss3', 'DIGITS', 'LightGBM', 'CoreNLP', 'yalign', 'determined', 'deeplake', 'blaze', 'somoclu', 'xcessiv', 'matplotlib', 'tensorflow', 'PySyft', 'haystack', 'mlens', 'retro', 'machine-learning', 'gensim', 'neuropredict', 'feast', 'rasa', 'loso', 'lab', 'mindsdb', 'dowel', 'nut', 'retinaface', 'ViZDoom', 'neuraltalk', 'optuna', 'open-webui', 'NeuroNER', 'deepface', 'statsmodels', 'jProcessing', 'typer', 'python-recsys', 'textacy', 'ggpy', 'cornac', 'spaCy', 'langflow', 'igel', 'keras-tuner', 'Metaworld', 'aim', 'pynlpl', 'ray', 'cltk', 'recommenders', 'seaborn', 'evidently', 'deepchecks', 'garage', 'hebel', 'jieba', 'catalyst', 'pytensor', 'lambdo', 'prodmodel', 'zpar', 'polyglot', 'scikit-learn-intelex', 'scikit-image', 'pytorch-lightning', 'colibri-core', 'bolt']"
747,17,MemberOf,category,1441,OWASP Top Ten 2025 Category A06:2025 - Insecure Design,7024,73,"['tpot', 'neural-style-pt', 'chainer', 'skorch', 'pybrain', 'bokeh', 'autogluon', 'pytorch_geometric', 'pkuseg-python', 'open-metric-learning', 'detectron2', 'nilearn', 'mljar-supervised', 'altair', 'pyqtgraph', 'bentoml', 'caffe', 'river', 'numpy', 'CompreFace', 'FEDOT', 'sktime', 'PyTorchCV', 'pytorch-image-models', 'pebl', 'bigartm', 'BioPy', 'python-timbl', 'lightwood', 'mlx', 'zipline', 'pgmpy', 'Petrel', 'mlflow', 'DrQA', 'Parris', 'scikit-learn', 'pytorch', 'SynapseML', 'superset', 'transformers', 'ColossalAI', 'vispy', 'joliGEN', 'danswerai', 'shogun', 'Spearmint', 'xgboost', 'rosetta', 'catboost', 'dash', 'tesseract', 'stellargraph', 'maze', 'cleanlab', 'lightly', 'pymc', 'scikit-opt', 'deeppy', 'Gymnasium', 'skll', 'emcee', 'vigra', 'dtaidistance', 'mars', 'neuraltalk2', 'jax', 'scikit-survival', 'pytorch-frame', 'streamlit', 'mlxtend', 'cortex', 'DeepPavlov', 'alibi-detect', 'gradio', 'xlearn', 'langfuse', 'DI-engine', 'pyss3', 'DIGITS', 'LightGBM', 'CoreNLP', 'yalign', 'determined', 'deeplake', 'blaze', 'somoclu', 'xcessiv', 'matplotlib', 'tensorflow', 'PySyft', 'haystack', 'mlens', 'retro', 'machine-learning', 'gensim', 'neuropredict', 'feast', 'rasa', 'loso', 'lab', 'mindsdb', 'dowel', 'nut', 'retinaface', 'ViZDoom', 'neuraltalk', 'optuna', 'open-webui', 'NeuroNER', 'deepface', 'statsmodels', 'jProcessing', 'typer', 'python-recsys', 'textacy', 'ggpy', 'cornac', 'spaCy', 'langflow', 'igel', 'keras-tuner', 'Metaworld', 'aim', 'pynlpl', 'ray', 'cltk', 'recommenders', 'seaborn', 'evidently', 'deepchecks', 'garage', 'hebel', 'jieba', 'catalyst', 'pytensor', 'lambdo', 'prodmodel', 'zpar', 'polyglot', 'scikit-learn-intelex', 'scikit-image', 'pytorch-lightning', 'colibri-core', 'bolt']"
748,18,Self,base,73,,7024,73,"['tpot', 'neural-style-pt', 'chainer', 'skorch', 'pybrain', 'bokeh', 'autogluon', 'pytorch_geometric', 'pkuseg-python', 'open-metric-learning', 'detectron2', 'nilearn', 'mljar-supervised', 'altair', 'pyqtgraph', 'bentoml', 'caffe', 'river', 'numpy', 'CompreFace', 'FEDOT', 'sktime', 'PyTorchCV', 'pytorch-image-models', 'pebl', 'bigartm', 'BioPy', 'python-timbl', 'lightwood', 'mlx', 'zipline', 'pgmpy', 'Petrel', 'mlflow', 'DrQA', 'Parris', 'scikit-learn', 'pytorch', 'SynapseML', 'superset', 'transformers', 'ColossalAI', 'vispy', 'joliGEN', 'danswerai', 'shogun', 'Spearmint', 'xgboost', 'rosetta', 'catboost', 'dash', 'tesseract', 'stellargraph', 'maze', 'cleanlab', 'lightly', 'pymc', 'scikit-opt', 'deeppy', 'Gymnasium', 'skll', 'emcee', 'vigra', 'dtaidistance', 'mars', 'neuraltalk2', 'jax', 'scikit-survival', 'pytorch-frame', 'streamlit', 'mlxtend', 'cortex', 'DeepPavlov', 'alibi-detect', 'gradio', 'xlearn', 'langfuse', 'DI-engine', 'pyss3', 'DIGITS', 'LightGBM', 'CoreNLP', 'yalign', 'determined', 'deeplake', 'blaze', 'somoclu', 'xcessiv', 'matplotlib', 'tensorflow', 'PySyft', 'haystack', 'mlens', 'retro', 'machine-learning', 'gensim', 'neuropredict', 'feast', 'rasa', 'loso', 'lab', 'mindsdb', 'dowel', 'nut', 'retinaface', 'ViZDoom', 'neuraltalk', 'optuna', 'open-webui', 'NeuroNER', 'deepface', 'statsmodels', 'jProcessing', 'typer', 'python-recsys', 'textacy', 'ggpy', 'cornac', 'spaCy', 'langflow', 'igel', 'keras-tuner', 'Metaworld', 'aim', 'pynlpl', 'ray', 'cltk', 'recommenders', 'seaborn', 'evidently', 'deepchecks', 'garage', 'hebel', 'jieba', 'catalyst', 'pytensor', 'lambdo', 'prodmodel', 'zpar', 'polyglot', 'scikit-learn-intelex', 'scikit-image', 'pytorch-lightning', 'colibri-core', 'bolt']"
749,0,ChildOf,class,74,Improper Neutralization of Special Elements in Output Used by a Downstream Component ('Injection'),7024,99,"['tpot', 'neural-style-pt', 'chainer', 'skorch', 'pybrain', 'bokeh', 'autogluon', 'pytorch_geometric', 'pkuseg-python', 'open-metric-learning', 'detectron2', 'nilearn', 'mljar-supervised', 'altair', 'pyqtgraph', 'bentoml', 'caffe', 'river', 'numpy', 'CompreFace', 'FEDOT', 'sktime', 'PyTorchCV', 'pytorch-image-models', 'pebl', 'bigartm', 'BioPy', 'python-timbl', 'lightwood', 'mlx', 'zipline', 'pgmpy', 'Petrel', 'mlflow', 'DrQA', 'Parris', 'scikit-learn', 'pytorch', 'SynapseML', 'superset', 'transformers', 'ColossalAI', 'vispy', 'joliGEN', 'danswerai', 'shogun', 'Spearmint', 'xgboost', 'rosetta', 'catboost', 'dash', 'tesseract', 'stellargraph', 'maze', 'cleanlab', 'lightly', 'pymc', 'scikit-opt', 'deeppy', 'Gymnasium', 'skll', 'emcee', 'vigra', 'dtaidistance', 'mars', 'neuraltalk2', 'jax', 'scikit-survival', 'pytorch-frame', 'streamlit', 'mlxtend', 'cortex', 'DeepPavlov', 'alibi-detect', 'gradio', 'xlearn', 'langfuse', 'DI-engine', 'pyss3', 'DIGITS', 'LightGBM', 'CoreNLP', 'yalign', 'determined', 'deeplake', 'blaze', 'somoclu', 'xcessiv', 'matplotlib', 'tensorflow', 'PySyft', 'haystack', 'mlens', 'retro', 'machine-learning', 'gensim', 'neuropredict', 'feast', 'rasa', 'loso', 'lab', 'mindsdb', 'dowel', 'nut', 'retinaface', 'ViZDoom', 'neuraltalk', 'optuna', 'open-webui', 'NeuroNER', 'deepface', 'statsmodels', 'jProcessing', 'typer', 'python-recsys', 'textacy', 'ggpy', 'cornac', 'spaCy', 'langflow', 'igel', 'keras-tuner', 'Metaworld', 'aim', 'pynlpl', 'ray', 'cltk', 'recommenders', 'seaborn', 'evidently', 'deepchecks', 'garage', 'hebel', 'jieba', 'catalyst', 'pytensor', 'lambdo', 'prodmodel', 'zpar', 'polyglot', 'scikit-learn-intelex', 'scikit-image', 'pytorch-lightning', 'colibri-core', 'bolt']"
750,1,ParentOf,base,641,Improper Restriction of Names for Files and Other Resources,7024,99,"['tpot', 'neural-style-pt', 'chainer', 'skorch', 'pybrain', 'bokeh', 'autogluon', 'pytorch_geometric', 'pkuseg-python', 'open-metric-learning', 'detectron2', 'nilearn', 'mljar-supervised', 'altair', 'pyqtgraph', 'bentoml', 'caffe', 'river', 'numpy', 'CompreFace', 'FEDOT', 'sktime', 'PyTorchCV', 'pytorch-image-models', 'pebl', 'bigartm', 'BioPy', 'python-timbl', 'lightwood', 'mlx', 'zipline', 'pgmpy', 'Petrel', 'mlflow', 'DrQA', 'Parris', 'scikit-learn', 'pytorch', 'SynapseML', 'superset', 'transformers', 'ColossalAI', 'vispy', 'joliGEN', 'danswerai', 'shogun', 'Spearmint', 'xgboost', 'rosetta', 'catboost', 'dash', 'tesseract', 'stellargraph', 'maze', 'cleanlab', 'lightly', 'pymc', 'scikit-opt', 'deeppy', 'Gymnasium', 'skll', 'emcee', 'vigra', 'dtaidistance', 'mars', 'neuraltalk2', 'jax', 'scikit-survival', 'pytorch-frame', 'streamlit', 'mlxtend', 'cortex', 'DeepPavlov', 'alibi-detect', 'gradio', 'xlearn', 'langfuse', 'DI-engine', 'pyss3', 'DIGITS', 'LightGBM', 'CoreNLP', 'yalign', 'determined', 'deeplake', 'blaze', 'somoclu', 'xcessiv', 'matplotlib', 'tensorflow', 'PySyft', 'haystack', 'mlens', 'retro', 'machine-learning', 'gensim', 'neuropredict', 'feast', 'rasa', 'loso', 'lab', 'mindsdb', 'dowel', 'nut', 'retinaface', 'ViZDoom', 'neuraltalk', 'optuna', 'open-webui', 'NeuroNER', 'deepface', 'statsmodels', 'jProcessing', 'typer', 'python-recsys', 'textacy', 'ggpy', 'cornac', 'spaCy', 'langflow', 'igel', 'keras-tuner', 'Metaworld', 'aim', 'pynlpl', 'ray', 'cltk', 'recommenders', 'seaborn', 'evidently', 'deepchecks', 'garage', 'hebel', 'jieba', 'catalyst', 'pytensor', 'lambdo', 'prodmodel', 'zpar', 'polyglot', 'scikit-learn-intelex', 'scikit-image', 'pytorch-lightning', 'colibri-core', 'bolt']"
751,2,ParentOf,base,694,Use of Multiple Resources with Duplicate Identifier,7024,99,"['tpot', 'neural-style-pt', 'chainer', 'skorch', 'pybrain', 'bokeh', 'autogluon', 'pytorch_geometric', 'pkuseg-python', 'open-metric-learning', 'detectron2', 'nilearn', 'mljar-supervised', 'altair', 'pyqtgraph', 'bentoml', 'caffe', 'river', 'numpy', 'CompreFace', 'FEDOT', 'sktime', 'PyTorchCV', 'pytorch-image-models', 'pebl', 'bigartm', 'BioPy', 'python-timbl', 'lightwood', 'mlx', 'zipline', 'pgmpy', 'Petrel', 'mlflow', 'DrQA', 'Parris', 'scikit-learn', 'pytorch', 'SynapseML', 'superset', 'transformers', 'ColossalAI', 'vispy', 'joliGEN', 'danswerai', 'shogun', 'Spearmint', 'xgboost', 'rosetta', 'catboost', 'dash', 'tesseract', 'stellargraph', 'maze', 'cleanlab', 'lightly', 'pymc', 'scikit-opt', 'deeppy', 'Gymnasium', 'skll', 'emcee', 'vigra', 'dtaidistance', 'mars', 'neuraltalk2', 'jax', 'scikit-survival', 'pytorch-frame', 'streamlit', 'mlxtend', 'cortex', 'DeepPavlov', 'alibi-detect', 'gradio', 'xlearn', 'langfuse', 'DI-engine', 'pyss3', 'DIGITS', 'LightGBM', 'CoreNLP', 'yalign', 'determined', 'deeplake', 'blaze', 'somoclu', 'xcessiv', 'matplotlib', 'tensorflow', 'PySyft', 'haystack', 'mlens', 'retro', 'machine-learning', 'gensim', 'neuropredict', 'feast', 'rasa', 'loso', 'lab', 'mindsdb', 'dowel', 'nut', 'retinaface', 'ViZDoom', 'neuraltalk', 'optuna', 'open-webui', 'NeuroNER', 'deepface', 'statsmodels', 'jProcessing', 'typer', 'python-recsys', 'textacy', 'ggpy', 'cornac', 'spaCy', 'langflow', 'igel', 'keras-tuner', 'Metaworld', 'aim', 'pynlpl', 'ray', 'cltk', 'recommenders', 'seaborn', 'evidently', 'deepchecks', 'garage', 'hebel', 'jieba', 'catalyst', 'pytensor', 'lambdo', 'prodmodel', 'zpar', 'polyglot', 'scikit-learn-intelex', 'scikit-image', 'pytorch-lightning', 'colibri-core', 'bolt']"
752,3,ParentOf,base,914,Improper Control of Dynamically-Identified Variables,7024,99,"['tpot', 'neural-style-pt', 'chainer', 'skorch', 'pybrain', 'bokeh', 'autogluon', 'pytorch_geometric', 'pkuseg-python', 'open-metric-learning', 'detectron2', 'nilearn', 'mljar-supervised', 'altair', 'pyqtgraph', 'bentoml', 'caffe', 'river', 'numpy', 'CompreFace', 'FEDOT', 'sktime', 'PyTorchCV', 'pytorch-image-models', 'pebl', 'bigartm', 'BioPy', 'python-timbl', 'lightwood', 'mlx', 'zipline', 'pgmpy', 'Petrel', 'mlflow', 'DrQA', 'Parris', 'scikit-learn', 'pytorch', 'SynapseML', 'superset', 'transformers', 'ColossalAI', 'vispy', 'joliGEN', 'danswerai', 'shogun', 'Spearmint', 'xgboost', 'rosetta', 'catboost', 'dash', 'tesseract', 'stellargraph', 'maze', 'cleanlab', 'lightly', 'pymc', 'scikit-opt', 'deeppy', 'Gymnasium', 'skll', 'emcee', 'vigra', 'dtaidistance', 'mars', 'neuraltalk2', 'jax', 'scikit-survival', 'pytorch-frame', 'streamlit', 'mlxtend', 'cortex', 'DeepPavlov', 'alibi-detect', 'gradio', 'xlearn', 'langfuse', 'DI-engine', 'pyss3', 'DIGITS', 'LightGBM', 'CoreNLP', 'yalign', 'determined', 'deeplake', 'blaze', 'somoclu', 'xcessiv', 'matplotlib', 'tensorflow', 'PySyft', 'haystack', 'mlens', 'retro', 'machine-learning', 'gensim', 'neuropredict', 'feast', 'rasa', 'loso', 'lab', 'mindsdb', 'dowel', 'nut', 'retinaface', 'ViZDoom', 'neuraltalk', 'optuna', 'open-webui', 'NeuroNER', 'deepface', 'statsmodels', 'jProcessing', 'typer', 'python-recsys', 'textacy', 'ggpy', 'cornac', 'spaCy', 'langflow', 'igel', 'keras-tuner', 'Metaworld', 'aim', 'pynlpl', 'ray', 'cltk', 'recommenders', 'seaborn', 'evidently', 'deepchecks', 'garage', 'hebel', 'jieba', 'catalyst', 'pytensor', 'lambdo', 'prodmodel', 'zpar', 'polyglot', 'scikit-learn-intelex', 'scikit-image', 'pytorch-lightning', 'colibri-core', 'bolt']"
753,4,PeerOf,class,706,Use of Incorrectly-Resolved Name or Reference,7024,99,"['tpot', 'neural-style-pt', 'chainer', 'skorch', 'pybrain', 'bokeh', 'autogluon', 'pytorch_geometric', 'pkuseg-python', 'open-metric-learning', 'detectron2', 'nilearn', 'mljar-supervised', 'altair', 'pyqtgraph', 'bentoml', 'caffe', 'river', 'numpy', 'CompreFace', 'FEDOT', 'sktime', 'PyTorchCV', 'pytorch-image-models', 'pebl', 'bigartm', 'BioPy', 'python-timbl', 'lightwood', 'mlx', 'zipline', 'pgmpy', 'Petrel', 'mlflow', 'DrQA', 'Parris', 'scikit-learn', 'pytorch', 'SynapseML', 'superset', 'transformers', 'ColossalAI', 'vispy', 'joliGEN', 'danswerai', 'shogun', 'Spearmint', 'xgboost', 'rosetta', 'catboost', 'dash', 'tesseract', 'stellargraph', 'maze', 'cleanlab', 'lightly', 'pymc', 'scikit-opt', 'deeppy', 'Gymnasium', 'skll', 'emcee', 'vigra', 'dtaidistance', 'mars', 'neuraltalk2', 'jax', 'scikit-survival', 'pytorch-frame', 'streamlit', 'mlxtend', 'cortex', 'DeepPavlov', 'alibi-detect', 'gradio', 'xlearn', 'langfuse', 'DI-engine', 'pyss3', 'DIGITS', 'LightGBM', 'CoreNLP', 'yalign', 'determined', 'deeplake', 'blaze', 'somoclu', 'xcessiv', 'matplotlib', 'tensorflow', 'PySyft', 'haystack', 'mlens', 'retro', 'machine-learning', 'gensim', 'neuropredict', 'feast', 'rasa', 'loso', 'lab', 'mindsdb', 'dowel', 'nut', 'retinaface', 'ViZDoom', 'neuraltalk', 'optuna', 'open-webui', 'NeuroNER', 'deepface', 'statsmodels', 'jProcessing', 'typer', 'python-recsys', 'textacy', 'ggpy', 'cornac', 'spaCy', 'langflow', 'igel', 'keras-tuner', 'Metaworld', 'aim', 'pynlpl', 'ray', 'cltk', 'recommenders', 'seaborn', 'evidently', 'deepchecks', 'garage', 'hebel', 'jieba', 'catalyst', 'pytensor', 'lambdo', 'prodmodel', 'zpar', 'polyglot', 'scikit-learn-intelex', 'scikit-image', 'pytorch-lightning', 'colibri-core', 'bolt']"
754,5,MemberOf,category,1019,Validate Inputs,7024,99,"['tpot', 'neural-style-pt', 'chainer', 'skorch', 'pybrain', 'bokeh', 'autogluon', 'pytorch_geometric', 'pkuseg-python', 'open-metric-learning', 'detectron2', 'nilearn', 'mljar-supervised', 'altair', 'pyqtgraph', 'bentoml', 'caffe', 'river', 'numpy', 'CompreFace', 'FEDOT', 'sktime', 'PyTorchCV', 'pytorch-image-models', 'pebl', 'bigartm', 'BioPy', 'python-timbl', 'lightwood', 'mlx', 'zipline', 'pgmpy', 'Petrel', 'mlflow', 'DrQA', 'Parris', 'scikit-learn', 'pytorch', 'SynapseML', 'superset', 'transformers', 'ColossalAI', 'vispy', 'joliGEN', 'danswerai', 'shogun', 'Spearmint', 'xgboost', 'rosetta', 'catboost', 'dash', 'tesseract', 'stellargraph', 'maze', 'cleanlab', 'lightly', 'pymc', 'scikit-opt', 'deeppy', 'Gymnasium', 'skll', 'emcee', 'vigra', 'dtaidistance', 'mars', 'neuraltalk2', 'jax', 'scikit-survival', 'pytorch-frame', 'streamlit', 'mlxtend', 'cortex', 'DeepPavlov', 'alibi-detect', 'gradio', 'xlearn', 'langfuse', 'DI-engine', 'pyss3', 'DIGITS', 'LightGBM', 'CoreNLP', 'yalign', 'determined', 'deeplake', 'blaze', 'somoclu', 'xcessiv', 'matplotlib', 'tensorflow', 'PySyft', 'haystack', 'mlens', 'retro', 'machine-learning', 'gensim', 'neuropredict', 'feast', 'rasa', 'loso', 'lab', 'mindsdb', 'dowel', 'nut', 'retinaface', 'ViZDoom', 'neuraltalk', 'optuna', 'open-webui', 'NeuroNER', 'deepface', 'statsmodels', 'jProcessing', 'typer', 'python-recsys', 'textacy', 'ggpy', 'cornac', 'spaCy', 'langflow', 'igel', 'keras-tuner', 'Metaworld', 'aim', 'pynlpl', 'ray', 'cltk', 'recommenders', 'seaborn', 'evidently', 'deepchecks', 'garage', 'hebel', 'jieba', 'catalyst', 'pytensor', 'lambdo', 'prodmodel', 'zpar', 'polyglot', 'scikit-learn-intelex', 'scikit-image', 'pytorch-lightning', 'colibri-core', 'bolt']"
755,6,MemberOf,category,813,OWASP Top Ten 2010 Category A4 - Insecure Direct Object References,7024,99,"['tpot', 'neural-style-pt', 'chainer', 'skorch', 'pybrain', 'bokeh', 'autogluon', 'pytorch_geometric', 'pkuseg-python', 'open-metric-learning', 'detectron2', 'nilearn', 'mljar-supervised', 'altair', 'pyqtgraph', 'bentoml', 'caffe', 'river', 'numpy', 'CompreFace', 'FEDOT', 'sktime', 'PyTorchCV', 'pytorch-image-models', 'pebl', 'bigartm', 'BioPy', 'python-timbl', 'lightwood', 'mlx', 'zipline', 'pgmpy', 'Petrel', 'mlflow', 'DrQA', 'Parris', 'scikit-learn', 'pytorch', 'SynapseML', 'superset', 'transformers', 'ColossalAI', 'vispy', 'joliGEN', 'danswerai', 'shogun', 'Spearmint', 'xgboost', 'rosetta', 'catboost', 'dash', 'tesseract', 'stellargraph', 'maze', 'cleanlab', 'lightly', 'pymc', 'scikit-opt', 'deeppy', 'Gymnasium', 'skll', 'emcee', 'vigra', 'dtaidistance', 'mars', 'neuraltalk2', 'jax', 'scikit-survival', 'pytorch-frame', 'streamlit', 'mlxtend', 'cortex', 'DeepPavlov', 'alibi-detect', 'gradio', 'xlearn', 'langfuse', 'DI-engine', 'pyss3', 'DIGITS', 'LightGBM', 'CoreNLP', 'yalign', 'determined', 'deeplake', 'blaze', 'somoclu', 'xcessiv', 'matplotlib', 'tensorflow', 'PySyft', 'haystack', 'mlens', 'retro', 'machine-learning', 'gensim', 'neuropredict', 'feast', 'rasa', 'loso', 'lab', 'mindsdb', 'dowel', 'nut', 'retinaface', 'ViZDoom', 'neuraltalk', 'optuna', 'open-webui', 'NeuroNER', 'deepface', 'statsmodels', 'jProcessing', 'typer', 'python-recsys', 'textacy', 'ggpy', 'cornac', 'spaCy', 'langflow', 'igel', 'keras-tuner', 'Metaworld', 'aim', 'pynlpl', 'ray', 'cltk', 'recommenders', 'seaborn', 'evidently', 'deepchecks', 'garage', 'hebel', 'jieba', 'catalyst', 'pytensor', 'lambdo', 'prodmodel', 'zpar', 'polyglot', 'scikit-learn-intelex', 'scikit-image', 'pytorch-lightning', 'colibri-core', 'bolt']"
756,7,MemberOf,view,884,CWE Cross-section,7024,99,"['tpot', 'neural-style-pt', 'chainer', 'skorch', 'pybrain', 'bokeh', 'autogluon', 'pytorch_geometric', 'pkuseg-python', 'open-metric-learning', 'detectron2', 'nilearn', 'mljar-supervised', 'altair', 'pyqtgraph', 'bentoml', 'caffe', 'river', 'numpy', 'CompreFace', 'FEDOT', 'sktime', 'PyTorchCV', 'pytorch-image-models', 'pebl', 'bigartm', 'BioPy', 'python-timbl', 'lightwood', 'mlx', 'zipline', 'pgmpy', 'Petrel', 'mlflow', 'DrQA', 'Parris', 'scikit-learn', 'pytorch', 'SynapseML', 'superset', 'transformers', 'ColossalAI', 'vispy', 'joliGEN', 'danswerai', 'shogun', 'Spearmint', 'xgboost', 'rosetta', 'catboost', 'dash', 'tesseract', 'stellargraph', 'maze', 'cleanlab', 'lightly', 'pymc', 'scikit-opt', 'deeppy', 'Gymnasium', 'skll', 'emcee', 'vigra', 'dtaidistance', 'mars', 'neuraltalk2', 'jax', 'scikit-survival', 'pytorch-frame', 'streamlit', 'mlxtend', 'cortex', 'DeepPavlov', 'alibi-detect', 'gradio', 'xlearn', 'langfuse', 'DI-engine', 'pyss3', 'DIGITS', 'LightGBM', 'CoreNLP', 'yalign', 'determined', 'deeplake', 'blaze', 'somoclu', 'xcessiv', 'matplotlib', 'tensorflow', 'PySyft', 'haystack', 'mlens', 'retro', 'machine-learning', 'gensim', 'neuropredict', 'feast', 'rasa', 'loso', 'lab', 'mindsdb', 'dowel', 'nut', 'retinaface', 'ViZDoom', 'neuraltalk', 'optuna', 'open-webui', 'NeuroNER', 'deepface', 'statsmodels', 'jProcessing', 'typer', 'python-recsys', 'textacy', 'ggpy', 'cornac', 'spaCy', 'langflow', 'igel', 'keras-tuner', 'Metaworld', 'aim', 'pynlpl', 'ray', 'cltk', 'recommenders', 'seaborn', 'evidently', 'deepchecks', 'garage', 'hebel', 'jieba', 'catalyst', 'pytensor', 'lambdo', 'prodmodel', 'zpar', 'polyglot', 'scikit-learn-intelex', 'scikit-image', 'pytorch-lightning', 'colibri-core', 'bolt']"
757,8,MemberOf,category,932,OWASP Top Ten 2013 Category A4 - Insecure Direct Object References,7024,99,"['tpot', 'neural-style-pt', 'chainer', 'skorch', 'pybrain', 'bokeh', 'autogluon', 'pytorch_geometric', 'pkuseg-python', 'open-metric-learning', 'detectron2', 'nilearn', 'mljar-supervised', 'altair', 'pyqtgraph', 'bentoml', 'caffe', 'river', 'numpy', 'CompreFace', 'FEDOT', 'sktime', 'PyTorchCV', 'pytorch-image-models', 'pebl', 'bigartm', 'BioPy', 'python-timbl', 'lightwood', 'mlx', 'zipline', 'pgmpy', 'Petrel', 'mlflow', 'DrQA', 'Parris', 'scikit-learn', 'pytorch', 'SynapseML', 'superset', 'transformers', 'ColossalAI', 'vispy', 'joliGEN', 'danswerai', 'shogun', 'Spearmint', 'xgboost', 'rosetta', 'catboost', 'dash', 'tesseract', 'stellargraph', 'maze', 'cleanlab', 'lightly', 'pymc', 'scikit-opt', 'deeppy', 'Gymnasium', 'skll', 'emcee', 'vigra', 'dtaidistance', 'mars', 'neuraltalk2', 'jax', 'scikit-survival', 'pytorch-frame', 'streamlit', 'mlxtend', 'cortex', 'DeepPavlov', 'alibi-detect', 'gradio', 'xlearn', 'langfuse', 'DI-engine', 'pyss3', 'DIGITS', 'LightGBM', 'CoreNLP', 'yalign', 'determined', 'deeplake', 'blaze', 'somoclu', 'xcessiv', 'matplotlib', 'tensorflow', 'PySyft', 'haystack', 'mlens', 'retro', 'machine-learning', 'gensim', 'neuropredict', 'feast', 'rasa', 'loso', 'lab', 'mindsdb', 'dowel', 'nut', 'retinaface', 'ViZDoom', 'neuraltalk', 'optuna', 'open-webui', 'NeuroNER', 'deepface', 'statsmodels', 'jProcessing', 'typer', 'python-recsys', 'textacy', 'ggpy', 'cornac', 'spaCy', 'langflow', 'igel', 'keras-tuner', 'Metaworld', 'aim', 'pynlpl', 'ray', 'cltk', 'recommenders', 'seaborn', 'evidently', 'deepchecks', 'garage', 'hebel', 'jieba', 'catalyst', 'pytensor', 'lambdo', 'prodmodel', 'zpar', 'polyglot', 'scikit-learn-intelex', 'scikit-image', 'pytorch-lightning', 'colibri-core', 'bolt']"
758,9,MemberOf,category,990,SFP Secondary Cluster: Tainted Input to Command,7024,99,"['tpot', 'neural-style-pt', 'chainer', 'skorch', 'pybrain', 'bokeh', 'autogluon', 'pytorch_geometric', 'pkuseg-python', 'open-metric-learning', 'detectron2', 'nilearn', 'mljar-supervised', 'altair', 'pyqtgraph', 'bentoml', 'caffe', 'river', 'numpy', 'CompreFace', 'FEDOT', 'sktime', 'PyTorchCV', 'pytorch-image-models', 'pebl', 'bigartm', 'BioPy', 'python-timbl', 'lightwood', 'mlx', 'zipline', 'pgmpy', 'Petrel', 'mlflow', 'DrQA', 'Parris', 'scikit-learn', 'pytorch', 'SynapseML', 'superset', 'transformers', 'ColossalAI', 'vispy', 'joliGEN', 'danswerai', 'shogun', 'Spearmint', 'xgboost', 'rosetta', 'catboost', 'dash', 'tesseract', 'stellargraph', 'maze', 'cleanlab', 'lightly', 'pymc', 'scikit-opt', 'deeppy', 'Gymnasium', 'skll', 'emcee', 'vigra', 'dtaidistance', 'mars', 'neuraltalk2', 'jax', 'scikit-survival', 'pytorch-frame', 'streamlit', 'mlxtend', 'cortex', 'DeepPavlov', 'alibi-detect', 'gradio', 'xlearn', 'langfuse', 'DI-engine', 'pyss3', 'DIGITS', 'LightGBM', 'CoreNLP', 'yalign', 'determined', 'deeplake', 'blaze', 'somoclu', 'xcessiv', 'matplotlib', 'tensorflow', 'PySyft', 'haystack', 'mlens', 'retro', 'machine-learning', 'gensim', 'neuropredict', 'feast', 'rasa', 'loso', 'lab', 'mindsdb', 'dowel', 'nut', 'retinaface', 'ViZDoom', 'neuraltalk', 'optuna', 'open-webui', 'NeuroNER', 'deepface', 'statsmodels', 'jProcessing', 'typer', 'python-recsys', 'textacy', 'ggpy', 'cornac', 'spaCy', 'langflow', 'igel', 'keras-tuner', 'Metaworld', 'aim', 'pynlpl', 'ray', 'cltk', 'recommenders', 'seaborn', 'evidently', 'deepchecks', 'garage', 'hebel', 'jieba', 'catalyst', 'pytensor', 'lambdo', 'prodmodel', 'zpar', 'polyglot', 'scikit-learn-intelex', 'scikit-image', 'pytorch-lightning', 'colibri-core', 'bolt']"
759,10,MemberOf,category,1005,7PK - Input Validation and Representation,7024,99,"['tpot', 'neural-style-pt', 'chainer', 'skorch', 'pybrain', 'bokeh', 'autogluon', 'pytorch_geometric', 'pkuseg-python', 'open-metric-learning', 'detectron2', 'nilearn', 'mljar-supervised', 'altair', 'pyqtgraph', 'bentoml', 'caffe', 'river', 'numpy', 'CompreFace', 'FEDOT', 'sktime', 'PyTorchCV', 'pytorch-image-models', 'pebl', 'bigartm', 'BioPy', 'python-timbl', 'lightwood', 'mlx', 'zipline', 'pgmpy', 'Petrel', 'mlflow', 'DrQA', 'Parris', 'scikit-learn', 'pytorch', 'SynapseML', 'superset', 'transformers', 'ColossalAI', 'vispy', 'joliGEN', 'danswerai', 'shogun', 'Spearmint', 'xgboost', 'rosetta', 'catboost', 'dash', 'tesseract', 'stellargraph', 'maze', 'cleanlab', 'lightly', 'pymc', 'scikit-opt', 'deeppy', 'Gymnasium', 'skll', 'emcee', 'vigra', 'dtaidistance', 'mars', 'neuraltalk2', 'jax', 'scikit-survival', 'pytorch-frame', 'streamlit', 'mlxtend', 'cortex', 'DeepPavlov', 'alibi-detect', 'gradio', 'xlearn', 'langfuse', 'DI-engine', 'pyss3', 'DIGITS', 'LightGBM', 'CoreNLP', 'yalign', 'determined', 'deeplake', 'blaze', 'somoclu', 'xcessiv', 'matplotlib', 'tensorflow', 'PySyft', 'haystack', 'mlens', 'retro', 'machine-learning', 'gensim', 'neuropredict', 'feast', 'rasa', 'loso', 'lab', 'mindsdb', 'dowel', 'nut', 'retinaface', 'ViZDoom', 'neuraltalk', 'optuna', 'open-webui', 'NeuroNER', 'deepface', 'statsmodels', 'jProcessing', 'typer', 'python-recsys', 'textacy', 'ggpy', 'cornac', 'spaCy', 'langflow', 'igel', 'keras-tuner', 'Metaworld', 'aim', 'pynlpl', 'ray', 'cltk', 'recommenders', 'seaborn', 'evidently', 'deepchecks', 'garage', 'hebel', 'jieba', 'catalyst', 'pytensor', 'lambdo', 'prodmodel', 'zpar', 'polyglot', 'scikit-learn-intelex', 'scikit-image', 'pytorch-lightning', 'colibri-core', 'bolt']"
760,11,MemberOf,category,1131,CISQ Quality Measures (2016) - Security,7024,99,"['tpot', 'neural-style-pt', 'chainer', 'skorch', 'pybrain', 'bokeh', 'autogluon', 'pytorch_geometric', 'pkuseg-python', 'open-metric-learning', 'detectron2', 'nilearn', 'mljar-supervised', 'altair', 'pyqtgraph', 'bentoml', 'caffe', 'river', 'numpy', 'CompreFace', 'FEDOT', 'sktime', 'PyTorchCV', 'pytorch-image-models', 'pebl', 'bigartm', 'BioPy', 'python-timbl', 'lightwood', 'mlx', 'zipline', 'pgmpy', 'Petrel', 'mlflow', 'DrQA', 'Parris', 'scikit-learn', 'pytorch', 'SynapseML', 'superset', 'transformers', 'ColossalAI', 'vispy', 'joliGEN', 'danswerai', 'shogun', 'Spearmint', 'xgboost', 'rosetta', 'catboost', 'dash', 'tesseract', 'stellargraph', 'maze', 'cleanlab', 'lightly', 'pymc', 'scikit-opt', 'deeppy', 'Gymnasium', 'skll', 'emcee', 'vigra', 'dtaidistance', 'mars', 'neuraltalk2', 'jax', 'scikit-survival', 'pytorch-frame', 'streamlit', 'mlxtend', 'cortex', 'DeepPavlov', 'alibi-detect', 'gradio', 'xlearn', 'langfuse', 'DI-engine', 'pyss3', 'DIGITS', 'LightGBM', 'CoreNLP', 'yalign', 'determined', 'deeplake', 'blaze', 'somoclu', 'xcessiv', 'matplotlib', 'tensorflow', 'PySyft', 'haystack', 'mlens', 'retro', 'machine-learning', 'gensim', 'neuropredict', 'feast', 'rasa', 'loso', 'lab', 'mindsdb', 'dowel', 'nut', 'retinaface', 'ViZDoom', 'neuraltalk', 'optuna', 'open-webui', 'NeuroNER', 'deepface', 'statsmodels', 'jProcessing', 'typer', 'python-recsys', 'textacy', 'ggpy', 'cornac', 'spaCy', 'langflow', 'igel', 'keras-tuner', 'Metaworld', 'aim', 'pynlpl', 'ray', 'cltk', 'recommenders', 'seaborn', 'evidently', 'deepchecks', 'garage', 'hebel', 'jieba', 'catalyst', 'pytensor', 'lambdo', 'prodmodel', 'zpar', 'polyglot', 'scikit-learn-intelex', 'scikit-image', 'pytorch-lightning', 'colibri-core', 'bolt']"
761,12,MemberOf,category,1308,CISQ Quality Measures - Security,7024,99,"['tpot', 'neural-style-pt', 'chainer', 'skorch', 'pybrain', 'bokeh', 'autogluon', 'pytorch_geometric', 'pkuseg-python', 'open-metric-learning', 'detectron2', 'nilearn', 'mljar-supervised', 'altair', 'pyqtgraph', 'bentoml', 'caffe', 'river', 'numpy', 'CompreFace', 'FEDOT', 'sktime', 'PyTorchCV', 'pytorch-image-models', 'pebl', 'bigartm', 'BioPy', 'python-timbl', 'lightwood', 'mlx', 'zipline', 'pgmpy', 'Petrel', 'mlflow', 'DrQA', 'Parris', 'scikit-learn', 'pytorch', 'SynapseML', 'superset', 'transformers', 'ColossalAI', 'vispy', 'joliGEN', 'danswerai', 'shogun', 'Spearmint', 'xgboost', 'rosetta', 'catboost', 'dash', 'tesseract', 'stellargraph', 'maze', 'cleanlab', 'lightly', 'pymc', 'scikit-opt', 'deeppy', 'Gymnasium', 'skll', 'emcee', 'vigra', 'dtaidistance', 'mars', 'neuraltalk2', 'jax', 'scikit-survival', 'pytorch-frame', 'streamlit', 'mlxtend', 'cortex', 'DeepPavlov', 'alibi-detect', 'gradio', 'xlearn', 'langfuse', 'DI-engine', 'pyss3', 'DIGITS', 'LightGBM', 'CoreNLP', 'yalign', 'determined', 'deeplake', 'blaze', 'somoclu', 'xcessiv', 'matplotlib', 'tensorflow', 'PySyft', 'haystack', 'mlens', 'retro', 'machine-learning', 'gensim', 'neuropredict', 'feast', 'rasa', 'loso', 'lab', 'mindsdb', 'dowel', 'nut', 'retinaface', 'ViZDoom', 'neuraltalk', 'optuna', 'open-webui', 'NeuroNER', 'deepface', 'statsmodels', 'jProcessing', 'typer', 'python-recsys', 'textacy', 'ggpy', 'cornac', 'spaCy', 'langflow', 'igel', 'keras-tuner', 'Metaworld', 'aim', 'pynlpl', 'ray', 'cltk', 'recommenders', 'seaborn', 'evidently', 'deepchecks', 'garage', 'hebel', 'jieba', 'catalyst', 'pytensor', 'lambdo', 'prodmodel', 'zpar', 'polyglot', 'scikit-learn-intelex', 'scikit-image', 'pytorch-lightning', 'colibri-core', 'bolt']"
762,13,MemberOf,view,1340,CISQ Data Protection Measures,7024,99,"['tpot', 'neural-style-pt', 'chainer', 'skorch', 'pybrain', 'bokeh', 'autogluon', 'pytorch_geometric', 'pkuseg-python', 'open-metric-learning', 'detectron2', 'nilearn', 'mljar-supervised', 'altair', 'pyqtgraph', 'bentoml', 'caffe', 'river', 'numpy', 'CompreFace', 'FEDOT', 'sktime', 'PyTorchCV', 'pytorch-image-models', 'pebl', 'bigartm', 'BioPy', 'python-timbl', 'lightwood', 'mlx', 'zipline', 'pgmpy', 'Petrel', 'mlflow', 'DrQA', 'Parris', 'scikit-learn', 'pytorch', 'SynapseML', 'superset', 'transformers', 'ColossalAI', 'vispy', 'joliGEN', 'danswerai', 'shogun', 'Spearmint', 'xgboost', 'rosetta', 'catboost', 'dash', 'tesseract', 'stellargraph', 'maze', 'cleanlab', 'lightly', 'pymc', 'scikit-opt', 'deeppy', 'Gymnasium', 'skll', 'emcee', 'vigra', 'dtaidistance', 'mars', 'neuraltalk2', 'jax', 'scikit-survival', 'pytorch-frame', 'streamlit', 'mlxtend', 'cortex', 'DeepPavlov', 'alibi-detect', 'gradio', 'xlearn', 'langfuse', 'DI-engine', 'pyss3', 'DIGITS', 'LightGBM', 'CoreNLP', 'yalign', 'determined', 'deeplake', 'blaze', 'somoclu', 'xcessiv', 'matplotlib', 'tensorflow', 'PySyft', 'haystack', 'mlens', 'retro', 'machine-learning', 'gensim', 'neuropredict', 'feast', 'rasa', 'loso', 'lab', 'mindsdb', 'dowel', 'nut', 'retinaface', 'ViZDoom', 'neuraltalk', 'optuna', 'open-webui', 'NeuroNER', 'deepface', 'statsmodels', 'jProcessing', 'typer', 'python-recsys', 'textacy', 'ggpy', 'cornac', 'spaCy', 'langflow', 'igel', 'keras-tuner', 'Metaworld', 'aim', 'pynlpl', 'ray', 'cltk', 'recommenders', 'seaborn', 'evidently', 'deepchecks', 'garage', 'hebel', 'jieba', 'catalyst', 'pytensor', 'lambdo', 'prodmodel', 'zpar', 'polyglot', 'scikit-learn-intelex', 'scikit-image', 'pytorch-lightning', 'colibri-core', 'bolt']"
763,14,MemberOf,category,1347,OWASP Top Ten 2021 Category A03:2021 - Injection,7024,99,"['tpot', 'neural-style-pt', 'chainer', 'skorch', 'pybrain', 'bokeh', 'autogluon', 'pytorch_geometric', 'pkuseg-python', 'open-metric-learning', 'detectron2', 'nilearn', 'mljar-supervised', 'altair', 'pyqtgraph', 'bentoml', 'caffe', 'river', 'numpy', 'CompreFace', 'FEDOT', 'sktime', 'PyTorchCV', 'pytorch-image-models', 'pebl', 'bigartm', 'BioPy', 'python-timbl', 'lightwood', 'mlx', 'zipline', 'pgmpy', 'Petrel', 'mlflow', 'DrQA', 'Parris', 'scikit-learn', 'pytorch', 'SynapseML', 'superset', 'transformers', 'ColossalAI', 'vispy', 'joliGEN', 'danswerai', 'shogun', 'Spearmint', 'xgboost', 'rosetta', 'catboost', 'dash', 'tesseract', 'stellargraph', 'maze', 'cleanlab', 'lightly', 'pymc', 'scikit-opt', 'deeppy', 'Gymnasium', 'skll', 'emcee', 'vigra', 'dtaidistance', 'mars', 'neuraltalk2', 'jax', 'scikit-survival', 'pytorch-frame', 'streamlit', 'mlxtend', 'cortex', 'DeepPavlov', 'alibi-detect', 'gradio', 'xlearn', 'langfuse', 'DI-engine', 'pyss3', 'DIGITS', 'LightGBM', 'CoreNLP', 'yalign', 'determined', 'deeplake', 'blaze', 'somoclu', 'xcessiv', 'matplotlib', 'tensorflow', 'PySyft', 'haystack', 'mlens', 'retro', 'machine-learning', 'gensim', 'neuropredict', 'feast', 'rasa', 'loso', 'lab', 'mindsdb', 'dowel', 'nut', 'retinaface', 'ViZDoom', 'neuraltalk', 'optuna', 'open-webui', 'NeuroNER', 'deepface', 'statsmodels', 'jProcessing', 'typer', 'python-recsys', 'textacy', 'ggpy', 'cornac', 'spaCy', 'langflow', 'igel', 'keras-tuner', 'Metaworld', 'aim', 'pynlpl', 'ray', 'cltk', 'recommenders', 'seaborn', 'evidently', 'deepchecks', 'garage', 'hebel', 'jieba', 'catalyst', 'pytensor', 'lambdo', 'prodmodel', 'zpar', 'polyglot', 'scikit-learn-intelex', 'scikit-image', 'pytorch-lightning', 'colibri-core', 'bolt']"
764,15,MemberOf,category,1409,Comprehensive Categorization: Injection,7024,99,"['tpot', 'neural-style-pt', 'chainer', 'skorch', 'pybrain', 'bokeh', 'autogluon', 'pytorch_geometric', 'pkuseg-python', 'open-metric-learning', 'detectron2', 'nilearn', 'mljar-supervised', 'altair', 'pyqtgraph', 'bentoml', 'caffe', 'river', 'numpy', 'CompreFace', 'FEDOT', 'sktime', 'PyTorchCV', 'pytorch-image-models', 'pebl', 'bigartm', 'BioPy', 'python-timbl', 'lightwood', 'mlx', 'zipline', 'pgmpy', 'Petrel', 'mlflow', 'DrQA', 'Parris', 'scikit-learn', 'pytorch', 'SynapseML', 'superset', 'transformers', 'ColossalAI', 'vispy', 'joliGEN', 'danswerai', 'shogun', 'Spearmint', 'xgboost', 'rosetta', 'catboost', 'dash', 'tesseract', 'stellargraph', 'maze', 'cleanlab', 'lightly', 'pymc', 'scikit-opt', 'deeppy', 'Gymnasium', 'skll', 'emcee', 'vigra', 'dtaidistance', 'mars', 'neuraltalk2', 'jax', 'scikit-survival', 'pytorch-frame', 'streamlit', 'mlxtend', 'cortex', 'DeepPavlov', 'alibi-detect', 'gradio', 'xlearn', 'langfuse', 'DI-engine', 'pyss3', 'DIGITS', 'LightGBM', 'CoreNLP', 'yalign', 'determined', 'deeplake', 'blaze', 'somoclu', 'xcessiv', 'matplotlib', 'tensorflow', 'PySyft', 'haystack', 'mlens', 'retro', 'machine-learning', 'gensim', 'neuropredict', 'feast', 'rasa', 'loso', 'lab', 'mindsdb', 'dowel', 'nut', 'retinaface', 'ViZDoom', 'neuraltalk', 'optuna', 'open-webui', 'NeuroNER', 'deepface', 'statsmodels', 'jProcessing', 'typer', 'python-recsys', 'textacy', 'ggpy', 'cornac', 'spaCy', 'langflow', 'igel', 'keras-tuner', 'Metaworld', 'aim', 'pynlpl', 'ray', 'cltk', 'recommenders', 'seaborn', 'evidently', 'deepchecks', 'garage', 'hebel', 'jieba', 'catalyst', 'pytensor', 'lambdo', 'prodmodel', 'zpar', 'polyglot', 'scikit-learn-intelex', 'scikit-image', 'pytorch-lightning', 'colibri-core', 'bolt']"
765,16,MemberOf,category,1440,OWASP Top Ten 2025 Category A05:2025 - Injection,7024,99,"['tpot', 'neural-style-pt', 'chainer', 'skorch', 'pybrain', 'bokeh', 'autogluon', 'pytorch_geometric', 'pkuseg-python', 'open-metric-learning', 'detectron2', 'nilearn', 'mljar-supervised', 'altair', 'pyqtgraph', 'bentoml', 'caffe', 'river', 'numpy', 'CompreFace', 'FEDOT', 'sktime', 'PyTorchCV', 'pytorch-image-models', 'pebl', 'bigartm', 'BioPy', 'python-timbl', 'lightwood', 'mlx', 'zipline', 'pgmpy', 'Petrel', 'mlflow', 'DrQA', 'Parris', 'scikit-learn', 'pytorch', 'SynapseML', 'superset', 'transformers', 'ColossalAI', 'vispy', 'joliGEN', 'danswerai', 'shogun', 'Spearmint', 'xgboost', 'rosetta', 'catboost', 'dash', 'tesseract', 'stellargraph', 'maze', 'cleanlab', 'lightly', 'pymc', 'scikit-opt', 'deeppy', 'Gymnasium', 'skll', 'emcee', 'vigra', 'dtaidistance', 'mars', 'neuraltalk2', 'jax', 'scikit-survival', 'pytorch-frame', 'streamlit', 'mlxtend', 'cortex', 'DeepPavlov', 'alibi-detect', 'gradio', 'xlearn', 'langfuse', 'DI-engine', 'pyss3', 'DIGITS', 'LightGBM', 'CoreNLP', 'yalign', 'determined', 'deeplake', 'blaze', 'somoclu', 'xcessiv', 'matplotlib', 'tensorflow', 'PySyft', 'haystack', 'mlens', 'retro', 'machine-learning', 'gensim', 'neuropredict', 'feast', 'rasa', 'loso', 'lab', 'mindsdb', 'dowel', 'nut', 'retinaface', 'ViZDoom', 'neuraltalk', 'optuna', 'open-webui', 'NeuroNER', 'deepface', 'statsmodels', 'jProcessing', 'typer', 'python-recsys', 'textacy', 'ggpy', 'cornac', 'spaCy', 'langflow', 'igel', 'keras-tuner', 'Metaworld', 'aim', 'pynlpl', 'ray', 'cltk', 'recommenders', 'seaborn', 'evidently', 'deepchecks', 'garage', 'hebel', 'jieba', 'catalyst', 'pytensor', 'lambdo', 'prodmodel', 'zpar', 'polyglot', 'scikit-learn-intelex', 'scikit-image', 'pytorch-lightning', 'colibri-core', 'bolt']"
766,17,Self,class,99,,7024,99,"['tpot', 'neural-style-pt', 'chainer', 'skorch', 'pybrain', 'bokeh', 'autogluon', 'pytorch_geometric', 'pkuseg-python', 'open-metric-learning', 'detectron2', 'nilearn', 'mljar-supervised', 'altair', 'pyqtgraph', 'bentoml', 'caffe', 'river', 'numpy', 'CompreFace', 'FEDOT', 'sktime', 'PyTorchCV', 'pytorch-image-models', 'pebl', 'bigartm', 'BioPy', 'python-timbl', 'lightwood', 'mlx', 'zipline', 'pgmpy', 'Petrel', 'mlflow', 'DrQA', 'Parris', 'scikit-learn', 'pytorch', 'SynapseML', 'superset', 'transformers', 'ColossalAI', 'vispy', 'joliGEN', 'danswerai', 'shogun', 'Spearmint', 'xgboost', 'rosetta', 'catboost', 'dash', 'tesseract', 'stellargraph', 'maze', 'cleanlab', 'lightly', 'pymc', 'scikit-opt', 'deeppy', 'Gymnasium', 'skll', 'emcee', 'vigra', 'dtaidistance', 'mars', 'neuraltalk2', 'jax', 'scikit-survival', 'pytorch-frame', 'streamlit', 'mlxtend', 'cortex', 'DeepPavlov', 'alibi-detect', 'gradio', 'xlearn', 'langfuse', 'DI-engine', 'pyss3', 'DIGITS', 'LightGBM', 'CoreNLP', 'yalign', 'determined', 'deeplake', 'blaze', 'somoclu', 'xcessiv', 'matplotlib', 'tensorflow', 'PySyft', 'haystack', 'mlens', 'retro', 'machine-learning', 'gensim', 'neuropredict', 'feast', 'rasa', 'loso', 'lab', 'mindsdb', 'dowel', 'nut', 'retinaface', 'ViZDoom', 'neuraltalk', 'optuna', 'open-webui', 'NeuroNER', 'deepface', 'statsmodels', 'jProcessing', 'typer', 'python-recsys', 'textacy', 'ggpy', 'cornac', 'spaCy', 'langflow', 'igel', 'keras-tuner', 'Metaworld', 'aim', 'pynlpl', 'ray', 'cltk', 'recommenders', 'seaborn', 'evidently', 'deepchecks', 'garage', 'hebel', 'jieba', 'catalyst', 'pytensor', 'lambdo', 'prodmodel', 'zpar', 'polyglot', 'scikit-learn-intelex', 'scikit-image', 'pytorch-lightning', 'colibri-core', 'bolt']"
767,0,ChildOf,class,74,Improper Neutralization of Special Elements in Output Used by a Downstream Component ('Injection'),30,79,"['cornac', 'feast', 'bowtie', 'DIGITS', 'mindsdb', 'mars', 'deepface', 'mlflow', 'PyTorchCV', 'machine-learning']"
768,1,ParentOf,variant,80,Improper Neutralization of Script-Related HTML Tags in a Web Page (Basic XSS),30,79,"['cornac', 'feast', 'bowtie', 'DIGITS', 'mindsdb', 'mars', 'deepface', 'mlflow', 'PyTorchCV', 'machine-learning']"
769,2,ParentOf,variant,81,Improper Neutralization of Script in an Error Message Web Page,30,79,"['cornac', 'feast', 'bowtie', 'DIGITS', 'mindsdb', 'mars', 'deepface', 'mlflow', 'PyTorchCV', 'machine-learning']"
770,3,ParentOf,variant,83,Improper Neutralization of Script in Attributes in a Web Page,30,79,"['cornac', 'feast', 'bowtie', 'DIGITS', 'mindsdb', 'mars', 'deepface', 'mlflow', 'PyTorchCV', 'machine-learning']"
771,4,ParentOf,variant,84,Improper Neutralization of Encoded URI Schemes in a Web Page,30,79,"['cornac', 'feast', 'bowtie', 'DIGITS', 'mindsdb', 'mars', 'deepface', 'mlflow', 'PyTorchCV', 'machine-learning']"
772,5,ParentOf,variant,85,Doubled Character XSS Manipulations,30,79,"['cornac', 'feast', 'bowtie', 'DIGITS', 'mindsdb', 'mars', 'deepface', 'mlflow', 'PyTorchCV', 'machine-learning']"
773,6,ParentOf,variant,86,Improper Neutralization of Invalid Characters in Identifiers in Web Pages,30,79,"['cornac', 'feast', 'bowtie', 'DIGITS', 'mindsdb', 'mars', 'deepface', 'mlflow', 'PyTorchCV', 'machine-learning']"
774,7,ParentOf,variant,87,Improper Neutralization of Alternate XSS Syntax,30,79,"['cornac', 'feast', 'bowtie', 'DIGITS', 'mindsdb', 'mars', 'deepface', 'mlflow', 'PyTorchCV', 'machine-learning']"
775,8,PeerOf,composite,352,Cross-Site Request Forgery (CSRF),30,79,"['cornac', 'feast', 'bowtie', 'DIGITS', 'mindsdb', 'mars', 'deepface', 'mlflow', 'PyTorchCV', 'machine-learning']"
776,9,CanFollow,variant,113,Improper Neutralization of CRLF Sequences in HTTP Headers ('HTTP Request/Response Splitting'),30,79,"['cornac', 'feast', 'bowtie', 'DIGITS', 'mindsdb', 'mars', 'deepface', 'mlflow', 'PyTorchCV', 'machine-learning']"
777,10,CanFollow,base,184,Incomplete List of Disallowed Inputs,30,79,"['cornac', 'feast', 'bowtie', 'DIGITS', 'mindsdb', 'mars', 'deepface', 'mlflow', 'PyTorchCV', 'machine-learning']"
778,11,CanPrecede,base,494,Download of Code Without Integrity Check,30,79,"['cornac', 'feast', 'bowtie', 'DIGITS', 'mindsdb', 'mars', 'deepface', 'mlflow', 'PyTorchCV', 'machine-learning']"
779,12,MemberOf,category,137,Data Neutralization Issues,30,79,"['cornac', 'feast', 'bowtie', 'DIGITS', 'mindsdb', 'mars', 'deepface', 'mlflow', 'PyTorchCV', 'machine-learning']"
780,13,ChildOf,class,74,Improper Neutralization of Special Elements in Output Used by a Downstream Component ('Injection'),30,79,"['cornac', 'feast', 'bowtie', 'DIGITS', 'mindsdb', 'mars', 'deepface', 'mlflow', 'PyTorchCV', 'machine-learning']"
781,14,MemberOf,category,1019,Validate Inputs,30,79,"['cornac', 'feast', 'bowtie', 'DIGITS', 'mindsdb', 'mars', 'deepface', 'mlflow', 'PyTorchCV', 'machine-learning']"
782,15,MemberOf,view,635,Weaknesses Originally Used by NVD from 2008 to 2016,30,79,"['cornac', 'feast', 'bowtie', 'DIGITS', 'mindsdb', 'mars', 'deepface', 'mlflow', 'PyTorchCV', 'machine-learning']"
783,16,MemberOf,category,712,OWASP Top Ten 2007 Category A1 - Cross Site Scripting (XSS),30,79,"['cornac', 'feast', 'bowtie', 'DIGITS', 'mindsdb', 'mars', 'deepface', 'mlflow', 'PyTorchCV', 'machine-learning']"
784,17,MemberOf,category,722,OWASP Top Ten 2004 Category A1 - Unvalidated Input,30,79,"['cornac', 'feast', 'bowtie', 'DIGITS', 'mindsdb', 'mars', 'deepface', 'mlflow', 'PyTorchCV', 'machine-learning']"
785,18,MemberOf,category,725,OWASP Top Ten 2004 Category A4 - Cross-Site Scripting (XSS) Flaws,30,79,"['cornac', 'feast', 'bowtie', 'DIGITS', 'mindsdb', 'mars', 'deepface', 'mlflow', 'PyTorchCV', 'machine-learning']"
786,19,MemberOf,category,751,2009 Top 25 - Insecure Interaction Between Components,30,79,"['cornac', 'feast', 'bowtie', 'DIGITS', 'mindsdb', 'mars', 'deepface', 'mlflow', 'PyTorchCV', 'machine-learning']"
787,20,MemberOf,category,801,2010 Top 25 - Insecure Interaction Between Components,30,79,"['cornac', 'feast', 'bowtie', 'DIGITS', 'mindsdb', 'mars', 'deepface', 'mlflow', 'PyTorchCV', 'machine-learning']"
788,21,MemberOf,category,811,OWASP Top Ten 2010 Category A2 - Cross-Site Scripting (XSS),30,79,"['cornac', 'feast', 'bowtie', 'DIGITS', 'mindsdb', 'mars', 'deepface', 'mlflow', 'PyTorchCV', 'machine-learning']"
789,22,MemberOf,category,864,2011 Top 25 - Insecure Interaction Between Components,30,79,"['cornac', 'feast', 'bowtie', 'DIGITS', 'mindsdb', 'mars', 'deepface', 'mlflow', 'PyTorchCV', 'machine-learning']"
790,23,MemberOf,view,884,CWE Cross-section,30,79,"['cornac', 'feast', 'bowtie', 'DIGITS', 'mindsdb', 'mars', 'deepface', 'mlflow', 'PyTorchCV', 'machine-learning']"
791,24,MemberOf,category,931,OWASP Top Ten 2013 Category A3 - Cross-Site Scripting (XSS),30,79,"['cornac', 'feast', 'bowtie', 'DIGITS', 'mindsdb', 'mars', 'deepface', 'mlflow', 'PyTorchCV', 'machine-learning']"
792,25,MemberOf,category,990,SFP Secondary Cluster: Tainted Input to Command,30,79,"['cornac', 'feast', 'bowtie', 'DIGITS', 'mindsdb', 'mars', 'deepface', 'mlflow', 'PyTorchCV', 'machine-learning']"
793,26,MemberOf,category,1005,7PK - Input Validation and Representation,30,79,"['cornac', 'feast', 'bowtie', 'DIGITS', 'mindsdb', 'mars', 'deepface', 'mlflow', 'PyTorchCV', 'machine-learning']"
794,27,MemberOf,category,1033,OWASP Top Ten 2017 Category A7 - Cross-Site Scripting (XSS),30,79,"['cornac', 'feast', 'bowtie', 'DIGITS', 'mindsdb', 'mars', 'deepface', 'mlflow', 'PyTorchCV', 'machine-learning']"
795,28,MemberOf,category,1131,CISQ Quality Measures (2016) - Security,30,79,"['cornac', 'feast', 'bowtie', 'DIGITS', 'mindsdb', 'mars', 'deepface', 'mlflow', 'PyTorchCV', 'machine-learning']"
796,29,MemberOf,view,1200,Weaknesses in the 2019 CWE Top 25 Most Dangerous Software Errors,30,79,"['cornac', 'feast', 'bowtie', 'DIGITS', 'mindsdb', 'mars', 'deepface', 'mlflow', 'PyTorchCV', 'machine-learning']"
797,30,MemberOf,category,1308,CISQ Quality Measures - Security,30,79,"['cornac', 'feast', 'bowtie', 'DIGITS', 'mindsdb', 'mars', 'deepface', 'mlflow', 'PyTorchCV', 'machine-learning']"
798,31,MemberOf,view,1337,Weaknesses in the 2021 CWE Top 25 Most Dangerous Software Weaknesses,30,79,"['cornac', 'feast', 'bowtie', 'DIGITS', 'mindsdb', 'mars', 'deepface', 'mlflow', 'PyTorchCV', 'machine-learning']"
799,32,MemberOf,view,1340,CISQ Data Protection Measures,30,79,"['cornac', 'feast', 'bowtie', 'DIGITS', 'mindsdb', 'mars', 'deepface', 'mlflow', 'PyTorchCV', 'machine-learning']"
800,33,MemberOf,category,1347,OWASP Top Ten 2021 Category A03:2021 - Injection,30,79,"['cornac', 'feast', 'bowtie', 'DIGITS', 'mindsdb', 'mars', 'deepface', 'mlflow', 'PyTorchCV', 'machine-learning']"
801,34,MemberOf,view,1350,Weaknesses in the 2020 CWE Top 25 Most Dangerous Software Weaknesses,30,79,"['cornac', 'feast', 'bowtie', 'DIGITS', 'mindsdb', 'mars', 'deepface', 'mlflow', 'PyTorchCV', 'machine-learning']"
802,35,MemberOf,view,1387,Weaknesses in the 2022 CWE Top 25 Most Dangerous Software Weaknesses,30,79,"['cornac', 'feast', 'bowtie', 'DIGITS', 'mindsdb', 'mars', 'deepface', 'mlflow', 'PyTorchCV', 'machine-learning']"
803,36,MemberOf,category,1409,Comprehensive Categorization: Injection,30,79,"['cornac', 'feast', 'bowtie', 'DIGITS', 'mindsdb', 'mars', 'deepface', 'mlflow', 'PyTorchCV', 'machine-learning']"
804,37,MemberOf,view,1425,Weaknesses in the 2023 CWE Top 25 Most Dangerous Software Weaknesses,30,79,"['cornac', 'feast', 'bowtie', 'DIGITS', 'mindsdb', 'mars', 'deepface', 'mlflow', 'PyTorchCV', 'machine-learning']"
805,38,MemberOf,view,1430,Weaknesses in the 2024 CWE Top 25 Most Dangerous Software Weaknesses,30,79,"['cornac', 'feast', 'bowtie', 'DIGITS', 'mindsdb', 'mars', 'deepface', 'mlflow', 'PyTorchCV', 'machine-learning']"
806,39,MemberOf,view,1435,Weaknesses in the 2025 CWE Top 25 Most Dangerous Software Weaknesses,30,79,"['cornac', 'feast', 'bowtie', 'DIGITS', 'mindsdb', 'mars', 'deepface', 'mlflow', 'PyTorchCV', 'machine-learning']"
807,40,MemberOf,category,1440,OWASP Top Ten 2025 Category A05:2025 - Injection,30,79,"['cornac', 'feast', 'bowtie', 'DIGITS', 'mindsdb', 'mars', 'deepface', 'mlflow', 'PyTorchCV', 'machine-learning']"
808,41,MemberOf,category,1447,General Software Weaknesses that Appear in Products that Use or Support AI/ML Technology,30,79,"['cornac', 'feast', 'bowtie', 'DIGITS', 'mindsdb', 'mars', 'deepface', 'mlflow', 'PyTorchCV', 'machine-learning']"
809,42,Self,base,79,,30,79,"['cornac', 'feast', 'bowtie', 'DIGITS', 'mindsdb', 'mars', 'deepface', 'mlflow', 'PyTorchCV', 'machine-learning']"
810,0,ChildOf,pillar,707,Improper Neutralization,30,116,"['couler', 'DIGITS', 'tpot', 'open-webui', 'chainer', 'pybrain', 'deepface', 'statsmodels', 'catboost', 'ggpy', 'dash', 'cornac', 'rgf', 'pyqtgraph', 'tensorflow', 'stellargraph', 'cleanlab', 'numpy', 'FEDOT', 'bytehub', 'PyTorchCV', 'segmentation_models', 'pebl', 'machine-learning', 'deeppy', 'bigartm', 'scikit-multiflow', 'recommenders', 'seaborn', 'nupic.studio', 'vigra', 'gan', 'python-timbl', 'notebook', 'pyod', 'catalyst', 'rockpool', 'mars', 'mlflow', 'metric-learn', 'lambdo', 'pytorch', 'zpar', 'streamlit', 'alibi', 'annoy', 'feast', 'bowtie', 'scikit-image', 'mist', 'DeepPavlov', 'breze', 'superset', 'imbalanced-ensemble', 'alibi-detect', 'mindsdb', 'xlearn', 'snips-nlu', 'transformers', 'lifelines', 'ColossalAI', 'DI-engine']"
811,1,ParentOf,base,117,Improper Output Neutralization for Logs,30,116,"['couler', 'DIGITS', 'tpot', 'open-webui', 'chainer', 'pybrain', 'deepface', 'statsmodels', 'catboost', 'ggpy', 'dash', 'cornac', 'rgf', 'pyqtgraph', 'tensorflow', 'stellargraph', 'cleanlab', 'numpy', 'FEDOT', 'bytehub', 'PyTorchCV', 'segmentation_models', 'pebl', 'machine-learning', 'deeppy', 'bigartm', 'scikit-multiflow', 'recommenders', 'seaborn', 'nupic.studio', 'vigra', 'gan', 'python-timbl', 'notebook', 'pyod', 'catalyst', 'rockpool', 'mars', 'mlflow', 'metric-learn', 'lambdo', 'pytorch', 'zpar', 'streamlit', 'alibi', 'annoy', 'feast', 'bowtie', 'scikit-image', 'mist', 'DeepPavlov', 'breze', 'superset', 'imbalanced-ensemble', 'alibi-detect', 'mindsdb', 'xlearn', 'snips-nlu', 'transformers', 'lifelines', 'ColossalAI', 'DI-engine']"
812,2,ParentOf,variant,644,Improper Neutralization of HTTP Headers for Scripting Syntax,30,116,"['couler', 'DIGITS', 'tpot', 'open-webui', 'chainer', 'pybrain', 'deepface', 'statsmodels', 'catboost', 'ggpy', 'dash', 'cornac', 'rgf', 'pyqtgraph', 'tensorflow', 'stellargraph', 'cleanlab', 'numpy', 'FEDOT', 'bytehub', 'PyTorchCV', 'segmentation_models', 'pebl', 'machine-learning', 'deeppy', 'bigartm', 'scikit-multiflow', 'recommenders', 'seaborn', 'nupic.studio', 'vigra', 'gan', 'python-timbl', 'notebook', 'pyod', 'catalyst', 'rockpool', 'mars', 'mlflow', 'metric-learn', 'lambdo', 'pytorch', 'zpar', 'streamlit', 'alibi', 'annoy', 'feast', 'bowtie', 'scikit-image', 'mist', 'DeepPavlov', 'breze', 'superset', 'imbalanced-ensemble', 'alibi-detect', 'mindsdb', 'xlearn', 'snips-nlu', 'transformers', 'lifelines', 'ColossalAI', 'DI-engine']"
813,3,ParentOf,base,838,Inappropriate Encoding for Output Context,30,116,"['couler', 'DIGITS', 'tpot', 'open-webui', 'chainer', 'pybrain', 'deepface', 'statsmodels', 'catboost', 'ggpy', 'dash', 'cornac', 'rgf', 'pyqtgraph', 'tensorflow', 'stellargraph', 'cleanlab', 'numpy', 'FEDOT', 'bytehub', 'PyTorchCV', 'segmentation_models', 'pebl', 'machine-learning', 'deeppy', 'bigartm', 'scikit-multiflow', 'recommenders', 'seaborn', 'nupic.studio', 'vigra', 'gan', 'python-timbl', 'notebook', 'pyod', 'catalyst', 'rockpool', 'mars', 'mlflow', 'metric-learn', 'lambdo', 'pytorch', 'zpar', 'streamlit', 'alibi', 'annoy', 'feast', 'bowtie', 'scikit-image', 'mist', 'DeepPavlov', 'breze', 'superset', 'imbalanced-ensemble', 'alibi-detect', 'mindsdb', 'xlearn', 'snips-nlu', 'transformers', 'lifelines', 'ColossalAI', 'DI-engine']"
814,4,CanPrecede,class,74,Improper Neutralization of Special Elements in Output Used by a Downstream Component ('Injection'),30,116,"['couler', 'DIGITS', 'tpot', 'open-webui', 'chainer', 'pybrain', 'deepface', 'statsmodels', 'catboost', 'ggpy', 'dash', 'cornac', 'rgf', 'pyqtgraph', 'tensorflow', 'stellargraph', 'cleanlab', 'numpy', 'FEDOT', 'bytehub', 'PyTorchCV', 'segmentation_models', 'pebl', 'machine-learning', 'deeppy', 'bigartm', 'scikit-multiflow', 'recommenders', 'seaborn', 'nupic.studio', 'vigra', 'gan', 'python-timbl', 'notebook', 'pyod', 'catalyst', 'rockpool', 'mars', 'mlflow', 'metric-learn', 'lambdo', 'pytorch', 'zpar', 'streamlit', 'alibi', 'annoy', 'feast', 'bowtie', 'scikit-image', 'mist', 'DeepPavlov', 'breze', 'superset', 'imbalanced-ensemble', 'alibi-detect', 'mindsdb', 'xlearn', 'snips-nlu', 'transformers', 'lifelines', 'ColossalAI', 'DI-engine']"
815,5,MemberOf,view,1003,Weaknesses for Simplified Mapping of Published Vulnerabilities,30,116,"['couler', 'DIGITS', 'tpot', 'open-webui', 'chainer', 'pybrain', 'deepface', 'statsmodels', 'catboost', 'ggpy', 'dash', 'cornac', 'rgf', 'pyqtgraph', 'tensorflow', 'stellargraph', 'cleanlab', 'numpy', 'FEDOT', 'bytehub', 'PyTorchCV', 'segmentation_models', 'pebl', 'machine-learning', 'deeppy', 'bigartm', 'scikit-multiflow', 'recommenders', 'seaborn', 'nupic.studio', 'vigra', 'gan', 'python-timbl', 'notebook', 'pyod', 'catalyst', 'rockpool', 'mars', 'mlflow', 'metric-learn', 'lambdo', 'pytorch', 'zpar', 'streamlit', 'alibi', 'annoy', 'feast', 'bowtie', 'scikit-image', 'mist', 'DeepPavlov', 'breze', 'superset', 'imbalanced-ensemble', 'alibi-detect', 'mindsdb', 'xlearn', 'snips-nlu', 'transformers', 'lifelines', 'ColossalAI', 'DI-engine']"
816,6,ParentOf,base,838,Inappropriate Encoding for Output Context,30,116,"['couler', 'DIGITS', 'tpot', 'open-webui', 'chainer', 'pybrain', 'deepface', 'statsmodels', 'catboost', 'ggpy', 'dash', 'cornac', 'rgf', 'pyqtgraph', 'tensorflow', 'stellargraph', 'cleanlab', 'numpy', 'FEDOT', 'bytehub', 'PyTorchCV', 'segmentation_models', 'pebl', 'machine-learning', 'deeppy', 'bigartm', 'scikit-multiflow', 'recommenders', 'seaborn', 'nupic.studio', 'vigra', 'gan', 'python-timbl', 'notebook', 'pyod', 'catalyst', 'rockpool', 'mars', 'mlflow', 'metric-learn', 'lambdo', 'pytorch', 'zpar', 'streamlit', 'alibi', 'annoy', 'feast', 'bowtie', 'scikit-image', 'mist', 'DeepPavlov', 'breze', 'superset', 'imbalanced-ensemble', 'alibi-detect', 'mindsdb', 'xlearn', 'snips-nlu', 'transformers', 'lifelines', 'ColossalAI', 'DI-engine']"
817,7,MemberOf,category,751,2009 Top 25 - Insecure Interaction Between Components,30,116,"['couler', 'DIGITS', 'tpot', 'open-webui', 'chainer', 'pybrain', 'deepface', 'statsmodels', 'catboost', 'ggpy', 'dash', 'cornac', 'rgf', 'pyqtgraph', 'tensorflow', 'stellargraph', 'cleanlab', 'numpy', 'FEDOT', 'bytehub', 'PyTorchCV', 'segmentation_models', 'pebl', 'machine-learning', 'deeppy', 'bigartm', 'scikit-multiflow', 'recommenders', 'seaborn', 'nupic.studio', 'vigra', 'gan', 'python-timbl', 'notebook', 'pyod', 'catalyst', 'rockpool', 'mars', 'mlflow', 'metric-learn', 'lambdo', 'pytorch', 'zpar', 'streamlit', 'alibi', 'annoy', 'feast', 'bowtie', 'scikit-image', 'mist', 'DeepPavlov', 'breze', 'superset', 'imbalanced-ensemble', 'alibi-detect', 'mindsdb', 'xlearn', 'snips-nlu', 'transformers', 'lifelines', 'ColossalAI', 'DI-engine']"
818,8,MemberOf,category,845,The CERT Oracle Secure Coding Standard for Java (2011) Chapter 2 - Input Validation and Data Sanitization (IDS),30,116,"['couler', 'DIGITS', 'tpot', 'open-webui', 'chainer', 'pybrain', 'deepface', 'statsmodels', 'catboost', 'ggpy', 'dash', 'cornac', 'rgf', 'pyqtgraph', 'tensorflow', 'stellargraph', 'cleanlab', 'numpy', 'FEDOT', 'bytehub', 'PyTorchCV', 'segmentation_models', 'pebl', 'machine-learning', 'deeppy', 'bigartm', 'scikit-multiflow', 'recommenders', 'seaborn', 'nupic.studio', 'vigra', 'gan', 'python-timbl', 'notebook', 'pyod', 'catalyst', 'rockpool', 'mars', 'mlflow', 'metric-learn', 'lambdo', 'pytorch', 'zpar', 'streamlit', 'alibi', 'annoy', 'feast', 'bowtie', 'scikit-image', 'mist', 'DeepPavlov', 'breze', 'superset', 'imbalanced-ensemble', 'alibi-detect', 'mindsdb', 'xlearn', 'snips-nlu', 'transformers', 'lifelines', 'ColossalAI', 'DI-engine']"
819,9,MemberOf,category,883,CERT C++ Secure Coding Section 49 - Miscellaneous (MSC),30,116,"['couler', 'DIGITS', 'tpot', 'open-webui', 'chainer', 'pybrain', 'deepface', 'statsmodels', 'catboost', 'ggpy', 'dash', 'cornac', 'rgf', 'pyqtgraph', 'tensorflow', 'stellargraph', 'cleanlab', 'numpy', 'FEDOT', 'bytehub', 'PyTorchCV', 'segmentation_models', 'pebl', 'machine-learning', 'deeppy', 'bigartm', 'scikit-multiflow', 'recommenders', 'seaborn', 'nupic.studio', 'vigra', 'gan', 'python-timbl', 'notebook', 'pyod', 'catalyst', 'rockpool', 'mars', 'mlflow', 'metric-learn', 'lambdo', 'pytorch', 'zpar', 'streamlit', 'alibi', 'annoy', 'feast', 'bowtie', 'scikit-image', 'mist', 'DeepPavlov', 'breze', 'superset', 'imbalanced-ensemble', 'alibi-detect', 'mindsdb', 'xlearn', 'snips-nlu', 'transformers', 'lifelines', 'ColossalAI', 'DI-engine']"
820,10,MemberOf,category,992,SFP Secondary Cluster: Faulty Input Transformation,30,116,"['couler', 'DIGITS', 'tpot', 'open-webui', 'chainer', 'pybrain', 'deepface', 'statsmodels', 'catboost', 'ggpy', 'dash', 'cornac', 'rgf', 'pyqtgraph', 'tensorflow', 'stellargraph', 'cleanlab', 'numpy', 'FEDOT', 'bytehub', 'PyTorchCV', 'segmentation_models', 'pebl', 'machine-learning', 'deeppy', 'bigartm', 'scikit-multiflow', 'recommenders', 'seaborn', 'nupic.studio', 'vigra', 'gan', 'python-timbl', 'notebook', 'pyod', 'catalyst', 'rockpool', 'mars', 'mlflow', 'metric-learn', 'lambdo', 'pytorch', 'zpar', 'streamlit', 'alibi', 'annoy', 'feast', 'bowtie', 'scikit-image', 'mist', 'DeepPavlov', 'breze', 'superset', 'imbalanced-ensemble', 'alibi-detect', 'mindsdb', 'xlearn', 'snips-nlu', 'transformers', 'lifelines', 'ColossalAI', 'DI-engine']"
821,11,MemberOf,category,1134,SEI CERT Oracle Secure Coding Standard for Java - Guidelines 00. Input Validation and Data Sanitization (IDS),30,116,"['couler', 'DIGITS', 'tpot', 'open-webui', 'chainer', 'pybrain', 'deepface', 'statsmodels', 'catboost', 'ggpy', 'dash', 'cornac', 'rgf', 'pyqtgraph', 'tensorflow', 'stellargraph', 'cleanlab', 'numpy', 'FEDOT', 'bytehub', 'PyTorchCV', 'segmentation_models', 'pebl', 'machine-learning', 'deeppy', 'bigartm', 'scikit-multiflow', 'recommenders', 'seaborn', 'nupic.studio', 'vigra', 'gan', 'python-timbl', 'notebook', 'pyod', 'catalyst', 'rockpool', 'mars', 'mlflow', 'metric-learn', 'lambdo', 'pytorch', 'zpar', 'streamlit', 'alibi', 'annoy', 'feast', 'bowtie', 'scikit-image', 'mist', 'DeepPavlov', 'breze', 'superset', 'imbalanced-ensemble', 'alibi-detect', 'mindsdb', 'xlearn', 'snips-nlu', 'transformers', 'lifelines', 'ColossalAI', 'DI-engine']"
822,12,MemberOf,category,1179,SEI CERT Perl Coding Standard - Guidelines 01. Input Validation and Data Sanitization (IDS),30,116,"['couler', 'DIGITS', 'tpot', 'open-webui', 'chainer', 'pybrain', 'deepface', 'statsmodels', 'catboost', 'ggpy', 'dash', 'cornac', 'rgf', 'pyqtgraph', 'tensorflow', 'stellargraph', 'cleanlab', 'numpy', 'FEDOT', 'bytehub', 'PyTorchCV', 'segmentation_models', 'pebl', 'machine-learning', 'deeppy', 'bigartm', 'scikit-multiflow', 'recommenders', 'seaborn', 'nupic.studio', 'vigra', 'gan', 'python-timbl', 'notebook', 'pyod', 'catalyst', 'rockpool', 'mars', 'mlflow', 'metric-learn', 'lambdo', 'pytorch', 'zpar', 'streamlit', 'alibi', 'annoy', 'feast', 'bowtie', 'scikit-image', 'mist', 'DeepPavlov', 'breze', 'superset', 'imbalanced-ensemble', 'alibi-detect', 'mindsdb', 'xlearn', 'snips-nlu', 'transformers', 'lifelines', 'ColossalAI', 'DI-engine']"
823,13,MemberOf,category,1347,OWASP Top Ten 2021 Category A03:2021 - Injection,30,116,"['couler', 'DIGITS', 'tpot', 'open-webui', 'chainer', 'pybrain', 'deepface', 'statsmodels', 'catboost', 'ggpy', 'dash', 'cornac', 'rgf', 'pyqtgraph', 'tensorflow', 'stellargraph', 'cleanlab', 'numpy', 'FEDOT', 'bytehub', 'PyTorchCV', 'segmentation_models', 'pebl', 'machine-learning', 'deeppy', 'bigartm', 'scikit-multiflow', 'recommenders', 'seaborn', 'nupic.studio', 'vigra', 'gan', 'python-timbl', 'notebook', 'pyod', 'catalyst', 'rockpool', 'mars', 'mlflow', 'metric-learn', 'lambdo', 'pytorch', 'zpar', 'streamlit', 'alibi', 'annoy', 'feast', 'bowtie', 'scikit-image', 'mist', 'DeepPavlov', 'breze', 'superset', 'imbalanced-ensemble', 'alibi-detect', 'mindsdb', 'xlearn', 'snips-nlu', 'transformers', 'lifelines', 'ColossalAI', 'DI-engine']"
824,14,MemberOf,category,1407,Comprehensive Categorization: Improper Neutralization,30,116,"['couler', 'DIGITS', 'tpot', 'open-webui', 'chainer', 'pybrain', 'deepface', 'statsmodels', 'catboost', 'ggpy', 'dash', 'cornac', 'rgf', 'pyqtgraph', 'tensorflow', 'stellargraph', 'cleanlab', 'numpy', 'FEDOT', 'bytehub', 'PyTorchCV', 'segmentation_models', 'pebl', 'machine-learning', 'deeppy', 'bigartm', 'scikit-multiflow', 'recommenders', 'seaborn', 'nupic.studio', 'vigra', 'gan', 'python-timbl', 'notebook', 'pyod', 'catalyst', 'rockpool', 'mars', 'mlflow', 'metric-learn', 'lambdo', 'pytorch', 'zpar', 'streamlit', 'alibi', 'annoy', 'feast', 'bowtie', 'scikit-image', 'mist', 'DeepPavlov', 'breze', 'superset', 'imbalanced-ensemble', 'alibi-detect', 'mindsdb', 'xlearn', 'snips-nlu', 'transformers', 'lifelines', 'ColossalAI', 'DI-engine']"
825,15,MemberOf,category,1440,OWASP Top Ten 2025 Category A05:2025 - Injection,30,116,"['couler', 'DIGITS', 'tpot', 'open-webui', 'chainer', 'pybrain', 'deepface', 'statsmodels', 'catboost', 'ggpy', 'dash', 'cornac', 'rgf', 'pyqtgraph', 'tensorflow', 'stellargraph', 'cleanlab', 'numpy', 'FEDOT', 'bytehub', 'PyTorchCV', 'segmentation_models', 'pebl', 'machine-learning', 'deeppy', 'bigartm', 'scikit-multiflow', 'recommenders', 'seaborn', 'nupic.studio', 'vigra', 'gan', 'python-timbl', 'notebook', 'pyod', 'catalyst', 'rockpool', 'mars', 'mlflow', 'metric-learn', 'lambdo', 'pytorch', 'zpar', 'streamlit', 'alibi', 'annoy', 'feast', 'bowtie', 'scikit-image', 'mist', 'DeepPavlov', 'breze', 'superset', 'imbalanced-ensemble', 'alibi-detect', 'mindsdb', 'xlearn', 'snips-nlu', 'transformers', 'lifelines', 'ColossalAI', 'DI-engine']"
826,16,MemberOf,category,1447,General Software Weaknesses that Appear in Products that Use or Support AI/ML Technology,30,116,"['couler', 'DIGITS', 'tpot', 'open-webui', 'chainer', 'pybrain', 'deepface', 'statsmodels', 'catboost', 'ggpy', 'dash', 'cornac', 'rgf', 'pyqtgraph', 'tensorflow', 'stellargraph', 'cleanlab', 'numpy', 'FEDOT', 'bytehub', 'PyTorchCV', 'segmentation_models', 'pebl', 'machine-learning', 'deeppy', 'bigartm', 'scikit-multiflow', 'recommenders', 'seaborn', 'nupic.studio', 'vigra', 'gan', 'python-timbl', 'notebook', 'pyod', 'catalyst', 'rockpool', 'mars', 'mlflow', 'metric-learn', 'lambdo', 'pytorch', 'zpar', 'streamlit', 'alibi', 'annoy', 'feast', 'bowtie', 'scikit-image', 'mist', 'DeepPavlov', 'breze', 'superset', 'imbalanced-ensemble', 'alibi-detect', 'mindsdb', 'xlearn', 'snips-nlu', 'transformers', 'lifelines', 'ColossalAI', 'DI-engine']"
827,17,Self,class,116,,30,116,"['couler', 'DIGITS', 'tpot', 'open-webui', 'chainer', 'pybrain', 'deepface', 'statsmodels', 'catboost', 'ggpy', 'dash', 'cornac', 'rgf', 'pyqtgraph', 'tensorflow', 'stellargraph', 'cleanlab', 'numpy', 'FEDOT', 'bytehub', 'PyTorchCV', 'segmentation_models', 'pebl', 'machine-learning', 'deeppy', 'bigartm', 'scikit-multiflow', 'recommenders', 'seaborn', 'nupic.studio', 'vigra', 'gan', 'python-timbl', 'notebook', 'pyod', 'catalyst', 'rockpool', 'mars', 'mlflow', 'metric-learn', 'lambdo', 'pytorch', 'zpar', 'streamlit', 'alibi', 'annoy', 'feast', 'bowtie', 'scikit-image', 'mist', 'DeepPavlov', 'breze', 'superset', 'imbalanced-ensemble', 'alibi-detect', 'mindsdb', 'xlearn', 'snips-nlu', 'transformers', 'lifelines', 'ColossalAI', 'DI-engine']"
828,0,ChildOf,class,943,Improper Neutralization of Special Elements in Data Query Logic,27,89,"['danswerai', 'feast', 'rasa', 'DeepPavlov', 'open-webui', 'mindsdb', 'determined', 'deeplake', 'mlflow']"
829,1,ParentOf,variant,564,SQL Injection: Hibernate,27,89,"['danswerai', 'feast', 'rasa', 'DeepPavlov', 'open-webui', 'mindsdb', 'determined', 'deeplake', 'mlflow']"
830,2,CanFollow,variant,456,Missing Initialization of a Variable,27,89,"['danswerai', 'feast', 'rasa', 'DeepPavlov', 'open-webui', 'mindsdb', 'determined', 'deeplake', 'mlflow']"
831,3,MemberOf,category,137,Data Neutralization Issues,27,89,"['danswerai', 'feast', 'rasa', 'DeepPavlov', 'open-webui', 'mindsdb', 'determined', 'deeplake', 'mlflow']"
832,4,ChildOf,class,74,Improper Neutralization of Special Elements in Output Used by a Downstream Component ('Injection'),27,89,"['danswerai', 'feast', 'rasa', 'DeepPavlov', 'open-webui', 'mindsdb', 'determined', 'deeplake', 'mlflow']"
833,5,MemberOf,category,1019,Validate Inputs,27,89,"['danswerai', 'feast', 'rasa', 'DeepPavlov', 'open-webui', 'mindsdb', 'determined', 'deeplake', 'mlflow']"
834,6,ParentOf,variant,564,SQL Injection: Hibernate,27,89,"['danswerai', 'feast', 'rasa', 'DeepPavlov', 'open-webui', 'mindsdb', 'determined', 'deeplake', 'mlflow']"
835,7,ParentOf,variant,564,SQL Injection: Hibernate,27,89,"['danswerai', 'feast', 'rasa', 'DeepPavlov', 'open-webui', 'mindsdb', 'determined', 'deeplake', 'mlflow']"
836,8,MemberOf,view,635,Weaknesses Originally Used by NVD from 2008 to 2016,27,89,"['danswerai', 'feast', 'rasa', 'DeepPavlov', 'open-webui', 'mindsdb', 'determined', 'deeplake', 'mlflow']"
837,9,MemberOf,category,713,OWASP Top Ten 2007 Category A2 - Injection Flaws,27,89,"['danswerai', 'feast', 'rasa', 'DeepPavlov', 'open-webui', 'mindsdb', 'determined', 'deeplake', 'mlflow']"
838,10,MemberOf,category,722,OWASP Top Ten 2004 Category A1 - Unvalidated Input,27,89,"['danswerai', 'feast', 'rasa', 'DeepPavlov', 'open-webui', 'mindsdb', 'determined', 'deeplake', 'mlflow']"
839,11,MemberOf,category,727,OWASP Top Ten 2004 Category A6 - Injection Flaws,27,89,"['danswerai', 'feast', 'rasa', 'DeepPavlov', 'open-webui', 'mindsdb', 'determined', 'deeplake', 'mlflow']"
840,12,MemberOf,category,751,2009 Top 25 - Insecure Interaction Between Components,27,89,"['danswerai', 'feast', 'rasa', 'DeepPavlov', 'open-webui', 'mindsdb', 'determined', 'deeplake', 'mlflow']"
841,13,MemberOf,category,801,2010 Top 25 - Insecure Interaction Between Components,27,89,"['danswerai', 'feast', 'rasa', 'DeepPavlov', 'open-webui', 'mindsdb', 'determined', 'deeplake', 'mlflow']"
842,14,MemberOf,category,810,OWASP Top Ten 2010 Category A1 - Injection,27,89,"['danswerai', 'feast', 'rasa', 'DeepPavlov', 'open-webui', 'mindsdb', 'determined', 'deeplake', 'mlflow']"
843,15,MemberOf,category,864,2011 Top 25 - Insecure Interaction Between Components,27,89,"['danswerai', 'feast', 'rasa', 'DeepPavlov', 'open-webui', 'mindsdb', 'determined', 'deeplake', 'mlflow']"
844,16,MemberOf,view,884,CWE Cross-section,27,89,"['danswerai', 'feast', 'rasa', 'DeepPavlov', 'open-webui', 'mindsdb', 'determined', 'deeplake', 'mlflow']"
845,17,MemberOf,category,929,OWASP Top Ten 2013 Category A1 - Injection,27,89,"['danswerai', 'feast', 'rasa', 'DeepPavlov', 'open-webui', 'mindsdb', 'determined', 'deeplake', 'mlflow']"
846,18,MemberOf,category,990,SFP Secondary Cluster: Tainted Input to Command,27,89,"['danswerai', 'feast', 'rasa', 'DeepPavlov', 'open-webui', 'mindsdb', 'determined', 'deeplake', 'mlflow']"
847,19,MemberOf,category,1005,7PK - Input Validation and Representation,27,89,"['danswerai', 'feast', 'rasa', 'DeepPavlov', 'open-webui', 'mindsdb', 'determined', 'deeplake', 'mlflow']"
848,20,MemberOf,category,1027,OWASP Top Ten 2017 Category A1 - Injection,27,89,"['danswerai', 'feast', 'rasa', 'DeepPavlov', 'open-webui', 'mindsdb', 'determined', 'deeplake', 'mlflow']"
849,21,MemberOf,category,1131,CISQ Quality Measures (2016) - Security,27,89,"['danswerai', 'feast', 'rasa', 'DeepPavlov', 'open-webui', 'mindsdb', 'determined', 'deeplake', 'mlflow']"
850,22,MemberOf,view,1200,Weaknesses in the 2019 CWE Top 25 Most Dangerous Software Errors,27,89,"['danswerai', 'feast', 'rasa', 'DeepPavlov', 'open-webui', 'mindsdb', 'determined', 'deeplake', 'mlflow']"
851,23,MemberOf,category,1308,CISQ Quality Measures - Security,27,89,"['danswerai', 'feast', 'rasa', 'DeepPavlov', 'open-webui', 'mindsdb', 'determined', 'deeplake', 'mlflow']"
852,24,MemberOf,view,1337,Weaknesses in the 2021 CWE Top 25 Most Dangerous Software Weaknesses,27,89,"['danswerai', 'feast', 'rasa', 'DeepPavlov', 'open-webui', 'mindsdb', 'determined', 'deeplake', 'mlflow']"
853,25,MemberOf,view,1340,CISQ Data Protection Measures,27,89,"['danswerai', 'feast', 'rasa', 'DeepPavlov', 'open-webui', 'mindsdb', 'determined', 'deeplake', 'mlflow']"
854,26,MemberOf,category,1347,OWASP Top Ten 2021 Category A03:2021 - Injection,27,89,"['danswerai', 'feast', 'rasa', 'DeepPavlov', 'open-webui', 'mindsdb', 'determined', 'deeplake', 'mlflow']"
855,27,MemberOf,view,1350,Weaknesses in the 2020 CWE Top 25 Most Dangerous Software Weaknesses,27,89,"['danswerai', 'feast', 'rasa', 'DeepPavlov', 'open-webui', 'mindsdb', 'determined', 'deeplake', 'mlflow']"
856,28,MemberOf,view,1387,Weaknesses in the 2022 CWE Top 25 Most Dangerous Software Weaknesses,27,89,"['danswerai', 'feast', 'rasa', 'DeepPavlov', 'open-webui', 'mindsdb', 'determined', 'deeplake', 'mlflow']"
857,29,MemberOf,category,1409,Comprehensive Categorization: Injection,27,89,"['danswerai', 'feast', 'rasa', 'DeepPavlov', 'open-webui', 'mindsdb', 'determined', 'deeplake', 'mlflow']"
858,30,MemberOf,view,1425,Weaknesses in the 2023 CWE Top 25 Most Dangerous Software Weaknesses,27,89,"['danswerai', 'feast', 'rasa', 'DeepPavlov', 'open-webui', 'mindsdb', 'determined', 'deeplake', 'mlflow']"
859,31,MemberOf,view,1430,Weaknesses in the 2024 CWE Top 25 Most Dangerous Software Weaknesses,27,89,"['danswerai', 'feast', 'rasa', 'DeepPavlov', 'open-webui', 'mindsdb', 'determined', 'deeplake', 'mlflow']"
860,32,MemberOf,view,1435,Weaknesses in the 2025 CWE Top 25 Most Dangerous Software Weaknesses,27,89,"['danswerai', 'feast', 'rasa', 'DeepPavlov', 'open-webui', 'mindsdb', 'determined', 'deeplake', 'mlflow']"
861,33,MemberOf,category,1440,OWASP Top Ten 2025 Category A05:2025 - Injection,27,89,"['danswerai', 'feast', 'rasa', 'DeepPavlov', 'open-webui', 'mindsdb', 'determined', 'deeplake', 'mlflow']"
862,34,Self,base,89,,27,89,"['danswerai', 'feast', 'rasa', 'DeepPavlov', 'open-webui', 'mindsdb', 'determined', 'deeplake', 'mlflow']"
863,0,ChildOf,class,407,Inefficient Algorithmic Complexity,289,1333,"['danswerai', 'DIGITS', 'LightGBM', 'open-webui', 'CoreNLP', 'chainer', 'bokeh', 'determined', 'blaze', 'xgboost', 'catboost', 'jProcessing', 'typer', 'dash', 'ViZDoom', 'langflow', 'pyqtgraph', 'bentoml', 'caffe', 'tensorflow', 'numpy', 'haystack', 'pymc', 'PyTorchCV', 'retro', 'pebl', 'bigartm', 'gensim', 'ray', 'skll', 'emcee', 'vigra', 'deepchecks', 'pgmpy', 'pydantic', 'zipline', 'mars', 'jax', 'mlflow', 'DrQA', 'lambdo', 'scikit-learn', 'zpar', 'streamlit', 'pytorch', 'cortex', 'scikit-learn-intelex', 'DeepPavlov', 'mindsdb', 'pytorch-lightning', 'gradio', 'dirty_cat', 'xlearn', 'transformers', 'ColossalAI', 'vispy', 'pattern', 'DI-engine', 'pyss3', 'lightning-bolts']"
864,1,MemberOf,category,1226,Complexity Issues,289,1333,"['danswerai', 'DIGITS', 'LightGBM', 'open-webui', 'CoreNLP', 'chainer', 'bokeh', 'determined', 'blaze', 'xgboost', 'catboost', 'jProcessing', 'typer', 'dash', 'ViZDoom', 'langflow', 'pyqtgraph', 'bentoml', 'caffe', 'tensorflow', 'numpy', 'haystack', 'pymc', 'PyTorchCV', 'retro', 'pebl', 'bigartm', 'gensim', 'ray', 'skll', 'emcee', 'vigra', 'deepchecks', 'pgmpy', 'pydantic', 'zipline', 'mars', 'jax', 'mlflow', 'DrQA', 'lambdo', 'scikit-learn', 'zpar', 'streamlit', 'pytorch', 'cortex', 'scikit-learn-intelex', 'DeepPavlov', 'mindsdb', 'pytorch-lightning', 'gradio', 'dirty_cat', 'xlearn', 'transformers', 'ColossalAI', 'vispy', 'pattern', 'DI-engine', 'pyss3', 'lightning-bolts']"
865,2,ChildOf,class,407,Inefficient Algorithmic Complexity,289,1333,"['danswerai', 'DIGITS', 'LightGBM', 'open-webui', 'CoreNLP', 'chainer', 'bokeh', 'determined', 'blaze', 'xgboost', 'catboost', 'jProcessing', 'typer', 'dash', 'ViZDoom', 'langflow', 'pyqtgraph', 'bentoml', 'caffe', 'tensorflow', 'numpy', 'haystack', 'pymc', 'PyTorchCV', 'retro', 'pebl', 'bigartm', 'gensim', 'ray', 'skll', 'emcee', 'vigra', 'deepchecks', 'pgmpy', 'pydantic', 'zipline', 'mars', 'jax', 'mlflow', 'DrQA', 'lambdo', 'scikit-learn', 'zpar', 'streamlit', 'pytorch', 'cortex', 'scikit-learn-intelex', 'DeepPavlov', 'mindsdb', 'pytorch-lightning', 'gradio', 'dirty_cat', 'xlearn', 'transformers', 'ColossalAI', 'vispy', 'pattern', 'DI-engine', 'pyss3', 'lightning-bolts']"
866,3,MemberOf,category,1416,Comprehensive Categorization: Resource Lifecycle Management,289,1333,"['danswerai', 'DIGITS', 'LightGBM', 'open-webui', 'CoreNLP', 'chainer', 'bokeh', 'determined', 'blaze', 'xgboost', 'catboost', 'jProcessing', 'typer', 'dash', 'ViZDoom', 'langflow', 'pyqtgraph', 'bentoml', 'caffe', 'tensorflow', 'numpy', 'haystack', 'pymc', 'PyTorchCV', 'retro', 'pebl', 'bigartm', 'gensim', 'ray', 'skll', 'emcee', 'vigra', 'deepchecks', 'pgmpy', 'pydantic', 'zipline', 'mars', 'jax', 'mlflow', 'DrQA', 'lambdo', 'scikit-learn', 'zpar', 'streamlit', 'pytorch', 'cortex', 'scikit-learn-intelex', 'DeepPavlov', 'mindsdb', 'pytorch-lightning', 'gradio', 'dirty_cat', 'xlearn', 'transformers', 'ColossalAI', 'vispy', 'pattern', 'DI-engine', 'pyss3', 'lightning-bolts']"
867,4,Self,base,1333,,289,1333,"['danswerai', 'DIGITS', 'LightGBM', 'open-webui', 'CoreNLP', 'chainer', 'bokeh', 'determined', 'blaze', 'xgboost', 'catboost', 'jProcessing', 'typer', 'dash', 'ViZDoom', 'langflow', 'pyqtgraph', 'bentoml', 'caffe', 'tensorflow', 'numpy', 'haystack', 'pymc', 'PyTorchCV', 'retro', 'pebl', 'bigartm', 'gensim', 'ray', 'skll', 'emcee', 'vigra', 'deepchecks', 'pgmpy', 'pydantic', 'zipline', 'mars', 'jax', 'mlflow', 'DrQA', 'lambdo', 'scikit-learn', 'zpar', 'streamlit', 'pytorch', 'cortex', 'scikit-learn-intelex', 'DeepPavlov', 'mindsdb', 'pytorch-lightning', 'gradio', 'dirty_cat', 'xlearn', 'transformers', 'ColossalAI', 'vispy', 'pattern', 'DI-engine', 'pyss3', 'lightning-bolts']"
868,0,ChildOf,pillar,664,Improper Control of a Resource Through its Lifetime,289,400,"['danswerai', 'DIGITS', 'LightGBM', 'open-webui', 'CoreNLP', 'chainer', 'bokeh', 'determined', 'blaze', 'xgboost', 'catboost', 'jProcessing', 'typer', 'dash', 'ViZDoom', 'langflow', 'pyqtgraph', 'bentoml', 'caffe', 'tensorflow', 'numpy', 'haystack', 'pymc', 'PyTorchCV', 'retro', 'pebl', 'bigartm', 'gensim', 'ray', 'skll', 'emcee', 'vigra', 'deepchecks', 'pgmpy', 'pydantic', 'zipline', 'mars', 'jax', 'mlflow', 'DrQA', 'lambdo', 'scikit-learn', 'zpar', 'streamlit', 'pytorch', 'rasa', 'cortex', 'scikit-learn-intelex', 'DeepPavlov', 'mindsdb', 'pytorch-lightning', 'gradio', 'dirty_cat', 'xlearn', 'transformers', 'ColossalAI', 'vispy', 'pattern', 'DI-engine', 'pyss3', 'lightning-bolts']"
869,1,ParentOf,class,405,Asymmetric Resource Consumption (Amplification),289,400,"['danswerai', 'DIGITS', 'LightGBM', 'open-webui', 'CoreNLP', 'chainer', 'bokeh', 'determined', 'blaze', 'xgboost', 'catboost', 'jProcessing', 'typer', 'dash', 'ViZDoom', 'langflow', 'pyqtgraph', 'bentoml', 'caffe', 'tensorflow', 'numpy', 'haystack', 'pymc', 'PyTorchCV', 'retro', 'pebl', 'bigartm', 'gensim', 'ray', 'skll', 'emcee', 'vigra', 'deepchecks', 'pgmpy', 'pydantic', 'zipline', 'mars', 'jax', 'mlflow', 'DrQA', 'lambdo', 'scikit-learn', 'zpar', 'streamlit', 'pytorch', 'rasa', 'cortex', 'scikit-learn-intelex', 'DeepPavlov', 'mindsdb', 'pytorch-lightning', 'gradio', 'dirty_cat', 'xlearn', 'transformers', 'ColossalAI', 'vispy', 'pattern', 'DI-engine', 'pyss3', 'lightning-bolts']"
870,2,ParentOf,base,770,Allocation of Resources Without Limits or Throttling,289,400,"['danswerai', 'DIGITS', 'LightGBM', 'open-webui', 'CoreNLP', 'chainer', 'bokeh', 'determined', 'blaze', 'xgboost', 'catboost', 'jProcessing', 'typer', 'dash', 'ViZDoom', 'langflow', 'pyqtgraph', 'bentoml', 'caffe', 'tensorflow', 'numpy', 'haystack', 'pymc', 'PyTorchCV', 'retro', 'pebl', 'bigartm', 'gensim', 'ray', 'skll', 'emcee', 'vigra', 'deepchecks', 'pgmpy', 'pydantic', 'zipline', 'mars', 'jax', 'mlflow', 'DrQA', 'lambdo', 'scikit-learn', 'zpar', 'streamlit', 'pytorch', 'rasa', 'cortex', 'scikit-learn-intelex', 'DeepPavlov', 'mindsdb', 'pytorch-lightning', 'gradio', 'dirty_cat', 'xlearn', 'transformers', 'ColossalAI', 'vispy', 'pattern', 'DI-engine', 'pyss3', 'lightning-bolts']"
871,3,ParentOf,base,771,Missing Reference to Active Allocated Resource,289,400,"['danswerai', 'DIGITS', 'LightGBM', 'open-webui', 'CoreNLP', 'chainer', 'bokeh', 'determined', 'blaze', 'xgboost', 'catboost', 'jProcessing', 'typer', 'dash', 'ViZDoom', 'langflow', 'pyqtgraph', 'bentoml', 'caffe', 'tensorflow', 'numpy', 'haystack', 'pymc', 'PyTorchCV', 'retro', 'pebl', 'bigartm', 'gensim', 'ray', 'skll', 'emcee', 'vigra', 'deepchecks', 'pgmpy', 'pydantic', 'zipline', 'mars', 'jax', 'mlflow', 'DrQA', 'lambdo', 'scikit-learn', 'zpar', 'streamlit', 'pytorch', 'rasa', 'cortex', 'scikit-learn-intelex', 'DeepPavlov', 'mindsdb', 'pytorch-lightning', 'gradio', 'dirty_cat', 'xlearn', 'transformers', 'ColossalAI', 'vispy', 'pattern', 'DI-engine', 'pyss3', 'lightning-bolts']"
872,4,ParentOf,base,779,Logging of Excessive Data,289,400,"['danswerai', 'DIGITS', 'LightGBM', 'open-webui', 'CoreNLP', 'chainer', 'bokeh', 'determined', 'blaze', 'xgboost', 'catboost', 'jProcessing', 'typer', 'dash', 'ViZDoom', 'langflow', 'pyqtgraph', 'bentoml', 'caffe', 'tensorflow', 'numpy', 'haystack', 'pymc', 'PyTorchCV', 'retro', 'pebl', 'bigartm', 'gensim', 'ray', 'skll', 'emcee', 'vigra', 'deepchecks', 'pgmpy', 'pydantic', 'zipline', 'mars', 'jax', 'mlflow', 'DrQA', 'lambdo', 'scikit-learn', 'zpar', 'streamlit', 'pytorch', 'rasa', 'cortex', 'scikit-learn-intelex', 'DeepPavlov', 'mindsdb', 'pytorch-lightning', 'gradio', 'dirty_cat', 'xlearn', 'transformers', 'ColossalAI', 'vispy', 'pattern', 'DI-engine', 'pyss3', 'lightning-bolts']"
873,5,ParentOf,base,920,Improper Restriction of Power Consumption,289,400,"['danswerai', 'DIGITS', 'LightGBM', 'open-webui', 'CoreNLP', 'chainer', 'bokeh', 'determined', 'blaze', 'xgboost', 'catboost', 'jProcessing', 'typer', 'dash', 'ViZDoom', 'langflow', 'pyqtgraph', 'bentoml', 'caffe', 'tensorflow', 'numpy', 'haystack', 'pymc', 'PyTorchCV', 'retro', 'pebl', 'bigartm', 'gensim', 'ray', 'skll', 'emcee', 'vigra', 'deepchecks', 'pgmpy', 'pydantic', 'zipline', 'mars', 'jax', 'mlflow', 'DrQA', 'lambdo', 'scikit-learn', 'zpar', 'streamlit', 'pytorch', 'rasa', 'cortex', 'scikit-learn-intelex', 'DeepPavlov', 'mindsdb', 'pytorch-lightning', 'gradio', 'dirty_cat', 'xlearn', 'transformers', 'ColossalAI', 'vispy', 'pattern', 'DI-engine', 'pyss3', 'lightning-bolts']"
874,6,ParentOf,base,1235,Incorrect Use of Autoboxing and Unboxing for Performance Critical Operations,289,400,"['danswerai', 'DIGITS', 'LightGBM', 'open-webui', 'CoreNLP', 'chainer', 'bokeh', 'determined', 'blaze', 'xgboost', 'catboost', 'jProcessing', 'typer', 'dash', 'ViZDoom', 'langflow', 'pyqtgraph', 'bentoml', 'caffe', 'tensorflow', 'numpy', 'haystack', 'pymc', 'PyTorchCV', 'retro', 'pebl', 'bigartm', 'gensim', 'ray', 'skll', 'emcee', 'vigra', 'deepchecks', 'pgmpy', 'pydantic', 'zipline', 'mars', 'jax', 'mlflow', 'DrQA', 'lambdo', 'scikit-learn', 'zpar', 'streamlit', 'pytorch', 'rasa', 'cortex', 'scikit-learn-intelex', 'DeepPavlov', 'mindsdb', 'pytorch-lightning', 'gradio', 'dirty_cat', 'xlearn', 'transformers', 'ColossalAI', 'vispy', 'pattern', 'DI-engine', 'pyss3', 'lightning-bolts']"
875,7,ParentOf,base,1246,Improper Write Handling in Limited-write Non-Volatile Memories,289,400,"['danswerai', 'DIGITS', 'LightGBM', 'open-webui', 'CoreNLP', 'chainer', 'bokeh', 'determined', 'blaze', 'xgboost', 'catboost', 'jProcessing', 'typer', 'dash', 'ViZDoom', 'langflow', 'pyqtgraph', 'bentoml', 'caffe', 'tensorflow', 'numpy', 'haystack', 'pymc', 'PyTorchCV', 'retro', 'pebl', 'bigartm', 'gensim', 'ray', 'skll', 'emcee', 'vigra', 'deepchecks', 'pgmpy', 'pydantic', 'zipline', 'mars', 'jax', 'mlflow', 'DrQA', 'lambdo', 'scikit-learn', 'zpar', 'streamlit', 'pytorch', 'rasa', 'cortex', 'scikit-learn-intelex', 'DeepPavlov', 'mindsdb', 'pytorch-lightning', 'gradio', 'dirty_cat', 'xlearn', 'transformers', 'ColossalAI', 'vispy', 'pattern', 'DI-engine', 'pyss3', 'lightning-bolts']"
876,8,CanFollow,class,410,Insufficient Resource Pool,289,400,"['danswerai', 'DIGITS', 'LightGBM', 'open-webui', 'CoreNLP', 'chainer', 'bokeh', 'determined', 'blaze', 'xgboost', 'catboost', 'jProcessing', 'typer', 'dash', 'ViZDoom', 'langflow', 'pyqtgraph', 'bentoml', 'caffe', 'tensorflow', 'numpy', 'haystack', 'pymc', 'PyTorchCV', 'retro', 'pebl', 'bigartm', 'gensim', 'ray', 'skll', 'emcee', 'vigra', 'deepchecks', 'pgmpy', 'pydantic', 'zipline', 'mars', 'jax', 'mlflow', 'DrQA', 'lambdo', 'scikit-learn', 'zpar', 'streamlit', 'pytorch', 'rasa', 'cortex', 'scikit-learn-intelex', 'DeepPavlov', 'mindsdb', 'pytorch-lightning', 'gradio', 'dirty_cat', 'xlearn', 'transformers', 'ColossalAI', 'vispy', 'pattern', 'DI-engine', 'pyss3', 'lightning-bolts']"
877,9,MemberOf,view,1003,Weaknesses for Simplified Mapping of Published Vulnerabilities,289,400,"['danswerai', 'DIGITS', 'LightGBM', 'open-webui', 'CoreNLP', 'chainer', 'bokeh', 'determined', 'blaze', 'xgboost', 'catboost', 'jProcessing', 'typer', 'dash', 'ViZDoom', 'langflow', 'pyqtgraph', 'bentoml', 'caffe', 'tensorflow', 'numpy', 'haystack', 'pymc', 'PyTorchCV', 'retro', 'pebl', 'bigartm', 'gensim', 'ray', 'skll', 'emcee', 'vigra', 'deepchecks', 'pgmpy', 'pydantic', 'zipline', 'mars', 'jax', 'mlflow', 'DrQA', 'lambdo', 'scikit-learn', 'zpar', 'streamlit', 'pytorch', 'rasa', 'cortex', 'scikit-learn-intelex', 'DeepPavlov', 'mindsdb', 'pytorch-lightning', 'gradio', 'dirty_cat', 'xlearn', 'transformers', 'ColossalAI', 'vispy', 'pattern', 'DI-engine', 'pyss3', 'lightning-bolts']"
878,10,ParentOf,base,770,Allocation of Resources Without Limits or Throttling,289,400,"['danswerai', 'DIGITS', 'LightGBM', 'open-webui', 'CoreNLP', 'chainer', 'bokeh', 'determined', 'blaze', 'xgboost', 'catboost', 'jProcessing', 'typer', 'dash', 'ViZDoom', 'langflow', 'pyqtgraph', 'bentoml', 'caffe', 'tensorflow', 'numpy', 'haystack', 'pymc', 'PyTorchCV', 'retro', 'pebl', 'bigartm', 'gensim', 'ray', 'skll', 'emcee', 'vigra', 'deepchecks', 'pgmpy', 'pydantic', 'zipline', 'mars', 'jax', 'mlflow', 'DrQA', 'lambdo', 'scikit-learn', 'zpar', 'streamlit', 'pytorch', 'rasa', 'cortex', 'scikit-learn-intelex', 'DeepPavlov', 'mindsdb', 'pytorch-lightning', 'gradio', 'dirty_cat', 'xlearn', 'transformers', 'ColossalAI', 'vispy', 'pattern', 'DI-engine', 'pyss3', 'lightning-bolts']"
879,11,ParentOf,base,920,Improper Restriction of Power Consumption,289,400,"['danswerai', 'DIGITS', 'LightGBM', 'open-webui', 'CoreNLP', 'chainer', 'bokeh', 'determined', 'blaze', 'xgboost', 'catboost', 'jProcessing', 'typer', 'dash', 'ViZDoom', 'langflow', 'pyqtgraph', 'bentoml', 'caffe', 'tensorflow', 'numpy', 'haystack', 'pymc', 'PyTorchCV', 'retro', 'pebl', 'bigartm', 'gensim', 'ray', 'skll', 'emcee', 'vigra', 'deepchecks', 'pgmpy', 'pydantic', 'zipline', 'mars', 'jax', 'mlflow', 'DrQA', 'lambdo', 'scikit-learn', 'zpar', 'streamlit', 'pytorch', 'rasa', 'cortex', 'scikit-learn-intelex', 'DeepPavlov', 'mindsdb', 'pytorch-lightning', 'gradio', 'dirty_cat', 'xlearn', 'transformers', 'ColossalAI', 'vispy', 'pattern', 'DI-engine', 'pyss3', 'lightning-bolts']"
880,12,MemberOf,category,730,OWASP Top Ten 2004 Category A9 - Denial of Service,289,400,"['danswerai', 'DIGITS', 'LightGBM', 'open-webui', 'CoreNLP', 'chainer', 'bokeh', 'determined', 'blaze', 'xgboost', 'catboost', 'jProcessing', 'typer', 'dash', 'ViZDoom', 'langflow', 'pyqtgraph', 'bentoml', 'caffe', 'tensorflow', 'numpy', 'haystack', 'pymc', 'PyTorchCV', 'retro', 'pebl', 'bigartm', 'gensim', 'ray', 'skll', 'emcee', 'vigra', 'deepchecks', 'pgmpy', 'pydantic', 'zipline', 'mars', 'jax', 'mlflow', 'DrQA', 'lambdo', 'scikit-learn', 'zpar', 'streamlit', 'pytorch', 'rasa', 'cortex', 'scikit-learn-intelex', 'DeepPavlov', 'mindsdb', 'pytorch-lightning', 'gradio', 'dirty_cat', 'xlearn', 'transformers', 'ColossalAI', 'vispy', 'pattern', 'DI-engine', 'pyss3', 'lightning-bolts']"
881,13,MemberOf,category,858,The CERT Oracle Secure Coding Standard for Java (2011) Chapter 15 - Serialization (SER),289,400,"['danswerai', 'DIGITS', 'LightGBM', 'open-webui', 'CoreNLP', 'chainer', 'bokeh', 'determined', 'blaze', 'xgboost', 'catboost', 'jProcessing', 'typer', 'dash', 'ViZDoom', 'langflow', 'pyqtgraph', 'bentoml', 'caffe', 'tensorflow', 'numpy', 'haystack', 'pymc', 'PyTorchCV', 'retro', 'pebl', 'bigartm', 'gensim', 'ray', 'skll', 'emcee', 'vigra', 'deepchecks', 'pgmpy', 'pydantic', 'zipline', 'mars', 'jax', 'mlflow', 'DrQA', 'lambdo', 'scikit-learn', 'zpar', 'streamlit', 'pytorch', 'rasa', 'cortex', 'scikit-learn-intelex', 'DeepPavlov', 'mindsdb', 'pytorch-lightning', 'gradio', 'dirty_cat', 'xlearn', 'transformers', 'ColossalAI', 'vispy', 'pattern', 'DI-engine', 'pyss3', 'lightning-bolts']"
882,14,MemberOf,category,861,The CERT Oracle Secure Coding Standard for Java (2011) Chapter 18 - Miscellaneous (MSC),289,400,"['danswerai', 'DIGITS', 'LightGBM', 'open-webui', 'CoreNLP', 'chainer', 'bokeh', 'determined', 'blaze', 'xgboost', 'catboost', 'jProcessing', 'typer', 'dash', 'ViZDoom', 'langflow', 'pyqtgraph', 'bentoml', 'caffe', 'tensorflow', 'numpy', 'haystack', 'pymc', 'PyTorchCV', 'retro', 'pebl', 'bigartm', 'gensim', 'ray', 'skll', 'emcee', 'vigra', 'deepchecks', 'pgmpy', 'pydantic', 'zipline', 'mars', 'jax', 'mlflow', 'DrQA', 'lambdo', 'scikit-learn', 'zpar', 'streamlit', 'pytorch', 'rasa', 'cortex', 'scikit-learn-intelex', 'DeepPavlov', 'mindsdb', 'pytorch-lightning', 'gradio', 'dirty_cat', 'xlearn', 'transformers', 'ColossalAI', 'vispy', 'pattern', 'DI-engine', 'pyss3', 'lightning-bolts']"
883,15,MemberOf,view,884,CWE Cross-section,289,400,"['danswerai', 'DIGITS', 'LightGBM', 'open-webui', 'CoreNLP', 'chainer', 'bokeh', 'determined', 'blaze', 'xgboost', 'catboost', 'jProcessing', 'typer', 'dash', 'ViZDoom', 'langflow', 'pyqtgraph', 'bentoml', 'caffe', 'tensorflow', 'numpy', 'haystack', 'pymc', 'PyTorchCV', 'retro', 'pebl', 'bigartm', 'gensim', 'ray', 'skll', 'emcee', 'vigra', 'deepchecks', 'pgmpy', 'pydantic', 'zipline', 'mars', 'jax', 'mlflow', 'DrQA', 'lambdo', 'scikit-learn', 'zpar', 'streamlit', 'pytorch', 'rasa', 'cortex', 'scikit-learn-intelex', 'DeepPavlov', 'mindsdb', 'pytorch-lightning', 'gradio', 'dirty_cat', 'xlearn', 'transformers', 'ColossalAI', 'vispy', 'pattern', 'DI-engine', 'pyss3', 'lightning-bolts']"
884,16,MemberOf,category,985,SFP Secondary Cluster: Unrestricted Consumption,289,400,"['danswerai', 'DIGITS', 'LightGBM', 'open-webui', 'CoreNLP', 'chainer', 'bokeh', 'determined', 'blaze', 'xgboost', 'catboost', 'jProcessing', 'typer', 'dash', 'ViZDoom', 'langflow', 'pyqtgraph', 'bentoml', 'caffe', 'tensorflow', 'numpy', 'haystack', 'pymc', 'PyTorchCV', 'retro', 'pebl', 'bigartm', 'gensim', 'ray', 'skll', 'emcee', 'vigra', 'deepchecks', 'pgmpy', 'pydantic', 'zipline', 'mars', 'jax', 'mlflow', 'DrQA', 'lambdo', 'scikit-learn', 'zpar', 'streamlit', 'pytorch', 'rasa', 'cortex', 'scikit-learn-intelex', 'DeepPavlov', 'mindsdb', 'pytorch-lightning', 'gradio', 'dirty_cat', 'xlearn', 'transformers', 'ColossalAI', 'vispy', 'pattern', 'DI-engine', 'pyss3', 'lightning-bolts']"
885,17,MemberOf,category,1148,SEI CERT Oracle Secure Coding Standard for Java - Guidelines 14. Serialization (SER),289,400,"['danswerai', 'DIGITS', 'LightGBM', 'open-webui', 'CoreNLP', 'chainer', 'bokeh', 'determined', 'blaze', 'xgboost', 'catboost', 'jProcessing', 'typer', 'dash', 'ViZDoom', 'langflow', 'pyqtgraph', 'bentoml', 'caffe', 'tensorflow', 'numpy', 'haystack', 'pymc', 'PyTorchCV', 'retro', 'pebl', 'bigartm', 'gensim', 'ray', 'skll', 'emcee', 'vigra', 'deepchecks', 'pgmpy', 'pydantic', 'zipline', 'mars', 'jax', 'mlflow', 'DrQA', 'lambdo', 'scikit-learn', 'zpar', 'streamlit', 'pytorch', 'rasa', 'cortex', 'scikit-learn-intelex', 'DeepPavlov', 'mindsdb', 'pytorch-lightning', 'gradio', 'dirty_cat', 'xlearn', 'transformers', 'ColossalAI', 'vispy', 'pattern', 'DI-engine', 'pyss3', 'lightning-bolts']"
886,18,MemberOf,category,1152,SEI CERT Oracle Secure Coding Standard for Java - Guidelines 49. Miscellaneous (MSC),289,400,"['danswerai', 'DIGITS', 'LightGBM', 'open-webui', 'CoreNLP', 'chainer', 'bokeh', 'determined', 'blaze', 'xgboost', 'catboost', 'jProcessing', 'typer', 'dash', 'ViZDoom', 'langflow', 'pyqtgraph', 'bentoml', 'caffe', 'tensorflow', 'numpy', 'haystack', 'pymc', 'PyTorchCV', 'retro', 'pebl', 'bigartm', 'gensim', 'ray', 'skll', 'emcee', 'vigra', 'deepchecks', 'pgmpy', 'pydantic', 'zipline', 'mars', 'jax', 'mlflow', 'DrQA', 'lambdo', 'scikit-learn', 'zpar', 'streamlit', 'pytorch', 'rasa', 'cortex', 'scikit-learn-intelex', 'DeepPavlov', 'mindsdb', 'pytorch-lightning', 'gradio', 'dirty_cat', 'xlearn', 'transformers', 'ColossalAI', 'vispy', 'pattern', 'DI-engine', 'pyss3', 'lightning-bolts']"
887,19,MemberOf,view,1200,Weaknesses in the 2019 CWE Top 25 Most Dangerous Software Errors,289,400,"['danswerai', 'DIGITS', 'LightGBM', 'open-webui', 'CoreNLP', 'chainer', 'bokeh', 'determined', 'blaze', 'xgboost', 'catboost', 'jProcessing', 'typer', 'dash', 'ViZDoom', 'langflow', 'pyqtgraph', 'bentoml', 'caffe', 'tensorflow', 'numpy', 'haystack', 'pymc', 'PyTorchCV', 'retro', 'pebl', 'bigartm', 'gensim', 'ray', 'skll', 'emcee', 'vigra', 'deepchecks', 'pgmpy', 'pydantic', 'zipline', 'mars', 'jax', 'mlflow', 'DrQA', 'lambdo', 'scikit-learn', 'zpar', 'streamlit', 'pytorch', 'rasa', 'cortex', 'scikit-learn-intelex', 'DeepPavlov', 'mindsdb', 'pytorch-lightning', 'gradio', 'dirty_cat', 'xlearn', 'transformers', 'ColossalAI', 'vispy', 'pattern', 'DI-engine', 'pyss3', 'lightning-bolts']"
888,20,MemberOf,view,1350,Weaknesses in the 2020 CWE Top 25 Most Dangerous Software Weaknesses,289,400,"['danswerai', 'DIGITS', 'LightGBM', 'open-webui', 'CoreNLP', 'chainer', 'bokeh', 'determined', 'blaze', 'xgboost', 'catboost', 'jProcessing', 'typer', 'dash', 'ViZDoom', 'langflow', 'pyqtgraph', 'bentoml', 'caffe', 'tensorflow', 'numpy', 'haystack', 'pymc', 'PyTorchCV', 'retro', 'pebl', 'bigartm', 'gensim', 'ray', 'skll', 'emcee', 'vigra', 'deepchecks', 'pgmpy', 'pydantic', 'zipline', 'mars', 'jax', 'mlflow', 'DrQA', 'lambdo', 'scikit-learn', 'zpar', 'streamlit', 'pytorch', 'rasa', 'cortex', 'scikit-learn-intelex', 'DeepPavlov', 'mindsdb', 'pytorch-lightning', 'gradio', 'dirty_cat', 'xlearn', 'transformers', 'ColossalAI', 'vispy', 'pattern', 'DI-engine', 'pyss3', 'lightning-bolts']"
889,21,MemberOf,view,1387,Weaknesses in the 2022 CWE Top 25 Most Dangerous Software Weaknesses,289,400,"['danswerai', 'DIGITS', 'LightGBM', 'open-webui', 'CoreNLP', 'chainer', 'bokeh', 'determined', 'blaze', 'xgboost', 'catboost', 'jProcessing', 'typer', 'dash', 'ViZDoom', 'langflow', 'pyqtgraph', 'bentoml', 'caffe', 'tensorflow', 'numpy', 'haystack', 'pymc', 'PyTorchCV', 'retro', 'pebl', 'bigartm', 'gensim', 'ray', 'skll', 'emcee', 'vigra', 'deepchecks', 'pgmpy', 'pydantic', 'zipline', 'mars', 'jax', 'mlflow', 'DrQA', 'lambdo', 'scikit-learn', 'zpar', 'streamlit', 'pytorch', 'rasa', 'cortex', 'scikit-learn-intelex', 'DeepPavlov', 'mindsdb', 'pytorch-lightning', 'gradio', 'dirty_cat', 'xlearn', 'transformers', 'ColossalAI', 'vispy', 'pattern', 'DI-engine', 'pyss3', 'lightning-bolts']"
890,22,MemberOf,category,1416,Comprehensive Categorization: Resource Lifecycle Management,289,400,"['danswerai', 'DIGITS', 'LightGBM', 'open-webui', 'CoreNLP', 'chainer', 'bokeh', 'determined', 'blaze', 'xgboost', 'catboost', 'jProcessing', 'typer', 'dash', 'ViZDoom', 'langflow', 'pyqtgraph', 'bentoml', 'caffe', 'tensorflow', 'numpy', 'haystack', 'pymc', 'PyTorchCV', 'retro', 'pebl', 'bigartm', 'gensim', 'ray', 'skll', 'emcee', 'vigra', 'deepchecks', 'pgmpy', 'pydantic', 'zipline', 'mars', 'jax', 'mlflow', 'DrQA', 'lambdo', 'scikit-learn', 'zpar', 'streamlit', 'pytorch', 'rasa', 'cortex', 'scikit-learn-intelex', 'DeepPavlov', 'mindsdb', 'pytorch-lightning', 'gradio', 'dirty_cat', 'xlearn', 'transformers', 'ColossalAI', 'vispy', 'pattern', 'DI-engine', 'pyss3', 'lightning-bolts']"
891,23,MemberOf,view,1430,Weaknesses in the 2024 CWE Top 25 Most Dangerous Software Weaknesses,289,400,"['danswerai', 'DIGITS', 'LightGBM', 'open-webui', 'CoreNLP', 'chainer', 'bokeh', 'determined', 'blaze', 'xgboost', 'catboost', 'jProcessing', 'typer', 'dash', 'ViZDoom', 'langflow', 'pyqtgraph', 'bentoml', 'caffe', 'tensorflow', 'numpy', 'haystack', 'pymc', 'PyTorchCV', 'retro', 'pebl', 'bigartm', 'gensim', 'ray', 'skll', 'emcee', 'vigra', 'deepchecks', 'pgmpy', 'pydantic', 'zipline', 'mars', 'jax', 'mlflow', 'DrQA', 'lambdo', 'scikit-learn', 'zpar', 'streamlit', 'pytorch', 'rasa', 'cortex', 'scikit-learn-intelex', 'DeepPavlov', 'mindsdb', 'pytorch-lightning', 'gradio', 'dirty_cat', 'xlearn', 'transformers', 'ColossalAI', 'vispy', 'pattern', 'DI-engine', 'pyss3', 'lightning-bolts']"
892,24,Self,class,400,,289,400,"['danswerai', 'DIGITS', 'LightGBM', 'open-webui', 'CoreNLP', 'chainer', 'bokeh', 'determined', 'blaze', 'xgboost', 'catboost', 'jProcessing', 'typer', 'dash', 'ViZDoom', 'langflow', 'pyqtgraph', 'bentoml', 'caffe', 'tensorflow', 'numpy', 'haystack', 'pymc', 'PyTorchCV', 'retro', 'pebl', 'bigartm', 'gensim', 'ray', 'skll', 'emcee', 'vigra', 'deepchecks', 'pgmpy', 'pydantic', 'zipline', 'mars', 'jax', 'mlflow', 'DrQA', 'lambdo', 'scikit-learn', 'zpar', 'streamlit', 'pytorch', 'rasa', 'cortex', 'scikit-learn-intelex', 'DeepPavlov', 'mindsdb', 'pytorch-lightning', 'gradio', 'dirty_cat', 'xlearn', 'transformers', 'ColossalAI', 'vispy', 'pattern', 'DI-engine', 'pyss3', 'lightning-bolts']"
893,0,ChildOf,class,407,Inefficient Algorithmic Complexity,8,1333,"['danswerai', 'DIGITS', 'LightGBM', 'open-webui', 'CoreNLP', 'chainer', 'bokeh', 'determined', 'blaze', 'xgboost', 'catboost', 'jProcessing', 'typer', 'dash', 'ViZDoom', 'langflow', 'pyqtgraph', 'bentoml', 'caffe', 'tensorflow', 'numpy', 'haystack', 'pymc', 'PyTorchCV', 'retro', 'pebl', 'bigartm', 'gensim', 'ray', 'skll', 'emcee', 'vigra', 'deepchecks', 'pgmpy', 'pydantic', 'zipline', 'mars', 'jax', 'mlflow', 'DrQA', 'lambdo', 'scikit-learn', 'zpar', 'streamlit', 'pytorch', 'cortex', 'scikit-learn-intelex', 'DeepPavlov', 'mindsdb', 'pytorch-lightning', 'gradio', 'dirty_cat', 'xlearn', 'transformers', 'ColossalAI', 'vispy', 'pattern', 'DI-engine', 'pyss3', 'lightning-bolts']"
894,1,MemberOf,category,1226,Complexity Issues,8,1333,"['danswerai', 'DIGITS', 'LightGBM', 'open-webui', 'CoreNLP', 'chainer', 'bokeh', 'determined', 'blaze', 'xgboost', 'catboost', 'jProcessing', 'typer', 'dash', 'ViZDoom', 'langflow', 'pyqtgraph', 'bentoml', 'caffe', 'tensorflow', 'numpy', 'haystack', 'pymc', 'PyTorchCV', 'retro', 'pebl', 'bigartm', 'gensim', 'ray', 'skll', 'emcee', 'vigra', 'deepchecks', 'pgmpy', 'pydantic', 'zipline', 'mars', 'jax', 'mlflow', 'DrQA', 'lambdo', 'scikit-learn', 'zpar', 'streamlit', 'pytorch', 'cortex', 'scikit-learn-intelex', 'DeepPavlov', 'mindsdb', 'pytorch-lightning', 'gradio', 'dirty_cat', 'xlearn', 'transformers', 'ColossalAI', 'vispy', 'pattern', 'DI-engine', 'pyss3', 'lightning-bolts']"
895,2,ChildOf,class,407,Inefficient Algorithmic Complexity,8,1333,"['danswerai', 'DIGITS', 'LightGBM', 'open-webui', 'CoreNLP', 'chainer', 'bokeh', 'determined', 'blaze', 'xgboost', 'catboost', 'jProcessing', 'typer', 'dash', 'ViZDoom', 'langflow', 'pyqtgraph', 'bentoml', 'caffe', 'tensorflow', 'numpy', 'haystack', 'pymc', 'PyTorchCV', 'retro', 'pebl', 'bigartm', 'gensim', 'ray', 'skll', 'emcee', 'vigra', 'deepchecks', 'pgmpy', 'pydantic', 'zipline', 'mars', 'jax', 'mlflow', 'DrQA', 'lambdo', 'scikit-learn', 'zpar', 'streamlit', 'pytorch', 'cortex', 'scikit-learn-intelex', 'DeepPavlov', 'mindsdb', 'pytorch-lightning', 'gradio', 'dirty_cat', 'xlearn', 'transformers', 'ColossalAI', 'vispy', 'pattern', 'DI-engine', 'pyss3', 'lightning-bolts']"
896,3,MemberOf,category,1416,Comprehensive Categorization: Resource Lifecycle Management,8,1333,"['danswerai', 'DIGITS', 'LightGBM', 'open-webui', 'CoreNLP', 'chainer', 'bokeh', 'determined', 'blaze', 'xgboost', 'catboost', 'jProcessing', 'typer', 'dash', 'ViZDoom', 'langflow', 'pyqtgraph', 'bentoml', 'caffe', 'tensorflow', 'numpy', 'haystack', 'pymc', 'PyTorchCV', 'retro', 'pebl', 'bigartm', 'gensim', 'ray', 'skll', 'emcee', 'vigra', 'deepchecks', 'pgmpy', 'pydantic', 'zipline', 'mars', 'jax', 'mlflow', 'DrQA', 'lambdo', 'scikit-learn', 'zpar', 'streamlit', 'pytorch', 'cortex', 'scikit-learn-intelex', 'DeepPavlov', 'mindsdb', 'pytorch-lightning', 'gradio', 'dirty_cat', 'xlearn', 'transformers', 'ColossalAI', 'vispy', 'pattern', 'DI-engine', 'pyss3', 'lightning-bolts']"
897,4,Self,base,1333,,8,1333,"['danswerai', 'DIGITS', 'LightGBM', 'open-webui', 'CoreNLP', 'chainer', 'bokeh', 'determined', 'blaze', 'xgboost', 'catboost', 'jProcessing', 'typer', 'dash', 'ViZDoom', 'langflow', 'pyqtgraph', 'bentoml', 'caffe', 'tensorflow', 'numpy', 'haystack', 'pymc', 'PyTorchCV', 'retro', 'pebl', 'bigartm', 'gensim', 'ray', 'skll', 'emcee', 'vigra', 'deepchecks', 'pgmpy', 'pydantic', 'zipline', 'mars', 'jax', 'mlflow', 'DrQA', 'lambdo', 'scikit-learn', 'zpar', 'streamlit', 'pytorch', 'cortex', 'scikit-learn-intelex', 'DeepPavlov', 'mindsdb', 'pytorch-lightning', 'gradio', 'dirty_cat', 'xlearn', 'transformers', 'ColossalAI', 'vispy', 'pattern', 'DI-engine', 'pyss3', 'lightning-bolts']"
898,0,ChildOf,pillar,664,Improper Control of a Resource Through its Lifetime,8,400,"['danswerai', 'DIGITS', 'LightGBM', 'open-webui', 'CoreNLP', 'chainer', 'bokeh', 'determined', 'blaze', 'xgboost', 'catboost', 'jProcessing', 'typer', 'dash', 'ViZDoom', 'langflow', 'pyqtgraph', 'bentoml', 'caffe', 'tensorflow', 'numpy', 'haystack', 'pymc', 'PyTorchCV', 'retro', 'pebl', 'bigartm', 'gensim', 'ray', 'skll', 'emcee', 'vigra', 'deepchecks', 'pgmpy', 'pydantic', 'zipline', 'mars', 'jax', 'mlflow', 'DrQA', 'lambdo', 'scikit-learn', 'zpar', 'streamlit', 'pytorch', 'rasa', 'cortex', 'scikit-learn-intelex', 'DeepPavlov', 'mindsdb', 'pytorch-lightning', 'gradio', 'dirty_cat', 'xlearn', 'transformers', 'ColossalAI', 'vispy', 'pattern', 'DI-engine', 'pyss3', 'lightning-bolts']"
899,1,ParentOf,class,405,Asymmetric Resource Consumption (Amplification),8,400,"['danswerai', 'DIGITS', 'LightGBM', 'open-webui', 'CoreNLP', 'chainer', 'bokeh', 'determined', 'blaze', 'xgboost', 'catboost', 'jProcessing', 'typer', 'dash', 'ViZDoom', 'langflow', 'pyqtgraph', 'bentoml', 'caffe', 'tensorflow', 'numpy', 'haystack', 'pymc', 'PyTorchCV', 'retro', 'pebl', 'bigartm', 'gensim', 'ray', 'skll', 'emcee', 'vigra', 'deepchecks', 'pgmpy', 'pydantic', 'zipline', 'mars', 'jax', 'mlflow', 'DrQA', 'lambdo', 'scikit-learn', 'zpar', 'streamlit', 'pytorch', 'rasa', 'cortex', 'scikit-learn-intelex', 'DeepPavlov', 'mindsdb', 'pytorch-lightning', 'gradio', 'dirty_cat', 'xlearn', 'transformers', 'ColossalAI', 'vispy', 'pattern', 'DI-engine', 'pyss3', 'lightning-bolts']"
900,2,ParentOf,base,770,Allocation of Resources Without Limits or Throttling,8,400,"['danswerai', 'DIGITS', 'LightGBM', 'open-webui', 'CoreNLP', 'chainer', 'bokeh', 'determined', 'blaze', 'xgboost', 'catboost', 'jProcessing', 'typer', 'dash', 'ViZDoom', 'langflow', 'pyqtgraph', 'bentoml', 'caffe', 'tensorflow', 'numpy', 'haystack', 'pymc', 'PyTorchCV', 'retro', 'pebl', 'bigartm', 'gensim', 'ray', 'skll', 'emcee', 'vigra', 'deepchecks', 'pgmpy', 'pydantic', 'zipline', 'mars', 'jax', 'mlflow', 'DrQA', 'lambdo', 'scikit-learn', 'zpar', 'streamlit', 'pytorch', 'rasa', 'cortex', 'scikit-learn-intelex', 'DeepPavlov', 'mindsdb', 'pytorch-lightning', 'gradio', 'dirty_cat', 'xlearn', 'transformers', 'ColossalAI', 'vispy', 'pattern', 'DI-engine', 'pyss3', 'lightning-bolts']"
901,3,ParentOf,base,771,Missing Reference to Active Allocated Resource,8,400,"['danswerai', 'DIGITS', 'LightGBM', 'open-webui', 'CoreNLP', 'chainer', 'bokeh', 'determined', 'blaze', 'xgboost', 'catboost', 'jProcessing', 'typer', 'dash', 'ViZDoom', 'langflow', 'pyqtgraph', 'bentoml', 'caffe', 'tensorflow', 'numpy', 'haystack', 'pymc', 'PyTorchCV', 'retro', 'pebl', 'bigartm', 'gensim', 'ray', 'skll', 'emcee', 'vigra', 'deepchecks', 'pgmpy', 'pydantic', 'zipline', 'mars', 'jax', 'mlflow', 'DrQA', 'lambdo', 'scikit-learn', 'zpar', 'streamlit', 'pytorch', 'rasa', 'cortex', 'scikit-learn-intelex', 'DeepPavlov', 'mindsdb', 'pytorch-lightning', 'gradio', 'dirty_cat', 'xlearn', 'transformers', 'ColossalAI', 'vispy', 'pattern', 'DI-engine', 'pyss3', 'lightning-bolts']"
902,4,ParentOf,base,779,Logging of Excessive Data,8,400,"['danswerai', 'DIGITS', 'LightGBM', 'open-webui', 'CoreNLP', 'chainer', 'bokeh', 'determined', 'blaze', 'xgboost', 'catboost', 'jProcessing', 'typer', 'dash', 'ViZDoom', 'langflow', 'pyqtgraph', 'bentoml', 'caffe', 'tensorflow', 'numpy', 'haystack', 'pymc', 'PyTorchCV', 'retro', 'pebl', 'bigartm', 'gensim', 'ray', 'skll', 'emcee', 'vigra', 'deepchecks', 'pgmpy', 'pydantic', 'zipline', 'mars', 'jax', 'mlflow', 'DrQA', 'lambdo', 'scikit-learn', 'zpar', 'streamlit', 'pytorch', 'rasa', 'cortex', 'scikit-learn-intelex', 'DeepPavlov', 'mindsdb', 'pytorch-lightning', 'gradio', 'dirty_cat', 'xlearn', 'transformers', 'ColossalAI', 'vispy', 'pattern', 'DI-engine', 'pyss3', 'lightning-bolts']"
903,5,ParentOf,base,920,Improper Restriction of Power Consumption,8,400,"['danswerai', 'DIGITS', 'LightGBM', 'open-webui', 'CoreNLP', 'chainer', 'bokeh', 'determined', 'blaze', 'xgboost', 'catboost', 'jProcessing', 'typer', 'dash', 'ViZDoom', 'langflow', 'pyqtgraph', 'bentoml', 'caffe', 'tensorflow', 'numpy', 'haystack', 'pymc', 'PyTorchCV', 'retro', 'pebl', 'bigartm', 'gensim', 'ray', 'skll', 'emcee', 'vigra', 'deepchecks', 'pgmpy', 'pydantic', 'zipline', 'mars', 'jax', 'mlflow', 'DrQA', 'lambdo', 'scikit-learn', 'zpar', 'streamlit', 'pytorch', 'rasa', 'cortex', 'scikit-learn-intelex', 'DeepPavlov', 'mindsdb', 'pytorch-lightning', 'gradio', 'dirty_cat', 'xlearn', 'transformers', 'ColossalAI', 'vispy', 'pattern', 'DI-engine', 'pyss3', 'lightning-bolts']"
904,6,ParentOf,base,1235,Incorrect Use of Autoboxing and Unboxing for Performance Critical Operations,8,400,"['danswerai', 'DIGITS', 'LightGBM', 'open-webui', 'CoreNLP', 'chainer', 'bokeh', 'determined', 'blaze', 'xgboost', 'catboost', 'jProcessing', 'typer', 'dash', 'ViZDoom', 'langflow', 'pyqtgraph', 'bentoml', 'caffe', 'tensorflow', 'numpy', 'haystack', 'pymc', 'PyTorchCV', 'retro', 'pebl', 'bigartm', 'gensim', 'ray', 'skll', 'emcee', 'vigra', 'deepchecks', 'pgmpy', 'pydantic', 'zipline', 'mars', 'jax', 'mlflow', 'DrQA', 'lambdo', 'scikit-learn', 'zpar', 'streamlit', 'pytorch', 'rasa', 'cortex', 'scikit-learn-intelex', 'DeepPavlov', 'mindsdb', 'pytorch-lightning', 'gradio', 'dirty_cat', 'xlearn', 'transformers', 'ColossalAI', 'vispy', 'pattern', 'DI-engine', 'pyss3', 'lightning-bolts']"
905,7,ParentOf,base,1246,Improper Write Handling in Limited-write Non-Volatile Memories,8,400,"['danswerai', 'DIGITS', 'LightGBM', 'open-webui', 'CoreNLP', 'chainer', 'bokeh', 'determined', 'blaze', 'xgboost', 'catboost', 'jProcessing', 'typer', 'dash', 'ViZDoom', 'langflow', 'pyqtgraph', 'bentoml', 'caffe', 'tensorflow', 'numpy', 'haystack', 'pymc', 'PyTorchCV', 'retro', 'pebl', 'bigartm', 'gensim', 'ray', 'skll', 'emcee', 'vigra', 'deepchecks', 'pgmpy', 'pydantic', 'zipline', 'mars', 'jax', 'mlflow', 'DrQA', 'lambdo', 'scikit-learn', 'zpar', 'streamlit', 'pytorch', 'rasa', 'cortex', 'scikit-learn-intelex', 'DeepPavlov', 'mindsdb', 'pytorch-lightning', 'gradio', 'dirty_cat', 'xlearn', 'transformers', 'ColossalAI', 'vispy', 'pattern', 'DI-engine', 'pyss3', 'lightning-bolts']"
906,8,CanFollow,class,410,Insufficient Resource Pool,8,400,"['danswerai', 'DIGITS', 'LightGBM', 'open-webui', 'CoreNLP', 'chainer', 'bokeh', 'determined', 'blaze', 'xgboost', 'catboost', 'jProcessing', 'typer', 'dash', 'ViZDoom', 'langflow', 'pyqtgraph', 'bentoml', 'caffe', 'tensorflow', 'numpy', 'haystack', 'pymc', 'PyTorchCV', 'retro', 'pebl', 'bigartm', 'gensim', 'ray', 'skll', 'emcee', 'vigra', 'deepchecks', 'pgmpy', 'pydantic', 'zipline', 'mars', 'jax', 'mlflow', 'DrQA', 'lambdo', 'scikit-learn', 'zpar', 'streamlit', 'pytorch', 'rasa', 'cortex', 'scikit-learn-intelex', 'DeepPavlov', 'mindsdb', 'pytorch-lightning', 'gradio', 'dirty_cat', 'xlearn', 'transformers', 'ColossalAI', 'vispy', 'pattern', 'DI-engine', 'pyss3', 'lightning-bolts']"
907,9,MemberOf,view,1003,Weaknesses for Simplified Mapping of Published Vulnerabilities,8,400,"['danswerai', 'DIGITS', 'LightGBM', 'open-webui', 'CoreNLP', 'chainer', 'bokeh', 'determined', 'blaze', 'xgboost', 'catboost', 'jProcessing', 'typer', 'dash', 'ViZDoom', 'langflow', 'pyqtgraph', 'bentoml', 'caffe', 'tensorflow', 'numpy', 'haystack', 'pymc', 'PyTorchCV', 'retro', 'pebl', 'bigartm', 'gensim', 'ray', 'skll', 'emcee', 'vigra', 'deepchecks', 'pgmpy', 'pydantic', 'zipline', 'mars', 'jax', 'mlflow', 'DrQA', 'lambdo', 'scikit-learn', 'zpar', 'streamlit', 'pytorch', 'rasa', 'cortex', 'scikit-learn-intelex', 'DeepPavlov', 'mindsdb', 'pytorch-lightning', 'gradio', 'dirty_cat', 'xlearn', 'transformers', 'ColossalAI', 'vispy', 'pattern', 'DI-engine', 'pyss3', 'lightning-bolts']"
908,10,ParentOf,base,770,Allocation of Resources Without Limits or Throttling,8,400,"['danswerai', 'DIGITS', 'LightGBM', 'open-webui', 'CoreNLP', 'chainer', 'bokeh', 'determined', 'blaze', 'xgboost', 'catboost', 'jProcessing', 'typer', 'dash', 'ViZDoom', 'langflow', 'pyqtgraph', 'bentoml', 'caffe', 'tensorflow', 'numpy', 'haystack', 'pymc', 'PyTorchCV', 'retro', 'pebl', 'bigartm', 'gensim', 'ray', 'skll', 'emcee', 'vigra', 'deepchecks', 'pgmpy', 'pydantic', 'zipline', 'mars', 'jax', 'mlflow', 'DrQA', 'lambdo', 'scikit-learn', 'zpar', 'streamlit', 'pytorch', 'rasa', 'cortex', 'scikit-learn-intelex', 'DeepPavlov', 'mindsdb', 'pytorch-lightning', 'gradio', 'dirty_cat', 'xlearn', 'transformers', 'ColossalAI', 'vispy', 'pattern', 'DI-engine', 'pyss3', 'lightning-bolts']"
909,11,ParentOf,base,920,Improper Restriction of Power Consumption,8,400,"['danswerai', 'DIGITS', 'LightGBM', 'open-webui', 'CoreNLP', 'chainer', 'bokeh', 'determined', 'blaze', 'xgboost', 'catboost', 'jProcessing', 'typer', 'dash', 'ViZDoom', 'langflow', 'pyqtgraph', 'bentoml', 'caffe', 'tensorflow', 'numpy', 'haystack', 'pymc', 'PyTorchCV', 'retro', 'pebl', 'bigartm', 'gensim', 'ray', 'skll', 'emcee', 'vigra', 'deepchecks', 'pgmpy', 'pydantic', 'zipline', 'mars', 'jax', 'mlflow', 'DrQA', 'lambdo', 'scikit-learn', 'zpar', 'streamlit', 'pytorch', 'rasa', 'cortex', 'scikit-learn-intelex', 'DeepPavlov', 'mindsdb', 'pytorch-lightning', 'gradio', 'dirty_cat', 'xlearn', 'transformers', 'ColossalAI', 'vispy', 'pattern', 'DI-engine', 'pyss3', 'lightning-bolts']"
910,12,MemberOf,category,730,OWASP Top Ten 2004 Category A9 - Denial of Service,8,400,"['danswerai', 'DIGITS', 'LightGBM', 'open-webui', 'CoreNLP', 'chainer', 'bokeh', 'determined', 'blaze', 'xgboost', 'catboost', 'jProcessing', 'typer', 'dash', 'ViZDoom', 'langflow', 'pyqtgraph', 'bentoml', 'caffe', 'tensorflow', 'numpy', 'haystack', 'pymc', 'PyTorchCV', 'retro', 'pebl', 'bigartm', 'gensim', 'ray', 'skll', 'emcee', 'vigra', 'deepchecks', 'pgmpy', 'pydantic', 'zipline', 'mars', 'jax', 'mlflow', 'DrQA', 'lambdo', 'scikit-learn', 'zpar', 'streamlit', 'pytorch', 'rasa', 'cortex', 'scikit-learn-intelex', 'DeepPavlov', 'mindsdb', 'pytorch-lightning', 'gradio', 'dirty_cat', 'xlearn', 'transformers', 'ColossalAI', 'vispy', 'pattern', 'DI-engine', 'pyss3', 'lightning-bolts']"
911,13,MemberOf,category,858,The CERT Oracle Secure Coding Standard for Java (2011) Chapter 15 - Serialization (SER),8,400,"['danswerai', 'DIGITS', 'LightGBM', 'open-webui', 'CoreNLP', 'chainer', 'bokeh', 'determined', 'blaze', 'xgboost', 'catboost', 'jProcessing', 'typer', 'dash', 'ViZDoom', 'langflow', 'pyqtgraph', 'bentoml', 'caffe', 'tensorflow', 'numpy', 'haystack', 'pymc', 'PyTorchCV', 'retro', 'pebl', 'bigartm', 'gensim', 'ray', 'skll', 'emcee', 'vigra', 'deepchecks', 'pgmpy', 'pydantic', 'zipline', 'mars', 'jax', 'mlflow', 'DrQA', 'lambdo', 'scikit-learn', 'zpar', 'streamlit', 'pytorch', 'rasa', 'cortex', 'scikit-learn-intelex', 'DeepPavlov', 'mindsdb', 'pytorch-lightning', 'gradio', 'dirty_cat', 'xlearn', 'transformers', 'ColossalAI', 'vispy', 'pattern', 'DI-engine', 'pyss3', 'lightning-bolts']"
912,14,MemberOf,category,861,The CERT Oracle Secure Coding Standard for Java (2011) Chapter 18 - Miscellaneous (MSC),8,400,"['danswerai', 'DIGITS', 'LightGBM', 'open-webui', 'CoreNLP', 'chainer', 'bokeh', 'determined', 'blaze', 'xgboost', 'catboost', 'jProcessing', 'typer', 'dash', 'ViZDoom', 'langflow', 'pyqtgraph', 'bentoml', 'caffe', 'tensorflow', 'numpy', 'haystack', 'pymc', 'PyTorchCV', 'retro', 'pebl', 'bigartm', 'gensim', 'ray', 'skll', 'emcee', 'vigra', 'deepchecks', 'pgmpy', 'pydantic', 'zipline', 'mars', 'jax', 'mlflow', 'DrQA', 'lambdo', 'scikit-learn', 'zpar', 'streamlit', 'pytorch', 'rasa', 'cortex', 'scikit-learn-intelex', 'DeepPavlov', 'mindsdb', 'pytorch-lightning', 'gradio', 'dirty_cat', 'xlearn', 'transformers', 'ColossalAI', 'vispy', 'pattern', 'DI-engine', 'pyss3', 'lightning-bolts']"
913,15,MemberOf,view,884,CWE Cross-section,8,400,"['danswerai', 'DIGITS', 'LightGBM', 'open-webui', 'CoreNLP', 'chainer', 'bokeh', 'determined', 'blaze', 'xgboost', 'catboost', 'jProcessing', 'typer', 'dash', 'ViZDoom', 'langflow', 'pyqtgraph', 'bentoml', 'caffe', 'tensorflow', 'numpy', 'haystack', 'pymc', 'PyTorchCV', 'retro', 'pebl', 'bigartm', 'gensim', 'ray', 'skll', 'emcee', 'vigra', 'deepchecks', 'pgmpy', 'pydantic', 'zipline', 'mars', 'jax', 'mlflow', 'DrQA', 'lambdo', 'scikit-learn', 'zpar', 'streamlit', 'pytorch', 'rasa', 'cortex', 'scikit-learn-intelex', 'DeepPavlov', 'mindsdb', 'pytorch-lightning', 'gradio', 'dirty_cat', 'xlearn', 'transformers', 'ColossalAI', 'vispy', 'pattern', 'DI-engine', 'pyss3', 'lightning-bolts']"
914,16,MemberOf,category,985,SFP Secondary Cluster: Unrestricted Consumption,8,400,"['danswerai', 'DIGITS', 'LightGBM', 'open-webui', 'CoreNLP', 'chainer', 'bokeh', 'determined', 'blaze', 'xgboost', 'catboost', 'jProcessing', 'typer', 'dash', 'ViZDoom', 'langflow', 'pyqtgraph', 'bentoml', 'caffe', 'tensorflow', 'numpy', 'haystack', 'pymc', 'PyTorchCV', 'retro', 'pebl', 'bigartm', 'gensim', 'ray', 'skll', 'emcee', 'vigra', 'deepchecks', 'pgmpy', 'pydantic', 'zipline', 'mars', 'jax', 'mlflow', 'DrQA', 'lambdo', 'scikit-learn', 'zpar', 'streamlit', 'pytorch', 'rasa', 'cortex', 'scikit-learn-intelex', 'DeepPavlov', 'mindsdb', 'pytorch-lightning', 'gradio', 'dirty_cat', 'xlearn', 'transformers', 'ColossalAI', 'vispy', 'pattern', 'DI-engine', 'pyss3', 'lightning-bolts']"
915,17,MemberOf,category,1148,SEI CERT Oracle Secure Coding Standard for Java - Guidelines 14. Serialization (SER),8,400,"['danswerai', 'DIGITS', 'LightGBM', 'open-webui', 'CoreNLP', 'chainer', 'bokeh', 'determined', 'blaze', 'xgboost', 'catboost', 'jProcessing', 'typer', 'dash', 'ViZDoom', 'langflow', 'pyqtgraph', 'bentoml', 'caffe', 'tensorflow', 'numpy', 'haystack', 'pymc', 'PyTorchCV', 'retro', 'pebl', 'bigartm', 'gensim', 'ray', 'skll', 'emcee', 'vigra', 'deepchecks', 'pgmpy', 'pydantic', 'zipline', 'mars', 'jax', 'mlflow', 'DrQA', 'lambdo', 'scikit-learn', 'zpar', 'streamlit', 'pytorch', 'rasa', 'cortex', 'scikit-learn-intelex', 'DeepPavlov', 'mindsdb', 'pytorch-lightning', 'gradio', 'dirty_cat', 'xlearn', 'transformers', 'ColossalAI', 'vispy', 'pattern', 'DI-engine', 'pyss3', 'lightning-bolts']"
916,18,MemberOf,category,1152,SEI CERT Oracle Secure Coding Standard for Java - Guidelines 49. Miscellaneous (MSC),8,400,"['danswerai', 'DIGITS', 'LightGBM', 'open-webui', 'CoreNLP', 'chainer', 'bokeh', 'determined', 'blaze', 'xgboost', 'catboost', 'jProcessing', 'typer', 'dash', 'ViZDoom', 'langflow', 'pyqtgraph', 'bentoml', 'caffe', 'tensorflow', 'numpy', 'haystack', 'pymc', 'PyTorchCV', 'retro', 'pebl', 'bigartm', 'gensim', 'ray', 'skll', 'emcee', 'vigra', 'deepchecks', 'pgmpy', 'pydantic', 'zipline', 'mars', 'jax', 'mlflow', 'DrQA', 'lambdo', 'scikit-learn', 'zpar', 'streamlit', 'pytorch', 'rasa', 'cortex', 'scikit-learn-intelex', 'DeepPavlov', 'mindsdb', 'pytorch-lightning', 'gradio', 'dirty_cat', 'xlearn', 'transformers', 'ColossalAI', 'vispy', 'pattern', 'DI-engine', 'pyss3', 'lightning-bolts']"
917,19,MemberOf,view,1200,Weaknesses in the 2019 CWE Top 25 Most Dangerous Software Errors,8,400,"['danswerai', 'DIGITS', 'LightGBM', 'open-webui', 'CoreNLP', 'chainer', 'bokeh', 'determined', 'blaze', 'xgboost', 'catboost', 'jProcessing', 'typer', 'dash', 'ViZDoom', 'langflow', 'pyqtgraph', 'bentoml', 'caffe', 'tensorflow', 'numpy', 'haystack', 'pymc', 'PyTorchCV', 'retro', 'pebl', 'bigartm', 'gensim', 'ray', 'skll', 'emcee', 'vigra', 'deepchecks', 'pgmpy', 'pydantic', 'zipline', 'mars', 'jax', 'mlflow', 'DrQA', 'lambdo', 'scikit-learn', 'zpar', 'streamlit', 'pytorch', 'rasa', 'cortex', 'scikit-learn-intelex', 'DeepPavlov', 'mindsdb', 'pytorch-lightning', 'gradio', 'dirty_cat', 'xlearn', 'transformers', 'ColossalAI', 'vispy', 'pattern', 'DI-engine', 'pyss3', 'lightning-bolts']"
918,20,MemberOf,view,1350,Weaknesses in the 2020 CWE Top 25 Most Dangerous Software Weaknesses,8,400,"['danswerai', 'DIGITS', 'LightGBM', 'open-webui', 'CoreNLP', 'chainer', 'bokeh', 'determined', 'blaze', 'xgboost', 'catboost', 'jProcessing', 'typer', 'dash', 'ViZDoom', 'langflow', 'pyqtgraph', 'bentoml', 'caffe', 'tensorflow', 'numpy', 'haystack', 'pymc', 'PyTorchCV', 'retro', 'pebl', 'bigartm', 'gensim', 'ray', 'skll', 'emcee', 'vigra', 'deepchecks', 'pgmpy', 'pydantic', 'zipline', 'mars', 'jax', 'mlflow', 'DrQA', 'lambdo', 'scikit-learn', 'zpar', 'streamlit', 'pytorch', 'rasa', 'cortex', 'scikit-learn-intelex', 'DeepPavlov', 'mindsdb', 'pytorch-lightning', 'gradio', 'dirty_cat', 'xlearn', 'transformers', 'ColossalAI', 'vispy', 'pattern', 'DI-engine', 'pyss3', 'lightning-bolts']"
919,21,MemberOf,view,1387,Weaknesses in the 2022 CWE Top 25 Most Dangerous Software Weaknesses,8,400,"['danswerai', 'DIGITS', 'LightGBM', 'open-webui', 'CoreNLP', 'chainer', 'bokeh', 'determined', 'blaze', 'xgboost', 'catboost', 'jProcessing', 'typer', 'dash', 'ViZDoom', 'langflow', 'pyqtgraph', 'bentoml', 'caffe', 'tensorflow', 'numpy', 'haystack', 'pymc', 'PyTorchCV', 'retro', 'pebl', 'bigartm', 'gensim', 'ray', 'skll', 'emcee', 'vigra', 'deepchecks', 'pgmpy', 'pydantic', 'zipline', 'mars', 'jax', 'mlflow', 'DrQA', 'lambdo', 'scikit-learn', 'zpar', 'streamlit', 'pytorch', 'rasa', 'cortex', 'scikit-learn-intelex', 'DeepPavlov', 'mindsdb', 'pytorch-lightning', 'gradio', 'dirty_cat', 'xlearn', 'transformers', 'ColossalAI', 'vispy', 'pattern', 'DI-engine', 'pyss3', 'lightning-bolts']"
920,22,MemberOf,category,1416,Comprehensive Categorization: Resource Lifecycle Management,8,400,"['danswerai', 'DIGITS', 'LightGBM', 'open-webui', 'CoreNLP', 'chainer', 'bokeh', 'determined', 'blaze', 'xgboost', 'catboost', 'jProcessing', 'typer', 'dash', 'ViZDoom', 'langflow', 'pyqtgraph', 'bentoml', 'caffe', 'tensorflow', 'numpy', 'haystack', 'pymc', 'PyTorchCV', 'retro', 'pebl', 'bigartm', 'gensim', 'ray', 'skll', 'emcee', 'vigra', 'deepchecks', 'pgmpy', 'pydantic', 'zipline', 'mars', 'jax', 'mlflow', 'DrQA', 'lambdo', 'scikit-learn', 'zpar', 'streamlit', 'pytorch', 'rasa', 'cortex', 'scikit-learn-intelex', 'DeepPavlov', 'mindsdb', 'pytorch-lightning', 'gradio', 'dirty_cat', 'xlearn', 'transformers', 'ColossalAI', 'vispy', 'pattern', 'DI-engine', 'pyss3', 'lightning-bolts']"
921,23,MemberOf,view,1430,Weaknesses in the 2024 CWE Top 25 Most Dangerous Software Weaknesses,8,400,"['danswerai', 'DIGITS', 'LightGBM', 'open-webui', 'CoreNLP', 'chainer', 'bokeh', 'determined', 'blaze', 'xgboost', 'catboost', 'jProcessing', 'typer', 'dash', 'ViZDoom', 'langflow', 'pyqtgraph', 'bentoml', 'caffe', 'tensorflow', 'numpy', 'haystack', 'pymc', 'PyTorchCV', 'retro', 'pebl', 'bigartm', 'gensim', 'ray', 'skll', 'emcee', 'vigra', 'deepchecks', 'pgmpy', 'pydantic', 'zipline', 'mars', 'jax', 'mlflow', 'DrQA', 'lambdo', 'scikit-learn', 'zpar', 'streamlit', 'pytorch', 'rasa', 'cortex', 'scikit-learn-intelex', 'DeepPavlov', 'mindsdb', 'pytorch-lightning', 'gradio', 'dirty_cat', 'xlearn', 'transformers', 'ColossalAI', 'vispy', 'pattern', 'DI-engine', 'pyss3', 'lightning-bolts']"
922,24,Self,class,400,,8,400,"['danswerai', 'DIGITS', 'LightGBM', 'open-webui', 'CoreNLP', 'chainer', 'bokeh', 'determined', 'blaze', 'xgboost', 'catboost', 'jProcessing', 'typer', 'dash', 'ViZDoom', 'langflow', 'pyqtgraph', 'bentoml', 'caffe', 'tensorflow', 'numpy', 'haystack', 'pymc', 'PyTorchCV', 'retro', 'pebl', 'bigartm', 'gensim', 'ray', 'skll', 'emcee', 'vigra', 'deepchecks', 'pgmpy', 'pydantic', 'zipline', 'mars', 'jax', 'mlflow', 'DrQA', 'lambdo', 'scikit-learn', 'zpar', 'streamlit', 'pytorch', 'rasa', 'cortex', 'scikit-learn-intelex', 'DeepPavlov', 'mindsdb', 'pytorch-lightning', 'gradio', 'dirty_cat', 'xlearn', 'transformers', 'ColossalAI', 'vispy', 'pattern', 'DI-engine', 'pyss3', 'lightning-bolts']"
923,0,ChildOf,class,200,Exposure of Sensitive Information to an Unauthorized Actor,6,215,"['caffe', 'CompreFace', 'bokeh', 'xcessiv', 'face_recognition']"
924,1,CanFollow,base,489,Active Debug Code,6,215,"['caffe', 'CompreFace', 'bokeh', 'xcessiv', 'face_recognition']"
925,2,MemberOf,category,199,Information Management Errors,6,215,"['caffe', 'CompreFace', 'bokeh', 'xcessiv', 'face_recognition']"
926,3,MemberOf,category,717,OWASP Top Ten 2007 Category A6 - Information Leakage and Improper Error Handling,6,215,"['caffe', 'CompreFace', 'bokeh', 'xcessiv', 'face_recognition']"
927,4,MemberOf,category,731,OWASP Top Ten 2004 Category A10 - Insecure Configuration Management,6,215,"['caffe', 'CompreFace', 'bokeh', 'xcessiv', 'face_recognition']"
928,5,MemberOf,category,933,OWASP Top Ten 2013 Category A5 - Security Misconfiguration,6,215,"['caffe', 'CompreFace', 'bokeh', 'xcessiv', 'face_recognition']"
929,6,MemberOf,category,963,SFP Secondary Cluster: Exposed Data,6,215,"['caffe', 'CompreFace', 'bokeh', 'xcessiv', 'face_recognition']"
930,7,MemberOf,category,1417,Comprehensive Categorization: Sensitive Information Exposure,6,215,"['caffe', 'CompreFace', 'bokeh', 'xcessiv', 'face_recognition']"
931,8,MemberOf,category,1445,OWASP Top Ten 2025 Category A10:2025 - Mishandling of Exceptional Conditions,6,215,"['caffe', 'CompreFace', 'bokeh', 'xcessiv', 'face_recognition']"
932,9,Self,base,215,,6,215,"['caffe', 'CompreFace', 'bokeh', 'xcessiv', 'face_recognition']"
933,0,ChildOf,pillar,710,Improper Adherence to Coding Standards,6,489,"['caffe', 'CompreFace', 'bokeh', 'xcessiv', 'face_recognition']"
934,1,ParentOf,variant,11,ASP.NET Misconfiguration: Creating Debug Binary,6,489,"['caffe', 'CompreFace', 'bokeh', 'xcessiv', 'face_recognition']"
935,2,CanPrecede,base,215,Insertion of Sensitive Information Into Debugging Code,6,489,"['caffe', 'CompreFace', 'bokeh', 'xcessiv', 'face_recognition']"
936,3,MemberOf,category,1006,Bad Coding Practices,6,489,"['caffe', 'CompreFace', 'bokeh', 'xcessiv', 'face_recognition']"
937,4,MemberOf,category,485,7PK - Encapsulation,6,489,"['caffe', 'CompreFace', 'bokeh', 'xcessiv', 'face_recognition']"
938,5,MemberOf,category,731,OWASP Top Ten 2004 Category A10 - Insecure Configuration Management,6,489,"['caffe', 'CompreFace', 'bokeh', 'xcessiv', 'face_recognition']"
939,6,MemberOf,category,1002,SFP Secondary Cluster: Unexpected Entry Points,6,489,"['caffe', 'CompreFace', 'bokeh', 'xcessiv', 'face_recognition']"
940,7,MemberOf,category,1371,ICS Supply Chain: Poorly Documented or Undocumented Features,6,489,"['caffe', 'CompreFace', 'bokeh', 'xcessiv', 'face_recognition']"
941,8,MemberOf,category,1412,Comprehensive Categorization: Poor Coding Practices,6,489,"['caffe', 'CompreFace', 'bokeh', 'xcessiv', 'face_recognition']"
942,9,MemberOf,category,1437,OWASP Top Ten 2025 Category A02:2025 - Security Misconfiguration,6,489,"['caffe', 'CompreFace', 'bokeh', 'xcessiv', 'face_recognition']"
943,10,Self,base,489,,6,489,"['caffe', 'CompreFace', 'bokeh', 'xcessiv', 'face_recognition']"
944,0,ChildOf,class,287,Improper Authentication,1,295,['ray']
945,1,ParentOf,base,296,Improper Following of a Certificate's Chain of Trust,1,295,['ray']
946,2,ParentOf,variant,297,Improper Validation of Certificate with Host Mismatch,1,295,['ray']
947,3,ParentOf,variant,298,Improper Validation of Certificate Expiration,1,295,['ray']
948,4,ParentOf,base,299,Improper Check for Certificate Revocation,1,295,['ray']
949,5,ParentOf,variant,599,Missing Validation of OpenSSL Certificate,1,295,['ray']
950,6,PeerOf,base,322,Key Exchange without Entity Authentication,1,295,['ray']
951,7,MemberOf,category,1211,Authentication Errors,1,295,['ray']
952,8,ChildOf,class,287,Improper Authentication,1,295,['ray']
953,9,MemberOf,category,1014,Identify Actors,1,295,['ray']
954,10,MemberOf,category,731,OWASP Top Ten 2004 Category A10 - Insecure Configuration Management,1,295,['ray']
955,11,MemberOf,category,1029,OWASP Top Ten 2017 Category A3 - Sensitive Data Exposure,1,295,['ray']
956,12,MemberOf,view,1200,Weaknesses in the 2019 CWE Top 25 Most Dangerous Software Errors,1,295,['ray']
957,13,MemberOf,category,1353,OWASP Top Ten 2021 Category A07:2021 - Identification and Authentication Failures,1,295,['ray']
958,14,MemberOf,category,1382,ICS Operations (& Maintenance): Emerging Energy Technologies,1,295,['ray']
959,15,MemberOf,category,1396,Comprehensive Categorization: Access Control,1,295,['ray']
960,16,MemberOf,category,1442,OWASP Top Ten 2025 Category A07:2025 - Authentication Failures,1,295,['ray']
961,17,Self,base,295,,1,295,['ray']
962,0,ChildOf,class,311,Missing Encryption of Sensitive Data,12,312,"['danswerai', 'feast', 'cortex', 'Neural', 'langflow', 'bentoml', 'open-webui', 'mindsdb', 'gradio', 'bokeh', 'determined', 'deepface', 'mlflow', 'comet-llm', 'pattern', 'typer', 'ray']"
963,1,ChildOf,class,922,Insecure Storage of Sensitive Information,12,312,"['danswerai', 'feast', 'cortex', 'Neural', 'langflow', 'bentoml', 'open-webui', 'mindsdb', 'gradio', 'bokeh', 'determined', 'deepface', 'mlflow', 'comet-llm', 'pattern', 'typer', 'ray']"
964,2,ParentOf,variant,313,Cleartext Storage in a File or on Disk,12,312,"['danswerai', 'feast', 'cortex', 'Neural', 'langflow', 'bentoml', 'open-webui', 'mindsdb', 'gradio', 'bokeh', 'determined', 'deepface', 'mlflow', 'comet-llm', 'pattern', 'typer', 'ray']"
965,3,ParentOf,variant,314,Cleartext Storage in the Registry,12,312,"['danswerai', 'feast', 'cortex', 'Neural', 'langflow', 'bentoml', 'open-webui', 'mindsdb', 'gradio', 'bokeh', 'determined', 'deepface', 'mlflow', 'comet-llm', 'pattern', 'typer', 'ray']"
966,4,ParentOf,variant,315,Cleartext Storage of Sensitive Information in a Cookie,12,312,"['danswerai', 'feast', 'cortex', 'Neural', 'langflow', 'bentoml', 'open-webui', 'mindsdb', 'gradio', 'bokeh', 'determined', 'deepface', 'mlflow', 'comet-llm', 'pattern', 'typer', 'ray']"
967,5,ParentOf,variant,316,Cleartext Storage of Sensitive Information in Memory,12,312,"['danswerai', 'feast', 'cortex', 'Neural', 'langflow', 'bentoml', 'open-webui', 'mindsdb', 'gradio', 'bokeh', 'determined', 'deepface', 'mlflow', 'comet-llm', 'pattern', 'typer', 'ray']"
968,6,ParentOf,variant,317,Cleartext Storage of Sensitive Information in GUI,12,312,"['danswerai', 'feast', 'cortex', 'Neural', 'langflow', 'bentoml', 'open-webui', 'mindsdb', 'gradio', 'bokeh', 'determined', 'deepface', 'mlflow', 'comet-llm', 'pattern', 'typer', 'ray']"
969,7,ParentOf,variant,318,Cleartext Storage of Sensitive Information in Executable,12,312,"['danswerai', 'feast', 'cortex', 'Neural', 'langflow', 'bentoml', 'open-webui', 'mindsdb', 'gradio', 'bokeh', 'determined', 'deepface', 'mlflow', 'comet-llm', 'pattern', 'typer', 'ray']"
970,8,ParentOf,variant,526,Cleartext Storage of Sensitive Information in an Environment Variable,12,312,"['danswerai', 'feast', 'cortex', 'Neural', 'langflow', 'bentoml', 'open-webui', 'mindsdb', 'gradio', 'bokeh', 'determined', 'deepface', 'mlflow', 'comet-llm', 'pattern', 'typer', 'ray']"
971,9,MemberOf,category,199,Information Management Errors,12,312,"['danswerai', 'feast', 'cortex', 'Neural', 'langflow', 'bentoml', 'open-webui', 'mindsdb', 'gradio', 'bokeh', 'determined', 'deepface', 'mlflow', 'comet-llm', 'pattern', 'typer', 'ray']"
972,10,ChildOf,class,311,Missing Encryption of Sensitive Data,12,312,"['danswerai', 'feast', 'cortex', 'Neural', 'langflow', 'bentoml', 'open-webui', 'mindsdb', 'gradio', 'bokeh', 'determined', 'deepface', 'mlflow', 'comet-llm', 'pattern', 'typer', 'ray']"
973,11,MemberOf,category,1013,Encrypt Data,12,312,"['danswerai', 'feast', 'cortex', 'Neural', 'langflow', 'bentoml', 'open-webui', 'mindsdb', 'gradio', 'bokeh', 'determined', 'deepface', 'mlflow', 'comet-llm', 'pattern', 'typer', 'ray']"
974,12,MemberOf,category,816,OWASP Top Ten 2010 Category A7 - Insecure Cryptographic Storage,12,312,"['danswerai', 'feast', 'cortex', 'Neural', 'langflow', 'bentoml', 'open-webui', 'mindsdb', 'gradio', 'bokeh', 'determined', 'deepface', 'mlflow', 'comet-llm', 'pattern', 'typer', 'ray']"
975,13,MemberOf,view,884,CWE Cross-section,12,312,"['danswerai', 'feast', 'cortex', 'Neural', 'langflow', 'bentoml', 'open-webui', 'mindsdb', 'gradio', 'bokeh', 'determined', 'deepface', 'mlflow', 'comet-llm', 'pattern', 'typer', 'ray']"
976,14,MemberOf,category,934,OWASP Top Ten 2013 Category A6 - Sensitive Data Exposure,12,312,"['danswerai', 'feast', 'cortex', 'Neural', 'langflow', 'bentoml', 'open-webui', 'mindsdb', 'gradio', 'bokeh', 'determined', 'deepface', 'mlflow', 'comet-llm', 'pattern', 'typer', 'ray']"
977,15,MemberOf,category,963,SFP Secondary Cluster: Exposed Data,12,312,"['danswerai', 'feast', 'cortex', 'Neural', 'langflow', 'bentoml', 'open-webui', 'mindsdb', 'gradio', 'bokeh', 'determined', 'deepface', 'mlflow', 'comet-llm', 'pattern', 'typer', 'ray']"
978,16,MemberOf,category,1029,OWASP Top Ten 2017 Category A3 - Sensitive Data Exposure,12,312,"['danswerai', 'feast', 'cortex', 'Neural', 'langflow', 'bentoml', 'open-webui', 'mindsdb', 'gradio', 'bokeh', 'determined', 'deepface', 'mlflow', 'comet-llm', 'pattern', 'typer', 'ray']"
979,17,MemberOf,category,1348,OWASP Top Ten 2021 Category A04:2021 - Insecure Design,12,312,"['danswerai', 'feast', 'cortex', 'Neural', 'langflow', 'bentoml', 'open-webui', 'mindsdb', 'gradio', 'bokeh', 'determined', 'deepface', 'mlflow', 'comet-llm', 'pattern', 'typer', 'ray']"
980,18,MemberOf,category,1366,ICS Communications: Frail Security in Protocols,12,312,"['danswerai', 'feast', 'cortex', 'Neural', 'langflow', 'bentoml', 'open-webui', 'mindsdb', 'gradio', 'bokeh', 'determined', 'deepface', 'mlflow', 'comet-llm', 'pattern', 'typer', 'ray']"
981,19,MemberOf,category,1368,ICS Dependencies (& Architecture): External Digital Systems,12,312,"['danswerai', 'feast', 'cortex', 'Neural', 'langflow', 'bentoml', 'open-webui', 'mindsdb', 'gradio', 'bokeh', 'determined', 'deepface', 'mlflow', 'comet-llm', 'pattern', 'typer', 'ray']"
982,20,MemberOf,category,1402,Comprehensive Categorization: Encryption,12,312,"['danswerai', 'feast', 'cortex', 'Neural', 'langflow', 'bentoml', 'open-webui', 'mindsdb', 'gradio', 'bokeh', 'determined', 'deepface', 'mlflow', 'comet-llm', 'pattern', 'typer', 'ray']"
983,21,MemberOf,category,1441,OWASP Top Ten 2025 Category A06:2025 - Insecure Design,12,312,"['danswerai', 'feast', 'cortex', 'Neural', 'langflow', 'bentoml', 'open-webui', 'mindsdb', 'gradio', 'bokeh', 'determined', 'deepface', 'mlflow', 'comet-llm', 'pattern', 'typer', 'ray']"
984,22,Self,base,312,,12,312,"['danswerai', 'feast', 'cortex', 'Neural', 'langflow', 'bentoml', 'open-webui', 'mindsdb', 'gradio', 'bokeh', 'determined', 'deepface', 'mlflow', 'comet-llm', 'pattern', 'typer', 'ray']"
985,0,ChildOf,base,312,Cleartext Storage of Sensitive Information,12,315,"['feast', 'Neural', 'bentoml', 'langflow', 'mindsdb', 'gradio', 'mlflow', 'ray']"
986,1,MemberOf,category,1013,Encrypt Data,12,315,"['feast', 'Neural', 'bentoml', 'langflow', 'mindsdb', 'gradio', 'mlflow', 'ray']"
987,2,MemberOf,category,963,SFP Secondary Cluster: Exposed Data,12,315,"['feast', 'Neural', 'bentoml', 'langflow', 'mindsdb', 'gradio', 'mlflow', 'ray']"
988,3,MemberOf,category,1349,OWASP Top Ten 2021 Category A05:2021 - Security Misconfiguration,12,315,"['feast', 'Neural', 'bentoml', 'langflow', 'mindsdb', 'gradio', 'mlflow', 'ray']"
989,4,MemberOf,category,1402,Comprehensive Categorization: Encryption,12,315,"['feast', 'Neural', 'bentoml', 'langflow', 'mindsdb', 'gradio', 'mlflow', 'ray']"
990,5,MemberOf,category,1437,OWASP Top Ten 2025 Category A02:2025 - Security Misconfiguration,12,315,"['feast', 'Neural', 'bentoml', 'langflow', 'mindsdb', 'gradio', 'mlflow', 'ray']"
991,6,Self,variant,315,,12,315,"['feast', 'Neural', 'bentoml', 'langflow', 'mindsdb', 'gradio', 'mlflow', 'ray']"
992,0,ChildOf,class,200,Exposure of Sensitive Information to an Unauthorized Actor,12,359,"['danswerai', 'feast', 'cortex', 'Neural', 'langflow', 'bentoml', 'open-webui', 'mindsdb', 'gradio', 'bokeh', 'determined', 'deepface', 'mlflow', 'comet-llm', 'pattern', 'typer', 'ray']"
993,1,MemberOf,category,199,Information Management Errors,12,359,"['danswerai', 'feast', 'cortex', 'Neural', 'langflow', 'bentoml', 'open-webui', 'mindsdb', 'gradio', 'bokeh', 'determined', 'deepface', 'mlflow', 'comet-llm', 'pattern', 'typer', 'ray']"
994,2,MemberOf,category,1011,Authorize Actors,12,359,"['danswerai', 'feast', 'cortex', 'Neural', 'langflow', 'bentoml', 'open-webui', 'mindsdb', 'gradio', 'bokeh', 'determined', 'deepface', 'mlflow', 'comet-llm', 'pattern', 'typer', 'ray']"
995,3,MemberOf,category,254,7PK - Security Features,12,359,"['danswerai', 'feast', 'cortex', 'Neural', 'langflow', 'bentoml', 'open-webui', 'mindsdb', 'gradio', 'bokeh', 'determined', 'deepface', 'mlflow', 'comet-llm', 'pattern', 'typer', 'ray']"
996,4,MemberOf,category,857,The CERT Oracle Secure Coding Standard for Java (2011) Chapter 14 - Input Output (FIO),12,359,"['danswerai', 'feast', 'cortex', 'Neural', 'langflow', 'bentoml', 'open-webui', 'mindsdb', 'gradio', 'bokeh', 'determined', 'deepface', 'mlflow', 'comet-llm', 'pattern', 'typer', 'ray']"
997,5,MemberOf,category,975,SFP Secondary Cluster: Architecture,12,359,"['danswerai', 'feast', 'cortex', 'Neural', 'langflow', 'bentoml', 'open-webui', 'mindsdb', 'gradio', 'bokeh', 'determined', 'deepface', 'mlflow', 'comet-llm', 'pattern', 'typer', 'ray']"
998,6,MemberOf,category,1029,OWASP Top Ten 2017 Category A3 - Sensitive Data Exposure,12,359,"['danswerai', 'feast', 'cortex', 'Neural', 'langflow', 'bentoml', 'open-webui', 'mindsdb', 'gradio', 'bokeh', 'determined', 'deepface', 'mlflow', 'comet-llm', 'pattern', 'typer', 'ray']"
999,7,MemberOf,category,1147,SEI CERT Oracle Secure Coding Standard for Java - Guidelines 13. Input Output (FIO),12,359,"['danswerai', 'feast', 'cortex', 'Neural', 'langflow', 'bentoml', 'open-webui', 'mindsdb', 'gradio', 'bokeh', 'determined', 'deepface', 'mlflow', 'comet-llm', 'pattern', 'typer', 'ray']"
1000,8,MemberOf,view,1340,CISQ Data Protection Measures,12,359,"['danswerai', 'feast', 'cortex', 'Neural', 'langflow', 'bentoml', 'open-webui', 'mindsdb', 'gradio', 'bokeh', 'determined', 'deepface', 'mlflow', 'comet-llm', 'pattern', 'typer', 'ray']"
1001,9,MemberOf,category,1345,OWASP Top Ten 2021 Category A01:2021 - Broken Access Control,12,359,"['danswerai', 'feast', 'cortex', 'Neural', 'langflow', 'bentoml', 'open-webui', 'mindsdb', 'gradio', 'bokeh', 'determined', 'deepface', 'mlflow', 'comet-llm', 'pattern', 'typer', 'ray']"
1002,10,MemberOf,category,1417,Comprehensive Categorization: Sensitive Information Exposure,12,359,"['danswerai', 'feast', 'cortex', 'Neural', 'langflow', 'bentoml', 'open-webui', 'mindsdb', 'gradio', 'bokeh', 'determined', 'deepface', 'mlflow', 'comet-llm', 'pattern', 'typer', 'ray']"
1003,11,MemberOf,category,1436,OWASP Top Ten 2025 Category A01:2025 - Broken Access Control,12,359,"['danswerai', 'feast', 'cortex', 'Neural', 'langflow', 'bentoml', 'open-webui', 'mindsdb', 'gradio', 'bokeh', 'determined', 'deepface', 'mlflow', 'comet-llm', 'pattern', 'typer', 'ray']"
1004,12,Self,base,359,,12,359,"['danswerai', 'feast', 'cortex', 'Neural', 'langflow', 'bentoml', 'open-webui', 'mindsdb', 'gradio', 'bokeh', 'determined', 'deepface', 'mlflow', 'comet-llm', 'pattern', 'typer', 'ray']"
1005,0,ChildOf,class,311,Missing Encryption of Sensitive Data,59,312,"['danswerai', 'feast', 'cortex', 'Neural', 'langflow', 'bentoml', 'open-webui', 'mindsdb', 'gradio', 'bokeh', 'determined', 'deepface', 'mlflow', 'comet-llm', 'pattern', 'typer', 'ray']"
1006,1,ChildOf,class,922,Insecure Storage of Sensitive Information,59,312,"['danswerai', 'feast', 'cortex', 'Neural', 'langflow', 'bentoml', 'open-webui', 'mindsdb', 'gradio', 'bokeh', 'determined', 'deepface', 'mlflow', 'comet-llm', 'pattern', 'typer', 'ray']"
1007,2,ParentOf,variant,313,Cleartext Storage in a File or on Disk,59,312,"['danswerai', 'feast', 'cortex', 'Neural', 'langflow', 'bentoml', 'open-webui', 'mindsdb', 'gradio', 'bokeh', 'determined', 'deepface', 'mlflow', 'comet-llm', 'pattern', 'typer', 'ray']"
1008,3,ParentOf,variant,314,Cleartext Storage in the Registry,59,312,"['danswerai', 'feast', 'cortex', 'Neural', 'langflow', 'bentoml', 'open-webui', 'mindsdb', 'gradio', 'bokeh', 'determined', 'deepface', 'mlflow', 'comet-llm', 'pattern', 'typer', 'ray']"
1009,4,ParentOf,variant,315,Cleartext Storage of Sensitive Information in a Cookie,59,312,"['danswerai', 'feast', 'cortex', 'Neural', 'langflow', 'bentoml', 'open-webui', 'mindsdb', 'gradio', 'bokeh', 'determined', 'deepface', 'mlflow', 'comet-llm', 'pattern', 'typer', 'ray']"
1010,5,ParentOf,variant,316,Cleartext Storage of Sensitive Information in Memory,59,312,"['danswerai', 'feast', 'cortex', 'Neural', 'langflow', 'bentoml', 'open-webui', 'mindsdb', 'gradio', 'bokeh', 'determined', 'deepface', 'mlflow', 'comet-llm', 'pattern', 'typer', 'ray']"
1011,6,ParentOf,variant,317,Cleartext Storage of Sensitive Information in GUI,59,312,"['danswerai', 'feast', 'cortex', 'Neural', 'langflow', 'bentoml', 'open-webui', 'mindsdb', 'gradio', 'bokeh', 'determined', 'deepface', 'mlflow', 'comet-llm', 'pattern', 'typer', 'ray']"
1012,7,ParentOf,variant,318,Cleartext Storage of Sensitive Information in Executable,59,312,"['danswerai', 'feast', 'cortex', 'Neural', 'langflow', 'bentoml', 'open-webui', 'mindsdb', 'gradio', 'bokeh', 'determined', 'deepface', 'mlflow', 'comet-llm', 'pattern', 'typer', 'ray']"
1013,8,ParentOf,variant,526,Cleartext Storage of Sensitive Information in an Environment Variable,59,312,"['danswerai', 'feast', 'cortex', 'Neural', 'langflow', 'bentoml', 'open-webui', 'mindsdb', 'gradio', 'bokeh', 'determined', 'deepface', 'mlflow', 'comet-llm', 'pattern', 'typer', 'ray']"
1014,9,MemberOf,category,199,Information Management Errors,59,312,"['danswerai', 'feast', 'cortex', 'Neural', 'langflow', 'bentoml', 'open-webui', 'mindsdb', 'gradio', 'bokeh', 'determined', 'deepface', 'mlflow', 'comet-llm', 'pattern', 'typer', 'ray']"
1015,10,ChildOf,class,311,Missing Encryption of Sensitive Data,59,312,"['danswerai', 'feast', 'cortex', 'Neural', 'langflow', 'bentoml', 'open-webui', 'mindsdb', 'gradio', 'bokeh', 'determined', 'deepface', 'mlflow', 'comet-llm', 'pattern', 'typer', 'ray']"
1016,11,MemberOf,category,1013,Encrypt Data,59,312,"['danswerai', 'feast', 'cortex', 'Neural', 'langflow', 'bentoml', 'open-webui', 'mindsdb', 'gradio', 'bokeh', 'determined', 'deepface', 'mlflow', 'comet-llm', 'pattern', 'typer', 'ray']"
1017,12,MemberOf,category,816,OWASP Top Ten 2010 Category A7 - Insecure Cryptographic Storage,59,312,"['danswerai', 'feast', 'cortex', 'Neural', 'langflow', 'bentoml', 'open-webui', 'mindsdb', 'gradio', 'bokeh', 'determined', 'deepface', 'mlflow', 'comet-llm', 'pattern', 'typer', 'ray']"
1018,13,MemberOf,view,884,CWE Cross-section,59,312,"['danswerai', 'feast', 'cortex', 'Neural', 'langflow', 'bentoml', 'open-webui', 'mindsdb', 'gradio', 'bokeh', 'determined', 'deepface', 'mlflow', 'comet-llm', 'pattern', 'typer', 'ray']"
1019,14,MemberOf,category,934,OWASP Top Ten 2013 Category A6 - Sensitive Data Exposure,59,312,"['danswerai', 'feast', 'cortex', 'Neural', 'langflow', 'bentoml', 'open-webui', 'mindsdb', 'gradio', 'bokeh', 'determined', 'deepface', 'mlflow', 'comet-llm', 'pattern', 'typer', 'ray']"
1020,15,MemberOf,category,963,SFP Secondary Cluster: Exposed Data,59,312,"['danswerai', 'feast', 'cortex', 'Neural', 'langflow', 'bentoml', 'open-webui', 'mindsdb', 'gradio', 'bokeh', 'determined', 'deepface', 'mlflow', 'comet-llm', 'pattern', 'typer', 'ray']"
1021,16,MemberOf,category,1029,OWASP Top Ten 2017 Category A3 - Sensitive Data Exposure,59,312,"['danswerai', 'feast', 'cortex', 'Neural', 'langflow', 'bentoml', 'open-webui', 'mindsdb', 'gradio', 'bokeh', 'determined', 'deepface', 'mlflow', 'comet-llm', 'pattern', 'typer', 'ray']"
1022,17,MemberOf,category,1348,OWASP Top Ten 2021 Category A04:2021 - Insecure Design,59,312,"['danswerai', 'feast', 'cortex', 'Neural', 'langflow', 'bentoml', 'open-webui', 'mindsdb', 'gradio', 'bokeh', 'determined', 'deepface', 'mlflow', 'comet-llm', 'pattern', 'typer', 'ray']"
1023,18,MemberOf,category,1366,ICS Communications: Frail Security in Protocols,59,312,"['danswerai', 'feast', 'cortex', 'Neural', 'langflow', 'bentoml', 'open-webui', 'mindsdb', 'gradio', 'bokeh', 'determined', 'deepface', 'mlflow', 'comet-llm', 'pattern', 'typer', 'ray']"
1024,19,MemberOf,category,1368,ICS Dependencies (& Architecture): External Digital Systems,59,312,"['danswerai', 'feast', 'cortex', 'Neural', 'langflow', 'bentoml', 'open-webui', 'mindsdb', 'gradio', 'bokeh', 'determined', 'deepface', 'mlflow', 'comet-llm', 'pattern', 'typer', 'ray']"
1025,20,MemberOf,category,1402,Comprehensive Categorization: Encryption,59,312,"['danswerai', 'feast', 'cortex', 'Neural', 'langflow', 'bentoml', 'open-webui', 'mindsdb', 'gradio', 'bokeh', 'determined', 'deepface', 'mlflow', 'comet-llm', 'pattern', 'typer', 'ray']"
1026,21,MemberOf,category,1441,OWASP Top Ten 2025 Category A06:2025 - Insecure Design,59,312,"['danswerai', 'feast', 'cortex', 'Neural', 'langflow', 'bentoml', 'open-webui', 'mindsdb', 'gradio', 'bokeh', 'determined', 'deepface', 'mlflow', 'comet-llm', 'pattern', 'typer', 'ray']"
1027,22,Self,base,312,,59,312,"['danswerai', 'feast', 'cortex', 'Neural', 'langflow', 'bentoml', 'open-webui', 'mindsdb', 'gradio', 'bokeh', 'determined', 'deepface', 'mlflow', 'comet-llm', 'pattern', 'typer', 'ray']"
1028,0,ChildOf,class,200,Exposure of Sensitive Information to an Unauthorized Actor,59,359,"['danswerai', 'feast', 'cortex', 'Neural', 'langflow', 'bentoml', 'open-webui', 'mindsdb', 'gradio', 'bokeh', 'determined', 'deepface', 'mlflow', 'comet-llm', 'pattern', 'typer', 'ray']"
1029,1,MemberOf,category,199,Information Management Errors,59,359,"['danswerai', 'feast', 'cortex', 'Neural', 'langflow', 'bentoml', 'open-webui', 'mindsdb', 'gradio', 'bokeh', 'determined', 'deepface', 'mlflow', 'comet-llm', 'pattern', 'typer', 'ray']"
1030,2,MemberOf,category,1011,Authorize Actors,59,359,"['danswerai', 'feast', 'cortex', 'Neural', 'langflow', 'bentoml', 'open-webui', 'mindsdb', 'gradio', 'bokeh', 'determined', 'deepface', 'mlflow', 'comet-llm', 'pattern', 'typer', 'ray']"
1031,3,MemberOf,category,254,7PK - Security Features,59,359,"['danswerai', 'feast', 'cortex', 'Neural', 'langflow', 'bentoml', 'open-webui', 'mindsdb', 'gradio', 'bokeh', 'determined', 'deepface', 'mlflow', 'comet-llm', 'pattern', 'typer', 'ray']"
1032,4,MemberOf,category,857,The CERT Oracle Secure Coding Standard for Java (2011) Chapter 14 - Input Output (FIO),59,359,"['danswerai', 'feast', 'cortex', 'Neural', 'langflow', 'bentoml', 'open-webui', 'mindsdb', 'gradio', 'bokeh', 'determined', 'deepface', 'mlflow', 'comet-llm', 'pattern', 'typer', 'ray']"
1033,5,MemberOf,category,975,SFP Secondary Cluster: Architecture,59,359,"['danswerai', 'feast', 'cortex', 'Neural', 'langflow', 'bentoml', 'open-webui', 'mindsdb', 'gradio', 'bokeh', 'determined', 'deepface', 'mlflow', 'comet-llm', 'pattern', 'typer', 'ray']"
1034,6,MemberOf,category,1029,OWASP Top Ten 2017 Category A3 - Sensitive Data Exposure,59,359,"['danswerai', 'feast', 'cortex', 'Neural', 'langflow', 'bentoml', 'open-webui', 'mindsdb', 'gradio', 'bokeh', 'determined', 'deepface', 'mlflow', 'comet-llm', 'pattern', 'typer', 'ray']"
1035,7,MemberOf,category,1147,SEI CERT Oracle Secure Coding Standard for Java - Guidelines 13. Input Output (FIO),59,359,"['danswerai', 'feast', 'cortex', 'Neural', 'langflow', 'bentoml', 'open-webui', 'mindsdb', 'gradio', 'bokeh', 'determined', 'deepface', 'mlflow', 'comet-llm', 'pattern', 'typer', 'ray']"
1036,8,MemberOf,view,1340,CISQ Data Protection Measures,59,359,"['danswerai', 'feast', 'cortex', 'Neural', 'langflow', 'bentoml', 'open-webui', 'mindsdb', 'gradio', 'bokeh', 'determined', 'deepface', 'mlflow', 'comet-llm', 'pattern', 'typer', 'ray']"
1037,9,MemberOf,category,1345,OWASP Top Ten 2021 Category A01:2021 - Broken Access Control,59,359,"['danswerai', 'feast', 'cortex', 'Neural', 'langflow', 'bentoml', 'open-webui', 'mindsdb', 'gradio', 'bokeh', 'determined', 'deepface', 'mlflow', 'comet-llm', 'pattern', 'typer', 'ray']"
1038,10,MemberOf,category,1417,Comprehensive Categorization: Sensitive Information Exposure,59,359,"['danswerai', 'feast', 'cortex', 'Neural', 'langflow', 'bentoml', 'open-webui', 'mindsdb', 'gradio', 'bokeh', 'determined', 'deepface', 'mlflow', 'comet-llm', 'pattern', 'typer', 'ray']"
1039,11,MemberOf,category,1436,OWASP Top Ten 2025 Category A01:2025 - Broken Access Control,59,359,"['danswerai', 'feast', 'cortex', 'Neural', 'langflow', 'bentoml', 'open-webui', 'mindsdb', 'gradio', 'bokeh', 'determined', 'deepface', 'mlflow', 'comet-llm', 'pattern', 'typer', 'ray']"
1040,12,Self,base,359,,59,359,"['danswerai', 'feast', 'cortex', 'Neural', 'langflow', 'bentoml', 'open-webui', 'mindsdb', 'gradio', 'bokeh', 'determined', 'deepface', 'mlflow', 'comet-llm', 'pattern', 'typer', 'ray']"
1041,0,ChildOf,base,538,Insertion of Sensitive Information into Externally-Accessible File or Directory,59,532,"['danswerai', 'feast', 'cortex', 'langflow', 'open-webui', 'gradio', 'bokeh', 'determined', 'deepface', 'mlflow', 'comet-llm', 'pattern', 'typer', 'ray']"
1042,1,ChildOf,class,200,Exposure of Sensitive Information to an Unauthorized Actor,59,532,"['danswerai', 'feast', 'cortex', 'langflow', 'open-webui', 'gradio', 'bokeh', 'determined', 'deepface', 'mlflow', 'comet-llm', 'pattern', 'typer', 'ray']"
1043,2,MemberOf,category,1009,Audit,59,532,"['danswerai', 'feast', 'cortex', 'langflow', 'open-webui', 'gradio', 'bokeh', 'determined', 'deepface', 'mlflow', 'comet-llm', 'pattern', 'typer', 'ray']"
1044,3,MemberOf,category,731,OWASP Top Ten 2004 Category A10 - Insecure Configuration Management,59,532,"['danswerai', 'feast', 'cortex', 'langflow', 'open-webui', 'gradio', 'bokeh', 'determined', 'deepface', 'mlflow', 'comet-llm', 'pattern', 'typer', 'ray']"
1045,4,MemberOf,category,857,The CERT Oracle Secure Coding Standard for Java (2011) Chapter 14 - Input Output (FIO),59,532,"['danswerai', 'feast', 'cortex', 'langflow', 'open-webui', 'gradio', 'bokeh', 'determined', 'deepface', 'mlflow', 'comet-llm', 'pattern', 'typer', 'ray']"
1046,5,MemberOf,category,963,SFP Secondary Cluster: Exposed Data,59,532,"['danswerai', 'feast', 'cortex', 'langflow', 'open-webui', 'gradio', 'bokeh', 'determined', 'deepface', 'mlflow', 'comet-llm', 'pattern', 'typer', 'ray']"
1047,6,MemberOf,category,1147,SEI CERT Oracle Secure Coding Standard for Java - Guidelines 13. Input Output (FIO),59,532,"['danswerai', 'feast', 'cortex', 'langflow', 'open-webui', 'gradio', 'bokeh', 'determined', 'deepface', 'mlflow', 'comet-llm', 'pattern', 'typer', 'ray']"
1048,7,MemberOf,category,1355,OWASP Top Ten 2021 Category A09:2021 - Security Logging and Monitoring Failures,59,532,"['danswerai', 'feast', 'cortex', 'langflow', 'open-webui', 'gradio', 'bokeh', 'determined', 'deepface', 'mlflow', 'comet-llm', 'pattern', 'typer', 'ray']"
1049,8,MemberOf,category,1417,Comprehensive Categorization: Sensitive Information Exposure,59,532,"['danswerai', 'feast', 'cortex', 'langflow', 'open-webui', 'gradio', 'bokeh', 'determined', 'deepface', 'mlflow', 'comet-llm', 'pattern', 'typer', 'ray']"
1050,9,MemberOf,category,1444,OWASP Top Ten 2025 Category A09:2025 - Logging & Alerting Failures,59,532,"['danswerai', 'feast', 'cortex', 'langflow', 'open-webui', 'gradio', 'bokeh', 'determined', 'deepface', 'mlflow', 'comet-llm', 'pattern', 'typer', 'ray']"
1051,10,Self,base,532,,59,532,"['danswerai', 'feast', 'cortex', 'langflow', 'open-webui', 'gradio', 'bokeh', 'determined', 'deepface', 'mlflow', 'comet-llm', 'pattern', 'typer', 'ray']"
1052,0,ChildOf,pillar,693,Protection Mechanism Failure,11,327,"['streamlit', 'danswerai', 'couler', 'langflow', 'open-webui', 'gradio', 'lightly', 'mars', 'determined', 'mlflow']"
1053,1,ParentOf,base,328,Use of Weak Hash,11,327,"['streamlit', 'danswerai', 'couler', 'langflow', 'open-webui', 'gradio', 'lightly', 'mars', 'determined', 'mlflow']"
1054,2,ParentOf,variant,780,Use of RSA Algorithm without OAEP,11,327,"['streamlit', 'danswerai', 'couler', 'langflow', 'open-webui', 'gradio', 'lightly', 'mars', 'determined', 'mlflow']"
1055,3,ParentOf,base,1240,Use of a Cryptographic Primitive with a Risky Implementation,11,327,"['streamlit', 'danswerai', 'couler', 'langflow', 'open-webui', 'gradio', 'lightly', 'mars', 'determined', 'mlflow']"
1056,4,PeerOf,base,301,Reflection Attack in an Authentication Protocol,11,327,"['streamlit', 'danswerai', 'couler', 'langflow', 'open-webui', 'gradio', 'lightly', 'mars', 'determined', 'mlflow']"
1057,5,PeerOf,class,311,Missing Encryption of Sensitive Data,11,327,"['streamlit', 'danswerai', 'couler', 'langflow', 'open-webui', 'gradio', 'lightly', 'mars', 'determined', 'mlflow']"
1058,6,CanFollow,base,208,Observable Timing Discrepancy,11,327,"['streamlit', 'danswerai', 'couler', 'langflow', 'open-webui', 'gradio', 'lightly', 'mars', 'determined', 'mlflow']"
1059,7,MemberOf,view,1003,Weaknesses for Simplified Mapping of Published Vulnerabilities,11,327,"['streamlit', 'danswerai', 'couler', 'langflow', 'open-webui', 'gradio', 'lightly', 'mars', 'determined', 'mlflow']"
1060,8,ParentOf,base,916,Use of Password Hash With Insufficient Computational Effort,11,327,"['streamlit', 'danswerai', 'couler', 'langflow', 'open-webui', 'gradio', 'lightly', 'mars', 'determined', 'mlflow']"
1061,9,MemberOf,category,1013,Encrypt Data,11,327,"['streamlit', 'danswerai', 'couler', 'langflow', 'open-webui', 'gradio', 'lightly', 'mars', 'determined', 'mlflow']"
1062,10,MemberOf,category,729,OWASP Top Ten 2004 Category A8 - Insecure Storage,11,327,"['streamlit', 'danswerai', 'couler', 'langflow', 'open-webui', 'gradio', 'lightly', 'mars', 'determined', 'mlflow']"
1063,11,MemberOf,category,753,2009 Top 25 - Porous Defenses,11,327,"['streamlit', 'danswerai', 'couler', 'langflow', 'open-webui', 'gradio', 'lightly', 'mars', 'determined', 'mlflow']"
1064,12,MemberOf,category,803,2010 Top 25 - Porous Defenses,11,327,"['streamlit', 'danswerai', 'couler', 'langflow', 'open-webui', 'gradio', 'lightly', 'mars', 'determined', 'mlflow']"
1065,13,MemberOf,category,816,OWASP Top Ten 2010 Category A7 - Insecure Cryptographic Storage,11,327,"['streamlit', 'danswerai', 'couler', 'langflow', 'open-webui', 'gradio', 'lightly', 'mars', 'determined', 'mlflow']"
1066,14,MemberOf,category,866,2011 Top 25 - Porous Defenses,11,327,"['streamlit', 'danswerai', 'couler', 'langflow', 'open-webui', 'gradio', 'lightly', 'mars', 'determined', 'mlflow']"
1067,15,MemberOf,category,883,CERT C++ Secure Coding Section 49 - Miscellaneous (MSC),11,327,"['streamlit', 'danswerai', 'couler', 'langflow', 'open-webui', 'gradio', 'lightly', 'mars', 'determined', 'mlflow']"
1068,16,MemberOf,view,884,CWE Cross-section,11,327,"['streamlit', 'danswerai', 'couler', 'langflow', 'open-webui', 'gradio', 'lightly', 'mars', 'determined', 'mlflow']"
1069,17,MemberOf,category,934,OWASP Top Ten 2013 Category A6 - Sensitive Data Exposure,11,327,"['streamlit', 'danswerai', 'couler', 'langflow', 'open-webui', 'gradio', 'lightly', 'mars', 'determined', 'mlflow']"
1070,18,MemberOf,category,958,SFP Secondary Cluster: Broken Cryptography,11,327,"['streamlit', 'danswerai', 'couler', 'langflow', 'open-webui', 'gradio', 'lightly', 'mars', 'determined', 'mlflow']"
1071,19,MemberOf,category,1029,OWASP Top Ten 2017 Category A3 - Sensitive Data Exposure,11,327,"['streamlit', 'danswerai', 'couler', 'langflow', 'open-webui', 'gradio', 'lightly', 'mars', 'determined', 'mlflow']"
1072,20,MemberOf,category,1131,CISQ Quality Measures (2016) - Security,11,327,"['streamlit', 'danswerai', 'couler', 'langflow', 'open-webui', 'gradio', 'lightly', 'mars', 'determined', 'mlflow']"
1073,21,MemberOf,category,1152,SEI CERT Oracle Secure Coding Standard for Java - Guidelines 49. Miscellaneous (MSC),11,327,"['streamlit', 'danswerai', 'couler', 'langflow', 'open-webui', 'gradio', 'lightly', 'mars', 'determined', 'mlflow']"
1074,22,MemberOf,category,1170,SEI CERT C Coding Standard - Guidelines 48. Miscellaneous (MSC),11,327,"['streamlit', 'danswerai', 'couler', 'langflow', 'open-webui', 'gradio', 'lightly', 'mars', 'determined', 'mlflow']"
1075,23,MemberOf,category,1346,OWASP Top Ten 2021 Category A02:2021 - Cryptographic Failures,11,327,"['streamlit', 'danswerai', 'couler', 'langflow', 'open-webui', 'gradio', 'lightly', 'mars', 'determined', 'mlflow']"
1076,24,MemberOf,category,1366,ICS Communications: Frail Security in Protocols,11,327,"['streamlit', 'danswerai', 'couler', 'langflow', 'open-webui', 'gradio', 'lightly', 'mars', 'determined', 'mlflow']"
1077,25,MemberOf,category,1402,Comprehensive Categorization: Encryption,11,327,"['streamlit', 'danswerai', 'couler', 'langflow', 'open-webui', 'gradio', 'lightly', 'mars', 'determined', 'mlflow']"
1078,26,MemberOf,category,1439,OWASP Top Ten 2025 Category A04:2025 - Cryptographic Failures,11,327,"['streamlit', 'danswerai', 'couler', 'langflow', 'open-webui', 'gradio', 'lightly', 'mars', 'determined', 'mlflow']"
1079,27,Self,class,327,,11,327,"['streamlit', 'danswerai', 'couler', 'langflow', 'open-webui', 'gradio', 'lightly', 'mars', 'determined', 'mlflow']"
1080,0,ChildOf,class,326,Inadequate Encryption Strength,11,328,"['streamlit', 'danswerai', 'couler', 'langflow', 'gradio', 'mars', 'determined', 'mlflow']"
1081,1,ChildOf,class,327,Use of a Broken or Risky Cryptographic Algorithm,11,328,"['streamlit', 'danswerai', 'couler', 'langflow', 'gradio', 'mars', 'determined', 'mlflow']"
1082,2,ParentOf,base,916,Use of Password Hash With Insufficient Computational Effort,11,328,"['streamlit', 'danswerai', 'couler', 'langflow', 'gradio', 'mars', 'determined', 'mlflow']"
1083,3,MemberOf,category,310,Cryptographic Issues,11,328,"['streamlit', 'danswerai', 'couler', 'langflow', 'gradio', 'mars', 'determined', 'mlflow']"
1084,4,MemberOf,category,1013,Encrypt Data,11,328,"['streamlit', 'danswerai', 'couler', 'langflow', 'gradio', 'mars', 'determined', 'mlflow']"
1085,5,MemberOf,category,934,OWASP Top Ten 2013 Category A6 - Sensitive Data Exposure,11,328,"['streamlit', 'danswerai', 'couler', 'langflow', 'gradio', 'mars', 'determined', 'mlflow']"
1086,6,MemberOf,category,958,SFP Secondary Cluster: Broken Cryptography,11,328,"['streamlit', 'danswerai', 'couler', 'langflow', 'gradio', 'mars', 'determined', 'mlflow']"
1087,7,MemberOf,category,1029,OWASP Top Ten 2017 Category A3 - Sensitive Data Exposure,11,328,"['streamlit', 'danswerai', 'couler', 'langflow', 'gradio', 'mars', 'determined', 'mlflow']"
1088,8,MemberOf,category,1346,OWASP Top Ten 2021 Category A02:2021 - Cryptographic Failures,11,328,"['streamlit', 'danswerai', 'couler', 'langflow', 'gradio', 'mars', 'determined', 'mlflow']"
1089,9,MemberOf,category,1402,Comprehensive Categorization: Encryption,11,328,"['streamlit', 'danswerai', 'couler', 'langflow', 'gradio', 'mars', 'determined', 'mlflow']"
1090,10,MemberOf,category,1439,OWASP Top Ten 2025 Category A04:2025 - Cryptographic Failures,11,328,"['streamlit', 'danswerai', 'couler', 'langflow', 'gradio', 'mars', 'determined', 'mlflow']"
1091,11,Self,base,328,,11,328,"['streamlit', 'danswerai', 'couler', 'langflow', 'gradio', 'mars', 'determined', 'mlflow']"
1092,0,ChildOf,base,328,Use of Weak Hash,11,916,"['streamlit', 'danswerai', 'couler', 'langflow', 'gradio', 'mars', 'determined', 'mlflow']"
1093,1,ParentOf,variant,759,Use of a One-Way Hash without a Salt,11,916,"['streamlit', 'danswerai', 'couler', 'langflow', 'gradio', 'mars', 'determined', 'mlflow']"
1094,2,ParentOf,variant,760,Use of a One-Way Hash with a Predictable Salt,11,916,"['streamlit', 'danswerai', 'couler', 'langflow', 'gradio', 'mars', 'determined', 'mlflow']"
1095,3,MemberOf,category,255,Credentials Management Errors,11,916,"['streamlit', 'danswerai', 'couler', 'langflow', 'gradio', 'mars', 'determined', 'mlflow']"
1096,4,MemberOf,category,310,Cryptographic Issues,11,916,"['streamlit', 'danswerai', 'couler', 'langflow', 'gradio', 'mars', 'determined', 'mlflow']"
1097,5,ChildOf,class,327,Use of a Broken or Risky Cryptographic Algorithm,11,916,"['streamlit', 'danswerai', 'couler', 'langflow', 'gradio', 'mars', 'determined', 'mlflow']"
1098,6,MemberOf,category,1010,Authenticate Actors,11,916,"['streamlit', 'danswerai', 'couler', 'langflow', 'gradio', 'mars', 'determined', 'mlflow']"
1099,7,MemberOf,category,1346,OWASP Top Ten 2021 Category A02:2021 - Cryptographic Failures,11,916,"['streamlit', 'danswerai', 'couler', 'langflow', 'gradio', 'mars', 'determined', 'mlflow']"
1100,8,MemberOf,category,1402,Comprehensive Categorization: Encryption,11,916,"['streamlit', 'danswerai', 'couler', 'langflow', 'gradio', 'mars', 'determined', 'mlflow']"
1101,9,MemberOf,category,1439,OWASP Top Ten 2025 Category A04:2025 - Cryptographic Failures,11,916,"['streamlit', 'danswerai', 'couler', 'langflow', 'gradio', 'mars', 'determined', 'mlflow']"
1102,10,Self,base,916,,11,916,"['streamlit', 'danswerai', 'couler', 'langflow', 'gradio', 'mars', 'determined', 'mlflow']"
1103,0,ChildOf,pillar,693,Protection Mechanism Failure,3,327,"['streamlit', 'danswerai', 'couler', 'langflow', 'open-webui', 'gradio', 'lightly', 'mars', 'determined', 'mlflow']"
1104,1,ParentOf,base,328,Use of Weak Hash,3,327,"['streamlit', 'danswerai', 'couler', 'langflow', 'open-webui', 'gradio', 'lightly', 'mars', 'determined', 'mlflow']"
1105,2,ParentOf,variant,780,Use of RSA Algorithm without OAEP,3,327,"['streamlit', 'danswerai', 'couler', 'langflow', 'open-webui', 'gradio', 'lightly', 'mars', 'determined', 'mlflow']"
1106,3,ParentOf,base,1240,Use of a Cryptographic Primitive with a Risky Implementation,3,327,"['streamlit', 'danswerai', 'couler', 'langflow', 'open-webui', 'gradio', 'lightly', 'mars', 'determined', 'mlflow']"
1107,4,PeerOf,base,301,Reflection Attack in an Authentication Protocol,3,327,"['streamlit', 'danswerai', 'couler', 'langflow', 'open-webui', 'gradio', 'lightly', 'mars', 'determined', 'mlflow']"
1108,5,PeerOf,class,311,Missing Encryption of Sensitive Data,3,327,"['streamlit', 'danswerai', 'couler', 'langflow', 'open-webui', 'gradio', 'lightly', 'mars', 'determined', 'mlflow']"
1109,6,CanFollow,base,208,Observable Timing Discrepancy,3,327,"['streamlit', 'danswerai', 'couler', 'langflow', 'open-webui', 'gradio', 'lightly', 'mars', 'determined', 'mlflow']"
1110,7,MemberOf,view,1003,Weaknesses for Simplified Mapping of Published Vulnerabilities,3,327,"['streamlit', 'danswerai', 'couler', 'langflow', 'open-webui', 'gradio', 'lightly', 'mars', 'determined', 'mlflow']"
1111,8,ParentOf,base,916,Use of Password Hash With Insufficient Computational Effort,3,327,"['streamlit', 'danswerai', 'couler', 'langflow', 'open-webui', 'gradio', 'lightly', 'mars', 'determined', 'mlflow']"
1112,9,MemberOf,category,1013,Encrypt Data,3,327,"['streamlit', 'danswerai', 'couler', 'langflow', 'open-webui', 'gradio', 'lightly', 'mars', 'determined', 'mlflow']"
1113,10,MemberOf,category,729,OWASP Top Ten 2004 Category A8 - Insecure Storage,3,327,"['streamlit', 'danswerai', 'couler', 'langflow', 'open-webui', 'gradio', 'lightly', 'mars', 'determined', 'mlflow']"
1114,11,MemberOf,category,753,2009 Top 25 - Porous Defenses,3,327,"['streamlit', 'danswerai', 'couler', 'langflow', 'open-webui', 'gradio', 'lightly', 'mars', 'determined', 'mlflow']"
1115,12,MemberOf,category,803,2010 Top 25 - Porous Defenses,3,327,"['streamlit', 'danswerai', 'couler', 'langflow', 'open-webui', 'gradio', 'lightly', 'mars', 'determined', 'mlflow']"
1116,13,MemberOf,category,816,OWASP Top Ten 2010 Category A7 - Insecure Cryptographic Storage,3,327,"['streamlit', 'danswerai', 'couler', 'langflow', 'open-webui', 'gradio', 'lightly', 'mars', 'determined', 'mlflow']"
1117,14,MemberOf,category,866,2011 Top 25 - Porous Defenses,3,327,"['streamlit', 'danswerai', 'couler', 'langflow', 'open-webui', 'gradio', 'lightly', 'mars', 'determined', 'mlflow']"
1118,15,MemberOf,category,883,CERT C++ Secure Coding Section 49 - Miscellaneous (MSC),3,327,"['streamlit', 'danswerai', 'couler', 'langflow', 'open-webui', 'gradio', 'lightly', 'mars', 'determined', 'mlflow']"
1119,16,MemberOf,view,884,CWE Cross-section,3,327,"['streamlit', 'danswerai', 'couler', 'langflow', 'open-webui', 'gradio', 'lightly', 'mars', 'determined', 'mlflow']"
1120,17,MemberOf,category,934,OWASP Top Ten 2013 Category A6 - Sensitive Data Exposure,3,327,"['streamlit', 'danswerai', 'couler', 'langflow', 'open-webui', 'gradio', 'lightly', 'mars', 'determined', 'mlflow']"
1121,18,MemberOf,category,958,SFP Secondary Cluster: Broken Cryptography,3,327,"['streamlit', 'danswerai', 'couler', 'langflow', 'open-webui', 'gradio', 'lightly', 'mars', 'determined', 'mlflow']"
1122,19,MemberOf,category,1029,OWASP Top Ten 2017 Category A3 - Sensitive Data Exposure,3,327,"['streamlit', 'danswerai', 'couler', 'langflow', 'open-webui', 'gradio', 'lightly', 'mars', 'determined', 'mlflow']"
1123,20,MemberOf,category,1131,CISQ Quality Measures (2016) - Security,3,327,"['streamlit', 'danswerai', 'couler', 'langflow', 'open-webui', 'gradio', 'lightly', 'mars', 'determined', 'mlflow']"
1124,21,MemberOf,category,1152,SEI CERT Oracle Secure Coding Standard for Java - Guidelines 49. Miscellaneous (MSC),3,327,"['streamlit', 'danswerai', 'couler', 'langflow', 'open-webui', 'gradio', 'lightly', 'mars', 'determined', 'mlflow']"
1125,22,MemberOf,category,1170,SEI CERT C Coding Standard - Guidelines 48. Miscellaneous (MSC),3,327,"['streamlit', 'danswerai', 'couler', 'langflow', 'open-webui', 'gradio', 'lightly', 'mars', 'determined', 'mlflow']"
1126,23,MemberOf,category,1346,OWASP Top Ten 2021 Category A02:2021 - Cryptographic Failures,3,327,"['streamlit', 'danswerai', 'couler', 'langflow', 'open-webui', 'gradio', 'lightly', 'mars', 'determined', 'mlflow']"
1127,24,MemberOf,category,1366,ICS Communications: Frail Security in Protocols,3,327,"['streamlit', 'danswerai', 'couler', 'langflow', 'open-webui', 'gradio', 'lightly', 'mars', 'determined', 'mlflow']"
1128,25,MemberOf,category,1402,Comprehensive Categorization: Encryption,3,327,"['streamlit', 'danswerai', 'couler', 'langflow', 'open-webui', 'gradio', 'lightly', 'mars', 'determined', 'mlflow']"
1129,26,MemberOf,category,1439,OWASP Top Ten 2025 Category A04:2025 - Cryptographic Failures,3,327,"['streamlit', 'danswerai', 'couler', 'langflow', 'open-webui', 'gradio', 'lightly', 'mars', 'determined', 'mlflow']"
1130,27,Self,class,327,,3,327,"['streamlit', 'danswerai', 'couler', 'langflow', 'open-webui', 'gradio', 'lightly', 'mars', 'determined', 'mlflow']"
1131,0,ChildOf,pillar,693,Protection Mechanism Failure,1,327,"['streamlit', 'danswerai', 'couler', 'langflow', 'open-webui', 'gradio', 'lightly', 'mars', 'determined', 'mlflow']"
1132,1,ParentOf,base,328,Use of Weak Hash,1,327,"['streamlit', 'danswerai', 'couler', 'langflow', 'open-webui', 'gradio', 'lightly', 'mars', 'determined', 'mlflow']"
1133,2,ParentOf,variant,780,Use of RSA Algorithm without OAEP,1,327,"['streamlit', 'danswerai', 'couler', 'langflow', 'open-webui', 'gradio', 'lightly', 'mars', 'determined', 'mlflow']"
1134,3,ParentOf,base,1240,Use of a Cryptographic Primitive with a Risky Implementation,1,327,"['streamlit', 'danswerai', 'couler', 'langflow', 'open-webui', 'gradio', 'lightly', 'mars', 'determined', 'mlflow']"
1135,4,PeerOf,base,301,Reflection Attack in an Authentication Protocol,1,327,"['streamlit', 'danswerai', 'couler', 'langflow', 'open-webui', 'gradio', 'lightly', 'mars', 'determined', 'mlflow']"
1136,5,PeerOf,class,311,Missing Encryption of Sensitive Data,1,327,"['streamlit', 'danswerai', 'couler', 'langflow', 'open-webui', 'gradio', 'lightly', 'mars', 'determined', 'mlflow']"
1137,6,CanFollow,base,208,Observable Timing Discrepancy,1,327,"['streamlit', 'danswerai', 'couler', 'langflow', 'open-webui', 'gradio', 'lightly', 'mars', 'determined', 'mlflow']"
1138,7,MemberOf,view,1003,Weaknesses for Simplified Mapping of Published Vulnerabilities,1,327,"['streamlit', 'danswerai', 'couler', 'langflow', 'open-webui', 'gradio', 'lightly', 'mars', 'determined', 'mlflow']"
1139,8,ParentOf,base,916,Use of Password Hash With Insufficient Computational Effort,1,327,"['streamlit', 'danswerai', 'couler', 'langflow', 'open-webui', 'gradio', 'lightly', 'mars', 'determined', 'mlflow']"
1140,9,MemberOf,category,1013,Encrypt Data,1,327,"['streamlit', 'danswerai', 'couler', 'langflow', 'open-webui', 'gradio', 'lightly', 'mars', 'determined', 'mlflow']"
1141,10,MemberOf,category,729,OWASP Top Ten 2004 Category A8 - Insecure Storage,1,327,"['streamlit', 'danswerai', 'couler', 'langflow', 'open-webui', 'gradio', 'lightly', 'mars', 'determined', 'mlflow']"
1142,11,MemberOf,category,753,2009 Top 25 - Porous Defenses,1,327,"['streamlit', 'danswerai', 'couler', 'langflow', 'open-webui', 'gradio', 'lightly', 'mars', 'determined', 'mlflow']"
1143,12,MemberOf,category,803,2010 Top 25 - Porous Defenses,1,327,"['streamlit', 'danswerai', 'couler', 'langflow', 'open-webui', 'gradio', 'lightly', 'mars', 'determined', 'mlflow']"
1144,13,MemberOf,category,816,OWASP Top Ten 2010 Category A7 - Insecure Cryptographic Storage,1,327,"['streamlit', 'danswerai', 'couler', 'langflow', 'open-webui', 'gradio', 'lightly', 'mars', 'determined', 'mlflow']"
1145,14,MemberOf,category,866,2011 Top 25 - Porous Defenses,1,327,"['streamlit', 'danswerai', 'couler', 'langflow', 'open-webui', 'gradio', 'lightly', 'mars', 'determined', 'mlflow']"
1146,15,MemberOf,category,883,CERT C++ Secure Coding Section 49 - Miscellaneous (MSC),1,327,"['streamlit', 'danswerai', 'couler', 'langflow', 'open-webui', 'gradio', 'lightly', 'mars', 'determined', 'mlflow']"
1147,16,MemberOf,view,884,CWE Cross-section,1,327,"['streamlit', 'danswerai', 'couler', 'langflow', 'open-webui', 'gradio', 'lightly', 'mars', 'determined', 'mlflow']"
1148,17,MemberOf,category,934,OWASP Top Ten 2013 Category A6 - Sensitive Data Exposure,1,327,"['streamlit', 'danswerai', 'couler', 'langflow', 'open-webui', 'gradio', 'lightly', 'mars', 'determined', 'mlflow']"
1149,18,MemberOf,category,958,SFP Secondary Cluster: Broken Cryptography,1,327,"['streamlit', 'danswerai', 'couler', 'langflow', 'open-webui', 'gradio', 'lightly', 'mars', 'determined', 'mlflow']"
1150,19,MemberOf,category,1029,OWASP Top Ten 2017 Category A3 - Sensitive Data Exposure,1,327,"['streamlit', 'danswerai', 'couler', 'langflow', 'open-webui', 'gradio', 'lightly', 'mars', 'determined', 'mlflow']"
1151,20,MemberOf,category,1131,CISQ Quality Measures (2016) - Security,1,327,"['streamlit', 'danswerai', 'couler', 'langflow', 'open-webui', 'gradio', 'lightly', 'mars', 'determined', 'mlflow']"
1152,21,MemberOf,category,1152,SEI CERT Oracle Secure Coding Standard for Java - Guidelines 49. Miscellaneous (MSC),1,327,"['streamlit', 'danswerai', 'couler', 'langflow', 'open-webui', 'gradio', 'lightly', 'mars', 'determined', 'mlflow']"
1153,22,MemberOf,category,1170,SEI CERT C Coding Standard - Guidelines 48. Miscellaneous (MSC),1,327,"['streamlit', 'danswerai', 'couler', 'langflow', 'open-webui', 'gradio', 'lightly', 'mars', 'determined', 'mlflow']"
1154,23,MemberOf,category,1346,OWASP Top Ten 2021 Category A02:2021 - Cryptographic Failures,1,327,"['streamlit', 'danswerai', 'couler', 'langflow', 'open-webui', 'gradio', 'lightly', 'mars', 'determined', 'mlflow']"
1155,24,MemberOf,category,1366,ICS Communications: Frail Security in Protocols,1,327,"['streamlit', 'danswerai', 'couler', 'langflow', 'open-webui', 'gradio', 'lightly', 'mars', 'determined', 'mlflow']"
1156,25,MemberOf,category,1402,Comprehensive Categorization: Encryption,1,327,"['streamlit', 'danswerai', 'couler', 'langflow', 'open-webui', 'gradio', 'lightly', 'mars', 'determined', 'mlflow']"
1157,26,MemberOf,category,1439,OWASP Top Ten 2025 Category A04:2025 - Cryptographic Failures,1,327,"['streamlit', 'danswerai', 'couler', 'langflow', 'open-webui', 'gradio', 'lightly', 'mars', 'determined', 'mlflow']"
1158,27,Self,class,327,,1,327,"['streamlit', 'danswerai', 'couler', 'langflow', 'open-webui', 'gradio', 'lightly', 'mars', 'determined', 'mlflow']"
1159,0,ChildOf,class,668,Exposure of Resource to Wrong Sphere,19,377,"['rasa', 'shogun', 'bentoml', 'tensorflow', 'pytorch', 'mindsdb', 'python-timbl', 'nut', 'lightly', 'transformers', 'DI-engine', 'gensim']"
1160,1,ParentOf,base,378,Creation of Temporary File With Insecure Permissions,19,377,"['rasa', 'shogun', 'bentoml', 'tensorflow', 'pytorch', 'mindsdb', 'python-timbl', 'nut', 'lightly', 'transformers', 'DI-engine', 'gensim']"
1161,2,ParentOf,base,379,Creation of Temporary File in Directory with Insecure Permissions,19,377,"['rasa', 'shogun', 'bentoml', 'tensorflow', 'pytorch', 'mindsdb', 'python-timbl', 'nut', 'lightly', 'transformers', 'DI-engine', 'gensim']"
1162,3,MemberOf,category,361,7PK - Time and State,19,377,"['rasa', 'shogun', 'bentoml', 'tensorflow', 'pytorch', 'mindsdb', 'python-timbl', 'nut', 'lightly', 'transformers', 'DI-engine', 'gensim']"
1163,4,MemberOf,category,857,The CERT Oracle Secure Coding Standard for Java (2011) Chapter 14 - Input Output (FIO),19,377,"['rasa', 'shogun', 'bentoml', 'tensorflow', 'pytorch', 'mindsdb', 'python-timbl', 'nut', 'lightly', 'transformers', 'DI-engine', 'gensim']"
1164,5,MemberOf,category,964,SFP Secondary Cluster: Exposure Temporary File,19,377,"['rasa', 'shogun', 'bentoml', 'tensorflow', 'pytorch', 'mindsdb', 'python-timbl', 'nut', 'lightly', 'transformers', 'DI-engine', 'gensim']"
1165,6,MemberOf,category,1147,SEI CERT Oracle Secure Coding Standard for Java - Guidelines 13. Input Output (FIO),19,377,"['rasa', 'shogun', 'bentoml', 'tensorflow', 'pytorch', 'mindsdb', 'python-timbl', 'nut', 'lightly', 'transformers', 'DI-engine', 'gensim']"
1166,7,MemberOf,category,1169,SEI CERT C Coding Standard - Guidelines 14. Concurrency (CON),19,377,"['rasa', 'shogun', 'bentoml', 'tensorflow', 'pytorch', 'mindsdb', 'python-timbl', 'nut', 'lightly', 'transformers', 'DI-engine', 'gensim']"
1167,8,MemberOf,category,1345,OWASP Top Ten 2021 Category A01:2021 - Broken Access Control,19,377,"['rasa', 'shogun', 'bentoml', 'tensorflow', 'pytorch', 'mindsdb', 'python-timbl', 'nut', 'lightly', 'transformers', 'DI-engine', 'gensim']"
1168,9,MemberOf,category,1366,ICS Communications: Frail Security in Protocols,19,377,"['rasa', 'shogun', 'bentoml', 'tensorflow', 'pytorch', 'mindsdb', 'python-timbl', 'nut', 'lightly', 'transformers', 'DI-engine', 'gensim']"
1169,10,MemberOf,category,1403,Comprehensive Categorization: Exposed Resource,19,377,"['rasa', 'shogun', 'bentoml', 'tensorflow', 'pytorch', 'mindsdb', 'python-timbl', 'nut', 'lightly', 'transformers', 'DI-engine', 'gensim']"
1170,11,MemberOf,category,1436,OWASP Top Ten 2025 Category A01:2025 - Broken Access Control,19,377,"['rasa', 'shogun', 'bentoml', 'tensorflow', 'pytorch', 'mindsdb', 'python-timbl', 'nut', 'lightly', 'transformers', 'DI-engine', 'gensim']"
1171,12,Self,class,377,,19,377,"['rasa', 'shogun', 'bentoml', 'tensorflow', 'pytorch', 'mindsdb', 'python-timbl', 'nut', 'lightly', 'transformers', 'DI-engine', 'gensim']"
1172,0,ChildOf,pillar,664,Improper Control of a Resource Through its Lifetime,57,400,"['danswerai', 'DIGITS', 'LightGBM', 'open-webui', 'CoreNLP', 'chainer', 'bokeh', 'determined', 'blaze', 'xgboost', 'catboost', 'jProcessing', 'typer', 'dash', 'ViZDoom', 'langflow', 'pyqtgraph', 'bentoml', 'caffe', 'tensorflow', 'numpy', 'haystack', 'pymc', 'PyTorchCV', 'retro', 'pebl', 'bigartm', 'gensim', 'ray', 'skll', 'emcee', 'vigra', 'deepchecks', 'pgmpy', 'pydantic', 'zipline', 'mars', 'jax', 'mlflow', 'DrQA', 'lambdo', 'scikit-learn', 'zpar', 'streamlit', 'pytorch', 'rasa', 'cortex', 'scikit-learn-intelex', 'DeepPavlov', 'mindsdb', 'pytorch-lightning', 'gradio', 'dirty_cat', 'xlearn', 'transformers', 'ColossalAI', 'vispy', 'pattern', 'DI-engine', 'pyss3', 'lightning-bolts']"
1173,1,ParentOf,class,405,Asymmetric Resource Consumption (Amplification),57,400,"['danswerai', 'DIGITS', 'LightGBM', 'open-webui', 'CoreNLP', 'chainer', 'bokeh', 'determined', 'blaze', 'xgboost', 'catboost', 'jProcessing', 'typer', 'dash', 'ViZDoom', 'langflow', 'pyqtgraph', 'bentoml', 'caffe', 'tensorflow', 'numpy', 'haystack', 'pymc', 'PyTorchCV', 'retro', 'pebl', 'bigartm', 'gensim', 'ray', 'skll', 'emcee', 'vigra', 'deepchecks', 'pgmpy', 'pydantic', 'zipline', 'mars', 'jax', 'mlflow', 'DrQA', 'lambdo', 'scikit-learn', 'zpar', 'streamlit', 'pytorch', 'rasa', 'cortex', 'scikit-learn-intelex', 'DeepPavlov', 'mindsdb', 'pytorch-lightning', 'gradio', 'dirty_cat', 'xlearn', 'transformers', 'ColossalAI', 'vispy', 'pattern', 'DI-engine', 'pyss3', 'lightning-bolts']"
1174,2,ParentOf,base,770,Allocation of Resources Without Limits or Throttling,57,400,"['danswerai', 'DIGITS', 'LightGBM', 'open-webui', 'CoreNLP', 'chainer', 'bokeh', 'determined', 'blaze', 'xgboost', 'catboost', 'jProcessing', 'typer', 'dash', 'ViZDoom', 'langflow', 'pyqtgraph', 'bentoml', 'caffe', 'tensorflow', 'numpy', 'haystack', 'pymc', 'PyTorchCV', 'retro', 'pebl', 'bigartm', 'gensim', 'ray', 'skll', 'emcee', 'vigra', 'deepchecks', 'pgmpy', 'pydantic', 'zipline', 'mars', 'jax', 'mlflow', 'DrQA', 'lambdo', 'scikit-learn', 'zpar', 'streamlit', 'pytorch', 'rasa', 'cortex', 'scikit-learn-intelex', 'DeepPavlov', 'mindsdb', 'pytorch-lightning', 'gradio', 'dirty_cat', 'xlearn', 'transformers', 'ColossalAI', 'vispy', 'pattern', 'DI-engine', 'pyss3', 'lightning-bolts']"
1175,3,ParentOf,base,771,Missing Reference to Active Allocated Resource,57,400,"['danswerai', 'DIGITS', 'LightGBM', 'open-webui', 'CoreNLP', 'chainer', 'bokeh', 'determined', 'blaze', 'xgboost', 'catboost', 'jProcessing', 'typer', 'dash', 'ViZDoom', 'langflow', 'pyqtgraph', 'bentoml', 'caffe', 'tensorflow', 'numpy', 'haystack', 'pymc', 'PyTorchCV', 'retro', 'pebl', 'bigartm', 'gensim', 'ray', 'skll', 'emcee', 'vigra', 'deepchecks', 'pgmpy', 'pydantic', 'zipline', 'mars', 'jax', 'mlflow', 'DrQA', 'lambdo', 'scikit-learn', 'zpar', 'streamlit', 'pytorch', 'rasa', 'cortex', 'scikit-learn-intelex', 'DeepPavlov', 'mindsdb', 'pytorch-lightning', 'gradio', 'dirty_cat', 'xlearn', 'transformers', 'ColossalAI', 'vispy', 'pattern', 'DI-engine', 'pyss3', 'lightning-bolts']"
1176,4,ParentOf,base,779,Logging of Excessive Data,57,400,"['danswerai', 'DIGITS', 'LightGBM', 'open-webui', 'CoreNLP', 'chainer', 'bokeh', 'determined', 'blaze', 'xgboost', 'catboost', 'jProcessing', 'typer', 'dash', 'ViZDoom', 'langflow', 'pyqtgraph', 'bentoml', 'caffe', 'tensorflow', 'numpy', 'haystack', 'pymc', 'PyTorchCV', 'retro', 'pebl', 'bigartm', 'gensim', 'ray', 'skll', 'emcee', 'vigra', 'deepchecks', 'pgmpy', 'pydantic', 'zipline', 'mars', 'jax', 'mlflow', 'DrQA', 'lambdo', 'scikit-learn', 'zpar', 'streamlit', 'pytorch', 'rasa', 'cortex', 'scikit-learn-intelex', 'DeepPavlov', 'mindsdb', 'pytorch-lightning', 'gradio', 'dirty_cat', 'xlearn', 'transformers', 'ColossalAI', 'vispy', 'pattern', 'DI-engine', 'pyss3', 'lightning-bolts']"
1177,5,ParentOf,base,920,Improper Restriction of Power Consumption,57,400,"['danswerai', 'DIGITS', 'LightGBM', 'open-webui', 'CoreNLP', 'chainer', 'bokeh', 'determined', 'blaze', 'xgboost', 'catboost', 'jProcessing', 'typer', 'dash', 'ViZDoom', 'langflow', 'pyqtgraph', 'bentoml', 'caffe', 'tensorflow', 'numpy', 'haystack', 'pymc', 'PyTorchCV', 'retro', 'pebl', 'bigartm', 'gensim', 'ray', 'skll', 'emcee', 'vigra', 'deepchecks', 'pgmpy', 'pydantic', 'zipline', 'mars', 'jax', 'mlflow', 'DrQA', 'lambdo', 'scikit-learn', 'zpar', 'streamlit', 'pytorch', 'rasa', 'cortex', 'scikit-learn-intelex', 'DeepPavlov', 'mindsdb', 'pytorch-lightning', 'gradio', 'dirty_cat', 'xlearn', 'transformers', 'ColossalAI', 'vispy', 'pattern', 'DI-engine', 'pyss3', 'lightning-bolts']"
1178,6,ParentOf,base,1235,Incorrect Use of Autoboxing and Unboxing for Performance Critical Operations,57,400,"['danswerai', 'DIGITS', 'LightGBM', 'open-webui', 'CoreNLP', 'chainer', 'bokeh', 'determined', 'blaze', 'xgboost', 'catboost', 'jProcessing', 'typer', 'dash', 'ViZDoom', 'langflow', 'pyqtgraph', 'bentoml', 'caffe', 'tensorflow', 'numpy', 'haystack', 'pymc', 'PyTorchCV', 'retro', 'pebl', 'bigartm', 'gensim', 'ray', 'skll', 'emcee', 'vigra', 'deepchecks', 'pgmpy', 'pydantic', 'zipline', 'mars', 'jax', 'mlflow', 'DrQA', 'lambdo', 'scikit-learn', 'zpar', 'streamlit', 'pytorch', 'rasa', 'cortex', 'scikit-learn-intelex', 'DeepPavlov', 'mindsdb', 'pytorch-lightning', 'gradio', 'dirty_cat', 'xlearn', 'transformers', 'ColossalAI', 'vispy', 'pattern', 'DI-engine', 'pyss3', 'lightning-bolts']"
1179,7,ParentOf,base,1246,Improper Write Handling in Limited-write Non-Volatile Memories,57,400,"['danswerai', 'DIGITS', 'LightGBM', 'open-webui', 'CoreNLP', 'chainer', 'bokeh', 'determined', 'blaze', 'xgboost', 'catboost', 'jProcessing', 'typer', 'dash', 'ViZDoom', 'langflow', 'pyqtgraph', 'bentoml', 'caffe', 'tensorflow', 'numpy', 'haystack', 'pymc', 'PyTorchCV', 'retro', 'pebl', 'bigartm', 'gensim', 'ray', 'skll', 'emcee', 'vigra', 'deepchecks', 'pgmpy', 'pydantic', 'zipline', 'mars', 'jax', 'mlflow', 'DrQA', 'lambdo', 'scikit-learn', 'zpar', 'streamlit', 'pytorch', 'rasa', 'cortex', 'scikit-learn-intelex', 'DeepPavlov', 'mindsdb', 'pytorch-lightning', 'gradio', 'dirty_cat', 'xlearn', 'transformers', 'ColossalAI', 'vispy', 'pattern', 'DI-engine', 'pyss3', 'lightning-bolts']"
1180,8,CanFollow,class,410,Insufficient Resource Pool,57,400,"['danswerai', 'DIGITS', 'LightGBM', 'open-webui', 'CoreNLP', 'chainer', 'bokeh', 'determined', 'blaze', 'xgboost', 'catboost', 'jProcessing', 'typer', 'dash', 'ViZDoom', 'langflow', 'pyqtgraph', 'bentoml', 'caffe', 'tensorflow', 'numpy', 'haystack', 'pymc', 'PyTorchCV', 'retro', 'pebl', 'bigartm', 'gensim', 'ray', 'skll', 'emcee', 'vigra', 'deepchecks', 'pgmpy', 'pydantic', 'zipline', 'mars', 'jax', 'mlflow', 'DrQA', 'lambdo', 'scikit-learn', 'zpar', 'streamlit', 'pytorch', 'rasa', 'cortex', 'scikit-learn-intelex', 'DeepPavlov', 'mindsdb', 'pytorch-lightning', 'gradio', 'dirty_cat', 'xlearn', 'transformers', 'ColossalAI', 'vispy', 'pattern', 'DI-engine', 'pyss3', 'lightning-bolts']"
1181,9,MemberOf,view,1003,Weaknesses for Simplified Mapping of Published Vulnerabilities,57,400,"['danswerai', 'DIGITS', 'LightGBM', 'open-webui', 'CoreNLP', 'chainer', 'bokeh', 'determined', 'blaze', 'xgboost', 'catboost', 'jProcessing', 'typer', 'dash', 'ViZDoom', 'langflow', 'pyqtgraph', 'bentoml', 'caffe', 'tensorflow', 'numpy', 'haystack', 'pymc', 'PyTorchCV', 'retro', 'pebl', 'bigartm', 'gensim', 'ray', 'skll', 'emcee', 'vigra', 'deepchecks', 'pgmpy', 'pydantic', 'zipline', 'mars', 'jax', 'mlflow', 'DrQA', 'lambdo', 'scikit-learn', 'zpar', 'streamlit', 'pytorch', 'rasa', 'cortex', 'scikit-learn-intelex', 'DeepPavlov', 'mindsdb', 'pytorch-lightning', 'gradio', 'dirty_cat', 'xlearn', 'transformers', 'ColossalAI', 'vispy', 'pattern', 'DI-engine', 'pyss3', 'lightning-bolts']"
1182,10,ParentOf,base,770,Allocation of Resources Without Limits or Throttling,57,400,"['danswerai', 'DIGITS', 'LightGBM', 'open-webui', 'CoreNLP', 'chainer', 'bokeh', 'determined', 'blaze', 'xgboost', 'catboost', 'jProcessing', 'typer', 'dash', 'ViZDoom', 'langflow', 'pyqtgraph', 'bentoml', 'caffe', 'tensorflow', 'numpy', 'haystack', 'pymc', 'PyTorchCV', 'retro', 'pebl', 'bigartm', 'gensim', 'ray', 'skll', 'emcee', 'vigra', 'deepchecks', 'pgmpy', 'pydantic', 'zipline', 'mars', 'jax', 'mlflow', 'DrQA', 'lambdo', 'scikit-learn', 'zpar', 'streamlit', 'pytorch', 'rasa', 'cortex', 'scikit-learn-intelex', 'DeepPavlov', 'mindsdb', 'pytorch-lightning', 'gradio', 'dirty_cat', 'xlearn', 'transformers', 'ColossalAI', 'vispy', 'pattern', 'DI-engine', 'pyss3', 'lightning-bolts']"
1183,11,ParentOf,base,920,Improper Restriction of Power Consumption,57,400,"['danswerai', 'DIGITS', 'LightGBM', 'open-webui', 'CoreNLP', 'chainer', 'bokeh', 'determined', 'blaze', 'xgboost', 'catboost', 'jProcessing', 'typer', 'dash', 'ViZDoom', 'langflow', 'pyqtgraph', 'bentoml', 'caffe', 'tensorflow', 'numpy', 'haystack', 'pymc', 'PyTorchCV', 'retro', 'pebl', 'bigartm', 'gensim', 'ray', 'skll', 'emcee', 'vigra', 'deepchecks', 'pgmpy', 'pydantic', 'zipline', 'mars', 'jax', 'mlflow', 'DrQA', 'lambdo', 'scikit-learn', 'zpar', 'streamlit', 'pytorch', 'rasa', 'cortex', 'scikit-learn-intelex', 'DeepPavlov', 'mindsdb', 'pytorch-lightning', 'gradio', 'dirty_cat', 'xlearn', 'transformers', 'ColossalAI', 'vispy', 'pattern', 'DI-engine', 'pyss3', 'lightning-bolts']"
1184,12,MemberOf,category,730,OWASP Top Ten 2004 Category A9 - Denial of Service,57,400,"['danswerai', 'DIGITS', 'LightGBM', 'open-webui', 'CoreNLP', 'chainer', 'bokeh', 'determined', 'blaze', 'xgboost', 'catboost', 'jProcessing', 'typer', 'dash', 'ViZDoom', 'langflow', 'pyqtgraph', 'bentoml', 'caffe', 'tensorflow', 'numpy', 'haystack', 'pymc', 'PyTorchCV', 'retro', 'pebl', 'bigartm', 'gensim', 'ray', 'skll', 'emcee', 'vigra', 'deepchecks', 'pgmpy', 'pydantic', 'zipline', 'mars', 'jax', 'mlflow', 'DrQA', 'lambdo', 'scikit-learn', 'zpar', 'streamlit', 'pytorch', 'rasa', 'cortex', 'scikit-learn-intelex', 'DeepPavlov', 'mindsdb', 'pytorch-lightning', 'gradio', 'dirty_cat', 'xlearn', 'transformers', 'ColossalAI', 'vispy', 'pattern', 'DI-engine', 'pyss3', 'lightning-bolts']"
1185,13,MemberOf,category,858,The CERT Oracle Secure Coding Standard for Java (2011) Chapter 15 - Serialization (SER),57,400,"['danswerai', 'DIGITS', 'LightGBM', 'open-webui', 'CoreNLP', 'chainer', 'bokeh', 'determined', 'blaze', 'xgboost', 'catboost', 'jProcessing', 'typer', 'dash', 'ViZDoom', 'langflow', 'pyqtgraph', 'bentoml', 'caffe', 'tensorflow', 'numpy', 'haystack', 'pymc', 'PyTorchCV', 'retro', 'pebl', 'bigartm', 'gensim', 'ray', 'skll', 'emcee', 'vigra', 'deepchecks', 'pgmpy', 'pydantic', 'zipline', 'mars', 'jax', 'mlflow', 'DrQA', 'lambdo', 'scikit-learn', 'zpar', 'streamlit', 'pytorch', 'rasa', 'cortex', 'scikit-learn-intelex', 'DeepPavlov', 'mindsdb', 'pytorch-lightning', 'gradio', 'dirty_cat', 'xlearn', 'transformers', 'ColossalAI', 'vispy', 'pattern', 'DI-engine', 'pyss3', 'lightning-bolts']"
1186,14,MemberOf,category,861,The CERT Oracle Secure Coding Standard for Java (2011) Chapter 18 - Miscellaneous (MSC),57,400,"['danswerai', 'DIGITS', 'LightGBM', 'open-webui', 'CoreNLP', 'chainer', 'bokeh', 'determined', 'blaze', 'xgboost', 'catboost', 'jProcessing', 'typer', 'dash', 'ViZDoom', 'langflow', 'pyqtgraph', 'bentoml', 'caffe', 'tensorflow', 'numpy', 'haystack', 'pymc', 'PyTorchCV', 'retro', 'pebl', 'bigartm', 'gensim', 'ray', 'skll', 'emcee', 'vigra', 'deepchecks', 'pgmpy', 'pydantic', 'zipline', 'mars', 'jax', 'mlflow', 'DrQA', 'lambdo', 'scikit-learn', 'zpar', 'streamlit', 'pytorch', 'rasa', 'cortex', 'scikit-learn-intelex', 'DeepPavlov', 'mindsdb', 'pytorch-lightning', 'gradio', 'dirty_cat', 'xlearn', 'transformers', 'ColossalAI', 'vispy', 'pattern', 'DI-engine', 'pyss3', 'lightning-bolts']"
1187,15,MemberOf,view,884,CWE Cross-section,57,400,"['danswerai', 'DIGITS', 'LightGBM', 'open-webui', 'CoreNLP', 'chainer', 'bokeh', 'determined', 'blaze', 'xgboost', 'catboost', 'jProcessing', 'typer', 'dash', 'ViZDoom', 'langflow', 'pyqtgraph', 'bentoml', 'caffe', 'tensorflow', 'numpy', 'haystack', 'pymc', 'PyTorchCV', 'retro', 'pebl', 'bigartm', 'gensim', 'ray', 'skll', 'emcee', 'vigra', 'deepchecks', 'pgmpy', 'pydantic', 'zipline', 'mars', 'jax', 'mlflow', 'DrQA', 'lambdo', 'scikit-learn', 'zpar', 'streamlit', 'pytorch', 'rasa', 'cortex', 'scikit-learn-intelex', 'DeepPavlov', 'mindsdb', 'pytorch-lightning', 'gradio', 'dirty_cat', 'xlearn', 'transformers', 'ColossalAI', 'vispy', 'pattern', 'DI-engine', 'pyss3', 'lightning-bolts']"
1188,16,MemberOf,category,985,SFP Secondary Cluster: Unrestricted Consumption,57,400,"['danswerai', 'DIGITS', 'LightGBM', 'open-webui', 'CoreNLP', 'chainer', 'bokeh', 'determined', 'blaze', 'xgboost', 'catboost', 'jProcessing', 'typer', 'dash', 'ViZDoom', 'langflow', 'pyqtgraph', 'bentoml', 'caffe', 'tensorflow', 'numpy', 'haystack', 'pymc', 'PyTorchCV', 'retro', 'pebl', 'bigartm', 'gensim', 'ray', 'skll', 'emcee', 'vigra', 'deepchecks', 'pgmpy', 'pydantic', 'zipline', 'mars', 'jax', 'mlflow', 'DrQA', 'lambdo', 'scikit-learn', 'zpar', 'streamlit', 'pytorch', 'rasa', 'cortex', 'scikit-learn-intelex', 'DeepPavlov', 'mindsdb', 'pytorch-lightning', 'gradio', 'dirty_cat', 'xlearn', 'transformers', 'ColossalAI', 'vispy', 'pattern', 'DI-engine', 'pyss3', 'lightning-bolts']"
1189,17,MemberOf,category,1148,SEI CERT Oracle Secure Coding Standard for Java - Guidelines 14. Serialization (SER),57,400,"['danswerai', 'DIGITS', 'LightGBM', 'open-webui', 'CoreNLP', 'chainer', 'bokeh', 'determined', 'blaze', 'xgboost', 'catboost', 'jProcessing', 'typer', 'dash', 'ViZDoom', 'langflow', 'pyqtgraph', 'bentoml', 'caffe', 'tensorflow', 'numpy', 'haystack', 'pymc', 'PyTorchCV', 'retro', 'pebl', 'bigartm', 'gensim', 'ray', 'skll', 'emcee', 'vigra', 'deepchecks', 'pgmpy', 'pydantic', 'zipline', 'mars', 'jax', 'mlflow', 'DrQA', 'lambdo', 'scikit-learn', 'zpar', 'streamlit', 'pytorch', 'rasa', 'cortex', 'scikit-learn-intelex', 'DeepPavlov', 'mindsdb', 'pytorch-lightning', 'gradio', 'dirty_cat', 'xlearn', 'transformers', 'ColossalAI', 'vispy', 'pattern', 'DI-engine', 'pyss3', 'lightning-bolts']"
1190,18,MemberOf,category,1152,SEI CERT Oracle Secure Coding Standard for Java - Guidelines 49. Miscellaneous (MSC),57,400,"['danswerai', 'DIGITS', 'LightGBM', 'open-webui', 'CoreNLP', 'chainer', 'bokeh', 'determined', 'blaze', 'xgboost', 'catboost', 'jProcessing', 'typer', 'dash', 'ViZDoom', 'langflow', 'pyqtgraph', 'bentoml', 'caffe', 'tensorflow', 'numpy', 'haystack', 'pymc', 'PyTorchCV', 'retro', 'pebl', 'bigartm', 'gensim', 'ray', 'skll', 'emcee', 'vigra', 'deepchecks', 'pgmpy', 'pydantic', 'zipline', 'mars', 'jax', 'mlflow', 'DrQA', 'lambdo', 'scikit-learn', 'zpar', 'streamlit', 'pytorch', 'rasa', 'cortex', 'scikit-learn-intelex', 'DeepPavlov', 'mindsdb', 'pytorch-lightning', 'gradio', 'dirty_cat', 'xlearn', 'transformers', 'ColossalAI', 'vispy', 'pattern', 'DI-engine', 'pyss3', 'lightning-bolts']"
1191,19,MemberOf,view,1200,Weaknesses in the 2019 CWE Top 25 Most Dangerous Software Errors,57,400,"['danswerai', 'DIGITS', 'LightGBM', 'open-webui', 'CoreNLP', 'chainer', 'bokeh', 'determined', 'blaze', 'xgboost', 'catboost', 'jProcessing', 'typer', 'dash', 'ViZDoom', 'langflow', 'pyqtgraph', 'bentoml', 'caffe', 'tensorflow', 'numpy', 'haystack', 'pymc', 'PyTorchCV', 'retro', 'pebl', 'bigartm', 'gensim', 'ray', 'skll', 'emcee', 'vigra', 'deepchecks', 'pgmpy', 'pydantic', 'zipline', 'mars', 'jax', 'mlflow', 'DrQA', 'lambdo', 'scikit-learn', 'zpar', 'streamlit', 'pytorch', 'rasa', 'cortex', 'scikit-learn-intelex', 'DeepPavlov', 'mindsdb', 'pytorch-lightning', 'gradio', 'dirty_cat', 'xlearn', 'transformers', 'ColossalAI', 'vispy', 'pattern', 'DI-engine', 'pyss3', 'lightning-bolts']"
1192,20,MemberOf,view,1350,Weaknesses in the 2020 CWE Top 25 Most Dangerous Software Weaknesses,57,400,"['danswerai', 'DIGITS', 'LightGBM', 'open-webui', 'CoreNLP', 'chainer', 'bokeh', 'determined', 'blaze', 'xgboost', 'catboost', 'jProcessing', 'typer', 'dash', 'ViZDoom', 'langflow', 'pyqtgraph', 'bentoml', 'caffe', 'tensorflow', 'numpy', 'haystack', 'pymc', 'PyTorchCV', 'retro', 'pebl', 'bigartm', 'gensim', 'ray', 'skll', 'emcee', 'vigra', 'deepchecks', 'pgmpy', 'pydantic', 'zipline', 'mars', 'jax', 'mlflow', 'DrQA', 'lambdo', 'scikit-learn', 'zpar', 'streamlit', 'pytorch', 'rasa', 'cortex', 'scikit-learn-intelex', 'DeepPavlov', 'mindsdb', 'pytorch-lightning', 'gradio', 'dirty_cat', 'xlearn', 'transformers', 'ColossalAI', 'vispy', 'pattern', 'DI-engine', 'pyss3', 'lightning-bolts']"
1193,21,MemberOf,view,1387,Weaknesses in the 2022 CWE Top 25 Most Dangerous Software Weaknesses,57,400,"['danswerai', 'DIGITS', 'LightGBM', 'open-webui', 'CoreNLP', 'chainer', 'bokeh', 'determined', 'blaze', 'xgboost', 'catboost', 'jProcessing', 'typer', 'dash', 'ViZDoom', 'langflow', 'pyqtgraph', 'bentoml', 'caffe', 'tensorflow', 'numpy', 'haystack', 'pymc', 'PyTorchCV', 'retro', 'pebl', 'bigartm', 'gensim', 'ray', 'skll', 'emcee', 'vigra', 'deepchecks', 'pgmpy', 'pydantic', 'zipline', 'mars', 'jax', 'mlflow', 'DrQA', 'lambdo', 'scikit-learn', 'zpar', 'streamlit', 'pytorch', 'rasa', 'cortex', 'scikit-learn-intelex', 'DeepPavlov', 'mindsdb', 'pytorch-lightning', 'gradio', 'dirty_cat', 'xlearn', 'transformers', 'ColossalAI', 'vispy', 'pattern', 'DI-engine', 'pyss3', 'lightning-bolts']"
1194,22,MemberOf,category,1416,Comprehensive Categorization: Resource Lifecycle Management,57,400,"['danswerai', 'DIGITS', 'LightGBM', 'open-webui', 'CoreNLP', 'chainer', 'bokeh', 'determined', 'blaze', 'xgboost', 'catboost', 'jProcessing', 'typer', 'dash', 'ViZDoom', 'langflow', 'pyqtgraph', 'bentoml', 'caffe', 'tensorflow', 'numpy', 'haystack', 'pymc', 'PyTorchCV', 'retro', 'pebl', 'bigartm', 'gensim', 'ray', 'skll', 'emcee', 'vigra', 'deepchecks', 'pgmpy', 'pydantic', 'zipline', 'mars', 'jax', 'mlflow', 'DrQA', 'lambdo', 'scikit-learn', 'zpar', 'streamlit', 'pytorch', 'rasa', 'cortex', 'scikit-learn-intelex', 'DeepPavlov', 'mindsdb', 'pytorch-lightning', 'gradio', 'dirty_cat', 'xlearn', 'transformers', 'ColossalAI', 'vispy', 'pattern', 'DI-engine', 'pyss3', 'lightning-bolts']"
1195,23,MemberOf,view,1430,Weaknesses in the 2024 CWE Top 25 Most Dangerous Software Weaknesses,57,400,"['danswerai', 'DIGITS', 'LightGBM', 'open-webui', 'CoreNLP', 'chainer', 'bokeh', 'determined', 'blaze', 'xgboost', 'catboost', 'jProcessing', 'typer', 'dash', 'ViZDoom', 'langflow', 'pyqtgraph', 'bentoml', 'caffe', 'tensorflow', 'numpy', 'haystack', 'pymc', 'PyTorchCV', 'retro', 'pebl', 'bigartm', 'gensim', 'ray', 'skll', 'emcee', 'vigra', 'deepchecks', 'pgmpy', 'pydantic', 'zipline', 'mars', 'jax', 'mlflow', 'DrQA', 'lambdo', 'scikit-learn', 'zpar', 'streamlit', 'pytorch', 'rasa', 'cortex', 'scikit-learn-intelex', 'DeepPavlov', 'mindsdb', 'pytorch-lightning', 'gradio', 'dirty_cat', 'xlearn', 'transformers', 'ColossalAI', 'vispy', 'pattern', 'DI-engine', 'pyss3', 'lightning-bolts']"
1196,24,Self,class,400,,57,400,"['danswerai', 'DIGITS', 'LightGBM', 'open-webui', 'CoreNLP', 'chainer', 'bokeh', 'determined', 'blaze', 'xgboost', 'catboost', 'jProcessing', 'typer', 'dash', 'ViZDoom', 'langflow', 'pyqtgraph', 'bentoml', 'caffe', 'tensorflow', 'numpy', 'haystack', 'pymc', 'PyTorchCV', 'retro', 'pebl', 'bigartm', 'gensim', 'ray', 'skll', 'emcee', 'vigra', 'deepchecks', 'pgmpy', 'pydantic', 'zipline', 'mars', 'jax', 'mlflow', 'DrQA', 'lambdo', 'scikit-learn', 'zpar', 'streamlit', 'pytorch', 'rasa', 'cortex', 'scikit-learn-intelex', 'DeepPavlov', 'mindsdb', 'pytorch-lightning', 'gradio', 'dirty_cat', 'xlearn', 'transformers', 'ColossalAI', 'vispy', 'pattern', 'DI-engine', 'pyss3', 'lightning-bolts']"
1197,0,ChildOf,class,74,Improper Neutralization of Special Elements in Output Used by a Downstream Component ('Injection'),2,943,['machine-learning']
1198,1,ParentOf,base,89,Improper Neutralization of Special Elements used in an SQL Command ('SQL Injection'),2,943,['machine-learning']
1199,2,ParentOf,base,90,Improper Neutralization of Special Elements used in an LDAP Query ('LDAP Injection'),2,943,['machine-learning']
1200,3,ParentOf,base,643,Improper Neutralization of Data within XPath Expressions ('XPath Injection'),2,943,['machine-learning']
1201,4,ParentOf,base,652,Improper Neutralization of Data within XQuery Expressions ('XQuery Injection'),2,943,['machine-learning']
1202,5,MemberOf,category,1019,Validate Inputs,2,943,['machine-learning']
1203,6,MemberOf,category,1027,OWASP Top Ten 2017 Category A1 - Injection,2,943,['machine-learning']
1204,7,MemberOf,category,1409,Comprehensive Categorization: Injection,2,943,['machine-learning']
1205,8,Self,class,943,,2,943,['machine-learning']
