,nature,type,id,description,cwe_counts,cwe_id
0,ChildOf,pillar,707,Improper Neutralization,4,20
1,ParentOf,base,179,Incorrect Behavior Order: Early Validation,4,20
2,ParentOf,variant,622,Improper Validation of Function Hook Arguments,4,20
3,ParentOf,base,1173,Improper Use of Validation Framework,4,20
4,ParentOf,base,1284,Improper Validation of Specified Quantity in Input,4,20
5,ParentOf,base,1285,"Improper Validation of Specified Index, Position, or Offset in Input",4,20
6,ParentOf,base,1286,Improper Validation of Syntactic Correctness of Input,4,20
7,ParentOf,base,1287,Improper Validation of Specified Type of Input,4,20
8,ParentOf,base,1288,Improper Validation of Consistency within Input,4,20
9,ParentOf,base,1289,Improper Validation of Unsafe Equivalence in Input,4,20
10,PeerOf,class,345,Insufficient Verification of Data Authenticity,4,20
11,CanPrecede,base,22,Improper Limitation of a Pathname to a Restricted Directory ('Path Traversal'),4,20
12,CanPrecede,base,41,Improper Resolution of Path Equivalence,4,20
13,CanPrecede,class,74,Improper Neutralization of Special Elements in Output Used by a Downstream Component ('Injection'),4,20
14,CanPrecede,class,119,Improper Restriction of Operations within the Bounds of a Memory Buffer,4,20
15,CanPrecede,base,770,Allocation of Resources Without Limits or Throttling,4,20
16,MemberOf,view,1003,Weaknesses for Simplified Mapping of Published Vulnerabilities,4,20
17,ParentOf,variant,129,Improper Validation of Array Index,4,20
18,ParentOf,base,1284,Improper Validation of Specified Quantity in Input,4,20
19,MemberOf,category,1019,Validate Inputs,4,20
20,ParentOf,base,15,External Control of System or Configuration Setting,4,20
21,ParentOf,base,73,External Control of File Name or Path,4,20
22,ParentOf,variant,102,Struts: Duplicate Validation Forms,4,20
23,ParentOf,variant,103,Struts: Incomplete validate() Method Definition,4,20
24,ParentOf,variant,104,Struts: Form Bean Does Not Extend Validation Class,4,20
25,ParentOf,variant,105,Struts: Form Field Without Validator,4,20
26,ParentOf,variant,106,Struts: Plug-in Framework not in Use,4,20
27,ParentOf,variant,107,Struts: Unused Validation Form,4,20
28,ParentOf,variant,108,Struts: Unvalidated Action Form,4,20
29,ParentOf,variant,109,Struts: Validator Turned Off,4,20
30,ParentOf,variant,110,Struts: Validator Without Form Field,4,20
31,ParentOf,variant,111,Direct Use of Unsafe JNI,4,20
32,ParentOf,base,112,Missing XML Validation,4,20
33,ParentOf,variant,113,Improper Neutralization of CRLF Sequences in HTTP Headers ('HTTP Request/Response Splitting'),4,20
34,ParentOf,class,114,Process Control,4,20
35,ParentOf,base,117,Improper Output Neutralization for Logs,4,20
36,ParentOf,class,119,Improper Restriction of Operations within the Bounds of a Memory Buffer,4,20
37,ParentOf,base,120,Buffer Copy without Checking Size of Input ('Classic Buffer Overflow'),4,20
38,ParentOf,base,134,Use of Externally-Controlled Format String,4,20
39,ParentOf,base,170,Improper Null Termination,4,20
40,ParentOf,base,190,Integer Overflow or Wraparound,4,20
41,ParentOf,base,466,Return of Pointer Value Outside of Expected Range,4,20
42,ParentOf,base,470,Use of Externally-Controlled Input to Select Classes or Code ('Unsafe Reflection'),4,20
43,ParentOf,variant,785,Use of Path Manipulation Function without Maximum-sized Buffer,4,20
44,MemberOf,view,635,Weaknesses Originally Used by NVD from 2008 to 2016,4,20
45,MemberOf,category,722,OWASP Top Ten 2004 Category A1 - Unvalidated Input,4,20
46,MemberOf,category,738,CERT C Secure Coding Standard (2008) Chapter 5 - Integers (INT),4,20
47,MemberOf,category,742,CERT C Secure Coding Standard (2008) Chapter 9 - Memory Management (MEM),4,20
48,MemberOf,category,746,CERT C Secure Coding Standard (2008) Chapter 13 - Error Handling (ERR),4,20
49,MemberOf,category,747,CERT C Secure Coding Standard (2008) Chapter 14 - Miscellaneous (MSC),4,20
50,MemberOf,category,751,2009 Top 25 - Insecure Interaction Between Components,4,20
51,MemberOf,category,872,CERT C++ Secure Coding Section 04 - Integers (INT),4,20
52,MemberOf,category,876,CERT C++ Secure Coding Section 08 - Memory Management (MEM),4,20
53,MemberOf,category,883,CERT C++ Secure Coding Section 49 - Miscellaneous (MSC),4,20
54,MemberOf,category,994,SFP Secondary Cluster: Tainted Input to Variable,4,20
55,MemberOf,category,1005,7PK - Input Validation and Representation,4,20
56,MemberOf,category,1163,SEI CERT C Coding Standard - Guidelines 09. Input Output (FIO),4,20
57,MemberOf,view,1200,Weaknesses in the 2019 CWE Top 25 Most Dangerous Software Errors,4,20
58,MemberOf,view,1337,Weaknesses in the 2021 CWE Top 25 Most Dangerous Software Weaknesses,4,20
59,MemberOf,category,1347,OWASP Top Ten 2021 Category A03:2021 - Injection,4,20
60,MemberOf,view,1350,Weaknesses in the 2020 CWE Top 25 Most Dangerous Software Weaknesses,4,20
61,MemberOf,category,1382,ICS Operations (& Maintenance): Emerging Energy Technologies,4,20
62,MemberOf,view,1387,Weaknesses in the 2022 CWE Top 25 Most Dangerous Software Weaknesses,4,20
63,MemberOf,category,1406,Comprehensive Categorization: Improper Input Validation,4,20
64,MemberOf,view,1425,Weaknesses in the 2023 CWE Top 25 Most Dangerous Software Weaknesses,4,20
65,MemberOf,view,1430,Weaknesses in the 2024 CWE Top 25 Most Dangerous Software Weaknesses,4,20
66,MemberOf,view,1435,Weaknesses in the 2025 CWE Top 25 Most Dangerous Software Weaknesses,4,20
67,MemberOf,category,1440,OWASP Top Ten 2025 Category A05:2025 - Injection,4,20
68,Self,class,20,,4,20
69,ChildOf,pillar,707,Improper Neutralization,34,20
70,ParentOf,base,179,Incorrect Behavior Order: Early Validation,34,20
71,ParentOf,variant,622,Improper Validation of Function Hook Arguments,34,20
72,ParentOf,base,1173,Improper Use of Validation Framework,34,20
73,ParentOf,base,1284,Improper Validation of Specified Quantity in Input,34,20
74,ParentOf,base,1285,"Improper Validation of Specified Index, Position, or Offset in Input",34,20
75,ParentOf,base,1286,Improper Validation of Syntactic Correctness of Input,34,20
76,ParentOf,base,1287,Improper Validation of Specified Type of Input,34,20
77,ParentOf,base,1288,Improper Validation of Consistency within Input,34,20
78,ParentOf,base,1289,Improper Validation of Unsafe Equivalence in Input,34,20
79,PeerOf,class,345,Insufficient Verification of Data Authenticity,34,20
80,CanPrecede,base,22,Improper Limitation of a Pathname to a Restricted Directory ('Path Traversal'),34,20
81,CanPrecede,base,41,Improper Resolution of Path Equivalence,34,20
82,CanPrecede,class,74,Improper Neutralization of Special Elements in Output Used by a Downstream Component ('Injection'),34,20
83,CanPrecede,class,119,Improper Restriction of Operations within the Bounds of a Memory Buffer,34,20
84,CanPrecede,base,770,Allocation of Resources Without Limits or Throttling,34,20
85,MemberOf,view,1003,Weaknesses for Simplified Mapping of Published Vulnerabilities,34,20
86,ParentOf,variant,129,Improper Validation of Array Index,34,20
87,ParentOf,base,1284,Improper Validation of Specified Quantity in Input,34,20
88,MemberOf,category,1019,Validate Inputs,34,20
89,ParentOf,base,15,External Control of System or Configuration Setting,34,20
90,ParentOf,base,73,External Control of File Name or Path,34,20
91,ParentOf,variant,102,Struts: Duplicate Validation Forms,34,20
92,ParentOf,variant,103,Struts: Incomplete validate() Method Definition,34,20
93,ParentOf,variant,104,Struts: Form Bean Does Not Extend Validation Class,34,20
94,ParentOf,variant,105,Struts: Form Field Without Validator,34,20
95,ParentOf,variant,106,Struts: Plug-in Framework not in Use,34,20
96,ParentOf,variant,107,Struts: Unused Validation Form,34,20
97,ParentOf,variant,108,Struts: Unvalidated Action Form,34,20
98,ParentOf,variant,109,Struts: Validator Turned Off,34,20
99,ParentOf,variant,110,Struts: Validator Without Form Field,34,20
100,ParentOf,variant,111,Direct Use of Unsafe JNI,34,20
101,ParentOf,base,112,Missing XML Validation,34,20
102,ParentOf,variant,113,Improper Neutralization of CRLF Sequences in HTTP Headers ('HTTP Request/Response Splitting'),34,20
103,ParentOf,class,114,Process Control,34,20
104,ParentOf,base,117,Improper Output Neutralization for Logs,34,20
105,ParentOf,class,119,Improper Restriction of Operations within the Bounds of a Memory Buffer,34,20
106,ParentOf,base,120,Buffer Copy without Checking Size of Input ('Classic Buffer Overflow'),34,20
107,ParentOf,base,134,Use of Externally-Controlled Format String,34,20
108,ParentOf,base,170,Improper Null Termination,34,20
109,ParentOf,base,190,Integer Overflow or Wraparound,34,20
110,ParentOf,base,466,Return of Pointer Value Outside of Expected Range,34,20
111,ParentOf,base,470,Use of Externally-Controlled Input to Select Classes or Code ('Unsafe Reflection'),34,20
112,ParentOf,variant,785,Use of Path Manipulation Function without Maximum-sized Buffer,34,20
113,MemberOf,view,635,Weaknesses Originally Used by NVD from 2008 to 2016,34,20
114,MemberOf,category,722,OWASP Top Ten 2004 Category A1 - Unvalidated Input,34,20
115,MemberOf,category,738,CERT C Secure Coding Standard (2008) Chapter 5 - Integers (INT),34,20
116,MemberOf,category,742,CERT C Secure Coding Standard (2008) Chapter 9 - Memory Management (MEM),34,20
117,MemberOf,category,746,CERT C Secure Coding Standard (2008) Chapter 13 - Error Handling (ERR),34,20
118,MemberOf,category,747,CERT C Secure Coding Standard (2008) Chapter 14 - Miscellaneous (MSC),34,20
119,MemberOf,category,751,2009 Top 25 - Insecure Interaction Between Components,34,20
120,MemberOf,category,872,CERT C++ Secure Coding Section 04 - Integers (INT),34,20
121,MemberOf,category,876,CERT C++ Secure Coding Section 08 - Memory Management (MEM),34,20
122,MemberOf,category,883,CERT C++ Secure Coding Section 49 - Miscellaneous (MSC),34,20
123,MemberOf,category,994,SFP Secondary Cluster: Tainted Input to Variable,34,20
124,MemberOf,category,1005,7PK - Input Validation and Representation,34,20
125,MemberOf,category,1163,SEI CERT C Coding Standard - Guidelines 09. Input Output (FIO),34,20
126,MemberOf,view,1200,Weaknesses in the 2019 CWE Top 25 Most Dangerous Software Errors,34,20
127,MemberOf,view,1337,Weaknesses in the 2021 CWE Top 25 Most Dangerous Software Weaknesses,34,20
128,MemberOf,category,1347,OWASP Top Ten 2021 Category A03:2021 - Injection,34,20
129,MemberOf,view,1350,Weaknesses in the 2020 CWE Top 25 Most Dangerous Software Weaknesses,34,20
130,MemberOf,category,1382,ICS Operations (& Maintenance): Emerging Energy Technologies,34,20
131,MemberOf,view,1387,Weaknesses in the 2022 CWE Top 25 Most Dangerous Software Weaknesses,34,20
132,MemberOf,category,1406,Comprehensive Categorization: Improper Input Validation,34,20
133,MemberOf,view,1425,Weaknesses in the 2023 CWE Top 25 Most Dangerous Software Weaknesses,34,20
134,MemberOf,view,1430,Weaknesses in the 2024 CWE Top 25 Most Dangerous Software Weaknesses,34,20
135,MemberOf,view,1435,Weaknesses in the 2025 CWE Top 25 Most Dangerous Software Weaknesses,34,20
136,MemberOf,category,1440,OWASP Top Ten 2025 Category A05:2025 - Injection,34,20
137,Self,class,20,,34,20
138,ChildOf,class,732,Incorrect Permission Assignment for Critical Resource,2,1004
139,MemberOf,category,1349,OWASP Top Ten 2021 Category A05:2021 - Security Misconfiguration,2,1004
140,MemberOf,category,1396,Comprehensive Categorization: Access Control,2,1004
141,MemberOf,category,1437,OWASP Top Ten 2025 Category A02:2025 - Security Misconfiguration,2,1004
142,Self,variant,1004,,2,1004
143,ChildOf,class,668,Exposure of Resource to Wrong Sphere,59,200
144,ParentOf,base,201,Insertion of Sensitive Information Into Sent Data,59,200
145,ParentOf,base,203,Observable Discrepancy,59,200
146,ParentOf,base,209,Generation of Error Message Containing Sensitive Information,59,200
147,ParentOf,base,213,Exposure of Sensitive Information Due to Incompatible Policies,59,200
148,ParentOf,base,215,Insertion of Sensitive Information Into Debugging Code,59,200
149,ParentOf,base,359,Exposure of Private Personal Information to an Unauthorized Actor,59,200
150,ParentOf,base,497,Exposure of Sensitive System Information to an Unauthorized Control Sphere,59,200
151,ParentOf,base,538,Insertion of Sensitive Information into Externally-Accessible File or Directory,59,200
152,ParentOf,base,1273,Device Unlock Credential Sharing,59,200
153,ParentOf,base,1295,Debug Messages Revealing Unnecessary Information,59,200
154,ParentOf,base,1431,Driving Intermediate Cryptographic State/Results to Hardware Module Outputs,59,200
155,CanFollow,variant,498,Cloneable Class Containing Sensitive Information,59,200
156,CanFollow,variant,499,Serializable Class Containing Sensitive Data,59,200
157,CanFollow,base,1272,Sensitive Information Uncleared Before Debug/Power State Transition,59,200
158,MemberOf,view,1003,Weaknesses for Simplified Mapping of Published Vulnerabilities,59,200
159,ParentOf,base,203,Observable Discrepancy,59,200
160,ParentOf,base,209,Generation of Error Message Containing Sensitive Information,59,200
161,ParentOf,base,532,Insertion of Sensitive Information into Log File,59,200
162,MemberOf,view,635,Weaknesses Originally Used by NVD from 2008 to 2016,59,200
163,MemberOf,category,717,OWASP Top Ten 2007 Category A6 - Information Leakage and Improper Error Handling,59,200
164,MemberOf,category,963,SFP Secondary Cluster: Exposed Data,59,200
165,MemberOf,view,1200,Weaknesses in the 2019 CWE Top 25 Most Dangerous Software Errors,59,200
166,MemberOf,view,1337,Weaknesses in the 2021 CWE Top 25 Most Dangerous Software Weaknesses,59,200
167,MemberOf,category,1345,OWASP Top Ten 2021 Category A01:2021 - Broken Access Control,59,200
168,MemberOf,view,1350,Weaknesses in the 2020 CWE Top 25 Most Dangerous Software Weaknesses,59,200
169,MemberOf,category,1417,Comprehensive Categorization: Sensitive Information Exposure,59,200
170,MemberOf,view,1430,Weaknesses in the 2024 CWE Top 25 Most Dangerous Software Weaknesses,59,200
171,MemberOf,view,1435,Weaknesses in the 2025 CWE Top 25 Most Dangerous Software Weaknesses,59,200
172,MemberOf,category,1436,OWASP Top Ten 2025 Category A01:2025 - Broken Access Control,59,200
173,Self,class,200,,59,200
174,ChildOf,class,200,Exposure of Sensitive Information to an Unauthorized Actor,88,209
175,ChildOf,class,755,Improper Handling of Exceptional Conditions,88,209
176,ParentOf,base,210,Self-generated Error Message Containing Sensitive Information,88,209
177,ParentOf,base,211,Externally-Generated Error Message Containing Sensitive Information,88,209
178,ParentOf,variant,550,Server-generated Error Message Containing Sensitive Information,88,209
179,PeerOf,base,1295,Debug Messages Revealing Unnecessary Information,88,209
180,CanFollow,variant,600,Uncaught Exception in Servlet,88,209
181,CanFollow,base,756,Missing Custom Error Page,88,209
182,MemberOf,category,199,Information Management Errors,88,209
183,MemberOf,category,389,"Error Conditions, Return Values, Status Codes",88,209
184,ChildOf,class,200,Exposure of Sensitive Information to an Unauthorized Actor,88,209
185,MemberOf,category,1015,Limit Access,88,209
186,MemberOf,category,717,OWASP Top Ten 2007 Category A6 - Information Leakage and Improper Error Handling,88,209
187,MemberOf,category,728,OWASP Top Ten 2004 Category A7 - Improper Error Handling,88,209
188,MemberOf,category,731,OWASP Top Ten 2004 Category A10 - Insecure Configuration Management,88,209
189,MemberOf,category,751,2009 Top 25 - Insecure Interaction Between Components,88,209
190,MemberOf,category,801,2010 Top 25 - Insecure Interaction Between Components,88,209
191,MemberOf,category,815,OWASP Top Ten 2010 Category A6 - Security Misconfiguration,88,209
192,MemberOf,category,851,The CERT Oracle Secure Coding Standard for Java (2011) Chapter 8 - Exceptional Behavior (ERR),88,209
193,MemberOf,category,867,2011 Top 25 - Weaknesses On the Cusp,88,209
194,MemberOf,category,880,CERT C++ Secure Coding Section 12 - Exceptions and Error Handling (ERR),88,209
195,MemberOf,view,884,CWE Cross-section,88,209
196,MemberOf,category,933,OWASP Top Ten 2013 Category A5 - Security Misconfiguration,88,209
197,MemberOf,category,963,SFP Secondary Cluster: Exposed Data,88,209
198,MemberOf,category,1032,OWASP Top Ten 2017 Category A6 - Security Misconfiguration,88,209
199,MemberOf,category,1348,OWASP Top Ten 2021 Category A04:2021 - Insecure Design,88,209
200,MemberOf,category,1417,Comprehensive Categorization: Sensitive Information Exposure,88,209
201,MemberOf,category,1445,OWASP Top Ten 2025 Category A10:2025 - Mishandling of Exceptional Conditions,88,209
202,Self,base,209,,88,209
203,ChildOf,class,200,Exposure of Sensitive Information to an Unauthorized Actor,88,497
204,ParentOf,base,214,Invocation of Process Using Visible Sensitive Information,88,497
205,ParentOf,variant,548,Exposure of Information Through Directory Listing,88,497
206,PeerOf,base,1431,Driving Intermediate Cryptographic State/Results to Hardware Module Outputs,88,497
207,MemberOf,category,199,Information Management Errors,88,497
208,MemberOf,category,485,7PK - Encapsulation,88,497
209,MemberOf,category,851,The CERT Oracle Secure Coding Standard for Java (2011) Chapter 8 - Exceptional Behavior (ERR),88,497
210,MemberOf,category,880,CERT C++ Secure Coding Section 12 - Exceptions and Error Handling (ERR),88,497
211,MemberOf,category,963,SFP Secondary Cluster: Exposed Data,88,497
212,MemberOf,category,1345,OWASP Top Ten 2021 Category A01:2021 - Broken Access Control,88,497
213,MemberOf,category,1417,Comprehensive Categorization: Sensitive Information Exposure,88,497
214,MemberOf,category,1436,OWASP Top Ten 2025 Category A01:2025 - Broken Access Control,88,497
215,Self,base,497,,88,497
216,ChildOf,class,610,Externally Controlled Reference to a Resource in Another Sphere,14,601
217,MemberOf,category,19,Data Processing Errors,14,601
218,ChildOf,class,610,Externally Controlled Reference to a Resource in Another Sphere,14,601
219,MemberOf,category,1019,Validate Inputs,14,601
220,MemberOf,category,722,OWASP Top Ten 2004 Category A1 - Unvalidated Input,14,601
221,MemberOf,category,801,2010 Top 25 - Insecure Interaction Between Components,14,601
222,MemberOf,category,819,OWASP Top Ten 2010 Category A10 - Unvalidated Redirects and Forwards,14,601
223,MemberOf,category,864,2011 Top 25 - Insecure Interaction Between Components,14,601
224,MemberOf,view,884,CWE Cross-section,14,601
225,MemberOf,category,938,OWASP Top Ten 2013 Category A10 - Unvalidated Redirects and Forwards,14,601
226,MemberOf,category,990,SFP Secondary Cluster: Tainted Input to Command,14,601
227,MemberOf,category,1345,OWASP Top Ten 2021 Category A01:2021 - Broken Access Control,14,601
228,MemberOf,category,1382,ICS Operations (& Maintenance): Emerging Energy Technologies,14,601
229,MemberOf,category,1396,Comprehensive Categorization: Access Control,14,601
230,MemberOf,category,1436,OWASP Top Ten 2025 Category A01:2025 - Broken Access Control,14,601
231,Self,base,601,,14,601
232,ChildOf,base,319,Cleartext Transmission of Sensitive Information,2,614
233,MemberOf,category,966,SFP Secondary Cluster: Other Exposures,2,614
234,MemberOf,category,1349,OWASP Top Ten 2021 Category A05:2021 - Security Misconfiguration,2,614
235,MemberOf,category,1402,Comprehensive Categorization: Encryption,2,614
236,MemberOf,category,1437,OWASP Top Ten 2025 Category A02:2025 - Security Misconfiguration,2,614
237,Self,variant,614,,2,614
238,ChildOf,pillar,707,Improper Neutralization,9,74
239,ParentOf,class,75,Failure to Sanitize Special Elements into a Different Plane (Special Element Injection),9,74
240,ParentOf,class,77,Improper Neutralization of Special Elements used in a Command ('Command Injection'),9,74
241,ParentOf,base,79,Improper Neutralization of Input During Web Page Generation ('Cross-site Scripting'),9,74
242,ParentOf,base,91,XML Injection (aka Blind XPath Injection),9,74
243,ParentOf,base,93,Improper Neutralization of CRLF Sequences ('CRLF Injection'),9,74
244,ParentOf,base,94,Improper Control of Generation of Code ('Code Injection'),9,74
245,ParentOf,class,99,Improper Control of Resource Identifiers ('Resource Injection'),9,74
246,ParentOf,class,943,Improper Neutralization of Special Elements in Data Query Logic,9,74
247,ParentOf,base,1236,Improper Neutralization of Formula Elements in a CSV File,9,74
248,CanFollow,class,20,Improper Input Validation,9,74
249,CanFollow,class,116,Improper Encoding or Escaping of Output,9,74
250,MemberOf,view,1003,Weaknesses for Simplified Mapping of Published Vulnerabilities,9,74
251,ParentOf,class,77,Improper Neutralization of Special Elements used in a Command ('Command Injection'),9,74
252,ParentOf,base,78,Improper Neutralization of Special Elements used in an OS Command ('OS Command Injection'),9,74
253,ParentOf,base,79,Improper Neutralization of Input During Web Page Generation ('Cross-site Scripting'),9,74
254,ParentOf,base,88,Improper Neutralization of Argument Delimiters in a Command ('Argument Injection'),9,74
255,ParentOf,base,89,Improper Neutralization of Special Elements used in an SQL Command ('SQL Injection'),9,74
256,ParentOf,base,91,XML Injection (aka Blind XPath Injection),9,74
257,ParentOf,base,94,Improper Control of Generation of Code ('Code Injection'),9,74
258,ParentOf,base,917,Improper Neutralization of Special Elements used in an Expression Language Statement ('Expression Language Injection'),9,74
259,ParentOf,base,1236,Improper Neutralization of Formula Elements in a CSV File,9,74
260,MemberOf,category,1019,Validate Inputs,9,74
261,MemberOf,category,727,OWASP Top Ten 2004 Category A6 - Injection Flaws,9,74
262,MemberOf,category,929,OWASP Top Ten 2013 Category A1 - Injection,9,74
263,MemberOf,category,990,SFP Secondary Cluster: Tainted Input to Command,9,74
264,MemberOf,category,1347,OWASP Top Ten 2021 Category A03:2021 - Injection,9,74
265,MemberOf,category,1409,Comprehensive Categorization: Injection,9,74
266,MemberOf,category,1440,OWASP Top Ten 2025 Category A05:2025 - Injection,9,74
267,Self,class,74,,9,74
268,ChildOf,class,77,Improper Neutralization of Special Elements used in a Command ('Command Injection'),300,78
269,CanFollow,base,184,Incomplete List of Disallowed Inputs,300,78
270,MemberOf,category,137,Data Neutralization Issues,300,78
271,ChildOf,class,74,Improper Neutralization of Special Elements in Output Used by a Downstream Component ('Injection'),300,78
272,MemberOf,category,1019,Validate Inputs,300,78
273,ChildOf,class,77,Improper Neutralization of Special Elements used in a Command ('Command Injection'),300,78
274,ChildOf,class,77,Improper Neutralization of Special Elements used in a Command ('Command Injection'),300,78
275,MemberOf,view,635,Weaknesses Originally Used by NVD from 2008 to 2016,300,78
276,MemberOf,category,714,OWASP Top Ten 2007 Category A3 - Malicious File Execution,300,78
277,MemberOf,category,727,OWASP Top Ten 2004 Category A6 - Injection Flaws,300,78
278,MemberOf,category,741,CERT C Secure Coding Standard (2008) Chapter 8 - Characters and Strings (STR),300,78
279,MemberOf,category,744,CERT C Secure Coding Standard (2008) Chapter 11 - Environment (ENV),300,78
280,MemberOf,category,751,2009 Top 25 - Insecure Interaction Between Components,300,78
281,MemberOf,category,801,2010 Top 25 - Insecure Interaction Between Components,300,78
282,MemberOf,category,810,OWASP Top Ten 2010 Category A1 - Injection,300,78
283,MemberOf,category,845,The CERT Oracle Secure Coding Standard for Java (2011) Chapter 2 - Input Validation and Data Sanitization (IDS),300,78
284,MemberOf,category,864,2011 Top 25 - Insecure Interaction Between Components,300,78
285,MemberOf,category,875,CERT C++ Secure Coding Section 07 - Characters and Strings (STR),300,78
286,MemberOf,category,878,CERT C++ Secure Coding Section 10 - Environment (ENV),300,78
287,MemberOf,view,884,CWE Cross-section,300,78
288,MemberOf,category,929,OWASP Top Ten 2013 Category A1 - Injection,300,78
289,MemberOf,category,990,SFP Secondary Cluster: Tainted Input to Command,300,78
290,MemberOf,category,1027,OWASP Top Ten 2017 Category A1 - Injection,300,78
291,MemberOf,category,1131,CISQ Quality Measures (2016) - Security,300,78
292,MemberOf,category,1134,SEI CERT Oracle Secure Coding Standard for Java - Guidelines 00. Input Validation and Data Sanitization (IDS),300,78
293,MemberOf,category,1165,SEI CERT C Coding Standard - Guidelines 10. Environment (ENV),300,78
294,MemberOf,view,1200,Weaknesses in the 2019 CWE Top 25 Most Dangerous Software Errors,300,78
295,MemberOf,view,1337,Weaknesses in the 2021 CWE Top 25 Most Dangerous Software Weaknesses,300,78
296,MemberOf,category,1347,OWASP Top Ten 2021 Category A03:2021 - Injection,300,78
297,MemberOf,view,1350,Weaknesses in the 2020 CWE Top 25 Most Dangerous Software Weaknesses,300,78
298,MemberOf,view,1387,Weaknesses in the 2022 CWE Top 25 Most Dangerous Software Weaknesses,300,78
299,MemberOf,category,1409,Comprehensive Categorization: Injection,300,78
300,MemberOf,view,1425,Weaknesses in the 2023 CWE Top 25 Most Dangerous Software Weaknesses,300,78
301,MemberOf,view,1430,Weaknesses in the 2024 CWE Top 25 Most Dangerous Software Weaknesses,300,78
302,MemberOf,view,1435,Weaknesses in the 2025 CWE Top 25 Most Dangerous Software Weaknesses,300,78
303,MemberOf,category,1440,OWASP Top Ten 2025 Category A05:2025 - Injection,300,78
304,MemberOf,category,1447,General Software Weaknesses that Appear in Products that Use or Support AI/ML Technology,300,78
305,Self,base,78,,300,78
306,ChildOf,class,77,Improper Neutralization of Special Elements used in a Command ('Command Injection'),300,88
307,MemberOf,category,137,Data Neutralization Issues,300,88
308,ChildOf,class,74,Improper Neutralization of Special Elements in Output Used by a Downstream Component ('Injection'),300,88
309,MemberOf,category,1019,Validate Inputs,300,88
310,ChildOf,class,77,Improper Neutralization of Special Elements used in a Command ('Command Injection'),300,88
311,ChildOf,class,77,Improper Neutralization of Special Elements used in a Command ('Command Injection'),300,88
312,MemberOf,category,741,CERT C Secure Coding Standard (2008) Chapter 8 - Characters and Strings (STR),300,88
313,MemberOf,category,744,CERT C Secure Coding Standard (2008) Chapter 11 - Environment (ENV),300,88
314,MemberOf,category,810,OWASP Top Ten 2010 Category A1 - Injection,300,88
315,MemberOf,category,875,CERT C++ Secure Coding Section 07 - Characters and Strings (STR),300,88
316,MemberOf,category,878,CERT C++ Secure Coding Section 10 - Environment (ENV),300,88
317,MemberOf,view,884,CWE Cross-section,300,88
318,MemberOf,category,929,OWASP Top Ten 2013 Category A1 - Injection,300,88
319,MemberOf,category,990,SFP Secondary Cluster: Tainted Input to Command,300,88
320,MemberOf,category,1027,OWASP Top Ten 2017 Category A1 - Injection,300,88
321,MemberOf,category,1165,SEI CERT C Coding Standard - Guidelines 10. Environment (ENV),300,88
322,MemberOf,category,1347,OWASP Top Ten 2021 Category A03:2021 - Injection,300,88
323,MemberOf,category,1409,Comprehensive Categorization: Injection,300,88
324,MemberOf,category,1440,OWASP Top Ten 2025 Category A05:2025 - Injection,300,88
325,Self,base,88,,300,88
326,ChildOf,class,74,Improper Neutralization of Special Elements in Output Used by a Downstream Component ('Injection'),132,94
327,ChildOf,class,913,Improper Control of Dynamically-Managed Code Resources,132,94
328,ParentOf,variant,95,Improper Neutralization of Directives in Dynamically Evaluated Code ('Eval Injection'),132,94
329,ParentOf,base,96,Improper Neutralization of Directives in Statically Saved Code ('Static Code Injection'),132,94
330,ParentOf,base,1336,Improper Neutralization of Special Elements Used in a Template Engine,132,94
331,CanFollow,variant,98,Improper Control of Filename for Include/Require Statement in PHP Program ('PHP Remote File Inclusion'),132,94
332,MemberOf,category,137,Data Neutralization Issues,132,94
333,ChildOf,class,74,Improper Neutralization of Special Elements in Output Used by a Downstream Component ('Injection'),132,94
334,MemberOf,category,1019,Validate Inputs,132,94
335,MemberOf,view,635,Weaknesses Originally Used by NVD from 2008 to 2016,132,94
336,MemberOf,category,752,2009 Top 25 - Risky Resource Management,132,94
337,MemberOf,view,884,CWE Cross-section,132,94
338,MemberOf,category,991,SFP Secondary Cluster: Tainted Input to Environment,132,94
339,MemberOf,view,1200,Weaknesses in the 2019 CWE Top 25 Most Dangerous Software Errors,132,94
340,MemberOf,category,1347,OWASP Top Ten 2021 Category A03:2021 - Injection,132,94
341,MemberOf,view,1350,Weaknesses in the 2020 CWE Top 25 Most Dangerous Software Weaknesses,132,94
342,MemberOf,view,1387,Weaknesses in the 2022 CWE Top 25 Most Dangerous Software Weaknesses,132,94
343,MemberOf,category,1409,Comprehensive Categorization: Injection,132,94
344,MemberOf,view,1425,Weaknesses in the 2023 CWE Top 25 Most Dangerous Software Weaknesses,132,94
345,MemberOf,view,1430,Weaknesses in the 2024 CWE Top 25 Most Dangerous Software Weaknesses,132,94
346,MemberOf,view,1435,Weaknesses in the 2025 CWE Top 25 Most Dangerous Software Weaknesses,132,94
347,MemberOf,category,1440,OWASP Top Ten 2025 Category A05:2025 - Injection,132,94
348,MemberOf,category,1447,General Software Weaknesses that Appear in Products that Use or Support AI/ML Technology,132,94
349,Self,base,94,,132,94
350,ChildOf,base,94,Improper Control of Generation of Code ('Code Injection'),132,95
351,MemberOf,category,1019,Validate Inputs,132,95
352,MemberOf,category,714,OWASP Top Ten 2007 Category A3 - Malicious File Execution,132,95
353,MemberOf,category,727,OWASP Top Ten 2004 Category A6 - Injection Flaws,132,95
354,MemberOf,view,884,CWE Cross-section,132,95
355,MemberOf,category,990,SFP Secondary Cluster: Tainted Input to Command,132,95
356,MemberOf,category,1179,SEI CERT Perl Coding Standard - Guidelines 01. Input Validation and Data Sanitization (IDS),132,95
357,MemberOf,category,1347,OWASP Top Ten 2021 Category A03:2021 - Injection,132,95
358,MemberOf,category,1409,Comprehensive Categorization: Injection,132,95
359,MemberOf,category,1440,OWASP Top Ten 2025 Category A05:2025 - Injection,132,95
360,MemberOf,category,1447,General Software Weaknesses that Appear in Products that Use or Support AI/ML Technology,132,95
361,Self,variant,95,,132,95
362,ChildOf,pillar,707,Improper Neutralization,132,116
363,ParentOf,base,117,Improper Output Neutralization for Logs,132,116
364,ParentOf,variant,644,Improper Neutralization of HTTP Headers for Scripting Syntax,132,116
365,ParentOf,base,838,Inappropriate Encoding for Output Context,132,116
366,CanPrecede,class,74,Improper Neutralization of Special Elements in Output Used by a Downstream Component ('Injection'),132,116
367,MemberOf,view,1003,Weaknesses for Simplified Mapping of Published Vulnerabilities,132,116
368,ParentOf,base,838,Inappropriate Encoding for Output Context,132,116
369,MemberOf,category,751,2009 Top 25 - Insecure Interaction Between Components,132,116
370,MemberOf,category,845,The CERT Oracle Secure Coding Standard for Java (2011) Chapter 2 - Input Validation and Data Sanitization (IDS),132,116
371,MemberOf,category,883,CERT C++ Secure Coding Section 49 - Miscellaneous (MSC),132,116
372,MemberOf,category,992,SFP Secondary Cluster: Faulty Input Transformation,132,116
373,MemberOf,category,1134,SEI CERT Oracle Secure Coding Standard for Java - Guidelines 00. Input Validation and Data Sanitization (IDS),132,116
374,MemberOf,category,1179,SEI CERT Perl Coding Standard - Guidelines 01. Input Validation and Data Sanitization (IDS),132,116
375,MemberOf,category,1347,OWASP Top Ten 2021 Category A03:2021 - Injection,132,116
376,MemberOf,category,1407,Comprehensive Categorization: Improper Neutralization,132,116
377,MemberOf,category,1440,OWASP Top Ten 2025 Category A05:2025 - Injection,132,116
378,MemberOf,category,1447,General Software Weaknesses that Appear in Products that Use or Support AI/ML Technology,132,116
379,Self,class,116,,132,116
380,ChildOf,class,913,Improper Control of Dynamically-Managed Code Resources,700,502
381,PeerOf,base,915,Improperly Controlled Modification of Dynamically-Determined Object Attributes,700,502
382,MemberOf,category,399,Resource Management Errors,700,502
383,ChildOf,class,913,Improper Control of Dynamically-Managed Code Resources,700,502
384,MemberOf,category,1019,Validate Inputs,700,502
385,MemberOf,category,858,The CERT Oracle Secure Coding Standard for Java (2011) Chapter 15 - Serialization (SER),700,502
386,MemberOf,view,884,CWE Cross-section,700,502
387,MemberOf,category,994,SFP Secondary Cluster: Tainted Input to Variable,700,502
388,MemberOf,category,1034,OWASP Top Ten 2017 Category A8 - Insecure Deserialization,700,502
389,MemberOf,category,1148,SEI CERT Oracle Secure Coding Standard for Java - Guidelines 14. Serialization (SER),700,502
390,MemberOf,view,1200,Weaknesses in the 2019 CWE Top 25 Most Dangerous Software Errors,700,502
391,MemberOf,category,1308,CISQ Quality Measures - Security,700,502
392,MemberOf,view,1337,Weaknesses in the 2021 CWE Top 25 Most Dangerous Software Weaknesses,700,502
393,MemberOf,view,1340,CISQ Data Protection Measures,700,502
394,MemberOf,view,1350,Weaknesses in the 2020 CWE Top 25 Most Dangerous Software Weaknesses,700,502
395,MemberOf,category,1354,OWASP Top Ten 2021 Category A08:2021 - Software and Data Integrity Failures,700,502
396,MemberOf,view,1387,Weaknesses in the 2022 CWE Top 25 Most Dangerous Software Weaknesses,700,502
397,MemberOf,category,1415,Comprehensive Categorization: Resource Control,700,502
398,MemberOf,view,1425,Weaknesses in the 2023 CWE Top 25 Most Dangerous Software Weaknesses,700,502
399,MemberOf,view,1430,Weaknesses in the 2024 CWE Top 25 Most Dangerous Software Weaknesses,700,502
400,MemberOf,view,1435,Weaknesses in the 2025 CWE Top 25 Most Dangerous Software Weaknesses,700,502
401,MemberOf,category,1443,OWASP Top Ten 2025 Category A08:2025 - Software or Data Integrity Failures,700,502
402,MemberOf,category,1447,General Software Weaknesses that Appear in Products that Use or Support AI/ML Technology,700,502
403,Self,base,502,,700,502
404,ChildOf,class,441,Unintended Proxy or Intermediary ('Confused Deputy'),82,918
405,MemberOf,category,417,Communication Channel Errors,82,918
406,ChildOf,class,610,Externally Controlled Reference to a Resource in Another Sphere,82,918
407,MemberOf,view,1337,Weaknesses in the 2021 CWE Top 25 Most Dangerous Software Weaknesses,82,918
408,MemberOf,category,1356,OWASP Top Ten 2021 Category A10:2021 - Server-Side Request Forgery (SSRF),82,918
409,MemberOf,view,1387,Weaknesses in the 2022 CWE Top 25 Most Dangerous Software Weaknesses,82,918
410,MemberOf,category,1396,Comprehensive Categorization: Access Control,82,918
411,MemberOf,view,1425,Weaknesses in the 2023 CWE Top 25 Most Dangerous Software Weaknesses,82,918
412,MemberOf,view,1430,Weaknesses in the 2024 CWE Top 25 Most Dangerous Software Weaknesses,82,918
413,MemberOf,view,1435,Weaknesses in the 2025 CWE Top 25 Most Dangerous Software Weaknesses,82,918
414,MemberOf,category,1436,OWASP Top Ten 2025 Category A01:2025 - Broken Access Control,82,918
415,MemberOf,category,1447,General Software Weaknesses that Appear in Products that Use or Support AI/ML Technology,82,918
416,Self,base,918,,82,918
417,ChildOf,pillar,707,Improper Neutralization,3,20
418,ParentOf,base,179,Incorrect Behavior Order: Early Validation,3,20
419,ParentOf,variant,622,Improper Validation of Function Hook Arguments,3,20
420,ParentOf,base,1173,Improper Use of Validation Framework,3,20
421,ParentOf,base,1284,Improper Validation of Specified Quantity in Input,3,20
422,ParentOf,base,1285,"Improper Validation of Specified Index, Position, or Offset in Input",3,20
423,ParentOf,base,1286,Improper Validation of Syntactic Correctness of Input,3,20
424,ParentOf,base,1287,Improper Validation of Specified Type of Input,3,20
425,ParentOf,base,1288,Improper Validation of Consistency within Input,3,20
426,ParentOf,base,1289,Improper Validation of Unsafe Equivalence in Input,3,20
427,PeerOf,class,345,Insufficient Verification of Data Authenticity,3,20
428,CanPrecede,base,22,Improper Limitation of a Pathname to a Restricted Directory ('Path Traversal'),3,20
429,CanPrecede,base,41,Improper Resolution of Path Equivalence,3,20
430,CanPrecede,class,74,Improper Neutralization of Special Elements in Output Used by a Downstream Component ('Injection'),3,20
431,CanPrecede,class,119,Improper Restriction of Operations within the Bounds of a Memory Buffer,3,20
432,CanPrecede,base,770,Allocation of Resources Without Limits or Throttling,3,20
433,MemberOf,view,1003,Weaknesses for Simplified Mapping of Published Vulnerabilities,3,20
434,ParentOf,variant,129,Improper Validation of Array Index,3,20
435,ParentOf,base,1284,Improper Validation of Specified Quantity in Input,3,20
436,MemberOf,category,1019,Validate Inputs,3,20
437,ParentOf,base,15,External Control of System or Configuration Setting,3,20
438,ParentOf,base,73,External Control of File Name or Path,3,20
439,ParentOf,variant,102,Struts: Duplicate Validation Forms,3,20
440,ParentOf,variant,103,Struts: Incomplete validate() Method Definition,3,20
441,ParentOf,variant,104,Struts: Form Bean Does Not Extend Validation Class,3,20
442,ParentOf,variant,105,Struts: Form Field Without Validator,3,20
443,ParentOf,variant,106,Struts: Plug-in Framework not in Use,3,20
444,ParentOf,variant,107,Struts: Unused Validation Form,3,20
445,ParentOf,variant,108,Struts: Unvalidated Action Form,3,20
446,ParentOf,variant,109,Struts: Validator Turned Off,3,20
447,ParentOf,variant,110,Struts: Validator Without Form Field,3,20
448,ParentOf,variant,111,Direct Use of Unsafe JNI,3,20
449,ParentOf,base,112,Missing XML Validation,3,20
450,ParentOf,variant,113,Improper Neutralization of CRLF Sequences in HTTP Headers ('HTTP Request/Response Splitting'),3,20
451,ParentOf,class,114,Process Control,3,20
452,ParentOf,base,117,Improper Output Neutralization for Logs,3,20
453,ParentOf,class,119,Improper Restriction of Operations within the Bounds of a Memory Buffer,3,20
454,ParentOf,base,120,Buffer Copy without Checking Size of Input ('Classic Buffer Overflow'),3,20
455,ParentOf,base,134,Use of Externally-Controlled Format String,3,20
456,ParentOf,base,170,Improper Null Termination,3,20
457,ParentOf,base,190,Integer Overflow or Wraparound,3,20
458,ParentOf,base,466,Return of Pointer Value Outside of Expected Range,3,20
459,ParentOf,base,470,Use of Externally-Controlled Input to Select Classes or Code ('Unsafe Reflection'),3,20
460,ParentOf,variant,785,Use of Path Manipulation Function without Maximum-sized Buffer,3,20
461,MemberOf,view,635,Weaknesses Originally Used by NVD from 2008 to 2016,3,20
462,MemberOf,category,722,OWASP Top Ten 2004 Category A1 - Unvalidated Input,3,20
463,MemberOf,category,738,CERT C Secure Coding Standard (2008) Chapter 5 - Integers (INT),3,20
464,MemberOf,category,742,CERT C Secure Coding Standard (2008) Chapter 9 - Memory Management (MEM),3,20
465,MemberOf,category,746,CERT C Secure Coding Standard (2008) Chapter 13 - Error Handling (ERR),3,20
466,MemberOf,category,747,CERT C Secure Coding Standard (2008) Chapter 14 - Miscellaneous (MSC),3,20
467,MemberOf,category,751,2009 Top 25 - Insecure Interaction Between Components,3,20
468,MemberOf,category,872,CERT C++ Secure Coding Section 04 - Integers (INT),3,20
469,MemberOf,category,876,CERT C++ Secure Coding Section 08 - Memory Management (MEM),3,20
470,MemberOf,category,883,CERT C++ Secure Coding Section 49 - Miscellaneous (MSC),3,20
471,MemberOf,category,994,SFP Secondary Cluster: Tainted Input to Variable,3,20
472,MemberOf,category,1005,7PK - Input Validation and Representation,3,20
473,MemberOf,category,1163,SEI CERT C Coding Standard - Guidelines 09. Input Output (FIO),3,20
474,MemberOf,view,1200,Weaknesses in the 2019 CWE Top 25 Most Dangerous Software Errors,3,20
475,MemberOf,view,1337,Weaknesses in the 2021 CWE Top 25 Most Dangerous Software Weaknesses,3,20
476,MemberOf,category,1347,OWASP Top Ten 2021 Category A03:2021 - Injection,3,20
477,MemberOf,view,1350,Weaknesses in the 2020 CWE Top 25 Most Dangerous Software Weaknesses,3,20
478,MemberOf,category,1382,ICS Operations (& Maintenance): Emerging Energy Technologies,3,20
479,MemberOf,view,1387,Weaknesses in the 2022 CWE Top 25 Most Dangerous Software Weaknesses,3,20
480,MemberOf,category,1406,Comprehensive Categorization: Improper Input Validation,3,20
481,MemberOf,view,1425,Weaknesses in the 2023 CWE Top 25 Most Dangerous Software Weaknesses,3,20
482,MemberOf,view,1430,Weaknesses in the 2024 CWE Top 25 Most Dangerous Software Weaknesses,3,20
483,MemberOf,view,1435,Weaknesses in the 2025 CWE Top 25 Most Dangerous Software Weaknesses,3,20
484,MemberOf,category,1440,OWASP Top Ten 2025 Category A05:2025 - Injection,3,20
485,Self,class,20,,3,20
486,ChildOf,pillar,707,Improper Neutralization,3,116
487,ParentOf,base,117,Improper Output Neutralization for Logs,3,116
488,ParentOf,variant,644,Improper Neutralization of HTTP Headers for Scripting Syntax,3,116
489,ParentOf,base,838,Inappropriate Encoding for Output Context,3,116
490,CanPrecede,class,74,Improper Neutralization of Special Elements in Output Used by a Downstream Component ('Injection'),3,116
491,MemberOf,view,1003,Weaknesses for Simplified Mapping of Published Vulnerabilities,3,116
492,ParentOf,base,838,Inappropriate Encoding for Output Context,3,116
493,MemberOf,category,751,2009 Top 25 - Insecure Interaction Between Components,3,116
494,MemberOf,category,845,The CERT Oracle Secure Coding Standard for Java (2011) Chapter 2 - Input Validation and Data Sanitization (IDS),3,116
495,MemberOf,category,883,CERT C++ Secure Coding Section 49 - Miscellaneous (MSC),3,116
496,MemberOf,category,992,SFP Secondary Cluster: Faulty Input Transformation,3,116
497,MemberOf,category,1134,SEI CERT Oracle Secure Coding Standard for Java - Guidelines 00. Input Validation and Data Sanitization (IDS),3,116
498,MemberOf,category,1179,SEI CERT Perl Coding Standard - Guidelines 01. Input Validation and Data Sanitization (IDS),3,116
499,MemberOf,category,1347,OWASP Top Ten 2021 Category A03:2021 - Injection,3,116
500,MemberOf,category,1407,Comprehensive Categorization: Improper Neutralization,3,116
501,MemberOf,category,1440,OWASP Top Ten 2025 Category A05:2025 - Injection,3,116
502,MemberOf,category,1447,General Software Weaknesses that Appear in Products that Use or Support AI/ML Technology,3,116
503,Self,class,116,,3,116
504,ChildOf,pillar,697,Incorrect Comparison,3,185
505,ParentOf,base,186,Overly Restrictive Regular Expression,3,185
506,ParentOf,base,625,Permissive Regular Expression,3,185
507,CanPrecede,base,182,Collapse of Data into Unsafe Value,3,185
508,CanPrecede,variant,187,Partial String Comparison,3,185
509,MemberOf,view,884,CWE Cross-section,3,185
510,MemberOf,category,990,SFP Secondary Cluster: Tainted Input to Command,3,185
511,MemberOf,category,1397,Comprehensive Categorization: Comparison,3,185
512,Self,class,185,,3,185
513,ChildOf,class,185,Incorrect Regular Expression,3,186
514,MemberOf,category,19,Data Processing Errors,3,186
515,MemberOf,category,990,SFP Secondary Cluster: Tainted Input to Command,3,186
516,MemberOf,category,1397,Comprehensive Categorization: Comparison,3,186
517,Self,base,186,,3,186
518,ChildOf,pillar,707,Improper Neutralization,1,20
519,ParentOf,base,179,Incorrect Behavior Order: Early Validation,1,20
520,ParentOf,variant,622,Improper Validation of Function Hook Arguments,1,20
521,ParentOf,base,1173,Improper Use of Validation Framework,1,20
522,ParentOf,base,1284,Improper Validation of Specified Quantity in Input,1,20
523,ParentOf,base,1285,"Improper Validation of Specified Index, Position, or Offset in Input",1,20
524,ParentOf,base,1286,Improper Validation of Syntactic Correctness of Input,1,20
525,ParentOf,base,1287,Improper Validation of Specified Type of Input,1,20
526,ParentOf,base,1288,Improper Validation of Consistency within Input,1,20
527,ParentOf,base,1289,Improper Validation of Unsafe Equivalence in Input,1,20
528,PeerOf,class,345,Insufficient Verification of Data Authenticity,1,20
529,CanPrecede,base,22,Improper Limitation of a Pathname to a Restricted Directory ('Path Traversal'),1,20
530,CanPrecede,base,41,Improper Resolution of Path Equivalence,1,20
531,CanPrecede,class,74,Improper Neutralization of Special Elements in Output Used by a Downstream Component ('Injection'),1,20
532,CanPrecede,class,119,Improper Restriction of Operations within the Bounds of a Memory Buffer,1,20
533,CanPrecede,base,770,Allocation of Resources Without Limits or Throttling,1,20
534,MemberOf,view,1003,Weaknesses for Simplified Mapping of Published Vulnerabilities,1,20
535,ParentOf,variant,129,Improper Validation of Array Index,1,20
536,ParentOf,base,1284,Improper Validation of Specified Quantity in Input,1,20
537,MemberOf,category,1019,Validate Inputs,1,20
538,ParentOf,base,15,External Control of System or Configuration Setting,1,20
539,ParentOf,base,73,External Control of File Name or Path,1,20
540,ParentOf,variant,102,Struts: Duplicate Validation Forms,1,20
541,ParentOf,variant,103,Struts: Incomplete validate() Method Definition,1,20
542,ParentOf,variant,104,Struts: Form Bean Does Not Extend Validation Class,1,20
543,ParentOf,variant,105,Struts: Form Field Without Validator,1,20
544,ParentOf,variant,106,Struts: Plug-in Framework not in Use,1,20
545,ParentOf,variant,107,Struts: Unused Validation Form,1,20
546,ParentOf,variant,108,Struts: Unvalidated Action Form,1,20
547,ParentOf,variant,109,Struts: Validator Turned Off,1,20
548,ParentOf,variant,110,Struts: Validator Without Form Field,1,20
549,ParentOf,variant,111,Direct Use of Unsafe JNI,1,20
550,ParentOf,base,112,Missing XML Validation,1,20
551,ParentOf,variant,113,Improper Neutralization of CRLF Sequences in HTTP Headers ('HTTP Request/Response Splitting'),1,20
552,ParentOf,class,114,Process Control,1,20
553,ParentOf,base,117,Improper Output Neutralization for Logs,1,20
554,ParentOf,class,119,Improper Restriction of Operations within the Bounds of a Memory Buffer,1,20
555,ParentOf,base,120,Buffer Copy without Checking Size of Input ('Classic Buffer Overflow'),1,20
556,ParentOf,base,134,Use of Externally-Controlled Format String,1,20
557,ParentOf,base,170,Improper Null Termination,1,20
558,ParentOf,base,190,Integer Overflow or Wraparound,1,20
559,ParentOf,base,466,Return of Pointer Value Outside of Expected Range,1,20
560,ParentOf,base,470,Use of Externally-Controlled Input to Select Classes or Code ('Unsafe Reflection'),1,20
561,ParentOf,variant,785,Use of Path Manipulation Function without Maximum-sized Buffer,1,20
562,MemberOf,view,635,Weaknesses Originally Used by NVD from 2008 to 2016,1,20
563,MemberOf,category,722,OWASP Top Ten 2004 Category A1 - Unvalidated Input,1,20
564,MemberOf,category,738,CERT C Secure Coding Standard (2008) Chapter 5 - Integers (INT),1,20
565,MemberOf,category,742,CERT C Secure Coding Standard (2008) Chapter 9 - Memory Management (MEM),1,20
566,MemberOf,category,746,CERT C Secure Coding Standard (2008) Chapter 13 - Error Handling (ERR),1,20
567,MemberOf,category,747,CERT C Secure Coding Standard (2008) Chapter 14 - Miscellaneous (MSC),1,20
568,MemberOf,category,751,2009 Top 25 - Insecure Interaction Between Components,1,20
569,MemberOf,category,872,CERT C++ Secure Coding Section 04 - Integers (INT),1,20
570,MemberOf,category,876,CERT C++ Secure Coding Section 08 - Memory Management (MEM),1,20
571,MemberOf,category,883,CERT C++ Secure Coding Section 49 - Miscellaneous (MSC),1,20
572,MemberOf,category,994,SFP Secondary Cluster: Tainted Input to Variable,1,20
573,MemberOf,category,1005,7PK - Input Validation and Representation,1,20
574,MemberOf,category,1163,SEI CERT C Coding Standard - Guidelines 09. Input Output (FIO),1,20
575,MemberOf,view,1200,Weaknesses in the 2019 CWE Top 25 Most Dangerous Software Errors,1,20
576,MemberOf,view,1337,Weaknesses in the 2021 CWE Top 25 Most Dangerous Software Weaknesses,1,20
577,MemberOf,category,1347,OWASP Top Ten 2021 Category A03:2021 - Injection,1,20
578,MemberOf,view,1350,Weaknesses in the 2020 CWE Top 25 Most Dangerous Software Weaknesses,1,20
579,MemberOf,category,1382,ICS Operations (& Maintenance): Emerging Energy Technologies,1,20
580,MemberOf,view,1387,Weaknesses in the 2022 CWE Top 25 Most Dangerous Software Weaknesses,1,20
581,MemberOf,category,1406,Comprehensive Categorization: Improper Input Validation,1,20
582,MemberOf,view,1425,Weaknesses in the 2023 CWE Top 25 Most Dangerous Software Weaknesses,1,20
583,MemberOf,view,1430,Weaknesses in the 2024 CWE Top 25 Most Dangerous Software Weaknesses,1,20
584,MemberOf,view,1435,Weaknesses in the 2025 CWE Top 25 Most Dangerous Software Weaknesses,1,20
585,MemberOf,category,1440,OWASP Top Ten 2025 Category A05:2025 - Injection,1,20
586,Self,class,20,,1,20
587,ChildOf,pillar,707,Improper Neutralization,49,20
588,ParentOf,base,179,Incorrect Behavior Order: Early Validation,49,20
589,ParentOf,variant,622,Improper Validation of Function Hook Arguments,49,20
590,ParentOf,base,1173,Improper Use of Validation Framework,49,20
591,ParentOf,base,1284,Improper Validation of Specified Quantity in Input,49,20
592,ParentOf,base,1285,"Improper Validation of Specified Index, Position, or Offset in Input",49,20
593,ParentOf,base,1286,Improper Validation of Syntactic Correctness of Input,49,20
594,ParentOf,base,1287,Improper Validation of Specified Type of Input,49,20
595,ParentOf,base,1288,Improper Validation of Consistency within Input,49,20
596,ParentOf,base,1289,Improper Validation of Unsafe Equivalence in Input,49,20
597,PeerOf,class,345,Insufficient Verification of Data Authenticity,49,20
598,CanPrecede,base,22,Improper Limitation of a Pathname to a Restricted Directory ('Path Traversal'),49,20
599,CanPrecede,base,41,Improper Resolution of Path Equivalence,49,20
600,CanPrecede,class,74,Improper Neutralization of Special Elements in Output Used by a Downstream Component ('Injection'),49,20
601,CanPrecede,class,119,Improper Restriction of Operations within the Bounds of a Memory Buffer,49,20
602,CanPrecede,base,770,Allocation of Resources Without Limits or Throttling,49,20
603,MemberOf,view,1003,Weaknesses for Simplified Mapping of Published Vulnerabilities,49,20
604,ParentOf,variant,129,Improper Validation of Array Index,49,20
605,ParentOf,base,1284,Improper Validation of Specified Quantity in Input,49,20
606,MemberOf,category,1019,Validate Inputs,49,20
607,ParentOf,base,15,External Control of System or Configuration Setting,49,20
608,ParentOf,base,73,External Control of File Name or Path,49,20
609,ParentOf,variant,102,Struts: Duplicate Validation Forms,49,20
610,ParentOf,variant,103,Struts: Incomplete validate() Method Definition,49,20
611,ParentOf,variant,104,Struts: Form Bean Does Not Extend Validation Class,49,20
612,ParentOf,variant,105,Struts: Form Field Without Validator,49,20
613,ParentOf,variant,106,Struts: Plug-in Framework not in Use,49,20
614,ParentOf,variant,107,Struts: Unused Validation Form,49,20
615,ParentOf,variant,108,Struts: Unvalidated Action Form,49,20
616,ParentOf,variant,109,Struts: Validator Turned Off,49,20
617,ParentOf,variant,110,Struts: Validator Without Form Field,49,20
618,ParentOf,variant,111,Direct Use of Unsafe JNI,49,20
619,ParentOf,base,112,Missing XML Validation,49,20
620,ParentOf,variant,113,Improper Neutralization of CRLF Sequences in HTTP Headers ('HTTP Request/Response Splitting'),49,20
621,ParentOf,class,114,Process Control,49,20
622,ParentOf,base,117,Improper Output Neutralization for Logs,49,20
623,ParentOf,class,119,Improper Restriction of Operations within the Bounds of a Memory Buffer,49,20
624,ParentOf,base,120,Buffer Copy without Checking Size of Input ('Classic Buffer Overflow'),49,20
625,ParentOf,base,134,Use of Externally-Controlled Format String,49,20
626,ParentOf,base,170,Improper Null Termination,49,20
627,ParentOf,base,190,Integer Overflow or Wraparound,49,20
628,ParentOf,base,466,Return of Pointer Value Outside of Expected Range,49,20
629,ParentOf,base,470,Use of Externally-Controlled Input to Select Classes or Code ('Unsafe Reflection'),49,20
630,ParentOf,variant,785,Use of Path Manipulation Function without Maximum-sized Buffer,49,20
631,MemberOf,view,635,Weaknesses Originally Used by NVD from 2008 to 2016,49,20
632,MemberOf,category,722,OWASP Top Ten 2004 Category A1 - Unvalidated Input,49,20
633,MemberOf,category,738,CERT C Secure Coding Standard (2008) Chapter 5 - Integers (INT),49,20
634,MemberOf,category,742,CERT C Secure Coding Standard (2008) Chapter 9 - Memory Management (MEM),49,20
635,MemberOf,category,746,CERT C Secure Coding Standard (2008) Chapter 13 - Error Handling (ERR),49,20
636,MemberOf,category,747,CERT C Secure Coding Standard (2008) Chapter 14 - Miscellaneous (MSC),49,20
637,MemberOf,category,751,2009 Top 25 - Insecure Interaction Between Components,49,20
638,MemberOf,category,872,CERT C++ Secure Coding Section 04 - Integers (INT),49,20
639,MemberOf,category,876,CERT C++ Secure Coding Section 08 - Memory Management (MEM),49,20
640,MemberOf,category,883,CERT C++ Secure Coding Section 49 - Miscellaneous (MSC),49,20
641,MemberOf,category,994,SFP Secondary Cluster: Tainted Input to Variable,49,20
642,MemberOf,category,1005,7PK - Input Validation and Representation,49,20
643,MemberOf,category,1163,SEI CERT C Coding Standard - Guidelines 09. Input Output (FIO),49,20
644,MemberOf,view,1200,Weaknesses in the 2019 CWE Top 25 Most Dangerous Software Errors,49,20
645,MemberOf,view,1337,Weaknesses in the 2021 CWE Top 25 Most Dangerous Software Weaknesses,49,20
646,MemberOf,category,1347,OWASP Top Ten 2021 Category A03:2021 - Injection,49,20
647,MemberOf,view,1350,Weaknesses in the 2020 CWE Top 25 Most Dangerous Software Weaknesses,49,20
648,MemberOf,category,1382,ICS Operations (& Maintenance): Emerging Energy Technologies,49,20
649,MemberOf,view,1387,Weaknesses in the 2022 CWE Top 25 Most Dangerous Software Weaknesses,49,20
650,MemberOf,category,1406,Comprehensive Categorization: Improper Input Validation,49,20
651,MemberOf,view,1425,Weaknesses in the 2023 CWE Top 25 Most Dangerous Software Weaknesses,49,20
652,MemberOf,view,1430,Weaknesses in the 2024 CWE Top 25 Most Dangerous Software Weaknesses,49,20
653,MemberOf,view,1435,Weaknesses in the 2025 CWE Top 25 Most Dangerous Software Weaknesses,49,20
654,MemberOf,category,1440,OWASP Top Ten 2025 Category A05:2025 - Injection,49,20
655,Self,class,20,,49,20
656,ChildOf,class,706,Use of Incorrectly-Resolved Name or Reference,7057,22
657,ParentOf,base,23,Relative Path Traversal,7057,22
658,ParentOf,base,36,Absolute Path Traversal,7057,22
659,CanFollow,class,20,Improper Input Validation,7057,22
660,CanFollow,base,73,External Control of File Name or Path,7057,22
661,CanFollow,class,172,Encoding Error,7057,22
662,CanPrecede,class,668,Exposure of Resource to Wrong Sphere,7057,22
663,MemberOf,category,1219,File Handling Issues,7057,22
664,ChildOf,class,706,Use of Incorrectly-Resolved Name or Reference,7057,22
665,ParentOf,base,23,Relative Path Traversal,7057,22
666,ParentOf,base,36,Absolute Path Traversal,7057,22
667,ParentOf,base,23,Relative Path Traversal,7057,22
668,ParentOf,base,36,Absolute Path Traversal,7057,22
669,MemberOf,view,635,Weaknesses Originally Used by NVD from 2008 to 2016,7057,22
670,MemberOf,category,715,OWASP Top Ten 2007 Category A4 - Insecure Direct Object Reference,7057,22
671,MemberOf,category,723,OWASP Top Ten 2004 Category A2 - Broken Access Control,7057,22
672,MemberOf,category,743,CERT C Secure Coding Standard (2008) Chapter 10 - Input Output (FIO),7057,22
673,MemberOf,category,802,2010 Top 25 - Risky Resource Management,7057,22
674,MemberOf,category,813,OWASP Top Ten 2010 Category A4 - Insecure Direct Object References,7057,22
675,MemberOf,category,865,2011 Top 25 - Risky Resource Management,7057,22
676,MemberOf,category,877,CERT C++ Secure Coding Section 09 - Input Output (FIO),7057,22
677,MemberOf,view,884,CWE Cross-section,7057,22
678,MemberOf,category,932,OWASP Top Ten 2013 Category A4 - Insecure Direct Object References,7057,22
679,MemberOf,category,981,SFP Secondary Cluster: Path Traversal,7057,22
680,MemberOf,category,1031,OWASP Top Ten 2017 Category A5 - Broken Access Control,7057,22
681,MemberOf,category,1131,CISQ Quality Measures (2016) - Security,7057,22
682,MemberOf,category,1179,SEI CERT Perl Coding Standard - Guidelines 01. Input Validation and Data Sanitization (IDS),7057,22
683,MemberOf,view,1200,Weaknesses in the 2019 CWE Top 25 Most Dangerous Software Errors,7057,22
684,MemberOf,category,1308,CISQ Quality Measures - Security,7057,22
685,MemberOf,view,1337,Weaknesses in the 2021 CWE Top 25 Most Dangerous Software Weaknesses,7057,22
686,MemberOf,view,1340,CISQ Data Protection Measures,7057,22
687,MemberOf,category,1345,OWASP Top Ten 2021 Category A01:2021 - Broken Access Control,7057,22
688,MemberOf,view,1350,Weaknesses in the 2020 CWE Top 25 Most Dangerous Software Weaknesses,7057,22
689,MemberOf,view,1387,Weaknesses in the 2022 CWE Top 25 Most Dangerous Software Weaknesses,7057,22
690,MemberOf,category,1404,Comprehensive Categorization: File Handling,7057,22
691,MemberOf,view,1425,Weaknesses in the 2023 CWE Top 25 Most Dangerous Software Weaknesses,7057,22
692,MemberOf,view,1430,Weaknesses in the 2024 CWE Top 25 Most Dangerous Software Weaknesses,7057,22
693,MemberOf,view,1435,Weaknesses in the 2025 CWE Top 25 Most Dangerous Software Weaknesses,7057,22
694,MemberOf,category,1436,OWASP Top Ten 2025 Category A01:2025 - Broken Access Control,7057,22
695,MemberOf,category,1447,General Software Weaknesses that Appear in Products that Use or Support AI/ML Technology,7057,22
696,Self,base,22,,7057,22
697,ChildOf,base,22,Improper Limitation of a Pathname to a Restricted Directory ('Path Traversal'),7057,23
698,ParentOf,variant,24,Path Traversal: '../filedir',7057,23
699,ParentOf,variant,25,Path Traversal: '/../filedir',7057,23
700,ParentOf,variant,26,Path Traversal: '/dir/../filename',7057,23
701,ParentOf,variant,27,Path Traversal: 'dir/../../filename',7057,23
702,ParentOf,variant,28,Path Traversal: '..\filedir',7057,23
703,ParentOf,variant,29,Path Traversal: '\..\filename',7057,23
704,ParentOf,variant,30,Path Traversal: '\dir\..\filename',7057,23
705,ParentOf,variant,31,Path Traversal: 'dir\..\..\filename',7057,23
706,ParentOf,variant,32,Path Traversal: '...' (Triple Dot),7057,23
707,ParentOf,variant,33,Path Traversal: '....' (Multiple Dot),7057,23
708,ParentOf,variant,34,Path Traversal: '....//',7057,23
709,ParentOf,variant,35,Path Traversal: '.../...//',7057,23
710,ChildOf,base,22,Improper Limitation of a Pathname to a Restricted Directory ('Path Traversal'),7057,23
711,ChildOf,base,22,Improper Limitation of a Pathname to a Restricted Directory ('Path Traversal'),7057,23
712,MemberOf,view,884,CWE Cross-section,7057,23
713,MemberOf,category,981,SFP Secondary Cluster: Path Traversal,7057,23
714,MemberOf,category,1345,OWASP Top Ten 2021 Category A01:2021 - Broken Access Control,7057,23
715,MemberOf,category,1404,Comprehensive Categorization: File Handling,7057,23
716,MemberOf,category,1436,OWASP Top Ten 2025 Category A01:2025 - Broken Access Control,7057,23
717,Self,base,23,,7057,23
718,ChildOf,base,22,Improper Limitation of a Pathname to a Restricted Directory ('Path Traversal'),7057,36
719,ParentOf,variant,37,Path Traversal: '/absolute/pathname/here',7057,36
720,ParentOf,variant,38,Path Traversal: '\absolute\pathname\here',7057,36
721,ParentOf,variant,39,Path Traversal: 'C:dirname',7057,36
722,ParentOf,variant,40,Path Traversal: '\\UNC\share\name\' (Windows UNC Share),7057,36
723,ChildOf,base,22,Improper Limitation of a Pathname to a Restricted Directory ('Path Traversal'),7057,36
724,ChildOf,base,22,Improper Limitation of a Pathname to a Restricted Directory ('Path Traversal'),7057,36
725,MemberOf,view,884,CWE Cross-section,7057,36
726,MemberOf,category,981,SFP Secondary Cluster: Path Traversal,7057,36
727,MemberOf,category,1404,Comprehensive Categorization: File Handling,7057,36
728,MemberOf,category,1436,OWASP Top Ten 2025 Category A01:2025 - Broken Access Control,7057,36
729,Self,base,36,,7057,36
730,ChildOf,class,610,Externally Controlled Reference to a Resource in Another Sphere,7057,73
731,ChildOf,class,642,External Control of Critical State Data,7057,73
732,ParentOf,class,114,Process Control,7057,73
733,CanPrecede,base,22,Improper Limitation of a Pathname to a Restricted Directory ('Path Traversal'),7057,73
734,CanPrecede,base,41,Improper Resolution of Path Equivalence,7057,73
735,CanPrecede,base,59,Improper Link Resolution Before File Access ('Link Following'),7057,73
736,CanPrecede,variant,98,Improper Control of Filename for Include/Require Statement in PHP Program ('PHP Remote File Inclusion'),7057,73
737,CanPrecede,base,434,Unrestricted Upload of File with Dangerous Type,7057,73
738,MemberOf,category,399,Resource Management Errors,7057,73
739,MemberOf,category,1015,Limit Access,7057,73
740,ChildOf,class,20,Improper Input Validation,7057,73
741,MemberOf,category,723,OWASP Top Ten 2004 Category A2 - Broken Access Control,7057,73
742,MemberOf,category,752,2009 Top 25 - Risky Resource Management,7057,73
743,MemberOf,category,877,CERT C++ Secure Coding Section 09 - Input Output (FIO),7057,73
744,MemberOf,category,981,SFP Secondary Cluster: Path Traversal,7057,73
745,MemberOf,category,1348,OWASP Top Ten 2021 Category A04:2021 - Insecure Design,7057,73
746,MemberOf,category,1403,Comprehensive Categorization: Exposed Resource,7057,73
747,MemberOf,category,1441,OWASP Top Ten 2025 Category A06:2025 - Insecure Design,7057,73
748,Self,base,73,,7057,73
749,ChildOf,class,74,Improper Neutralization of Special Elements in Output Used by a Downstream Component ('Injection'),7057,99
750,ParentOf,base,641,Improper Restriction of Names for Files and Other Resources,7057,99
751,ParentOf,base,694,Use of Multiple Resources with Duplicate Identifier,7057,99
752,ParentOf,base,914,Improper Control of Dynamically-Identified Variables,7057,99
753,PeerOf,class,706,Use of Incorrectly-Resolved Name or Reference,7057,99
754,MemberOf,category,1019,Validate Inputs,7057,99
755,MemberOf,category,813,OWASP Top Ten 2010 Category A4 - Insecure Direct Object References,7057,99
756,MemberOf,view,884,CWE Cross-section,7057,99
757,MemberOf,category,932,OWASP Top Ten 2013 Category A4 - Insecure Direct Object References,7057,99
758,MemberOf,category,990,SFP Secondary Cluster: Tainted Input to Command,7057,99
759,MemberOf,category,1005,7PK - Input Validation and Representation,7057,99
760,MemberOf,category,1131,CISQ Quality Measures (2016) - Security,7057,99
761,MemberOf,category,1308,CISQ Quality Measures - Security,7057,99
762,MemberOf,view,1340,CISQ Data Protection Measures,7057,99
763,MemberOf,category,1347,OWASP Top Ten 2021 Category A03:2021 - Injection,7057,99
764,MemberOf,category,1409,Comprehensive Categorization: Injection,7057,99
765,MemberOf,category,1440,OWASP Top Ten 2025 Category A05:2025 - Injection,7057,99
766,Self,class,99,,7057,99
767,ChildOf,class,74,Improper Neutralization of Special Elements in Output Used by a Downstream Component ('Injection'),30,79
768,ParentOf,variant,80,Improper Neutralization of Script-Related HTML Tags in a Web Page (Basic XSS),30,79
769,ParentOf,variant,81,Improper Neutralization of Script in an Error Message Web Page,30,79
770,ParentOf,variant,83,Improper Neutralization of Script in Attributes in a Web Page,30,79
771,ParentOf,variant,84,Improper Neutralization of Encoded URI Schemes in a Web Page,30,79
772,ParentOf,variant,85,Doubled Character XSS Manipulations,30,79
773,ParentOf,variant,86,Improper Neutralization of Invalid Characters in Identifiers in Web Pages,30,79
774,ParentOf,variant,87,Improper Neutralization of Alternate XSS Syntax,30,79
775,PeerOf,composite,352,Cross-Site Request Forgery (CSRF),30,79
776,CanFollow,variant,113,Improper Neutralization of CRLF Sequences in HTTP Headers ('HTTP Request/Response Splitting'),30,79
777,CanFollow,base,184,Incomplete List of Disallowed Inputs,30,79
778,CanPrecede,base,494,Download of Code Without Integrity Check,30,79
779,MemberOf,category,137,Data Neutralization Issues,30,79
780,ChildOf,class,74,Improper Neutralization of Special Elements in Output Used by a Downstream Component ('Injection'),30,79
781,MemberOf,category,1019,Validate Inputs,30,79
782,MemberOf,view,635,Weaknesses Originally Used by NVD from 2008 to 2016,30,79
783,MemberOf,category,712,OWASP Top Ten 2007 Category A1 - Cross Site Scripting (XSS),30,79
784,MemberOf,category,722,OWASP Top Ten 2004 Category A1 - Unvalidated Input,30,79
785,MemberOf,category,725,OWASP Top Ten 2004 Category A4 - Cross-Site Scripting (XSS) Flaws,30,79
786,MemberOf,category,751,2009 Top 25 - Insecure Interaction Between Components,30,79
787,MemberOf,category,801,2010 Top 25 - Insecure Interaction Between Components,30,79
788,MemberOf,category,811,OWASP Top Ten 2010 Category A2 - Cross-Site Scripting (XSS),30,79
789,MemberOf,category,864,2011 Top 25 - Insecure Interaction Between Components,30,79
790,MemberOf,view,884,CWE Cross-section,30,79
791,MemberOf,category,931,OWASP Top Ten 2013 Category A3 - Cross-Site Scripting (XSS),30,79
792,MemberOf,category,990,SFP Secondary Cluster: Tainted Input to Command,30,79
793,MemberOf,category,1005,7PK - Input Validation and Representation,30,79
794,MemberOf,category,1033,OWASP Top Ten 2017 Category A7 - Cross-Site Scripting (XSS),30,79
795,MemberOf,category,1131,CISQ Quality Measures (2016) - Security,30,79
796,MemberOf,view,1200,Weaknesses in the 2019 CWE Top 25 Most Dangerous Software Errors,30,79
797,MemberOf,category,1308,CISQ Quality Measures - Security,30,79
798,MemberOf,view,1337,Weaknesses in the 2021 CWE Top 25 Most Dangerous Software Weaknesses,30,79
799,MemberOf,view,1340,CISQ Data Protection Measures,30,79
800,MemberOf,category,1347,OWASP Top Ten 2021 Category A03:2021 - Injection,30,79
801,MemberOf,view,1350,Weaknesses in the 2020 CWE Top 25 Most Dangerous Software Weaknesses,30,79
802,MemberOf,view,1387,Weaknesses in the 2022 CWE Top 25 Most Dangerous Software Weaknesses,30,79
803,MemberOf,category,1409,Comprehensive Categorization: Injection,30,79
804,MemberOf,view,1425,Weaknesses in the 2023 CWE Top 25 Most Dangerous Software Weaknesses,30,79
805,MemberOf,view,1430,Weaknesses in the 2024 CWE Top 25 Most Dangerous Software Weaknesses,30,79
806,MemberOf,view,1435,Weaknesses in the 2025 CWE Top 25 Most Dangerous Software Weaknesses,30,79
807,MemberOf,category,1440,OWASP Top Ten 2025 Category A05:2025 - Injection,30,79
808,MemberOf,category,1447,General Software Weaknesses that Appear in Products that Use or Support AI/ML Technology,30,79
809,Self,base,79,,30,79
810,ChildOf,pillar,707,Improper Neutralization,30,116
811,ParentOf,base,117,Improper Output Neutralization for Logs,30,116
812,ParentOf,variant,644,Improper Neutralization of HTTP Headers for Scripting Syntax,30,116
813,ParentOf,base,838,Inappropriate Encoding for Output Context,30,116
814,CanPrecede,class,74,Improper Neutralization of Special Elements in Output Used by a Downstream Component ('Injection'),30,116
815,MemberOf,view,1003,Weaknesses for Simplified Mapping of Published Vulnerabilities,30,116
816,ParentOf,base,838,Inappropriate Encoding for Output Context,30,116
817,MemberOf,category,751,2009 Top 25 - Insecure Interaction Between Components,30,116
818,MemberOf,category,845,The CERT Oracle Secure Coding Standard for Java (2011) Chapter 2 - Input Validation and Data Sanitization (IDS),30,116
819,MemberOf,category,883,CERT C++ Secure Coding Section 49 - Miscellaneous (MSC),30,116
820,MemberOf,category,992,SFP Secondary Cluster: Faulty Input Transformation,30,116
821,MemberOf,category,1134,SEI CERT Oracle Secure Coding Standard for Java - Guidelines 00. Input Validation and Data Sanitization (IDS),30,116
822,MemberOf,category,1179,SEI CERT Perl Coding Standard - Guidelines 01. Input Validation and Data Sanitization (IDS),30,116
823,MemberOf,category,1347,OWASP Top Ten 2021 Category A03:2021 - Injection,30,116
824,MemberOf,category,1407,Comprehensive Categorization: Improper Neutralization,30,116
825,MemberOf,category,1440,OWASP Top Ten 2025 Category A05:2025 - Injection,30,116
826,MemberOf,category,1447,General Software Weaknesses that Appear in Products that Use or Support AI/ML Technology,30,116
827,Self,class,116,,30,116
828,ChildOf,class,943,Improper Neutralization of Special Elements in Data Query Logic,27,89
829,ParentOf,variant,564,SQL Injection: Hibernate,27,89
830,CanFollow,variant,456,Missing Initialization of a Variable,27,89
831,MemberOf,category,137,Data Neutralization Issues,27,89
832,ChildOf,class,74,Improper Neutralization of Special Elements in Output Used by a Downstream Component ('Injection'),27,89
833,MemberOf,category,1019,Validate Inputs,27,89
834,ParentOf,variant,564,SQL Injection: Hibernate,27,89
835,ParentOf,variant,564,SQL Injection: Hibernate,27,89
836,MemberOf,view,635,Weaknesses Originally Used by NVD from 2008 to 2016,27,89
837,MemberOf,category,713,OWASP Top Ten 2007 Category A2 - Injection Flaws,27,89
838,MemberOf,category,722,OWASP Top Ten 2004 Category A1 - Unvalidated Input,27,89
839,MemberOf,category,727,OWASP Top Ten 2004 Category A6 - Injection Flaws,27,89
840,MemberOf,category,751,2009 Top 25 - Insecure Interaction Between Components,27,89
841,MemberOf,category,801,2010 Top 25 - Insecure Interaction Between Components,27,89
842,MemberOf,category,810,OWASP Top Ten 2010 Category A1 - Injection,27,89
843,MemberOf,category,864,2011 Top 25 - Insecure Interaction Between Components,27,89
844,MemberOf,view,884,CWE Cross-section,27,89
845,MemberOf,category,929,OWASP Top Ten 2013 Category A1 - Injection,27,89
846,MemberOf,category,990,SFP Secondary Cluster: Tainted Input to Command,27,89
847,MemberOf,category,1005,7PK - Input Validation and Representation,27,89
848,MemberOf,category,1027,OWASP Top Ten 2017 Category A1 - Injection,27,89
849,MemberOf,category,1131,CISQ Quality Measures (2016) - Security,27,89
850,MemberOf,view,1200,Weaknesses in the 2019 CWE Top 25 Most Dangerous Software Errors,27,89
851,MemberOf,category,1308,CISQ Quality Measures - Security,27,89
852,MemberOf,view,1337,Weaknesses in the 2021 CWE Top 25 Most Dangerous Software Weaknesses,27,89
853,MemberOf,view,1340,CISQ Data Protection Measures,27,89
854,MemberOf,category,1347,OWASP Top Ten 2021 Category A03:2021 - Injection,27,89
855,MemberOf,view,1350,Weaknesses in the 2020 CWE Top 25 Most Dangerous Software Weaknesses,27,89
856,MemberOf,view,1387,Weaknesses in the 2022 CWE Top 25 Most Dangerous Software Weaknesses,27,89
857,MemberOf,category,1409,Comprehensive Categorization: Injection,27,89
858,MemberOf,view,1425,Weaknesses in the 2023 CWE Top 25 Most Dangerous Software Weaknesses,27,89
859,MemberOf,view,1430,Weaknesses in the 2024 CWE Top 25 Most Dangerous Software Weaknesses,27,89
860,MemberOf,view,1435,Weaknesses in the 2025 CWE Top 25 Most Dangerous Software Weaknesses,27,89
861,MemberOf,category,1440,OWASP Top Ten 2025 Category A05:2025 - Injection,27,89
862,Self,base,89,,27,89
863,ChildOf,class,407,Inefficient Algorithmic Complexity,289,1333
864,MemberOf,category,1226,Complexity Issues,289,1333
865,ChildOf,class,407,Inefficient Algorithmic Complexity,289,1333
866,MemberOf,category,1416,Comprehensive Categorization: Resource Lifecycle Management,289,1333
867,Self,base,1333,,289,1333
868,ChildOf,pillar,664,Improper Control of a Resource Through its Lifetime,289,400
869,ParentOf,class,405,Asymmetric Resource Consumption (Amplification),289,400
870,ParentOf,base,770,Allocation of Resources Without Limits or Throttling,289,400
871,ParentOf,base,771,Missing Reference to Active Allocated Resource,289,400
872,ParentOf,base,779,Logging of Excessive Data,289,400
873,ParentOf,base,920,Improper Restriction of Power Consumption,289,400
874,ParentOf,base,1235,Incorrect Use of Autoboxing and Unboxing for Performance Critical Operations,289,400
875,ParentOf,base,1246,Improper Write Handling in Limited-write Non-Volatile Memories,289,400
876,CanFollow,class,410,Insufficient Resource Pool,289,400
877,MemberOf,view,1003,Weaknesses for Simplified Mapping of Published Vulnerabilities,289,400
878,ParentOf,base,770,Allocation of Resources Without Limits or Throttling,289,400
879,ParentOf,base,920,Improper Restriction of Power Consumption,289,400
880,MemberOf,category,730,OWASP Top Ten 2004 Category A9 - Denial of Service,289,400
881,MemberOf,category,858,The CERT Oracle Secure Coding Standard for Java (2011) Chapter 15 - Serialization (SER),289,400
882,MemberOf,category,861,The CERT Oracle Secure Coding Standard for Java (2011) Chapter 18 - Miscellaneous (MSC),289,400
883,MemberOf,view,884,CWE Cross-section,289,400
884,MemberOf,category,985,SFP Secondary Cluster: Unrestricted Consumption,289,400
885,MemberOf,category,1148,SEI CERT Oracle Secure Coding Standard for Java - Guidelines 14. Serialization (SER),289,400
886,MemberOf,category,1152,SEI CERT Oracle Secure Coding Standard for Java - Guidelines 49. Miscellaneous (MSC),289,400
887,MemberOf,view,1200,Weaknesses in the 2019 CWE Top 25 Most Dangerous Software Errors,289,400
888,MemberOf,view,1350,Weaknesses in the 2020 CWE Top 25 Most Dangerous Software Weaknesses,289,400
889,MemberOf,view,1387,Weaknesses in the 2022 CWE Top 25 Most Dangerous Software Weaknesses,289,400
890,MemberOf,category,1416,Comprehensive Categorization: Resource Lifecycle Management,289,400
891,MemberOf,view,1430,Weaknesses in the 2024 CWE Top 25 Most Dangerous Software Weaknesses,289,400
892,Self,class,400,,289,400
893,ChildOf,class,407,Inefficient Algorithmic Complexity,8,1333
894,MemberOf,category,1226,Complexity Issues,8,1333
895,ChildOf,class,407,Inefficient Algorithmic Complexity,8,1333
896,MemberOf,category,1416,Comprehensive Categorization: Resource Lifecycle Management,8,1333
897,Self,base,1333,,8,1333
898,ChildOf,pillar,664,Improper Control of a Resource Through its Lifetime,8,400
899,ParentOf,class,405,Asymmetric Resource Consumption (Amplification),8,400
900,ParentOf,base,770,Allocation of Resources Without Limits or Throttling,8,400
901,ParentOf,base,771,Missing Reference to Active Allocated Resource,8,400
902,ParentOf,base,779,Logging of Excessive Data,8,400
903,ParentOf,base,920,Improper Restriction of Power Consumption,8,400
904,ParentOf,base,1235,Incorrect Use of Autoboxing and Unboxing for Performance Critical Operations,8,400
905,ParentOf,base,1246,Improper Write Handling in Limited-write Non-Volatile Memories,8,400
906,CanFollow,class,410,Insufficient Resource Pool,8,400
907,MemberOf,view,1003,Weaknesses for Simplified Mapping of Published Vulnerabilities,8,400
908,ParentOf,base,770,Allocation of Resources Without Limits or Throttling,8,400
909,ParentOf,base,920,Improper Restriction of Power Consumption,8,400
910,MemberOf,category,730,OWASP Top Ten 2004 Category A9 - Denial of Service,8,400
911,MemberOf,category,858,The CERT Oracle Secure Coding Standard for Java (2011) Chapter 15 - Serialization (SER),8,400
912,MemberOf,category,861,The CERT Oracle Secure Coding Standard for Java (2011) Chapter 18 - Miscellaneous (MSC),8,400
913,MemberOf,view,884,CWE Cross-section,8,400
914,MemberOf,category,985,SFP Secondary Cluster: Unrestricted Consumption,8,400
915,MemberOf,category,1148,SEI CERT Oracle Secure Coding Standard for Java - Guidelines 14. Serialization (SER),8,400
916,MemberOf,category,1152,SEI CERT Oracle Secure Coding Standard for Java - Guidelines 49. Miscellaneous (MSC),8,400
917,MemberOf,view,1200,Weaknesses in the 2019 CWE Top 25 Most Dangerous Software Errors,8,400
918,MemberOf,view,1350,Weaknesses in the 2020 CWE Top 25 Most Dangerous Software Weaknesses,8,400
919,MemberOf,view,1387,Weaknesses in the 2022 CWE Top 25 Most Dangerous Software Weaknesses,8,400
920,MemberOf,category,1416,Comprehensive Categorization: Resource Lifecycle Management,8,400
921,MemberOf,view,1430,Weaknesses in the 2024 CWE Top 25 Most Dangerous Software Weaknesses,8,400
922,Self,class,400,,8,400
923,ChildOf,class,200,Exposure of Sensitive Information to an Unauthorized Actor,6,215
924,CanFollow,base,489,Active Debug Code,6,215
925,MemberOf,category,199,Information Management Errors,6,215
926,MemberOf,category,717,OWASP Top Ten 2007 Category A6 - Information Leakage and Improper Error Handling,6,215
927,MemberOf,category,731,OWASP Top Ten 2004 Category A10 - Insecure Configuration Management,6,215
928,MemberOf,category,933,OWASP Top Ten 2013 Category A5 - Security Misconfiguration,6,215
929,MemberOf,category,963,SFP Secondary Cluster: Exposed Data,6,215
930,MemberOf,category,1417,Comprehensive Categorization: Sensitive Information Exposure,6,215
931,MemberOf,category,1445,OWASP Top Ten 2025 Category A10:2025 - Mishandling of Exceptional Conditions,6,215
932,Self,base,215,,6,215
933,ChildOf,pillar,710,Improper Adherence to Coding Standards,6,489
934,ParentOf,variant,11,ASP.NET Misconfiguration: Creating Debug Binary,6,489
935,CanPrecede,base,215,Insertion of Sensitive Information Into Debugging Code,6,489
936,MemberOf,category,1006,Bad Coding Practices,6,489
937,MemberOf,category,485,7PK - Encapsulation,6,489
938,MemberOf,category,731,OWASP Top Ten 2004 Category A10 - Insecure Configuration Management,6,489
939,MemberOf,category,1002,SFP Secondary Cluster: Unexpected Entry Points,6,489
940,MemberOf,category,1371,ICS Supply Chain: Poorly Documented or Undocumented Features,6,489
941,MemberOf,category,1412,Comprehensive Categorization: Poor Coding Practices,6,489
942,MemberOf,category,1437,OWASP Top Ten 2025 Category A02:2025 - Security Misconfiguration,6,489
943,Self,base,489,,6,489
944,ChildOf,class,287,Improper Authentication,1,295
945,ParentOf,base,296,Improper Following of a Certificate's Chain of Trust,1,295
946,ParentOf,variant,297,Improper Validation of Certificate with Host Mismatch,1,295
947,ParentOf,variant,298,Improper Validation of Certificate Expiration,1,295
948,ParentOf,base,299,Improper Check for Certificate Revocation,1,295
949,ParentOf,variant,599,Missing Validation of OpenSSL Certificate,1,295
950,PeerOf,base,322,Key Exchange without Entity Authentication,1,295
951,MemberOf,category,1211,Authentication Errors,1,295
952,ChildOf,class,287,Improper Authentication,1,295
953,MemberOf,category,1014,Identify Actors,1,295
954,MemberOf,category,731,OWASP Top Ten 2004 Category A10 - Insecure Configuration Management,1,295
955,MemberOf,category,1029,OWASP Top Ten 2017 Category A3 - Sensitive Data Exposure,1,295
956,MemberOf,view,1200,Weaknesses in the 2019 CWE Top 25 Most Dangerous Software Errors,1,295
957,MemberOf,category,1353,OWASP Top Ten 2021 Category A07:2021 - Identification and Authentication Failures,1,295
958,MemberOf,category,1382,ICS Operations (& Maintenance): Emerging Energy Technologies,1,295
959,MemberOf,category,1396,Comprehensive Categorization: Access Control,1,295
960,MemberOf,category,1442,OWASP Top Ten 2025 Category A07:2025 - Authentication Failures,1,295
961,Self,base,295,,1,295
962,ChildOf,class,311,Missing Encryption of Sensitive Data,12,312
963,ChildOf,class,922,Insecure Storage of Sensitive Information,12,312
964,ParentOf,variant,313,Cleartext Storage in a File or on Disk,12,312
965,ParentOf,variant,314,Cleartext Storage in the Registry,12,312
966,ParentOf,variant,315,Cleartext Storage of Sensitive Information in a Cookie,12,312
967,ParentOf,variant,316,Cleartext Storage of Sensitive Information in Memory,12,312
968,ParentOf,variant,317,Cleartext Storage of Sensitive Information in GUI,12,312
969,ParentOf,variant,318,Cleartext Storage of Sensitive Information in Executable,12,312
970,ParentOf,variant,526,Cleartext Storage of Sensitive Information in an Environment Variable,12,312
971,MemberOf,category,199,Information Management Errors,12,312
972,ChildOf,class,311,Missing Encryption of Sensitive Data,12,312
973,MemberOf,category,1013,Encrypt Data,12,312
974,MemberOf,category,816,OWASP Top Ten 2010 Category A7 - Insecure Cryptographic Storage,12,312
975,MemberOf,view,884,CWE Cross-section,12,312
976,MemberOf,category,934,OWASP Top Ten 2013 Category A6 - Sensitive Data Exposure,12,312
977,MemberOf,category,963,SFP Secondary Cluster: Exposed Data,12,312
978,MemberOf,category,1029,OWASP Top Ten 2017 Category A3 - Sensitive Data Exposure,12,312
979,MemberOf,category,1348,OWASP Top Ten 2021 Category A04:2021 - Insecure Design,12,312
980,MemberOf,category,1366,ICS Communications: Frail Security in Protocols,12,312
981,MemberOf,category,1368,ICS Dependencies (& Architecture): External Digital Systems,12,312
982,MemberOf,category,1402,Comprehensive Categorization: Encryption,12,312
983,MemberOf,category,1441,OWASP Top Ten 2025 Category A06:2025 - Insecure Design,12,312
984,Self,base,312,,12,312
985,ChildOf,base,312,Cleartext Storage of Sensitive Information,12,315
986,MemberOf,category,1013,Encrypt Data,12,315
987,MemberOf,category,963,SFP Secondary Cluster: Exposed Data,12,315
988,MemberOf,category,1349,OWASP Top Ten 2021 Category A05:2021 - Security Misconfiguration,12,315
989,MemberOf,category,1402,Comprehensive Categorization: Encryption,12,315
990,MemberOf,category,1437,OWASP Top Ten 2025 Category A02:2025 - Security Misconfiguration,12,315
991,Self,variant,315,,12,315
992,ChildOf,class,200,Exposure of Sensitive Information to an Unauthorized Actor,12,359
993,MemberOf,category,199,Information Management Errors,12,359
994,MemberOf,category,1011,Authorize Actors,12,359
995,MemberOf,category,254,7PK - Security Features,12,359
996,MemberOf,category,857,The CERT Oracle Secure Coding Standard for Java (2011) Chapter 14 - Input Output (FIO),12,359
997,MemberOf,category,975,SFP Secondary Cluster: Architecture,12,359
998,MemberOf,category,1029,OWASP Top Ten 2017 Category A3 - Sensitive Data Exposure,12,359
999,MemberOf,category,1147,SEI CERT Oracle Secure Coding Standard for Java - Guidelines 13. Input Output (FIO),12,359
1000,MemberOf,view,1340,CISQ Data Protection Measures,12,359
1001,MemberOf,category,1345,OWASP Top Ten 2021 Category A01:2021 - Broken Access Control,12,359
1002,MemberOf,category,1417,Comprehensive Categorization: Sensitive Information Exposure,12,359
1003,MemberOf,category,1436,OWASP Top Ten 2025 Category A01:2025 - Broken Access Control,12,359
1004,Self,base,359,,12,359
1005,ChildOf,class,311,Missing Encryption of Sensitive Data,59,312
1006,ChildOf,class,922,Insecure Storage of Sensitive Information,59,312
1007,ParentOf,variant,313,Cleartext Storage in a File or on Disk,59,312
1008,ParentOf,variant,314,Cleartext Storage in the Registry,59,312
1009,ParentOf,variant,315,Cleartext Storage of Sensitive Information in a Cookie,59,312
1010,ParentOf,variant,316,Cleartext Storage of Sensitive Information in Memory,59,312
1011,ParentOf,variant,317,Cleartext Storage of Sensitive Information in GUI,59,312
1012,ParentOf,variant,318,Cleartext Storage of Sensitive Information in Executable,59,312
1013,ParentOf,variant,526,Cleartext Storage of Sensitive Information in an Environment Variable,59,312
1014,MemberOf,category,199,Information Management Errors,59,312
1015,ChildOf,class,311,Missing Encryption of Sensitive Data,59,312
1016,MemberOf,category,1013,Encrypt Data,59,312
1017,MemberOf,category,816,OWASP Top Ten 2010 Category A7 - Insecure Cryptographic Storage,59,312
1018,MemberOf,view,884,CWE Cross-section,59,312
1019,MemberOf,category,934,OWASP Top Ten 2013 Category A6 - Sensitive Data Exposure,59,312
1020,MemberOf,category,963,SFP Secondary Cluster: Exposed Data,59,312
1021,MemberOf,category,1029,OWASP Top Ten 2017 Category A3 - Sensitive Data Exposure,59,312
1022,MemberOf,category,1348,OWASP Top Ten 2021 Category A04:2021 - Insecure Design,59,312
1023,MemberOf,category,1366,ICS Communications: Frail Security in Protocols,59,312
1024,MemberOf,category,1368,ICS Dependencies (& Architecture): External Digital Systems,59,312
1025,MemberOf,category,1402,Comprehensive Categorization: Encryption,59,312
1026,MemberOf,category,1441,OWASP Top Ten 2025 Category A06:2025 - Insecure Design,59,312
1027,Self,base,312,,59,312
1028,ChildOf,class,200,Exposure of Sensitive Information to an Unauthorized Actor,59,359
1029,MemberOf,category,199,Information Management Errors,59,359
1030,MemberOf,category,1011,Authorize Actors,59,359
1031,MemberOf,category,254,7PK - Security Features,59,359
1032,MemberOf,category,857,The CERT Oracle Secure Coding Standard for Java (2011) Chapter 14 - Input Output (FIO),59,359
1033,MemberOf,category,975,SFP Secondary Cluster: Architecture,59,359
1034,MemberOf,category,1029,OWASP Top Ten 2017 Category A3 - Sensitive Data Exposure,59,359
1035,MemberOf,category,1147,SEI CERT Oracle Secure Coding Standard for Java - Guidelines 13. Input Output (FIO),59,359
1036,MemberOf,view,1340,CISQ Data Protection Measures,59,359
1037,MemberOf,category,1345,OWASP Top Ten 2021 Category A01:2021 - Broken Access Control,59,359
1038,MemberOf,category,1417,Comprehensive Categorization: Sensitive Information Exposure,59,359
1039,MemberOf,category,1436,OWASP Top Ten 2025 Category A01:2025 - Broken Access Control,59,359
1040,Self,base,359,,59,359
1041,ChildOf,base,538,Insertion of Sensitive Information into Externally-Accessible File or Directory,59,532
1042,ChildOf,class,200,Exposure of Sensitive Information to an Unauthorized Actor,59,532
1043,MemberOf,category,1009,Audit,59,532
1044,MemberOf,category,731,OWASP Top Ten 2004 Category A10 - Insecure Configuration Management,59,532
1045,MemberOf,category,857,The CERT Oracle Secure Coding Standard for Java (2011) Chapter 14 - Input Output (FIO),59,532
1046,MemberOf,category,963,SFP Secondary Cluster: Exposed Data,59,532
1047,MemberOf,category,1147,SEI CERT Oracle Secure Coding Standard for Java - Guidelines 13. Input Output (FIO),59,532
1048,MemberOf,category,1355,OWASP Top Ten 2021 Category A09:2021 - Security Logging and Monitoring Failures,59,532
1049,MemberOf,category,1417,Comprehensive Categorization: Sensitive Information Exposure,59,532
1050,MemberOf,category,1444,OWASP Top Ten 2025 Category A09:2025 - Logging & Alerting Failures,59,532
1051,Self,base,532,,59,532
1052,ChildOf,pillar,693,Protection Mechanism Failure,11,327
1053,ParentOf,base,328,Use of Weak Hash,11,327
1054,ParentOf,variant,780,Use of RSA Algorithm without OAEP,11,327
1055,ParentOf,base,1240,Use of a Cryptographic Primitive with a Risky Implementation,11,327
1056,PeerOf,base,301,Reflection Attack in an Authentication Protocol,11,327
1057,PeerOf,class,311,Missing Encryption of Sensitive Data,11,327
1058,CanFollow,base,208,Observable Timing Discrepancy,11,327
1059,MemberOf,view,1003,Weaknesses for Simplified Mapping of Published Vulnerabilities,11,327
1060,ParentOf,base,916,Use of Password Hash With Insufficient Computational Effort,11,327
1061,MemberOf,category,1013,Encrypt Data,11,327
1062,MemberOf,category,729,OWASP Top Ten 2004 Category A8 - Insecure Storage,11,327
1063,MemberOf,category,753,2009 Top 25 - Porous Defenses,11,327
1064,MemberOf,category,803,2010 Top 25 - Porous Defenses,11,327
1065,MemberOf,category,816,OWASP Top Ten 2010 Category A7 - Insecure Cryptographic Storage,11,327
1066,MemberOf,category,866,2011 Top 25 - Porous Defenses,11,327
1067,MemberOf,category,883,CERT C++ Secure Coding Section 49 - Miscellaneous (MSC),11,327
1068,MemberOf,view,884,CWE Cross-section,11,327
1069,MemberOf,category,934,OWASP Top Ten 2013 Category A6 - Sensitive Data Exposure,11,327
1070,MemberOf,category,958,SFP Secondary Cluster: Broken Cryptography,11,327
1071,MemberOf,category,1029,OWASP Top Ten 2017 Category A3 - Sensitive Data Exposure,11,327
1072,MemberOf,category,1131,CISQ Quality Measures (2016) - Security,11,327
1073,MemberOf,category,1152,SEI CERT Oracle Secure Coding Standard for Java - Guidelines 49. Miscellaneous (MSC),11,327
1074,MemberOf,category,1170,SEI CERT C Coding Standard - Guidelines 48. Miscellaneous (MSC),11,327
1075,MemberOf,category,1346,OWASP Top Ten 2021 Category A02:2021 - Cryptographic Failures,11,327
1076,MemberOf,category,1366,ICS Communications: Frail Security in Protocols,11,327
1077,MemberOf,category,1402,Comprehensive Categorization: Encryption,11,327
1078,MemberOf,category,1439,OWASP Top Ten 2025 Category A04:2025 - Cryptographic Failures,11,327
1079,Self,class,327,,11,327
1080,ChildOf,class,326,Inadequate Encryption Strength,11,328
1081,ChildOf,class,327,Use of a Broken or Risky Cryptographic Algorithm,11,328
1082,ParentOf,base,916,Use of Password Hash With Insufficient Computational Effort,11,328
1083,MemberOf,category,310,Cryptographic Issues,11,328
1084,MemberOf,category,1013,Encrypt Data,11,328
1085,MemberOf,category,934,OWASP Top Ten 2013 Category A6 - Sensitive Data Exposure,11,328
1086,MemberOf,category,958,SFP Secondary Cluster: Broken Cryptography,11,328
1087,MemberOf,category,1029,OWASP Top Ten 2017 Category A3 - Sensitive Data Exposure,11,328
1088,MemberOf,category,1346,OWASP Top Ten 2021 Category A02:2021 - Cryptographic Failures,11,328
1089,MemberOf,category,1402,Comprehensive Categorization: Encryption,11,328
1090,MemberOf,category,1439,OWASP Top Ten 2025 Category A04:2025 - Cryptographic Failures,11,328
1091,Self,base,328,,11,328
1092,ChildOf,base,328,Use of Weak Hash,11,916
1093,ParentOf,variant,759,Use of a One-Way Hash without a Salt,11,916
1094,ParentOf,variant,760,Use of a One-Way Hash with a Predictable Salt,11,916
1095,MemberOf,category,255,Credentials Management Errors,11,916
1096,MemberOf,category,310,Cryptographic Issues,11,916
1097,ChildOf,class,327,Use of a Broken or Risky Cryptographic Algorithm,11,916
1098,MemberOf,category,1010,Authenticate Actors,11,916
1099,MemberOf,category,1346,OWASP Top Ten 2021 Category A02:2021 - Cryptographic Failures,11,916
1100,MemberOf,category,1402,Comprehensive Categorization: Encryption,11,916
1101,MemberOf,category,1439,OWASP Top Ten 2025 Category A04:2025 - Cryptographic Failures,11,916
1102,Self,base,916,,11,916
1103,ChildOf,pillar,693,Protection Mechanism Failure,3,327
1104,ParentOf,base,328,Use of Weak Hash,3,327
1105,ParentOf,variant,780,Use of RSA Algorithm without OAEP,3,327
1106,ParentOf,base,1240,Use of a Cryptographic Primitive with a Risky Implementation,3,327
1107,PeerOf,base,301,Reflection Attack in an Authentication Protocol,3,327
1108,PeerOf,class,311,Missing Encryption of Sensitive Data,3,327
1109,CanFollow,base,208,Observable Timing Discrepancy,3,327
1110,MemberOf,view,1003,Weaknesses for Simplified Mapping of Published Vulnerabilities,3,327
1111,ParentOf,base,916,Use of Password Hash With Insufficient Computational Effort,3,327
1112,MemberOf,category,1013,Encrypt Data,3,327
1113,MemberOf,category,729,OWASP Top Ten 2004 Category A8 - Insecure Storage,3,327
1114,MemberOf,category,753,2009 Top 25 - Porous Defenses,3,327
1115,MemberOf,category,803,2010 Top 25 - Porous Defenses,3,327
1116,MemberOf,category,816,OWASP Top Ten 2010 Category A7 - Insecure Cryptographic Storage,3,327
1117,MemberOf,category,866,2011 Top 25 - Porous Defenses,3,327
1118,MemberOf,category,883,CERT C++ Secure Coding Section 49 - Miscellaneous (MSC),3,327
1119,MemberOf,view,884,CWE Cross-section,3,327
1120,MemberOf,category,934,OWASP Top Ten 2013 Category A6 - Sensitive Data Exposure,3,327
1121,MemberOf,category,958,SFP Secondary Cluster: Broken Cryptography,3,327
1122,MemberOf,category,1029,OWASP Top Ten 2017 Category A3 - Sensitive Data Exposure,3,327
1123,MemberOf,category,1131,CISQ Quality Measures (2016) - Security,3,327
1124,MemberOf,category,1152,SEI CERT Oracle Secure Coding Standard for Java - Guidelines 49. Miscellaneous (MSC),3,327
1125,MemberOf,category,1170,SEI CERT C Coding Standard - Guidelines 48. Miscellaneous (MSC),3,327
1126,MemberOf,category,1346,OWASP Top Ten 2021 Category A02:2021 - Cryptographic Failures,3,327
1127,MemberOf,category,1366,ICS Communications: Frail Security in Protocols,3,327
1128,MemberOf,category,1402,Comprehensive Categorization: Encryption,3,327
1129,MemberOf,category,1439,OWASP Top Ten 2025 Category A04:2025 - Cryptographic Failures,3,327
1130,Self,class,327,,3,327
1131,ChildOf,pillar,693,Protection Mechanism Failure,1,327
1132,ParentOf,base,328,Use of Weak Hash,1,327
1133,ParentOf,variant,780,Use of RSA Algorithm without OAEP,1,327
1134,ParentOf,base,1240,Use of a Cryptographic Primitive with a Risky Implementation,1,327
1135,PeerOf,base,301,Reflection Attack in an Authentication Protocol,1,327
1136,PeerOf,class,311,Missing Encryption of Sensitive Data,1,327
1137,CanFollow,base,208,Observable Timing Discrepancy,1,327
1138,MemberOf,view,1003,Weaknesses for Simplified Mapping of Published Vulnerabilities,1,327
1139,ParentOf,base,916,Use of Password Hash With Insufficient Computational Effort,1,327
1140,MemberOf,category,1013,Encrypt Data,1,327
1141,MemberOf,category,729,OWASP Top Ten 2004 Category A8 - Insecure Storage,1,327
1142,MemberOf,category,753,2009 Top 25 - Porous Defenses,1,327
1143,MemberOf,category,803,2010 Top 25 - Porous Defenses,1,327
1144,MemberOf,category,816,OWASP Top Ten 2010 Category A7 - Insecure Cryptographic Storage,1,327
1145,MemberOf,category,866,2011 Top 25 - Porous Defenses,1,327
1146,MemberOf,category,883,CERT C++ Secure Coding Section 49 - Miscellaneous (MSC),1,327
1147,MemberOf,view,884,CWE Cross-section,1,327
1148,MemberOf,category,934,OWASP Top Ten 2013 Category A6 - Sensitive Data Exposure,1,327
1149,MemberOf,category,958,SFP Secondary Cluster: Broken Cryptography,1,327
1150,MemberOf,category,1029,OWASP Top Ten 2017 Category A3 - Sensitive Data Exposure,1,327
1151,MemberOf,category,1131,CISQ Quality Measures (2016) - Security,1,327
1152,MemberOf,category,1152,SEI CERT Oracle Secure Coding Standard for Java - Guidelines 49. Miscellaneous (MSC),1,327
1153,MemberOf,category,1170,SEI CERT C Coding Standard - Guidelines 48. Miscellaneous (MSC),1,327
1154,MemberOf,category,1346,OWASP Top Ten 2021 Category A02:2021 - Cryptographic Failures,1,327
1155,MemberOf,category,1366,ICS Communications: Frail Security in Protocols,1,327
1156,MemberOf,category,1402,Comprehensive Categorization: Encryption,1,327
1157,MemberOf,category,1439,OWASP Top Ten 2025 Category A04:2025 - Cryptographic Failures,1,327
1158,Self,class,327,,1,327
1159,ChildOf,class,668,Exposure of Resource to Wrong Sphere,19,377
1160,ParentOf,base,378,Creation of Temporary File With Insecure Permissions,19,377
1161,ParentOf,base,379,Creation of Temporary File in Directory with Insecure Permissions,19,377
1162,MemberOf,category,361,7PK - Time and State,19,377
1163,MemberOf,category,857,The CERT Oracle Secure Coding Standard for Java (2011) Chapter 14 - Input Output (FIO),19,377
1164,MemberOf,category,964,SFP Secondary Cluster: Exposure Temporary File,19,377
1165,MemberOf,category,1147,SEI CERT Oracle Secure Coding Standard for Java - Guidelines 13. Input Output (FIO),19,377
1166,MemberOf,category,1169,SEI CERT C Coding Standard - Guidelines 14. Concurrency (CON),19,377
1167,MemberOf,category,1345,OWASP Top Ten 2021 Category A01:2021 - Broken Access Control,19,377
1168,MemberOf,category,1366,ICS Communications: Frail Security in Protocols,19,377
1169,MemberOf,category,1403,Comprehensive Categorization: Exposed Resource,19,377
1170,MemberOf,category,1436,OWASP Top Ten 2025 Category A01:2025 - Broken Access Control,19,377
1171,Self,class,377,,19,377
1172,ChildOf,pillar,664,Improper Control of a Resource Through its Lifetime,58,400
1173,ParentOf,class,405,Asymmetric Resource Consumption (Amplification),58,400
1174,ParentOf,base,770,Allocation of Resources Without Limits or Throttling,58,400
1175,ParentOf,base,771,Missing Reference to Active Allocated Resource,58,400
1176,ParentOf,base,779,Logging of Excessive Data,58,400
1177,ParentOf,base,920,Improper Restriction of Power Consumption,58,400
1178,ParentOf,base,1235,Incorrect Use of Autoboxing and Unboxing for Performance Critical Operations,58,400
1179,ParentOf,base,1246,Improper Write Handling in Limited-write Non-Volatile Memories,58,400
1180,CanFollow,class,410,Insufficient Resource Pool,58,400
1181,MemberOf,view,1003,Weaknesses for Simplified Mapping of Published Vulnerabilities,58,400
1182,ParentOf,base,770,Allocation of Resources Without Limits or Throttling,58,400
1183,ParentOf,base,920,Improper Restriction of Power Consumption,58,400
1184,MemberOf,category,730,OWASP Top Ten 2004 Category A9 - Denial of Service,58,400
1185,MemberOf,category,858,The CERT Oracle Secure Coding Standard for Java (2011) Chapter 15 - Serialization (SER),58,400
1186,MemberOf,category,861,The CERT Oracle Secure Coding Standard for Java (2011) Chapter 18 - Miscellaneous (MSC),58,400
1187,MemberOf,view,884,CWE Cross-section,58,400
1188,MemberOf,category,985,SFP Secondary Cluster: Unrestricted Consumption,58,400
1189,MemberOf,category,1148,SEI CERT Oracle Secure Coding Standard for Java - Guidelines 14. Serialization (SER),58,400
1190,MemberOf,category,1152,SEI CERT Oracle Secure Coding Standard for Java - Guidelines 49. Miscellaneous (MSC),58,400
1191,MemberOf,view,1200,Weaknesses in the 2019 CWE Top 25 Most Dangerous Software Errors,58,400
1192,MemberOf,view,1350,Weaknesses in the 2020 CWE Top 25 Most Dangerous Software Weaknesses,58,400
1193,MemberOf,view,1387,Weaknesses in the 2022 CWE Top 25 Most Dangerous Software Weaknesses,58,400
1194,MemberOf,category,1416,Comprehensive Categorization: Resource Lifecycle Management,58,400
1195,MemberOf,view,1430,Weaknesses in the 2024 CWE Top 25 Most Dangerous Software Weaknesses,58,400
1196,Self,class,400,,58,400
1197,ChildOf,class,74,Improper Neutralization of Special Elements in Output Used by a Downstream Component ('Injection'),2,943
1198,ParentOf,base,89,Improper Neutralization of Special Elements used in an SQL Command ('SQL Injection'),2,943
1199,ParentOf,base,90,Improper Neutralization of Special Elements used in an LDAP Query ('LDAP Injection'),2,943
1200,ParentOf,base,643,Improper Neutralization of Data within XPath Expressions ('XPath Injection'),2,943
1201,ParentOf,base,652,Improper Neutralization of Data within XQuery Expressions ('XQuery Injection'),2,943
1202,MemberOf,category,1019,Validate Inputs,2,943
1203,MemberOf,category,1027,OWASP Top Ten 2017 Category A1 - Injection,2,943
1204,MemberOf,category,1409,Comprehensive Categorization: Injection,2,943
1205,Self,class,943,,2,943
1206,ChildOf,base,94,Improper Control of Generation of Code ('Code Injection'),16,96
1207,ParentOf,variant,97,Improper Neutralization of Server-Side Includes (SSI) Within a Web Page,16,96
1208,MemberOf,category,1019,Validate Inputs,16,96
1209,MemberOf,view,884,CWE Cross-section,16,96
1210,MemberOf,category,990,SFP Secondary Cluster: Tainted Input to Command,16,96
1211,MemberOf,category,1347,OWASP Top Ten 2021 Category A03:2021 - Injection,16,96
1212,MemberOf,category,1409,Comprehensive Categorization: Injection,16,96
1213,MemberOf,category,1440,OWASP Top Ten 2025 Category A05:2025 - Injection,16,96
1214,Self,base,96,,16,96
1215,ChildOf,class,116,Improper Encoding or Escaping of Output,3,117
1216,CanFollow,base,93,Improper Neutralization of CRLF Sequences ('CRLF Injection'),3,117
1217,MemberOf,category,137,Data Neutralization Issues,3,117
1218,MemberOf,category,1210,Audit / Logging Errors,3,117
1219,MemberOf,category,1009,Audit,3,117
1220,ChildOf,class,20,Improper Input Validation,3,117
1221,MemberOf,category,727,OWASP Top Ten 2004 Category A6 - Injection Flaws,3,117
1222,MemberOf,view,884,CWE Cross-section,3,117
1223,MemberOf,category,963,SFP Secondary Cluster: Exposed Data,3,117
1224,MemberOf,category,1134,SEI CERT Oracle Secure Coding Standard for Java - Guidelines 00. Input Validation and Data Sanitization (IDS),3,117
1225,MemberOf,category,1355,OWASP Top Ten 2021 Category A09:2021 - Security Logging and Monitoring Failures,3,117
1226,MemberOf,category,1407,Comprehensive Categorization: Improper Neutralization,3,117
1227,MemberOf,category,1444,OWASP Top Ten 2025 Category A09:2025 - Logging & Alerting Failures,3,117
1228,Self,base,117,,3,117
1229,ChildOf,class,732,Incorrect Permission Assignment for Critical Resource,6,276
1230,MemberOf,category,275,Permission Issues,6,276
1231,ChildOf,class,732,Incorrect Permission Assignment for Critical Resource,6,276
1232,MemberOf,category,1011,Authorize Actors,6,276
1233,MemberOf,category,1198,Privilege Separation and Access Control Issues,6,276
1234,MemberOf,category,743,CERT C Secure Coding Standard (2008) Chapter 10 - Input Output (FIO),6,276
1235,MemberOf,category,857,The CERT Oracle Secure Coding Standard for Java (2011) Chapter 14 - Input Output (FIO),6,276
1236,MemberOf,category,877,CERT C++ Secure Coding Section 09 - Input Output (FIO),6,276
1237,MemberOf,category,946,SFP Secondary Cluster: Insecure Resource Permissions,6,276
1238,MemberOf,category,1147,SEI CERT Oracle Secure Coding Standard for Java - Guidelines 13. Input Output (FIO),6,276
1239,MemberOf,view,1337,Weaknesses in the 2021 CWE Top 25 Most Dangerous Software Weaknesses,6,276
1240,MemberOf,category,1345,OWASP Top Ten 2021 Category A01:2021 - Broken Access Control,6,276
1241,MemberOf,category,1366,ICS Communications: Frail Security in Protocols,6,276
1242,MemberOf,category,1376,ICS Engineering (Construction/Deployment): Security Gaps in Commissioning,6,276
1243,MemberOf,view,1387,Weaknesses in the 2022 CWE Top 25 Most Dangerous Software Weaknesses,6,276
1244,MemberOf,category,1396,Comprehensive Categorization: Access Control,6,276
1245,MemberOf,view,1425,Weaknesses in the 2023 CWE Top 25 Most Dangerous Software Weaknesses,6,276
1246,MemberOf,category,1436,OWASP Top Ten 2025 Category A01:2025 - Broken Access Control,6,276
1247,Self,base,276,,6,276
1248,ChildOf,pillar,284,Improper Access Control,5,287
1249,ParentOf,base,295,Improper Certificate Validation,5,287
1250,ParentOf,base,306,Missing Authentication for Critical Function,5,287
1251,ParentOf,base,645,Overly Restrictive Account Lockout Mechanism,5,287
1252,ParentOf,class,1390,Weak Authentication,5,287
1253,CanFollow,base,613,Insufficient Session Expiration,5,287
1254,MemberOf,view,1003,Weaknesses for Simplified Mapping of Published Vulnerabilities,5,287
1255,ParentOf,base,290,Authentication Bypass by Spoofing,5,287
1256,ParentOf,base,294,Authentication Bypass by Capture-replay,5,287
1257,ParentOf,base,295,Improper Certificate Validation,5,287
1258,ParentOf,base,306,Missing Authentication for Critical Function,5,287
1259,ParentOf,base,307,Improper Restriction of Excessive Authentication Attempts,5,287
1260,ParentOf,base,521,Weak Password Requirements,5,287
1261,ParentOf,class,522,Insufficiently Protected Credentials,5,287
1262,ParentOf,base,640,Weak Password Recovery Mechanism for Forgotten Password,5,287
1263,ParentOf,base,798,Use of Hard-coded Credentials,5,287
1264,MemberOf,category,1010,Authenticate Actors,5,287
1265,ChildOf,pillar,284,Improper Access Control,5,287
1266,MemberOf,view,635,Weaknesses Originally Used by NVD from 2008 to 2016,5,287
1267,MemberOf,category,718,OWASP Top Ten 2007 Category A7 - Broken Authentication and Session Management,5,287
1268,MemberOf,category,724,OWASP Top Ten 2004 Category A3 - Broken Authentication and Session Management,5,287
1269,MemberOf,category,812,OWASP Top Ten 2010 Category A3 - Broken Authentication and Session Management,5,287
1270,MemberOf,category,930,OWASP Top Ten 2013 Category A2 - Broken Authentication and Session Management,5,287
1271,MemberOf,category,947,SFP Secondary Cluster: Authentication Bypass,5,287
1272,MemberOf,category,1028,OWASP Top Ten 2017 Category A2 - Broken Authentication,5,287
1273,MemberOf,view,1200,Weaknesses in the 2019 CWE Top 25 Most Dangerous Software Errors,5,287
1274,MemberOf,view,1337,Weaknesses in the 2021 CWE Top 25 Most Dangerous Software Weaknesses,5,287
1275,MemberOf,view,1350,Weaknesses in the 2020 CWE Top 25 Most Dangerous Software Weaknesses,5,287
1276,MemberOf,category,1353,OWASP Top Ten 2021 Category A07:2021 - Identification and Authentication Failures,5,287
1277,MemberOf,category,1364,ICS Communications: Zone Boundary Failures,5,287
1278,MemberOf,category,1368,ICS Dependencies (& Architecture): External Digital Systems,5,287
1279,MemberOf,view,1387,Weaknesses in the 2022 CWE Top 25 Most Dangerous Software Weaknesses,5,287
1280,MemberOf,category,1396,Comprehensive Categorization: Access Control,5,287
1281,MemberOf,view,1425,Weaknesses in the 2023 CWE Top 25 Most Dangerous Software Weaknesses,5,287
1282,MemberOf,view,1430,Weaknesses in the 2024 CWE Top 25 Most Dangerous Software Weaknesses,5,287
1283,MemberOf,category,1442,OWASP Top Ten 2025 Category A07:2025 - Authentication Failures,5,287
1284,Self,class,287,,5,287
1285,ChildOf,class,311,Missing Encryption of Sensitive Data,12,319
1286,ParentOf,variant,5,J2EE Misconfiguration: Data Transmission Without Encryption,12,319
1287,ParentOf,variant,614,Sensitive Cookie in HTTPS Session Without 'Secure' Attribute,12,319
1288,ParentOf,base,1428,Reliance on HTTP instead of HTTPS,12,319
1289,MemberOf,category,199,Information Management Errors,12,319
1290,ChildOf,class,311,Missing Encryption of Sensitive Data,12,319
1291,MemberOf,category,1013,Encrypt Data,12,319
1292,MemberOf,category,1207,Debug and Test Problems,12,319
1293,MemberOf,category,751,2009 Top 25 - Insecure Interaction Between Components,12,319
1294,MemberOf,category,818,OWASP Top Ten 2010 Category A9 - Insufficient Transport Layer Protection,12,319
1295,MemberOf,category,858,The CERT Oracle Secure Coding Standard for Java (2011) Chapter 15 - Serialization (SER),12,319
1296,MemberOf,category,859,The CERT Oracle Secure Coding Standard for Java (2011) Chapter 16 - Platform Security (SEC),12,319
1297,MemberOf,view,884,CWE Cross-section,12,319
1298,MemberOf,category,934,OWASP Top Ten 2013 Category A6 - Sensitive Data Exposure,12,319
1299,MemberOf,category,963,SFP Secondary Cluster: Exposed Data,12,319
1300,MemberOf,category,1029,OWASP Top Ten 2017 Category A3 - Sensitive Data Exposure,12,319
1301,MemberOf,category,1148,SEI CERT Oracle Secure Coding Standard for Java - Guidelines 14. Serialization (SER),12,319
1302,MemberOf,category,1346,OWASP Top Ten 2021 Category A02:2021 - Cryptographic Failures,12,319
1303,MemberOf,category,1366,ICS Communications: Frail Security in Protocols,12,319
1304,MemberOf,category,1402,Comprehensive Categorization: Encryption,12,319
1305,MemberOf,category,1439,OWASP Top Ten 2025 Category A04:2025 - Cryptographic Failures,12,319
1306,Self,base,319,,12,319
1307,ChildOf,base,798,Use of Hard-coded Credentials,1,321
1308,PeerOf,variant,259,Use of Hard-coded Password,1,321
1309,PeerOf,base,1291,Public Key Re-Use for Signing both Debug and Production Code,1,321
1310,CanFollow,class,656,Reliance on Security Through Obscurity,1,321
1311,MemberOf,category,1013,Encrypt Data,1,321
1312,ChildOf,base,798,Use of Hard-coded Credentials,1,321
1313,ChildOf,base,798,Use of Hard-coded Credentials,1,321
1314,MemberOf,category,719,OWASP Top Ten 2007 Category A8 - Insecure Cryptographic Storage,1,321
1315,MemberOf,category,720,OWASP Top Ten 2007 Category A9 - Insecure Communications,1,321
1316,MemberOf,category,729,OWASP Top Ten 2004 Category A8 - Insecure Storage,1,321
1317,MemberOf,category,950,SFP Secondary Cluster: Hardcoded Sensitive Data,1,321
1318,MemberOf,category,1346,OWASP Top Ten 2021 Category A02:2021 - Cryptographic Failures,1,321
1319,MemberOf,category,1396,Comprehensive Categorization: Access Control,1,321
1320,MemberOf,category,1439,OWASP Top Ten 2025 Category A04:2025 - Cryptographic Failures,1,321
1321,Self,variant,321,,1,321
1322,ChildOf,pillar,693,Protection Mechanism Failure,2,326
1323,ParentOf,base,328,Use of Weak Hash,2,326
1324,MemberOf,view,1003,Weaknesses for Simplified Mapping of Published Vulnerabilities,2,326
1325,MemberOf,category,1013,Encrypt Data,2,326
1326,MemberOf,category,719,OWASP Top Ten 2007 Category A8 - Insecure Cryptographic Storage,2,326
1327,MemberOf,category,720,OWASP Top Ten 2007 Category A9 - Insecure Communications,2,326
1328,MemberOf,category,729,OWASP Top Ten 2004 Category A8 - Insecure Storage,2,326
1329,MemberOf,category,816,OWASP Top Ten 2010 Category A7 - Insecure Cryptographic Storage,2,326
1330,MemberOf,category,934,OWASP Top Ten 2013 Category A6 - Sensitive Data Exposure,2,326
1331,MemberOf,category,959,SFP Secondary Cluster: Weak Cryptography,2,326
1332,MemberOf,category,1029,OWASP Top Ten 2017 Category A3 - Sensitive Data Exposure,2,326
1333,MemberOf,category,1346,OWASP Top Ten 2021 Category A02:2021 - Cryptographic Failures,2,326
1334,MemberOf,category,1402,Comprehensive Categorization: Encryption,2,326
1335,MemberOf,category,1439,OWASP Top Ten 2025 Category A04:2025 - Cryptographic Failures,2,326
1336,Self,class,326,,2,326
1337,ChildOf,pillar,693,Protection Mechanism Failure,2,330
1338,ParentOf,base,331,Insufficient Entropy,2,330
1339,ParentOf,base,334,Small Space of Random Values,2,330
1340,ParentOf,base,335,Incorrect Usage of Seeds in Pseudo-Random Number Generator (PRNG),2,330
1341,ParentOf,base,338,Use of Cryptographically Weak Pseudo-Random Number Generator (PRNG),2,330
1342,ParentOf,class,340,Generation of Predictable Numbers or Identifiers,2,330
1343,ParentOf,base,344,Use of Invariant Value in Dynamically Changing Context,2,330
1344,ParentOf,base,1204,Generation of Weak Initialization Vector (IV),2,330
1345,ParentOf,base,1241,Use of Predictable Algorithm in Random Number Generator,2,330
1346,CanPrecede,base,804,Guessable CAPTCHA,2,330
1347,MemberOf,view,1003,Weaknesses for Simplified Mapping of Published Vulnerabilities,2,330
1348,ParentOf,base,331,Insufficient Entropy,2,330
1349,ParentOf,base,335,Incorrect Usage of Seeds in Pseudo-Random Number Generator (PRNG),2,330
1350,ParentOf,base,338,Use of Cryptographically Weak Pseudo-Random Number Generator (PRNG),2,330
1351,MemberOf,category,1013,Encrypt Data,2,330
1352,MemberOf,category,254,7PK - Security Features,2,330
1353,MemberOf,category,723,OWASP Top Ten 2004 Category A2 - Broken Access Control,2,330
1354,MemberOf,category,747,CERT C Secure Coding Standard (2008) Chapter 14 - Miscellaneous (MSC),2,330
1355,MemberOf,category,753,2009 Top 25 - Porous Defenses,2,330
1356,MemberOf,category,808,2010 Top 25 - Weaknesses On the Cusp,2,330
1357,MemberOf,category,861,The CERT Oracle Secure Coding Standard for Java (2011) Chapter 18 - Miscellaneous (MSC),2,330
1358,MemberOf,category,867,2011 Top 25 - Weaknesses On the Cusp,2,330
1359,MemberOf,category,883,CERT C++ Secure Coding Section 49 - Miscellaneous (MSC),2,330
1360,MemberOf,category,905,SFP Primary Cluster: Predictability,2,330
1361,MemberOf,category,1152,SEI CERT Oracle Secure Coding Standard for Java - Guidelines 49. Miscellaneous (MSC),2,330
1362,MemberOf,category,1169,SEI CERT C Coding Standard - Guidelines 14. Concurrency (CON),2,330
1363,MemberOf,category,1170,SEI CERT C Coding Standard - Guidelines 48. Miscellaneous (MSC),2,330
1364,MemberOf,category,1346,OWASP Top Ten 2021 Category A02:2021 - Cryptographic Failures,2,330
1365,MemberOf,category,1366,ICS Communications: Frail Security in Protocols,2,330
1366,MemberOf,category,1414,Comprehensive Categorization: Randomness,2,330
1367,MemberOf,category,1439,OWASP Top Ten 2025 Category A04:2025 - Cryptographic Failures,2,330
1368,Self,class,330,,2,330
1369,ChildOf,class,345,Insufficient Verification of Data Authenticity,1,352
1370,PeerOf,base,79,Improper Neutralization of Input During Web Page Generation ('Cross-site Scripting'),1,352
1371,CanFollow,variant,1275,Sensitive Cookie with Improper SameSite Attribute,1,352
1372,ChildOf,class,345,Insufficient Verification of Data Authenticity,1,352
1373,MemberOf,category,1019,Validate Inputs,1,352
1374,MemberOf,view,635,Weaknesses Originally Used by NVD from 2008 to 2016,1,352
1375,MemberOf,category,716,OWASP Top Ten 2007 Category A5 - Cross Site Request Forgery (CSRF),1,352
1376,MemberOf,category,751,2009 Top 25 - Insecure Interaction Between Components,1,352
1377,MemberOf,category,801,2010 Top 25 - Insecure Interaction Between Components,1,352
1378,MemberOf,category,814,OWASP Top Ten 2010 Category A5 - Cross-Site Request Forgery(CSRF),1,352
1379,MemberOf,category,864,2011 Top 25 - Insecure Interaction Between Components,1,352
1380,MemberOf,view,884,CWE Cross-section,1,352
1381,MemberOf,category,936,OWASP Top Ten 2013 Category A8 - Cross-Site Request Forgery (CSRF),1,352
1382,MemberOf,view,1200,Weaknesses in the 2019 CWE Top 25 Most Dangerous Software Errors,1,352
1383,MemberOf,view,1337,Weaknesses in the 2021 CWE Top 25 Most Dangerous Software Weaknesses,1,352
1384,MemberOf,category,1345,OWASP Top Ten 2021 Category A01:2021 - Broken Access Control,1,352
1385,MemberOf,view,1350,Weaknesses in the 2020 CWE Top 25 Most Dangerous Software Weaknesses,1,352
1386,MemberOf,view,1387,Weaknesses in the 2022 CWE Top 25 Most Dangerous Software Weaknesses,1,352
1387,MemberOf,category,1411,Comprehensive Categorization: Insufficient Verification of Data Authenticity,1,352
1388,MemberOf,view,1425,Weaknesses in the 2023 CWE Top 25 Most Dangerous Software Weaknesses,1,352
1389,MemberOf,view,1430,Weaknesses in the 2024 CWE Top 25 Most Dangerous Software Weaknesses,1,352
1390,MemberOf,view,1435,Weaknesses in the 2025 CWE Top 25 Most Dangerous Software Weaknesses,1,352
1391,MemberOf,category,1436,OWASP Top Ten 2025 Category A01:2025 - Broken Access Control,1,352
1392,Self,composite,352,,1,352
1393,ChildOf,class,573,Improper Following of Specification by Caller,13,358
1394,ChildOf,pillar,693,Protection Mechanism Failure,13,358
1395,PeerOf,base,325,Missing Cryptographic Step,13,358
1396,MemberOf,category,1006,Bad Coding Practices,13,358
1397,MemberOf,category,978,SFP Secondary Cluster: Implementation,13,358
1398,MemberOf,category,1366,ICS Communications: Frail Security in Protocols,13,358
1399,MemberOf,category,1412,Comprehensive Categorization: Poor Coding Practices,13,358
1400,Self,base,358,,13,358
1401,ChildOf,class,668,Exposure of Resource to Wrong Sphere,1,522
1402,ChildOf,class,1390,Weak Authentication,1,522
1403,ParentOf,base,256,Plaintext Storage of a Password,1,522
1404,ParentOf,base,257,Storing Passwords in a Recoverable Format,1,522
1405,ParentOf,base,260,Password in Configuration File,1,522
1406,ParentOf,base,261,Weak Encoding for Password,1,522
1407,ParentOf,base,523,Unprotected Transport of Credentials,1,522
1408,ParentOf,base,549,Missing Password Field Masking,1,522
1409,ChildOf,class,287,Improper Authentication,1,522
1410,MemberOf,category,1013,Encrypt Data,1,522
1411,MemberOf,category,718,OWASP Top Ten 2007 Category A7 - Broken Authentication and Session Management,1,522
1412,MemberOf,category,724,OWASP Top Ten 2004 Category A3 - Broken Authentication and Session Management,1,522
1413,MemberOf,view,884,CWE Cross-section,1,522
1414,MemberOf,category,930,OWASP Top Ten 2013 Category A2 - Broken Authentication and Session Management,1,522
1415,MemberOf,category,963,SFP Secondary Cluster: Exposed Data,1,522
1416,MemberOf,category,1028,OWASP Top Ten 2017 Category A2 - Broken Authentication,1,522
1417,MemberOf,view,1337,Weaknesses in the 2021 CWE Top 25 Most Dangerous Software Weaknesses,1,522
1418,MemberOf,category,1348,OWASP Top Ten 2021 Category A04:2021 - Insecure Design,1,522
1419,MemberOf,view,1350,Weaknesses in the 2020 CWE Top 25 Most Dangerous Software Weaknesses,1,522
1420,MemberOf,category,1396,Comprehensive Categorization: Access Control,1,522
1421,MemberOf,category,1441,OWASP Top Ten 2025 Category A06:2025 - Insecure Design,1,522
1422,Self,class,522,,1,522
1423,ChildOf,class,610,Externally Controlled Reference to a Resource in Another Sphere,5,611
1424,PeerOf,class,441,Unintended Proxy or Intermediary ('Confused Deputy'),5,611
1425,MemberOf,category,19,Data Processing Errors,5,611
1426,ChildOf,class,610,Externally Controlled Reference to a Resource in Another Sphere,5,611
1427,MemberOf,category,1015,Limit Access,5,611
1428,MemberOf,category,990,SFP Secondary Cluster: Tainted Input to Command,5,611
1429,MemberOf,category,1030,OWASP Top Ten 2017 Category A4 - XML External Entities (XXE),5,611
1430,MemberOf,view,1200,Weaknesses in the 2019 CWE Top 25 Most Dangerous Software Errors,5,611
1431,MemberOf,category,1308,CISQ Quality Measures - Security,5,611
1432,MemberOf,view,1337,Weaknesses in the 2021 CWE Top 25 Most Dangerous Software Weaknesses,5,611
1433,MemberOf,view,1340,CISQ Data Protection Measures,5,611
1434,MemberOf,category,1349,OWASP Top Ten 2021 Category A05:2021 - Security Misconfiguration,5,611
1435,MemberOf,view,1350,Weaknesses in the 2020 CWE Top 25 Most Dangerous Software Weaknesses,5,611
1436,MemberOf,view,1387,Weaknesses in the 2022 CWE Top 25 Most Dangerous Software Weaknesses,5,611
1437,MemberOf,category,1396,Comprehensive Categorization: Access Control,5,611
1438,MemberOf,category,1437,OWASP Top Ten 2025 Category A02:2025 - Security Misconfiguration,5,611
1439,Self,base,611,,5,611
1440,ChildOf,base,91,XML Injection (aka Blind XPath Injection),1,643
1441,ChildOf,class,943,Improper Neutralization of Special Elements in Data Query Logic,1,643
1442,MemberOf,category,1019,Validate Inputs,1,643
1443,MemberOf,category,929,OWASP Top Ten 2013 Category A1 - Injection,1,643
1444,MemberOf,category,990,SFP Secondary Cluster: Tainted Input to Command,1,643
1445,MemberOf,category,1308,CISQ Quality Measures - Security,1,643
1446,MemberOf,view,1340,CISQ Data Protection Measures,1,643
1447,MemberOf,category,1347,OWASP Top Ten 2021 Category A03:2021 - Injection,1,643
1448,MemberOf,category,1409,Comprehensive Categorization: Injection,1,643
1449,MemberOf,category,1440,OWASP Top Ten 2025 Category A05:2025 - Injection,1,643
1450,Self,base,643,,1,643
1451,ChildOf,pillar,664,Improper Control of a Resource Through its Lifetime,1,668
1452,ParentOf,variant,8,J2EE Misconfiguration: Entity Bean Declared Remote,1,668
1453,ParentOf,base,134,Use of Externally-Controlled Format String,1,668
1454,ParentOf,class,200,Exposure of Sensitive Information to an Unauthorized Actor,1,668
1455,ParentOf,base,374,Passing Mutable Objects to an Untrusted Method,1,668
1456,ParentOf,base,375,Returning a Mutable Object to an Untrusted Caller,1,668
1457,ParentOf,class,377,Insecure Temporary File,1,668
1458,ParentOf,class,402,Transmission of Private Resources into a New Sphere ('Resource Leak'),1,668
1459,ParentOf,base,427,Uncontrolled Search Path Element,1,668
1460,ParentOf,base,428,Unquoted Search Path or Element,1,668
1461,ParentOf,base,488,Exposure of Data Element to Wrong Session,1,668
1462,ParentOf,variant,491,Public cloneable() Method Without Final ('Object Hijack'),1,668
1463,ParentOf,variant,492,Use of Inner Class Containing Sensitive Data,1,668
1464,ParentOf,variant,493,Critical Public Variable Without Final Modifier,1,668
1465,ParentOf,variant,498,Cloneable Class Containing Sensitive Information,1,668
1466,ParentOf,variant,499,Serializable Class Containing Sensitive Data,1,668
1467,ParentOf,class,522,Insufficiently Protected Credentials,1,668
1468,ParentOf,base,524,Use of Cache Containing Sensitive Information,1,668
1469,ParentOf,base,552,Files or Directories Accessible to External Parties,1,668
1470,ParentOf,variant,582,"Array Declared Public, Final, and Static",1,668
1471,ParentOf,variant,583,finalize() Method Declared Public,1,668
1472,ParentOf,variant,608,Struts: Non-private Field in ActionForm Class,1,668
1473,ParentOf,class,642,External Control of Critical State Data,1,668
1474,ParentOf,class,732,Incorrect Permission Assignment for Critical Resource,1,668
1475,ParentOf,base,767,Access to Critical Private Variable via Public Method,1,668
1476,ParentOf,variant,927,Use of Implicit Intent for Sensitive Communication,1,668
1477,ParentOf,base,1189,Improper Isolation of Shared Resources on System-on-a-Chip (SoC),1,668
1478,ParentOf,base,1282,Assumed-Immutable Data is Stored in Writable Memory,1,668
1479,ParentOf,base,1327,Binding to an Unrestricted IP Address,1,668
1480,ParentOf,base,1331,Improper Isolation of Shared Resources in Network On Chip (NoC),1,668
1481,CanFollow,base,22,Improper Limitation of a Pathname to a Restricted Directory ('Path Traversal'),1,668
1482,CanFollow,class,441,Unintended Proxy or Intermediary ('Confused Deputy'),1,668
1483,CanFollow,variant,942,Permissive Cross-domain Security Policy with Untrusted Domains,1,668
1484,MemberOf,view,1003,Weaknesses for Simplified Mapping of Published Vulnerabilities,1,668
1485,ParentOf,base,134,Use of Externally-Controlled Format String,1,668
1486,ParentOf,base,426,Untrusted Search Path,1,668
1487,ParentOf,base,427,Uncontrolled Search Path Element,1,668
1488,ParentOf,base,428,Unquoted Search Path or Element,1,668
1489,ParentOf,base,552,Files or Directories Accessible to External Parties,1,668
1490,MemberOf,category,1011,Authorize Actors,1,668
1491,MemberOf,category,963,SFP Secondary Cluster: Exposed Data,1,668
1492,MemberOf,category,1345,OWASP Top Ten 2021 Category A01:2021 - Broken Access Control,1,668
1493,MemberOf,category,1364,ICS Communications: Zone Boundary Failures,1,668
1494,MemberOf,category,1403,Comprehensive Categorization: Exposed Resource,1,668
1495,MemberOf,category,1436,OWASP Top Ten 2025 Category A01:2025 - Broken Access Control,1,668
1496,Self,class,668,,1,668
1497,ChildOf,pillar,664,Improper Control of a Resource Through its Lifetime,1,673
1498,ParentOf,base,426,Untrusted Search Path,1,673
1499,MemberOf,category,1011,Authorize Actors,1,673
1500,MemberOf,category,991,SFP Secondary Cluster: Tainted Input to Environment,1,673
1501,MemberOf,category,1416,Comprehensive Categorization: Resource Lifecycle Management,1,673
1502,Self,class,673,,1,673
1503,ChildOf,class,1177,Use of Prohibited Code,16,676
1504,ParentOf,variant,785,Use of Path Manipulation Function without Maximum-sized Buffer,16,676
1505,MemberOf,category,1228,API / Function Errors,16,676
1506,MemberOf,category,738,CERT C Secure Coding Standard (2008) Chapter 5 - Integers (INT),16,676
1507,MemberOf,category,743,CERT C Secure Coding Standard (2008) Chapter 10 - Input Output (FIO),16,676
1508,MemberOf,category,746,CERT C Secure Coding Standard (2008) Chapter 13 - Error Handling (ERR),16,676
1509,MemberOf,category,865,2011 Top 25 - Risky Resource Management,16,676
1510,MemberOf,category,872,CERT C++ Secure Coding Section 04 - Integers (INT),16,676
1511,MemberOf,category,877,CERT C++ Secure Coding Section 09 - Input Output (FIO),16,676
1512,MemberOf,view,884,CWE Cross-section,16,676
1513,MemberOf,category,1001,SFP Secondary Cluster: Use of an Improper API,16,676
1514,MemberOf,category,1161,SEI CERT C Coding Standard - Guidelines 07. Characters and Strings (STR),16,676
1515,MemberOf,category,1165,SEI CERT C Coding Standard - Guidelines 10. Environment (ENV),16,676
1516,MemberOf,category,1167,SEI CERT C Coding Standard - Guidelines 12. Error Handling (ERR),16,676
1517,MemberOf,category,1169,SEI CERT C Coding Standard - Guidelines 14. Concurrency (CON),16,676
1518,MemberOf,category,1170,SEI CERT C Coding Standard - Guidelines 48. Miscellaneous (MSC),16,676
1519,MemberOf,category,1412,Comprehensive Categorization: Poor Coding Practices,16,676
1520,MemberOf,category,1441,OWASP Top Ten 2025 Category A06:2025 - Insecure Design,16,676
1521,Self,base,676,,16,676
1522,ChildOf,pillar,664,Improper Control of a Resource Through its Lifetime,1,704
1523,ParentOf,variant,588,Attempt to Access Child of a Non-structure Pointer,1,704
1524,ParentOf,base,681,Incorrect Conversion between Numeric Types,1,704
1525,ParentOf,base,843,Access of Resource Using Incompatible Type ('Type Confusion'),1,704
1526,ParentOf,base,1389,Incorrect Parsing of Numbers with Different Radices,1,704
1527,MemberOf,view,1003,Weaknesses for Simplified Mapping of Published Vulnerabilities,1,704
1528,ParentOf,base,681,Incorrect Conversion between Numeric Types,1,704
1529,ParentOf,base,843,Access of Resource Using Incompatible Type ('Type Confusion'),1,704
1530,MemberOf,category,737,CERT C Secure Coding Standard (2008) Chapter 4 - Expressions (EXP),1,704
1531,MemberOf,category,741,CERT C Secure Coding Standard (2008) Chapter 8 - Characters and Strings (STR),1,704
1532,MemberOf,category,747,CERT C Secure Coding Standard (2008) Chapter 14 - Miscellaneous (MSC),1,704
1533,MemberOf,category,875,CERT C++ Secure Coding Section 07 - Characters and Strings (STR),1,704
1534,MemberOf,category,883,CERT C++ Secure Coding Section 49 - Miscellaneous (MSC),1,704
1535,MemberOf,category,998,SFP Secondary Cluster: Glitch in Computation,1,704
1536,MemberOf,category,1129,CISQ Quality Measures (2016) - Reliability,1,704
1537,MemberOf,category,1157,SEI CERT C Coding Standard - Guidelines 03. Expressions (EXP),1,704
1538,MemberOf,category,1158,SEI CERT C Coding Standard - Guidelines 04. Integers (INT),1,704
1539,MemberOf,category,1161,SEI CERT C Coding Standard - Guidelines 07. Characters and Strings (STR),1,704
1540,MemberOf,category,1306,CISQ Quality Measures - Reliability,1,704
1541,MemberOf,view,1340,CISQ Data Protection Measures,1,704
1542,MemberOf,category,1416,Comprehensive Categorization: Resource Lifecycle Management,1,704
1543,Self,class,704,,1,704
1544,ChildOf,pillar,664,Improper Control of a Resource Through its Lifetime,38,706
1545,ParentOf,base,22,Improper Limitation of a Pathname to a Restricted Directory ('Path Traversal'),38,706
1546,ParentOf,base,41,Improper Resolution of Path Equivalence,38,706
1547,ParentOf,base,59,Improper Link Resolution Before File Access ('Link Following'),38,706
1548,ParentOf,base,66,Improper Handling of File Names that Identify Virtual Resources,38,706
1549,ParentOf,variant,98,Improper Control of Filename for Include/Require Statement in PHP Program ('PHP Remote File Inclusion'),38,706
1550,ParentOf,base,178,Improper Handling of Case Sensitivity,38,706
1551,ParentOf,base,386,Symbolic Name not Mapping to Correct Object,38,706
1552,ParentOf,variant,827,Improper Control of Document Type Definition,38,706
1553,PeerOf,class,99,Improper Control of Resource Identifiers ('Resource Injection'),38,706
1554,MemberOf,view,1003,Weaknesses for Simplified Mapping of Published Vulnerabilities,38,706
1555,ParentOf,base,22,Improper Limitation of a Pathname to a Restricted Directory ('Path Traversal'),38,706
1556,ParentOf,base,59,Improper Link Resolution Before File Access ('Link Following'),38,706
1557,ParentOf,base,178,Improper Handling of Case Sensitivity,38,706
1558,MemberOf,category,932,OWASP Top Ten 2013 Category A4 - Insecure Direct Object References,38,706
1559,MemberOf,category,981,SFP Secondary Cluster: Path Traversal,38,706
1560,MemberOf,category,1345,OWASP Top Ten 2021 Category A01:2021 - Broken Access Control,38,706
1561,MemberOf,category,1416,Comprehensive Categorization: Resource Lifecycle Management,38,706
1562,Self,class,706,,38,706
1563,ChildOf,class,405,Asymmetric Resource Consumption (Amplification),1,776
1564,ChildOf,class,674,Uncontrolled Recursion,1,776
1565,CanFollow,variant,827,Improper Control of Document Type Definition,1,776
1566,MemberOf,category,19,Data Processing Errors,1,776
1567,ChildOf,class,674,Uncontrolled Recursion,1,776
1568,MemberOf,category,1030,OWASP Top Ten 2017 Category A4 - XML External Entities (XXE),1,776
1569,MemberOf,category,1349,OWASP Top Ten 2021 Category A05:2021 - Security Misconfiguration,1,776
1570,MemberOf,category,1416,Comprehensive Categorization: Resource Lifecycle Management,1,776
1571,MemberOf,category,1437,OWASP Top Ten 2025 Category A02:2025 - Security Misconfiguration,1,776
1572,Self,base,776,,1,776
1573,ChildOf,base,344,Use of Invariant Value in Dynamically Changing Context,3,798
1574,ChildOf,class,671,Lack of Administrator Control over Security,3,798
1575,ChildOf,class,1391,Use of Weak Credentials,3,798
1576,ParentOf,variant,259,Use of Hard-coded Password,3,798
1577,ParentOf,variant,321,Use of Hard-coded Cryptographic Key,3,798
1578,PeerOf,base,257,Storing Passwords in a Recoverable Format,3,798
1579,MemberOf,category,255,Credentials Management Errors,3,798
1580,MemberOf,category,320,Key Management Errors,3,798
1581,ChildOf,class,287,Improper Authentication,3,798
1582,MemberOf,category,1010,Authenticate Actors,3,798
1583,ParentOf,variant,259,Use of Hard-coded Password,3,798
1584,ParentOf,variant,321,Use of Hard-coded Cryptographic Key,3,798
1585,ParentOf,variant,259,Use of Hard-coded Password,3,798
1586,ParentOf,variant,321,Use of Hard-coded Cryptographic Key,3,798
1587,MemberOf,category,254,7PK - Security Features,3,798
1588,MemberOf,category,724,OWASP Top Ten 2004 Category A3 - Broken Authentication and Session Management,3,798
1589,MemberOf,category,753,2009 Top 25 - Porous Defenses,3,798
1590,MemberOf,category,803,2010 Top 25 - Porous Defenses,3,798
1591,MemberOf,category,812,OWASP Top Ten 2010 Category A3 - Broken Authentication and Session Management,3,798
1592,MemberOf,category,861,The CERT Oracle Secure Coding Standard for Java (2011) Chapter 18 - Miscellaneous (MSC),3,798
1593,MemberOf,category,866,2011 Top 25 - Porous Defenses,3,798
1594,MemberOf,view,884,CWE Cross-section,3,798
1595,MemberOf,category,1131,CISQ Quality Measures (2016) - Security,3,798
1596,MemberOf,category,1152,SEI CERT Oracle Secure Coding Standard for Java - Guidelines 49. Miscellaneous (MSC),3,798
1597,MemberOf,view,1200,Weaknesses in the 2019 CWE Top 25 Most Dangerous Software Errors,3,798
1598,MemberOf,category,1308,CISQ Quality Measures - Security,3,798
1599,MemberOf,view,1337,Weaknesses in the 2021 CWE Top 25 Most Dangerous Software Weaknesses,3,798
1600,MemberOf,view,1340,CISQ Data Protection Measures,3,798
1601,MemberOf,view,1350,Weaknesses in the 2020 CWE Top 25 Most Dangerous Software Weaknesses,3,798
1602,MemberOf,category,1353,OWASP Top Ten 2021 Category A07:2021 - Identification and Authentication Failures,3,798
1603,MemberOf,view,1387,Weaknesses in the 2022 CWE Top 25 Most Dangerous Software Weaknesses,3,798
1604,MemberOf,category,1396,Comprehensive Categorization: Access Control,3,798
1605,MemberOf,view,1425,Weaknesses in the 2023 CWE Top 25 Most Dangerous Software Weaknesses,3,798
1606,MemberOf,view,1430,Weaknesses in the 2024 CWE Top 25 Most Dangerous Software Weaknesses,3,798
1607,MemberOf,category,1442,OWASP Top Ten 2025 Category A07:2025 - Authentication Failures,3,798
1608,Self,base,798,,3,798
1609,ChildOf,class,913,Improper Control of Dynamically-Managed Code Resources,1,915
1610,ParentOf,variant,1321,Improperly Controlled Modification of Object Prototype Attributes ('Prototype Pollution'),1,915
1611,PeerOf,base,502,Deserialization of Untrusted Data,1,915
1612,MemberOf,category,399,Resource Management Errors,1,915
1613,MemberOf,view,1340,CISQ Data Protection Measures,1,915
1614,MemberOf,category,1354,OWASP Top Ten 2021 Category A08:2021 - Software and Data Integrity Failures,1,915
1615,MemberOf,category,1415,Comprehensive Categorization: Resource Control,1,915
1616,MemberOf,category,1443,OWASP Top Ten 2025 Category A08:2025 - Software or Data Integrity Failures,1,915
1617,Self,base,915,,1,915
1618,ChildOf,class,862,Missing Authorization,24,939
1619,ChildOf,base,940,Improper Verification of Source of a Communication Channel,24,939
1620,MemberOf,category,1212,Authorization Errors,24,939
1621,MemberOf,category,1011,Authorize Actors,24,939
1622,MemberOf,category,1396,Comprehensive Categorization: Access Control,24,939
1623,Self,base,939,,24,939
1624,ChildOf,base,183,Permissive List of Allowed Inputs,5,942
1625,ChildOf,class,863,Incorrect Authorization,5,942
1626,ChildOf,class,923,Improper Restriction of Communication Channel to Intended Endpoints,5,942
1627,CanPrecede,class,668,Exposure of Resource to Wrong Sphere,5,942
1628,MemberOf,category,1011,Authorize Actors,5,942
1629,MemberOf,category,1349,OWASP Top Ten 2021 Category A05:2021 - Security Misconfiguration,5,942
1630,MemberOf,category,1396,Comprehensive Categorization: Access Control,5,942
1631,MemberOf,category,1437,OWASP Top Ten 2025 Category A02:2025 - Security Misconfiguration,5,942
1632,Self,variant,942,,5,942
1633,ChildOf,class,923,Improper Restriction of Communication Channel to Intended Endpoints,1,1275
1634,CanPrecede,composite,352,Cross-Site Request Forgery (CSRF),1,1275
1635,MemberOf,category,1345,OWASP Top Ten 2021 Category A01:2021 - Broken Access Control,1,1275
1636,MemberOf,category,1396,Comprehensive Categorization: Access Control,1,1275
1637,MemberOf,category,1436,OWASP Top Ten 2025 Category A01:2025 - Broken Access Control,1,1275
1638,Self,variant,1275,,1,1275
