,type,id,description,Unnamed: 0,cwe_counts,repos
0,base,15,External Control of System or Configuration Setting,100,91,"['lightly', 'ViZDoom', 'numpy', 'feast', 'langflow', 'mlflow', 'open-webui', 'retro', 'mindsdb', 'pydantic', 'nalp', 'danswerai', 'rasa', 'pattern', 'superset', 'bokeh', 'Auto_ViML', 'fastapi', 'spammy', 'ray', 'PySyft', 'pytensor', 'pytorch', 'gradio', 'streamlit', 'transformers', 'DIGITS', 'AutoViz', 'lightly', 'ViZDoom', 'numpy', 'feast', 'langflow', 'mlflow', 'open-webui', 'retro', 'mindsdb', 'pydantic', 'nalp', 'danswerai', 'rasa', 'pattern', 'superset', 'bokeh', 'Auto_ViML', 'fastapi', 'spammy', 'ray', 'PySyft', 'pytensor', 'pytorch', 'gradio', 'streamlit', 'transformers', 'DIGITS', 'AutoViz', 'lightly', 'ViZDoom', 'numpy', 'feast', 'langflow', 'mlflow', 'open-webui', 'retro', 'mindsdb', 'pydantic', 'nalp', 'danswerai', 'rasa', 'pattern', 'superset', 'bokeh', 'Auto_ViML', 'fastapi', 'spammy', 'ray', 'PySyft', 'pytensor', 'pytorch', 'gradio', 'streamlit', 'transformers', 'DIGITS', 'AutoViz', 'lightly', 'ViZDoom', 'numpy', 'feast', 'langflow', 'mlflow', 'open-webui', 'retro', 'mindsdb', 'pydantic', 'nalp', 'danswerai', 'rasa', 'pattern', 'superset', 'bokeh', 'Auto_ViML', 'fastapi', 'spammy', 'ray', 'PySyft', 'pytensor', 'pytorch', 'gradio', 'streamlit', 'transformers', 'DIGITS', 'AutoViz', 'lightly', 'ViZDoom', 'numpy', 'feast', 'langflow', 'mlflow', 'open-webui', 'retro', 'mindsdb', 'pydantic', 'nalp', 'danswerai', 'rasa', 'pattern', 'superset', 'bokeh', 'Auto_ViML', 'fastapi', 'spammy', 'ray', 'PySyft', 'pytensor', 'pytorch', 'gradio', 'streamlit', 'transformers', 'DIGITS', 'AutoViz']"
1,base,22,Improper Limitation of a Pathname to a Restricted Directory ('Path Traversal'),96,49490,"['lightly', 'ViZDoom', 'numpy', 'feast', 'langflow', 'mlflow', 'open-webui', 'retro', 'mindsdb', 'pydantic', 'nalp', 'danswerai', 'rasa', 'pattern', 'superset', 'bokeh', 'Auto_ViML', 'fastapi', 'spammy', 'ray', 'PySyft', 'pytensor', 'pytorch', 'gradio', 'streamlit', 'transformers', 'DIGITS', 'AutoViz', 'lightly', 'ViZDoom', 'numpy', 'feast', 'langflow', 'mlflow', 'open-webui', 'retro', 'mindsdb', 'pydantic', 'nalp', 'danswerai', 'rasa', 'pattern', 'superset', 'bokeh', 'Auto_ViML', 'fastapi', 'spammy', 'ray', 'PySyft', 'pytensor', 'pytorch', 'gradio', 'streamlit', 'transformers', 'DIGITS', 'AutoViz', 'lightly', 'ViZDoom', 'numpy', 'feast', 'langflow', 'mlflow', 'open-webui', 'retro', 'mindsdb', 'pydantic', 'nalp', 'danswerai', 'rasa', 'pattern', 'superset', 'bokeh', 'Auto_ViML', 'fastapi', 'spammy', 'ray', 'PySyft', 'pytensor', 'pytorch', 'gradio', 'streamlit', 'transformers', 'DIGITS', 'AutoViz', 'lightly', 'ViZDoom', 'numpy', 'feast', 'langflow', 'mlflow', 'open-webui', 'retro', 'mindsdb', 'pydantic', 'nalp', 'danswerai', 'rasa', 'pattern', 'superset', 'bokeh', 'Auto_ViML', 'fastapi', 'spammy', 'ray', 'PySyft', 'pytensor', 'pytorch', 'gradio', 'streamlit', 'transformers', 'DIGITS', 'AutoViz', 'lightly', 'ViZDoom', 'numpy', 'feast', 'langflow', 'mlflow', 'open-webui', 'retro', 'mindsdb', 'pydantic', 'nalp', 'danswerai', 'rasa', 'pattern', 'superset', 'bokeh', 'Auto_ViML', 'fastapi', 'spammy', 'ray', 'PySyft', 'pytensor', 'pytorch', 'gradio', 'streamlit', 'transformers', 'DIGITS', 'AutoViz', 'cornac', 'FEDOT', 'feast', 'aim', 'pyss3', 'matplotlib', 'lab', 'DI-engine', 'dtaidistance', 'seaborn', 'determined', 'retro', 'BioPy', 'CompreFace', 'lambdo', 'mindsdb', 'Metaworld', 'ColossalAI', 'pyqtgraph', 'gensim', 'hebel', 'textacy', 'statsmodels', 'xlearn', 'deepchecks', 'mars', 'NeuroNER', 'PySyft', 'scikit-survival', 'haystack', 'emcee', 'transformers', 'streamlit', 'lightwood', 'prodmodel', 'joliGEN', 'ViZDoom', 'pybrain', 'langflow', 'mlxtend', 'Spearmint', 'bigartm', 'skorch', 'vigra', 'blaze', 'catalyst', 'sktime', 'ggpy', 'python-recsys', 'scikit-learn', 'river', 'tesseract', 'pytorch-lightning', 'shogun', 'spaCy', 'yalign', 'ray', 'pynlpl', 'DIGITS', 'LightGBM', 'pytorch', 'PyTorchCV', 'dash', 'polyglot', 'pymc', 'bentoml', 'pkuseg-python', 'scikit-image', 'Gymnasium', 'numpy', 'jProcessing', 'cltk', 'garage', 'zipline', 'alibi-detect', 'xcessiv', 'neural-style-pt', 'nut', 'langfuse', 'optuna', 'deeplake', 'cortex', 'tensorflow', 'pytorch-frame', 'python-timbl', 'danswerai', 'DeepPavlov', 'rasa', 'igel', 'loso', 'SynapseML', 'machine-learning', 'autogluon', 'mlens', 'scikit-learn-intelex', 'catboost', 'somoclu', 'colibri-core', 'keras-tuner', 'neuropredict', 'dowel', 'DrQA', 'deeppy', 'neuraltalk2', 'altair', 'pgmpy', 'evidently', 'detectron2', 'lightly', 'jieba', 'cleanlab', 'Petrel', 'deepface', 'caffe', 'zpar', 'typer', 'nilearn', 'mlflow', 'open-webui', 'jax', 'stellargraph', 'maze', 'pebl', 'mlx', 'open-metric-learning', 'pytorch_geometric', 'neuraltalk', 'retinaface', 'mljar-supervised', 'superset', 'bokeh', 'pytorch-image-models', 'rosetta', 'recommenders', 'tpot', 'Parris', 'pytensor', 'chainer', 'skll', 'pandas', 'bolt', 'scikit-opt', 'vispy', 'gradio', 'CoreNLP', 'xgboost', 'cornac', 'FEDOT', 'feast', 'aim', 'pyss3', 'matplotlib', 'lab', 'DI-engine', 'dtaidistance', 'seaborn', 'determined', 'retro', 'BioPy', 'CompreFace', 'lambdo', 'mindsdb', 'Metaworld', 'ColossalAI', 'pyqtgraph', 'gensim', 'hebel', 'textacy', 'statsmodels', 'xlearn', 'deepchecks', 'mars', 'NeuroNER', 'PySyft', 'scikit-survival', 'haystack', 'emcee', 'transformers', 'streamlit', 'lightwood', 'prodmodel', 'joliGEN', 'ViZDoom', 'pybrain', 'langflow', 'mlxtend', 'Spearmint', 'bigartm', 'skorch', 'vigra', 'blaze', 'catalyst', 'sktime', 'ggpy', 'python-recsys', 'scikit-learn', 'river', 'tesseract', 'pytorch-lightning', 'shogun', 'spaCy', 'yalign', 'ray', 'pynlpl', 'DIGITS', 'LightGBM', 'pytorch', 'PyTorchCV', 'dash', 'polyglot', 'pymc', 'bentoml', 'pkuseg-python', 'scikit-image', 'Gymnasium', 'numpy', 'jProcessing', 'cltk', 'garage', 'zipline', 'alibi-detect', 'xcessiv', 'neural-style-pt', 'nut', 'langfuse', 'optuna', 'deeplake', 'cortex', 'tensorflow', 'pytorch-frame', 'python-timbl', 'danswerai', 'DeepPavlov', 'rasa', 'igel', 'loso', 'SynapseML', 'machine-learning', 'autogluon', 'mlens', 'scikit-learn-intelex', 'catboost', 'somoclu', 'colibri-core', 'keras-tuner', 'neuropredict', 'dowel', 'DrQA', 'deeppy', 'neuraltalk2', 'altair', 'pgmpy', 'evidently', 'detectron2', 'lightly', 'jieba', 'cleanlab', 'Petrel', 'deepface', 'caffe', 'zpar', 'typer', 'nilearn', 'mlflow', 'open-webui', 'jax', 'stellargraph', 'maze', 'pebl', 'mlx', 'open-metric-learning', 'pytorch_geometric', 'neuraltalk', 'retinaface', 'mljar-supervised', 'superset', 'bokeh', 'pytorch-image-models', 'rosetta', 'recommenders', 'tpot', 'Parris', 'pytensor', 'chainer', 'skll', 'pandas', 'bolt', 'scikit-opt', 'vispy', 'gradio', 'CoreNLP', 'xgboost', 'cornac', 'FEDOT', 'feast', 'aim', 'pyss3', 'matplotlib', 'lab', 'DI-engine', 'dtaidistance', 'seaborn', 'determined', 'retro', 'BioPy', 'CompreFace', 'lambdo', 'mindsdb', 'Metaworld', 'ColossalAI', 'pyqtgraph', 'gensim', 'hebel', 'textacy', 'statsmodels', 'xlearn', 'deepchecks', 'mars', 'NeuroNER', 'PySyft', 'scikit-survival', 'haystack', 'emcee', 'transformers', 'streamlit', 'lightwood', 'prodmodel', 'joliGEN', 'ViZDoom', 'pybrain', 'langflow', 'mlxtend', 'Spearmint', 'bigartm', 'skorch', 'vigra', 'blaze', 'catalyst', 'sktime', 'ggpy', 'python-recsys', 'scikit-learn', 'river', 'tesseract', 'pytorch-lightning', 'shogun', 'spaCy', 'yalign', 'ray', 'pynlpl', 'DIGITS', 'LightGBM', 'pytorch', 'PyTorchCV', 'dash', 'polyglot', 'pymc', 'bentoml', 'pkuseg-python', 'scikit-image', 'Gymnasium', 'numpy', 'jProcessing', 'cltk', 'garage', 'zipline', 'alibi-detect', 'xcessiv', 'neural-style-pt', 'nut', 'langfuse', 'optuna', 'deeplake', 'cortex', 'tensorflow', 'pytorch-frame', 'python-timbl', 'danswerai', 'DeepPavlov', 'rasa', 'igel', 'loso', 'SynapseML', 'machine-learning', 'autogluon', 'mlens', 'scikit-learn-intelex', 'catboost', 'somoclu', 'colibri-core', 'keras-tuner', 'neuropredict', 'dowel', 'DrQA', 'deeppy', 'neuraltalk2', 'altair', 'pgmpy', 'evidently', 'detectron2', 'lightly', 'jieba', 'cleanlab', 'Petrel', 'deepface', 'caffe', 'zpar', 'typer', 'nilearn', 'mlflow', 'open-webui', 'jax', 'stellargraph', 'maze', 'pebl', 'mlx', 'open-metric-learning', 'pytorch_geometric', 'neuraltalk', 'retinaface', 'mljar-supervised', 'superset', 'bokeh', 'pytorch-image-models', 'rosetta', 'recommenders', 'tpot', 'Parris', 'pytensor', 'chainer', 'skll', 'pandas', 'bolt', 'scikit-opt', 'vispy', 'gradio', 'CoreNLP', 'xgboost', 'cornac', 'FEDOT', 'feast', 'aim', 'pyss3', 'matplotlib', 'lab', 'DI-engine', 'dtaidistance', 'seaborn', 'determined', 'retro', 'BioPy', 'CompreFace', 'lambdo', 'mindsdb', 'Metaworld', 'ColossalAI', 'pyqtgraph', 'gensim', 'hebel', 'textacy', 'statsmodels', 'xlearn', 'deepchecks', 'mars', 'NeuroNER', 'PySyft', 'scikit-survival', 'haystack', 'emcee', 'transformers', 'streamlit', 'lightwood', 'prodmodel', 'joliGEN', 'ViZDoom', 'pybrain', 'langflow', 'mlxtend', 'Spearmint', 'bigartm', 'skorch', 'vigra', 'blaze', 'catalyst', 'sktime', 'ggpy', 'python-recsys', 'scikit-learn', 'river', 'tesseract', 'pytorch-lightning', 'shogun', 'spaCy', 'yalign', 'ray', 'pynlpl', 'DIGITS', 'LightGBM', 'pytorch', 'PyTorchCV', 'dash', 'polyglot', 'pymc', 'bentoml', 'pkuseg-python', 'scikit-image', 'Gymnasium', 'numpy', 'jProcessing', 'cltk', 'garage', 'zipline', 'alibi-detect', 'xcessiv', 'neural-style-pt', 'nut', 'langfuse', 'optuna', 'deeplake', 'cortex', 'tensorflow', 'pytorch-frame', 'python-timbl', 'danswerai', 'DeepPavlov', 'rasa', 'igel', 'loso', 'SynapseML', 'machine-learning', 'autogluon', 'mlens', 'scikit-learn-intelex', 'catboost', 'somoclu', 'colibri-core', 'keras-tuner', 'neuropredict', 'dowel', 'DrQA', 'deeppy', 'neuraltalk2', 'altair', 'pgmpy', 'evidently', 'detectron2', 'lightly', 'jieba', 'cleanlab', 'Petrel', 'deepface', 'caffe', 'zpar', 'typer', 'nilearn', 'mlflow', 'open-webui', 'jax', 'stellargraph', 'maze', 'pebl', 'mlx', 'open-metric-learning', 'pytorch_geometric', 'neuraltalk', 'retinaface', 'mljar-supervised', 'superset', 'bokeh', 'pytorch-image-models', 'rosetta', 'recommenders', 'tpot', 'Parris', 'pytensor', 'chainer', 'skll', 'pandas', 'bolt', 'scikit-opt', 'vispy', 'gradio', 'CoreNLP', 'xgboost', 'cornac', 'FEDOT', 'feast', 'aim', 'pyss3', 'matplotlib', 'lab', 'DI-engine', 'dtaidistance', 'seaborn', 'determined', 'retro', 'BioPy', 'CompreFace', 'lambdo', 'mindsdb', 'Metaworld', 'ColossalAI', 'pyqtgraph', 'gensim', 'hebel', 'textacy', 'statsmodels', 'xlearn', 'deepchecks', 'mars', 'NeuroNER', 'PySyft', 'scikit-survival', 'haystack', 'emcee', 'transformers', 'streamlit', 'lightwood', 'prodmodel', 'joliGEN', 'ViZDoom', 'pybrain', 'langflow', 'mlxtend', 'Spearmint', 'bigartm', 'skorch', 'vigra', 'blaze', 'catalyst', 'sktime', 'ggpy', 'python-recsys', 'scikit-learn', 'river', 'tesseract', 'pytorch-lightning', 'shogun', 'spaCy', 'yalign', 'ray', 'pynlpl', 'DIGITS', 'LightGBM', 'pytorch', 'PyTorchCV', 'dash', 'polyglot', 'pymc', 'bentoml', 'pkuseg-python', 'scikit-image', 'Gymnasium', 'numpy', 'jProcessing', 'cltk', 'garage', 'zipline', 'alibi-detect', 'xcessiv', 'neural-style-pt', 'nut', 'langfuse', 'optuna', 'deeplake', 'cortex', 'tensorflow', 'pytorch-frame', 'python-timbl', 'danswerai', 'DeepPavlov', 'rasa', 'igel', 'loso', 'SynapseML', 'machine-learning', 'autogluon', 'mlens', 'scikit-learn-intelex', 'catboost', 'somoclu', 'colibri-core', 'keras-tuner', 'neuropredict', 'dowel', 'DrQA', 'deeppy', 'neuraltalk2', 'altair', 'pgmpy', 'evidently', 'detectron2', 'lightly', 'jieba', 'cleanlab', 'Petrel', 'deepface', 'caffe', 'zpar', 'typer', 'nilearn', 'mlflow', 'open-webui', 'jax', 'stellargraph', 'maze', 'pebl', 'mlx', 'open-metric-learning', 'pytorch_geometric', 'neuraltalk', 'retinaface', 'mljar-supervised', 'superset', 'bokeh', 'pytorch-image-models', 'rosetta', 'recommenders', 'tpot', 'Parris', 'pytensor', 'chainer', 'skll', 'pandas', 'bolt', 'scikit-opt', 'vispy', 'gradio', 'CoreNLP', 'xgboost', 'cornac', 'FEDOT', 'feast', 'aim', 'pyss3', 'matplotlib', 'lab', 'DI-engine', 'dtaidistance', 'seaborn', 'determined', 'retro', 'BioPy', 'CompreFace', 'lambdo', 'mindsdb', 'Metaworld', 'ColossalAI', 'pyqtgraph', 'gensim', 'hebel', 'textacy', 'statsmodels', 'xlearn', 'deepchecks', 'mars', 'NeuroNER', 'PySyft', 'scikit-survival', 'haystack', 'emcee', 'transformers', 'streamlit', 'lightwood', 'prodmodel', 'joliGEN', 'ViZDoom', 'pybrain', 'langflow', 'mlxtend', 'Spearmint', 'bigartm', 'skorch', 'vigra', 'blaze', 'catalyst', 'sktime', 'ggpy', 'python-recsys', 'scikit-learn', 'river', 'tesseract', 'pytorch-lightning', 'shogun', 'spaCy', 'yalign', 'ray', 'pynlpl', 'DIGITS', 'LightGBM', 'pytorch', 'PyTorchCV', 'dash', 'polyglot', 'pymc', 'bentoml', 'pkuseg-python', 'scikit-image', 'Gymnasium', 'numpy', 'jProcessing', 'cltk', 'garage', 'zipline', 'alibi-detect', 'xcessiv', 'neural-style-pt', 'nut', 'langfuse', 'optuna', 'deeplake', 'cortex', 'tensorflow', 'pytorch-frame', 'python-timbl', 'danswerai', 'DeepPavlov', 'rasa', 'igel', 'loso', 'SynapseML', 'machine-learning', 'autogluon', 'mlens', 'scikit-learn-intelex', 'catboost', 'somoclu', 'colibri-core', 'keras-tuner', 'neuropredict', 'dowel', 'DrQA', 'deeppy', 'neuraltalk2', 'altair', 'pgmpy', 'evidently', 'detectron2', 'lightly', 'jieba', 'cleanlab', 'Petrel', 'deepface', 'caffe', 'zpar', 'typer', 'nilearn', 'mlflow', 'open-webui', 'jax', 'stellargraph', 'maze', 'pebl', 'mlx', 'open-metric-learning', 'pytorch_geometric', 'neuraltalk', 'retinaface', 'mljar-supervised', 'superset', 'bokeh', 'pytorch-image-models', 'rosetta', 'recommenders', 'tpot', 'Parris', 'pytensor', 'chainer', 'skll', 'pandas', 'bolt', 'scikit-opt', 'vispy', 'gradio', 'CoreNLP', 'xgboost', 'cornac', 'FEDOT', 'feast', 'aim', 'pyss3', 'matplotlib', 'lab', 'DI-engine', 'dtaidistance', 'seaborn', 'determined', 'retro', 'BioPy', 'CompreFace', 'lambdo', 'mindsdb', 'Metaworld', 'ColossalAI', 'pyqtgraph', 'gensim', 'hebel', 'textacy', 'statsmodels', 'xlearn', 'deepchecks', 'mars', 'NeuroNER', 'PySyft', 'scikit-survival', 'haystack', 'emcee', 'transformers', 'streamlit', 'lightwood', 'prodmodel', 'joliGEN', 'ViZDoom', 'pybrain', 'langflow', 'mlxtend', 'Spearmint', 'bigartm', 'skorch', 'vigra', 'blaze', 'catalyst', 'sktime', 'ggpy', 'python-recsys', 'scikit-learn', 'river', 'tesseract', 'pytorch-lightning', 'shogun', 'spaCy', 'yalign', 'ray', 'pynlpl', 'DIGITS', 'LightGBM', 'pytorch', 'PyTorchCV', 'dash', 'polyglot', 'pymc', 'bentoml', 'pkuseg-python', 'scikit-image', 'Gymnasium', 'numpy', 'jProcessing', 'cltk', 'garage', 'zipline', 'alibi-detect', 'xcessiv', 'neural-style-pt', 'nut', 'langfuse', 'optuna', 'deeplake', 'cortex', 'tensorflow', 'pytorch-frame', 'python-timbl', 'danswerai', 'DeepPavlov', 'rasa', 'igel', 'loso', 'SynapseML', 'machine-learning', 'autogluon', 'mlens', 'scikit-learn-intelex', 'catboost', 'somoclu', 'colibri-core', 'keras-tuner', 'neuropredict', 'dowel', 'DrQA', 'deeppy', 'neuraltalk2', 'altair', 'pgmpy', 'evidently', 'detectron2', 'lightly', 'jieba', 'cleanlab', 'Petrel', 'deepface', 'caffe', 'zpar', 'typer', 'nilearn', 'mlflow', 'open-webui', 'jax', 'stellargraph', 'maze', 'pebl', 'mlx', 'open-metric-learning', 'pytorch_geometric', 'neuraltalk', 'retinaface', 'mljar-supervised', 'superset', 'bokeh', 'pytorch-image-models', 'rosetta', 'recommenders', 'tpot', 'Parris', 'pytensor', 'chainer', 'skll', 'pandas', 'bolt', 'scikit-opt', 'vispy', 'gradio', 'CoreNLP', 'xgboost']"
2,base,23,Relative Path Traversal,21,21171,"['cornac', 'FEDOT', 'feast', 'aim', 'pyss3', 'matplotlib', 'lab', 'DI-engine', 'dtaidistance', 'seaborn', 'determined', 'retro', 'BioPy', 'CompreFace', 'lambdo', 'mindsdb', 'Metaworld', 'ColossalAI', 'pyqtgraph', 'gensim', 'hebel', 'textacy', 'statsmodels', 'xlearn', 'deepchecks', 'mars', 'NeuroNER', 'PySyft', 'scikit-survival', 'haystack', 'emcee', 'transformers', 'streamlit', 'lightwood', 'prodmodel', 'joliGEN', 'ViZDoom', 'pybrain', 'langflow', 'mlxtend', 'Spearmint', 'bigartm', 'skorch', 'vigra', 'blaze', 'catalyst', 'sktime', 'ggpy', 'python-recsys', 'scikit-learn', 'river', 'tesseract', 'pytorch-lightning', 'shogun', 'spaCy', 'yalign', 'ray', 'pynlpl', 'DIGITS', 'LightGBM', 'pytorch', 'PyTorchCV', 'dash', 'polyglot', 'pymc', 'bentoml', 'pkuseg-python', 'scikit-image', 'Gymnasium', 'numpy', 'jProcessing', 'cltk', 'garage', 'zipline', 'alibi-detect', 'xcessiv', 'neural-style-pt', 'nut', 'langfuse', 'optuna', 'deeplake', 'cortex', 'tensorflow', 'pytorch-frame', 'python-timbl', 'danswerai', 'DeepPavlov', 'rasa', 'igel', 'loso', 'SynapseML', 'machine-learning', 'autogluon', 'mlens', 'scikit-learn-intelex', 'catboost', 'somoclu', 'colibri-core', 'keras-tuner', 'neuropredict', 'dowel', 'DrQA', 'deeppy', 'neuraltalk2', 'altair', 'pgmpy', 'evidently', 'detectron2', 'lightly', 'jieba', 'cleanlab', 'Petrel', 'deepface', 'caffe', 'zpar', 'typer', 'nilearn', 'mlflow', 'open-webui', 'jax', 'stellargraph', 'maze', 'pebl', 'mlx', 'open-metric-learning', 'pytorch_geometric', 'neuraltalk', 'retinaface', 'mljar-supervised', 'superset', 'bokeh', 'pytorch-image-models', 'rosetta', 'recommenders', 'tpot', 'Parris', 'pytensor', 'chainer', 'skll', 'pandas', 'bolt', 'scikit-opt', 'vispy', 'gradio', 'CoreNLP', 'xgboost', 'cornac', 'FEDOT', 'feast', 'aim', 'pyss3', 'matplotlib', 'lab', 'DI-engine', 'dtaidistance', 'seaborn', 'determined', 'retro', 'BioPy', 'CompreFace', 'lambdo', 'mindsdb', 'Metaworld', 'ColossalAI', 'pyqtgraph', 'gensim', 'hebel', 'textacy', 'statsmodels', 'xlearn', 'deepchecks', 'mars', 'NeuroNER', 'PySyft', 'scikit-survival', 'haystack', 'emcee', 'transformers', 'streamlit', 'lightwood', 'prodmodel', 'joliGEN', 'ViZDoom', 'pybrain', 'langflow', 'mlxtend', 'Spearmint', 'bigartm', 'skorch', 'vigra', 'blaze', 'catalyst', 'sktime', 'ggpy', 'python-recsys', 'scikit-learn', 'river', 'tesseract', 'pytorch-lightning', 'shogun', 'spaCy', 'yalign', 'ray', 'pynlpl', 'DIGITS', 'LightGBM', 'pytorch', 'PyTorchCV', 'dash', 'polyglot', 'pymc', 'bentoml', 'pkuseg-python', 'scikit-image', 'Gymnasium', 'numpy', 'jProcessing', 'cltk', 'garage', 'zipline', 'alibi-detect', 'xcessiv', 'neural-style-pt', 'nut', 'langfuse', 'optuna', 'deeplake', 'cortex', 'tensorflow', 'pytorch-frame', 'python-timbl', 'danswerai', 'DeepPavlov', 'rasa', 'igel', 'loso', 'SynapseML', 'machine-learning', 'autogluon', 'mlens', 'scikit-learn-intelex', 'catboost', 'somoclu', 'colibri-core', 'keras-tuner', 'neuropredict', 'dowel', 'DrQA', 'deeppy', 'neuraltalk2', 'altair', 'pgmpy', 'evidently', 'detectron2', 'lightly', 'jieba', 'cleanlab', 'Petrel', 'deepface', 'caffe', 'zpar', 'typer', 'nilearn', 'mlflow', 'open-webui', 'jax', 'stellargraph', 'maze', 'pebl', 'mlx', 'open-metric-learning', 'pytorch_geometric', 'neuraltalk', 'retinaface', 'mljar-supervised', 'superset', 'bokeh', 'pytorch-image-models', 'rosetta', 'recommenders', 'tpot', 'Parris', 'pytensor', 'chainer', 'skll', 'pandas', 'bolt', 'scikit-opt', 'vispy', 'gradio', 'CoreNLP', 'xgboost', 'cornac', 'FEDOT', 'feast', 'aim', 'pyss3', 'matplotlib', 'lab', 'DI-engine', 'dtaidistance', 'seaborn', 'determined', 'retro', 'BioPy', 'CompreFace', 'lambdo', 'mindsdb', 'Metaworld', 'ColossalAI', 'pyqtgraph', 'gensim', 'hebel', 'textacy', 'statsmodels', 'xlearn', 'deepchecks', 'mars', 'NeuroNER', 'PySyft', 'scikit-survival', 'haystack', 'emcee', 'transformers', 'streamlit', 'lightwood', 'prodmodel', 'joliGEN', 'ViZDoom', 'pybrain', 'langflow', 'mlxtend', 'Spearmint', 'bigartm', 'skorch', 'vigra', 'blaze', 'catalyst', 'sktime', 'ggpy', 'python-recsys', 'scikit-learn', 'river', 'tesseract', 'pytorch-lightning', 'shogun', 'spaCy', 'yalign', 'ray', 'pynlpl', 'DIGITS', 'LightGBM', 'pytorch', 'PyTorchCV', 'dash', 'polyglot', 'pymc', 'bentoml', 'pkuseg-python', 'scikit-image', 'Gymnasium', 'numpy', 'jProcessing', 'cltk', 'garage', 'zipline', 'alibi-detect', 'xcessiv', 'neural-style-pt', 'nut', 'langfuse', 'optuna', 'deeplake', 'cortex', 'tensorflow', 'pytorch-frame', 'python-timbl', 'danswerai', 'DeepPavlov', 'rasa', 'igel', 'loso', 'SynapseML', 'machine-learning', 'autogluon', 'mlens', 'scikit-learn-intelex', 'catboost', 'somoclu', 'colibri-core', 'keras-tuner', 'neuropredict', 'dowel', 'DrQA', 'deeppy', 'neuraltalk2', 'altair', 'pgmpy', 'evidently', 'detectron2', 'lightly', 'jieba', 'cleanlab', 'Petrel', 'deepface', 'caffe', 'zpar', 'typer', 'nilearn', 'mlflow', 'open-webui', 'jax', 'stellargraph', 'maze', 'pebl', 'mlx', 'open-metric-learning', 'pytorch_geometric', 'neuraltalk', 'retinaface', 'mljar-supervised', 'superset', 'bokeh', 'pytorch-image-models', 'rosetta', 'recommenders', 'tpot', 'Parris', 'pytensor', 'chainer', 'skll', 'pandas', 'bolt', 'scikit-opt', 'vispy', 'gradio', 'CoreNLP', 'xgboost']"
3,base,36,Absolute Path Traversal,24,21171,"['cornac', 'FEDOT', 'feast', 'aim', 'pyss3', 'matplotlib', 'lab', 'DI-engine', 'dtaidistance', 'seaborn', 'determined', 'retro', 'BioPy', 'CompreFace', 'lambdo', 'mindsdb', 'Metaworld', 'ColossalAI', 'pyqtgraph', 'gensim', 'hebel', 'textacy', 'statsmodels', 'xlearn', 'deepchecks', 'mars', 'NeuroNER', 'PySyft', 'scikit-survival', 'haystack', 'emcee', 'transformers', 'streamlit', 'lightwood', 'prodmodel', 'joliGEN', 'ViZDoom', 'pybrain', 'langflow', 'mlxtend', 'Spearmint', 'bigartm', 'skorch', 'vigra', 'blaze', 'catalyst', 'sktime', 'ggpy', 'python-recsys', 'scikit-learn', 'river', 'tesseract', 'pytorch-lightning', 'shogun', 'spaCy', 'yalign', 'ray', 'pynlpl', 'DIGITS', 'LightGBM', 'pytorch', 'PyTorchCV', 'dash', 'polyglot', 'pymc', 'bentoml', 'pkuseg-python', 'scikit-image', 'Gymnasium', 'numpy', 'jProcessing', 'cltk', 'garage', 'zipline', 'alibi-detect', 'xcessiv', 'neural-style-pt', 'nut', 'langfuse', 'optuna', 'deeplake', 'cortex', 'tensorflow', 'pytorch-frame', 'python-timbl', 'danswerai', 'DeepPavlov', 'rasa', 'igel', 'loso', 'SynapseML', 'machine-learning', 'autogluon', 'mlens', 'scikit-learn-intelex', 'catboost', 'somoclu', 'colibri-core', 'keras-tuner', 'neuropredict', 'dowel', 'DrQA', 'deeppy', 'neuraltalk2', 'altair', 'pgmpy', 'evidently', 'detectron2', 'lightly', 'jieba', 'cleanlab', 'Petrel', 'deepface', 'caffe', 'zpar', 'typer', 'nilearn', 'mlflow', 'open-webui', 'jax', 'stellargraph', 'maze', 'pebl', 'mlx', 'open-metric-learning', 'pytorch_geometric', 'neuraltalk', 'retinaface', 'mljar-supervised', 'superset', 'bokeh', 'pytorch-image-models', 'rosetta', 'recommenders', 'tpot', 'Parris', 'pytensor', 'chainer', 'skll', 'pandas', 'bolt', 'scikit-opt', 'vispy', 'gradio', 'CoreNLP', 'xgboost', 'cornac', 'FEDOT', 'feast', 'aim', 'pyss3', 'matplotlib', 'lab', 'DI-engine', 'dtaidistance', 'seaborn', 'determined', 'retro', 'BioPy', 'CompreFace', 'lambdo', 'mindsdb', 'Metaworld', 'ColossalAI', 'pyqtgraph', 'gensim', 'hebel', 'textacy', 'statsmodels', 'xlearn', 'deepchecks', 'mars', 'NeuroNER', 'PySyft', 'scikit-survival', 'haystack', 'emcee', 'transformers', 'streamlit', 'lightwood', 'prodmodel', 'joliGEN', 'ViZDoom', 'pybrain', 'langflow', 'mlxtend', 'Spearmint', 'bigartm', 'skorch', 'vigra', 'blaze', 'catalyst', 'sktime', 'ggpy', 'python-recsys', 'scikit-learn', 'river', 'tesseract', 'pytorch-lightning', 'shogun', 'spaCy', 'yalign', 'ray', 'pynlpl', 'DIGITS', 'LightGBM', 'pytorch', 'PyTorchCV', 'dash', 'polyglot', 'pymc', 'bentoml', 'pkuseg-python', 'scikit-image', 'Gymnasium', 'numpy', 'jProcessing', 'cltk', 'garage', 'zipline', 'alibi-detect', 'xcessiv', 'neural-style-pt', 'nut', 'langfuse', 'optuna', 'deeplake', 'cortex', 'tensorflow', 'pytorch-frame', 'python-timbl', 'danswerai', 'DeepPavlov', 'rasa', 'igel', 'loso', 'SynapseML', 'machine-learning', 'autogluon', 'mlens', 'scikit-learn-intelex', 'catboost', 'somoclu', 'colibri-core', 'keras-tuner', 'neuropredict', 'dowel', 'DrQA', 'deeppy', 'neuraltalk2', 'altair', 'pgmpy', 'evidently', 'detectron2', 'lightly', 'jieba', 'cleanlab', 'Petrel', 'deepface', 'caffe', 'zpar', 'typer', 'nilearn', 'mlflow', 'open-webui', 'jax', 'stellargraph', 'maze', 'pebl', 'mlx', 'open-metric-learning', 'pytorch_geometric', 'neuraltalk', 'retinaface', 'mljar-supervised', 'superset', 'bokeh', 'pytorch-image-models', 'rosetta', 'recommenders', 'tpot', 'Parris', 'pytensor', 'chainer', 'skll', 'pandas', 'bolt', 'scikit-opt', 'vispy', 'gradio', 'CoreNLP', 'xgboost', 'cornac', 'FEDOT', 'feast', 'aim', 'pyss3', 'matplotlib', 'lab', 'DI-engine', 'dtaidistance', 'seaborn', 'determined', 'retro', 'BioPy', 'CompreFace', 'lambdo', 'mindsdb', 'Metaworld', 'ColossalAI', 'pyqtgraph', 'gensim', 'hebel', 'textacy', 'statsmodels', 'xlearn', 'deepchecks', 'mars', 'NeuroNER', 'PySyft', 'scikit-survival', 'haystack', 'emcee', 'transformers', 'streamlit', 'lightwood', 'prodmodel', 'joliGEN', 'ViZDoom', 'pybrain', 'langflow', 'mlxtend', 'Spearmint', 'bigartm', 'skorch', 'vigra', 'blaze', 'catalyst', 'sktime', 'ggpy', 'python-recsys', 'scikit-learn', 'river', 'tesseract', 'pytorch-lightning', 'shogun', 'spaCy', 'yalign', 'ray', 'pynlpl', 'DIGITS', 'LightGBM', 'pytorch', 'PyTorchCV', 'dash', 'polyglot', 'pymc', 'bentoml', 'pkuseg-python', 'scikit-image', 'Gymnasium', 'numpy', 'jProcessing', 'cltk', 'garage', 'zipline', 'alibi-detect', 'xcessiv', 'neural-style-pt', 'nut', 'langfuse', 'optuna', 'deeplake', 'cortex', 'tensorflow', 'pytorch-frame', 'python-timbl', 'danswerai', 'DeepPavlov', 'rasa', 'igel', 'loso', 'SynapseML', 'machine-learning', 'autogluon', 'mlens', 'scikit-learn-intelex', 'catboost', 'somoclu', 'colibri-core', 'keras-tuner', 'neuropredict', 'dowel', 'DrQA', 'deeppy', 'neuraltalk2', 'altair', 'pgmpy', 'evidently', 'detectron2', 'lightly', 'jieba', 'cleanlab', 'Petrel', 'deepface', 'caffe', 'zpar', 'typer', 'nilearn', 'mlflow', 'open-webui', 'jax', 'stellargraph', 'maze', 'pebl', 'mlx', 'open-metric-learning', 'pytorch_geometric', 'neuraltalk', 'retinaface', 'mljar-supervised', 'superset', 'bokeh', 'pytorch-image-models', 'rosetta', 'recommenders', 'tpot', 'Parris', 'pytensor', 'chainer', 'skll', 'pandas', 'bolt', 'scikit-opt', 'vispy', 'gradio', 'CoreNLP', 'xgboost']"
4,base,41,Improper Resolution of Path Equivalence,64,7148,"['lightly', 'ViZDoom', 'numpy', 'feast', 'langflow', 'mlflow', 'open-webui', 'retro', 'mindsdb', 'pydantic', 'nalp', 'danswerai', 'rasa', 'pattern', 'superset', 'bokeh', 'Auto_ViML', 'fastapi', 'spammy', 'ray', 'PySyft', 'pytensor', 'pytorch', 'gradio', 'streamlit', 'transformers', 'DIGITS', 'AutoViz', 'lightly', 'ViZDoom', 'numpy', 'feast', 'langflow', 'mlflow', 'open-webui', 'retro', 'mindsdb', 'pydantic', 'nalp', 'danswerai', 'rasa', 'pattern', 'superset', 'bokeh', 'Auto_ViML', 'fastapi', 'spammy', 'ray', 'PySyft', 'pytensor', 'pytorch', 'gradio', 'streamlit', 'transformers', 'DIGITS', 'AutoViz', 'lightly', 'ViZDoom', 'numpy', 'feast', 'langflow', 'mlflow', 'open-webui', 'retro', 'mindsdb', 'pydantic', 'nalp', 'danswerai', 'rasa', 'pattern', 'superset', 'bokeh', 'Auto_ViML', 'fastapi', 'spammy', 'ray', 'PySyft', 'pytensor', 'pytorch', 'gradio', 'streamlit', 'transformers', 'DIGITS', 'AutoViz', 'lightly', 'ViZDoom', 'numpy', 'feast', 'langflow', 'mlflow', 'open-webui', 'retro', 'mindsdb', 'pydantic', 'nalp', 'danswerai', 'rasa', 'pattern', 'superset', 'bokeh', 'Auto_ViML', 'fastapi', 'spammy', 'ray', 'PySyft', 'pytensor', 'pytorch', 'gradio', 'streamlit', 'transformers', 'DIGITS', 'AutoViz', 'lightly', 'ViZDoom', 'numpy', 'feast', 'langflow', 'mlflow', 'open-webui', 'retro', 'mindsdb', 'pydantic', 'nalp', 'danswerai', 'rasa', 'pattern', 'superset', 'bokeh', 'Auto_ViML', 'fastapi', 'spammy', 'ray', 'PySyft', 'pytensor', 'pytorch', 'gradio', 'streamlit', 'transformers', 'DIGITS', 'AutoViz', 'cornac', 'FEDOT', 'feast', 'aim', 'pyss3', 'matplotlib', 'lab', 'DI-engine', 'dtaidistance', 'seaborn', 'determined', 'retro', 'BioPy', 'CompreFace', 'lambdo', 'mindsdb', 'Metaworld', 'ColossalAI', 'pyqtgraph', 'gensim', 'hebel', 'textacy', 'statsmodels', 'xlearn', 'deepchecks', 'mars', 'NeuroNER', 'PySyft', 'scikit-survival', 'haystack', 'emcee', 'transformers', 'streamlit', 'lightwood', 'prodmodel', 'joliGEN', 'ViZDoom', 'pybrain', 'langflow', 'mlxtend', 'Spearmint', 'bigartm', 'skorch', 'vigra', 'blaze', 'catalyst', 'sktime', 'ggpy', 'python-recsys', 'scikit-learn', 'river', 'tesseract', 'pytorch-lightning', 'shogun', 'spaCy', 'yalign', 'ray', 'pynlpl', 'DIGITS', 'LightGBM', 'pytorch', 'PyTorchCV', 'dash', 'polyglot', 'pymc', 'bentoml', 'pkuseg-python', 'scikit-image', 'Gymnasium', 'numpy', 'jProcessing', 'cltk', 'garage', 'zipline', 'alibi-detect', 'xcessiv', 'neural-style-pt', 'nut', 'langfuse', 'optuna', 'deeplake', 'cortex', 'tensorflow', 'pytorch-frame', 'python-timbl', 'danswerai', 'DeepPavlov', 'rasa', 'igel', 'loso', 'SynapseML', 'machine-learning', 'autogluon', 'mlens', 'scikit-learn-intelex', 'catboost', 'somoclu', 'colibri-core', 'keras-tuner', 'neuropredict', 'dowel', 'DrQA', 'deeppy', 'neuraltalk2', 'altair', 'pgmpy', 'evidently', 'detectron2', 'lightly', 'jieba', 'cleanlab', 'Petrel', 'deepface', 'caffe', 'zpar', 'typer', 'nilearn', 'mlflow', 'open-webui', 'jax', 'stellargraph', 'maze', 'pebl', 'mlx', 'open-metric-learning', 'pytorch_geometric', 'neuraltalk', 'retinaface', 'mljar-supervised', 'superset', 'bokeh', 'pytorch-image-models', 'rosetta', 'recommenders', 'tpot', 'Parris', 'pytensor', 'chainer', 'skll', 'pandas', 'bolt', 'scikit-opt', 'vispy', 'gradio', 'CoreNLP', 'xgboost']"
5,base,59,Improper Link Resolution Before File Access ('Link Following'),5,7057,"['cornac', 'FEDOT', 'feast', 'aim', 'pyss3', 'matplotlib', 'lab', 'DI-engine', 'dtaidistance', 'seaborn', 'determined', 'retro', 'BioPy', 'CompreFace', 'lambdo', 'mindsdb', 'Metaworld', 'ColossalAI', 'pyqtgraph', 'gensim', 'hebel', 'textacy', 'statsmodels', 'xlearn', 'deepchecks', 'mars', 'NeuroNER', 'PySyft', 'scikit-survival', 'haystack', 'emcee', 'transformers', 'streamlit', 'lightwood', 'prodmodel', 'joliGEN', 'ViZDoom', 'pybrain', 'langflow', 'mlxtend', 'Spearmint', 'bigartm', 'skorch', 'vigra', 'blaze', 'catalyst', 'sktime', 'ggpy', 'python-recsys', 'scikit-learn', 'river', 'tesseract', 'pytorch-lightning', 'shogun', 'spaCy', 'yalign', 'ray', 'pynlpl', 'DIGITS', 'LightGBM', 'pytorch', 'PyTorchCV', 'dash', 'polyglot', 'pymc', 'bentoml', 'pkuseg-python', 'scikit-image', 'Gymnasium', 'numpy', 'jProcessing', 'cltk', 'garage', 'zipline', 'alibi-detect', 'xcessiv', 'neural-style-pt', 'nut', 'langfuse', 'optuna', 'deeplake', 'cortex', 'tensorflow', 'pytorch-frame', 'python-timbl', 'danswerai', 'DeepPavlov', 'rasa', 'igel', 'loso', 'SynapseML', 'machine-learning', 'autogluon', 'mlens', 'scikit-learn-intelex', 'catboost', 'somoclu', 'colibri-core', 'keras-tuner', 'neuropredict', 'dowel', 'DrQA', 'deeppy', 'neuraltalk2', 'altair', 'pgmpy', 'evidently', 'detectron2', 'lightly', 'jieba', 'cleanlab', 'Petrel', 'deepface', 'caffe', 'zpar', 'typer', 'nilearn', 'mlflow', 'open-webui', 'jax', 'stellargraph', 'maze', 'pebl', 'mlx', 'open-metric-learning', 'pytorch_geometric', 'neuraltalk', 'retinaface', 'mljar-supervised', 'superset', 'bokeh', 'pytorch-image-models', 'rosetta', 'recommenders', 'tpot', 'Parris', 'pytensor', 'chainer', 'skll', 'pandas', 'bolt', 'scikit-opt', 'vispy', 'gradio', 'CoreNLP', 'xgboost']"
6,base,73,External Control of File Name or Path,109,7148,"['lightly', 'ViZDoom', 'numpy', 'feast', 'langflow', 'mlflow', 'open-webui', 'retro', 'mindsdb', 'pydantic', 'nalp', 'danswerai', 'rasa', 'pattern', 'superset', 'bokeh', 'Auto_ViML', 'fastapi', 'spammy', 'ray', 'PySyft', 'pytensor', 'pytorch', 'gradio', 'streamlit', 'transformers', 'DIGITS', 'AutoViz', 'lightly', 'ViZDoom', 'numpy', 'feast', 'langflow', 'mlflow', 'open-webui', 'retro', 'mindsdb', 'pydantic', 'nalp', 'danswerai', 'rasa', 'pattern', 'superset', 'bokeh', 'Auto_ViML', 'fastapi', 'spammy', 'ray', 'PySyft', 'pytensor', 'pytorch', 'gradio', 'streamlit', 'transformers', 'DIGITS', 'AutoViz', 'lightly', 'ViZDoom', 'numpy', 'feast', 'langflow', 'mlflow', 'open-webui', 'retro', 'mindsdb', 'pydantic', 'nalp', 'danswerai', 'rasa', 'pattern', 'superset', 'bokeh', 'Auto_ViML', 'fastapi', 'spammy', 'ray', 'PySyft', 'pytensor', 'pytorch', 'gradio', 'streamlit', 'transformers', 'DIGITS', 'AutoViz', 'lightly', 'ViZDoom', 'numpy', 'feast', 'langflow', 'mlflow', 'open-webui', 'retro', 'mindsdb', 'pydantic', 'nalp', 'danswerai', 'rasa', 'pattern', 'superset', 'bokeh', 'Auto_ViML', 'fastapi', 'spammy', 'ray', 'PySyft', 'pytensor', 'pytorch', 'gradio', 'streamlit', 'transformers', 'DIGITS', 'AutoViz', 'lightly', 'ViZDoom', 'numpy', 'feast', 'langflow', 'mlflow', 'open-webui', 'retro', 'mindsdb', 'pydantic', 'nalp', 'danswerai', 'rasa', 'pattern', 'superset', 'bokeh', 'Auto_ViML', 'fastapi', 'spammy', 'ray', 'PySyft', 'pytensor', 'pytorch', 'gradio', 'streamlit', 'transformers', 'DIGITS', 'AutoViz', 'cornac', 'FEDOT', 'feast', 'aim', 'pyss3', 'matplotlib', 'lab', 'DI-engine', 'dtaidistance', 'seaborn', 'determined', 'retro', 'BioPy', 'CompreFace', 'lambdo', 'mindsdb', 'Metaworld', 'ColossalAI', 'pyqtgraph', 'gensim', 'hebel', 'textacy', 'statsmodels', 'xlearn', 'deepchecks', 'mars', 'NeuroNER', 'PySyft', 'scikit-survival', 'haystack', 'emcee', 'transformers', 'streamlit', 'lightwood', 'prodmodel', 'joliGEN', 'ViZDoom', 'pybrain', 'langflow', 'mlxtend', 'Spearmint', 'bigartm', 'skorch', 'vigra', 'blaze', 'catalyst', 'sktime', 'ggpy', 'python-recsys', 'scikit-learn', 'river', 'tesseract', 'pytorch-lightning', 'shogun', 'spaCy', 'yalign', 'ray', 'pynlpl', 'DIGITS', 'LightGBM', 'pytorch', 'PyTorchCV', 'dash', 'polyglot', 'pymc', 'bentoml', 'pkuseg-python', 'scikit-image', 'Gymnasium', 'numpy', 'jProcessing', 'cltk', 'garage', 'zipline', 'alibi-detect', 'xcessiv', 'neural-style-pt', 'nut', 'langfuse', 'optuna', 'deeplake', 'cortex', 'tensorflow', 'pytorch-frame', 'python-timbl', 'danswerai', 'DeepPavlov', 'rasa', 'igel', 'loso', 'SynapseML', 'machine-learning', 'autogluon', 'mlens', 'scikit-learn-intelex', 'catboost', 'somoclu', 'colibri-core', 'keras-tuner', 'neuropredict', 'dowel', 'DrQA', 'deeppy', 'neuraltalk2', 'altair', 'pgmpy', 'evidently', 'detectron2', 'lightly', 'jieba', 'cleanlab', 'Petrel', 'deepface', 'caffe', 'zpar', 'typer', 'nilearn', 'mlflow', 'open-webui', 'jax', 'stellargraph', 'maze', 'pebl', 'mlx', 'open-metric-learning', 'pytorch_geometric', 'neuraltalk', 'retinaface', 'mljar-supervised', 'superset', 'bokeh', 'pytorch-image-models', 'rosetta', 'recommenders', 'tpot', 'Parris', 'pytensor', 'chainer', 'skll', 'pandas', 'bolt', 'scikit-opt', 'vispy', 'gradio', 'CoreNLP', 'xgboost']"
7,base,78,Improper Neutralization of Special Elements used in an OS Command ('OS Command Injection'),14,9,"['feast', 'superset', 'DI-engine', 'pandas', 'ray', 'DIGITS', 'dl-translate']"
8,base,79,Improper Neutralization of Input During Web Page Generation ('Cross-site Scripting'),18,18,"['feast', 'superset', 'DI-engine', 'pandas', 'ray', 'DIGITS', 'dl-translate', 'feast', 'superset', 'DI-engine', 'pandas', 'ray', 'DIGITS', 'dl-translate']"
9,base,88,Improper Neutralization of Argument Delimiters in a Command ('Argument Injection'),16,9,"['feast', 'superset', 'DI-engine', 'pandas', 'ray', 'DIGITS', 'dl-translate']"
10,base,89,Improper Neutralization of Special Elements used in an SQL Command ('SQL Injection'),18,11,"['feast', 'superset', 'DI-engine', 'pandas', 'ray', 'DIGITS', 'dl-translate', 'machine-learning']"
11,base,90,Improper Neutralization of Special Elements used in an LDAP Query ('LDAP Injection'),2,2,['machine-learning']
12,base,91,XML Injection (aka Blind XPath Injection),22,18,"['feast', 'superset', 'DI-engine', 'pandas', 'ray', 'DIGITS', 'dl-translate', 'feast', 'superset', 'DI-engine', 'pandas', 'ray', 'DIGITS', 'dl-translate']"
13,base,93,Improper Neutralization of CRLF Sequences ('CRLF Injection'),5,9,"['feast', 'superset', 'DI-engine', 'pandas', 'ray', 'DIGITS', 'dl-translate']"
14,base,94,Improper Control of Generation of Code ('Code Injection'),25,150,"['feast', 'superset', 'DI-engine', 'pandas', 'ray', 'DIGITS', 'dl-translate', 'feast', 'superset', 'DI-engine', 'pandas', 'ray', 'DIGITS', 'dl-translate', 'cornac', 'FEDOT', 'numpy', 'pyod', 'pybrain', 'lifelines', 'cleanlab', 'couler', 'bigartm', 'DI-engine', 'vigra', 'annoy', 'catalyst', 'scikit-multiflow', 'zpar', 'ggpy', 'seaborn', 'open-webui', 'alibi-detect', 'notebook', 'gan', 'stellargraph', 'rockpool', 'lambdo', 'mindsdb', 'ColossalAI', 'pyqtgraph', 'pebl', 'tensorflow', 'mist', 'python-timbl', 'metric-learn', 'DeepPavlov', 'statsmodels', 'superset', 'xlearn', 'nupic.studio', 'breze', 'rgf', 'imbalanced-ensemble', 'recommenders', 'tpot', 'bytehub', 'catboost', 'alibi', 'segmentation_models', 'pytorch', 'chainer', 'deeppy', 'dash', 'streamlit', 'snips-nlu', 'DIGITS', 'scikit-image']"
15,base,96,Improper Neutralization of Directives in Statically Saved Code ('Static Code Injection'),3,132,"['cornac', 'FEDOT', 'numpy', 'pyod', 'pybrain', 'lifelines', 'cleanlab', 'couler', 'bigartm', 'DI-engine', 'vigra', 'annoy', 'catalyst', 'scikit-multiflow', 'zpar', 'ggpy', 'seaborn', 'open-webui', 'alibi-detect', 'notebook', 'gan', 'stellargraph', 'rockpool', 'lambdo', 'mindsdb', 'ColossalAI', 'pyqtgraph', 'pebl', 'tensorflow', 'mist', 'python-timbl', 'metric-learn', 'DeepPavlov', 'statsmodels', 'superset', 'xlearn', 'nupic.studio', 'breze', 'rgf', 'imbalanced-ensemble', 'recommenders', 'tpot', 'bytehub', 'catboost', 'alibi', 'segmentation_models', 'pytorch', 'chainer', 'deeppy', 'dash', 'streamlit', 'snips-nlu', 'DIGITS', 'scikit-image']"
16,base,112,Missing XML Validation,160,91,"['lightly', 'ViZDoom', 'numpy', 'feast', 'langflow', 'mlflow', 'open-webui', 'retro', 'mindsdb', 'pydantic', 'nalp', 'danswerai', 'rasa', 'pattern', 'superset', 'bokeh', 'Auto_ViML', 'fastapi', 'spammy', 'ray', 'PySyft', 'pytensor', 'pytorch', 'gradio', 'streamlit', 'transformers', 'DIGITS', 'AutoViz', 'lightly', 'ViZDoom', 'numpy', 'feast', 'langflow', 'mlflow', 'open-webui', 'retro', 'mindsdb', 'pydantic', 'nalp', 'danswerai', 'rasa', 'pattern', 'superset', 'bokeh', 'Auto_ViML', 'fastapi', 'spammy', 'ray', 'PySyft', 'pytensor', 'pytorch', 'gradio', 'streamlit', 'transformers', 'DIGITS', 'AutoViz', 'lightly', 'ViZDoom', 'numpy', 'feast', 'langflow', 'mlflow', 'open-webui', 'retro', 'mindsdb', 'pydantic', 'nalp', 'danswerai', 'rasa', 'pattern', 'superset', 'bokeh', 'Auto_ViML', 'fastapi', 'spammy', 'ray', 'PySyft', 'pytensor', 'pytorch', 'gradio', 'streamlit', 'transformers', 'DIGITS', 'AutoViz', 'lightly', 'ViZDoom', 'numpy', 'feast', 'langflow', 'mlflow', 'open-webui', 'retro', 'mindsdb', 'pydantic', 'nalp', 'danswerai', 'rasa', 'pattern', 'superset', 'bokeh', 'Auto_ViML', 'fastapi', 'spammy', 'ray', 'PySyft', 'pytensor', 'pytorch', 'gradio', 'streamlit', 'transformers', 'DIGITS', 'AutoViz', 'lightly', 'ViZDoom', 'numpy', 'feast', 'langflow', 'mlflow', 'open-webui', 'retro', 'mindsdb', 'pydantic', 'nalp', 'danswerai', 'rasa', 'pattern', 'superset', 'bokeh', 'Auto_ViML', 'fastapi', 'spammy', 'ray', 'PySyft', 'pytensor', 'pytorch', 'gradio', 'streamlit', 'transformers', 'DIGITS', 'AutoViz']"
17,base,117,Improper Output Neutralization for Logs,178,256,"['lightly', 'ViZDoom', 'numpy', 'feast', 'langflow', 'mlflow', 'open-webui', 'retro', 'mindsdb', 'pydantic', 'nalp', 'danswerai', 'rasa', 'pattern', 'superset', 'bokeh', 'Auto_ViML', 'fastapi', 'spammy', 'ray', 'PySyft', 'pytensor', 'pytorch', 'gradio', 'streamlit', 'transformers', 'DIGITS', 'AutoViz', 'lightly', 'ViZDoom', 'numpy', 'feast', 'langflow', 'mlflow', 'open-webui', 'retro', 'mindsdb', 'pydantic', 'nalp', 'danswerai', 'rasa', 'pattern', 'superset', 'bokeh', 'Auto_ViML', 'fastapi', 'spammy', 'ray', 'PySyft', 'pytensor', 'pytorch', 'gradio', 'streamlit', 'transformers', 'DIGITS', 'AutoViz', 'cornac', 'FEDOT', 'numpy', 'feast', 'pyod', 'pybrain', 'lifelines', 'cleanlab', 'couler', 'bowtie', 'bigartm', 'DI-engine', 'vigra', 'annoy', 'deepface', 'catalyst', 'scikit-multiflow', 'zpar', 'ggpy', 'seaborn', 'mlflow', 'alibi-detect', 'open-webui', 'notebook', 'gan', 'stellargraph', 'rockpool', 'lambdo', 'mindsdb', 'ColossalAI', 'pyqtgraph', 'pebl', 'tensorflow', 'mist', 'python-timbl', 'metric-learn', 'DeepPavlov', 'statsmodels', 'superset', 'xlearn', 'nupic.studio', 'breze', 'machine-learning', 'rgf', 'imbalanced-ensemble', 'recommenders', 'mars', 'bytehub', 'tpot', 'catboost', 'alibi', 'segmentation_models', 'pytorch', 'chainer', 'deeppy', 'PyTorchCV', 'dash', 'streamlit', 'snips-nlu', 'transformers', 'DIGITS', 'scikit-image', 'lightly', 'ViZDoom', 'numpy', 'feast', 'langflow', 'mlflow', 'open-webui', 'retro', 'mindsdb', 'pydantic', 'nalp', 'danswerai', 'rasa', 'pattern', 'superset', 'bokeh', 'Auto_ViML', 'fastapi', 'spammy', 'ray', 'PySyft', 'pytensor', 'pytorch', 'gradio', 'streamlit', 'transformers', 'DIGITS', 'AutoViz', 'cornac', 'FEDOT', 'numpy', 'feast', 'pyod', 'pybrain', 'lifelines', 'cleanlab', 'couler', 'bowtie', 'bigartm', 'DI-engine', 'vigra', 'annoy', 'deepface', 'catalyst', 'scikit-multiflow', 'zpar', 'ggpy', 'seaborn', 'mlflow', 'alibi-detect', 'open-webui', 'notebook', 'gan', 'stellargraph', 'rockpool', 'lambdo', 'mindsdb', 'ColossalAI', 'pyqtgraph', 'pebl', 'tensorflow', 'mist', 'python-timbl', 'metric-learn', 'DeepPavlov', 'statsmodels', 'superset', 'xlearn', 'nupic.studio', 'breze', 'machine-learning', 'rgf', 'imbalanced-ensemble', 'recommenders', 'mars', 'bytehub', 'tpot', 'catboost', 'alibi', 'segmentation_models', 'pytorch', 'chainer', 'deeppy', 'PyTorchCV', 'dash', 'streamlit', 'snips-nlu', 'transformers', 'DIGITS', 'scikit-image', 'lightly', 'ViZDoom', 'numpy', 'feast', 'langflow', 'mlflow', 'open-webui', 'retro', 'mindsdb', 'pydantic', 'nalp', 'danswerai', 'rasa', 'pattern', 'superset', 'bokeh', 'Auto_ViML', 'fastapi', 'spammy', 'ray', 'PySyft', 'pytensor', 'pytorch', 'gradio', 'streamlit', 'transformers', 'DIGITS', 'AutoViz', 'lightly', 'ViZDoom', 'numpy', 'feast', 'langflow', 'mlflow', 'open-webui', 'retro', 'mindsdb', 'pydantic', 'nalp', 'danswerai', 'rasa', 'pattern', 'superset', 'bokeh', 'Auto_ViML', 'fastapi', 'spammy', 'ray', 'PySyft', 'pytensor', 'pytorch', 'gradio', 'streamlit', 'transformers', 'DIGITS', 'AutoViz', 'cornac', 'FEDOT', 'numpy', 'feast', 'pyod', 'pybrain', 'lifelines', 'cleanlab', 'couler', 'bowtie', 'bigartm', 'DI-engine', 'vigra', 'annoy', 'deepface', 'catalyst', 'scikit-multiflow', 'zpar', 'ggpy', 'seaborn', 'mlflow', 'alibi-detect', 'open-webui', 'notebook', 'gan', 'stellargraph', 'rockpool', 'lambdo', 'mindsdb', 'ColossalAI', 'pyqtgraph', 'pebl', 'tensorflow', 'mist', 'python-timbl', 'metric-learn', 'DeepPavlov', 'statsmodels', 'superset', 'xlearn', 'nupic.studio', 'breze', 'machine-learning', 'rgf', 'imbalanced-ensemble', 'recommenders', 'mars', 'bytehub', 'tpot', 'catboost', 'alibi', 'segmentation_models', 'pytorch', 'chainer', 'deeppy', 'PyTorchCV', 'dash', 'streamlit', 'snips-nlu', 'transformers', 'DIGITS', 'scikit-image']"
18,base,120,Buffer Copy without Checking Size of Input ('Classic Buffer Overflow'),185,91,"['lightly', 'ViZDoom', 'numpy', 'feast', 'langflow', 'mlflow', 'open-webui', 'retro', 'mindsdb', 'pydantic', 'nalp', 'danswerai', 'rasa', 'pattern', 'superset', 'bokeh', 'Auto_ViML', 'fastapi', 'spammy', 'ray', 'PySyft', 'pytensor', 'pytorch', 'gradio', 'streamlit', 'transformers', 'DIGITS', 'AutoViz', 'lightly', 'ViZDoom', 'numpy', 'feast', 'langflow', 'mlflow', 'open-webui', 'retro', 'mindsdb', 'pydantic', 'nalp', 'danswerai', 'rasa', 'pattern', 'superset', 'bokeh', 'Auto_ViML', 'fastapi', 'spammy', 'ray', 'PySyft', 'pytensor', 'pytorch', 'gradio', 'streamlit', 'transformers', 'DIGITS', 'AutoViz', 'lightly', 'ViZDoom', 'numpy', 'feast', 'langflow', 'mlflow', 'open-webui', 'retro', 'mindsdb', 'pydantic', 'nalp', 'danswerai', 'rasa', 'pattern', 'superset', 'bokeh', 'Auto_ViML', 'fastapi', 'spammy', 'ray', 'PySyft', 'pytensor', 'pytorch', 'gradio', 'streamlit', 'transformers', 'DIGITS', 'AutoViz', 'lightly', 'ViZDoom', 'numpy', 'feast', 'langflow', 'mlflow', 'open-webui', 'retro', 'mindsdb', 'pydantic', 'nalp', 'danswerai', 'rasa', 'pattern', 'superset', 'bokeh', 'Auto_ViML', 'fastapi', 'spammy', 'ray', 'PySyft', 'pytensor', 'pytorch', 'gradio', 'streamlit', 'transformers', 'DIGITS', 'AutoViz', 'lightly', 'ViZDoom', 'numpy', 'feast', 'langflow', 'mlflow', 'open-webui', 'retro', 'mindsdb', 'pydantic', 'nalp', 'danswerai', 'rasa', 'pattern', 'superset', 'bokeh', 'Auto_ViML', 'fastapi', 'spammy', 'ray', 'PySyft', 'pytensor', 'pytorch', 'gradio', 'streamlit', 'transformers', 'DIGITS', 'AutoViz']"
19,base,134,Use of Externally-Controlled Format String,190,91,"['lightly', 'ViZDoom', 'numpy', 'feast', 'langflow', 'mlflow', 'open-webui', 'retro', 'mindsdb', 'pydantic', 'nalp', 'danswerai', 'rasa', 'pattern', 'superset', 'bokeh', 'Auto_ViML', 'fastapi', 'spammy', 'ray', 'PySyft', 'pytensor', 'pytorch', 'gradio', 'streamlit', 'transformers', 'DIGITS', 'AutoViz', 'lightly', 'ViZDoom', 'numpy', 'feast', 'langflow', 'mlflow', 'open-webui', 'retro', 'mindsdb', 'pydantic', 'nalp', 'danswerai', 'rasa', 'pattern', 'superset', 'bokeh', 'Auto_ViML', 'fastapi', 'spammy', 'ray', 'PySyft', 'pytensor', 'pytorch', 'gradio', 'streamlit', 'transformers', 'DIGITS', 'AutoViz', 'lightly', 'ViZDoom', 'numpy', 'feast', 'langflow', 'mlflow', 'open-webui', 'retro', 'mindsdb', 'pydantic', 'nalp', 'danswerai', 'rasa', 'pattern', 'superset', 'bokeh', 'Auto_ViML', 'fastapi', 'spammy', 'ray', 'PySyft', 'pytensor', 'pytorch', 'gradio', 'streamlit', 'transformers', 'DIGITS', 'AutoViz', 'lightly', 'ViZDoom', 'numpy', 'feast', 'langflow', 'mlflow', 'open-webui', 'retro', 'mindsdb', 'pydantic', 'nalp', 'danswerai', 'rasa', 'pattern', 'superset', 'bokeh', 'Auto_ViML', 'fastapi', 'spammy', 'ray', 'PySyft', 'pytensor', 'pytorch', 'gradio', 'streamlit', 'transformers', 'DIGITS', 'AutoViz', 'lightly', 'ViZDoom', 'numpy', 'feast', 'langflow', 'mlflow', 'open-webui', 'retro', 'mindsdb', 'pydantic', 'nalp', 'danswerai', 'rasa', 'pattern', 'superset', 'bokeh', 'Auto_ViML', 'fastapi', 'spammy', 'ray', 'PySyft', 'pytensor', 'pytorch', 'gradio', 'streamlit', 'transformers', 'DIGITS', 'AutoViz']"
20,base,170,Improper Null Termination,195,91,"['lightly', 'ViZDoom', 'numpy', 'feast', 'langflow', 'mlflow', 'open-webui', 'retro', 'mindsdb', 'pydantic', 'nalp', 'danswerai', 'rasa', 'pattern', 'superset', 'bokeh', 'Auto_ViML', 'fastapi', 'spammy', 'ray', 'PySyft', 'pytensor', 'pytorch', 'gradio', 'streamlit', 'transformers', 'DIGITS', 'AutoViz', 'lightly', 'ViZDoom', 'numpy', 'feast', 'langflow', 'mlflow', 'open-webui', 'retro', 'mindsdb', 'pydantic', 'nalp', 'danswerai', 'rasa', 'pattern', 'superset', 'bokeh', 'Auto_ViML', 'fastapi', 'spammy', 'ray', 'PySyft', 'pytensor', 'pytorch', 'gradio', 'streamlit', 'transformers', 'DIGITS', 'AutoViz', 'lightly', 'ViZDoom', 'numpy', 'feast', 'langflow', 'mlflow', 'open-webui', 'retro', 'mindsdb', 'pydantic', 'nalp', 'danswerai', 'rasa', 'pattern', 'superset', 'bokeh', 'Auto_ViML', 'fastapi', 'spammy', 'ray', 'PySyft', 'pytensor', 'pytorch', 'gradio', 'streamlit', 'transformers', 'DIGITS', 'AutoViz', 'lightly', 'ViZDoom', 'numpy', 'feast', 'langflow', 'mlflow', 'open-webui', 'retro', 'mindsdb', 'pydantic', 'nalp', 'danswerai', 'rasa', 'pattern', 'superset', 'bokeh', 'Auto_ViML', 'fastapi', 'spammy', 'ray', 'PySyft', 'pytensor', 'pytorch', 'gradio', 'streamlit', 'transformers', 'DIGITS', 'AutoViz', 'lightly', 'ViZDoom', 'numpy', 'feast', 'langflow', 'mlflow', 'open-webui', 'retro', 'mindsdb', 'pydantic', 'nalp', 'danswerai', 'rasa', 'pattern', 'superset', 'bokeh', 'Auto_ViML', 'fastapi', 'spammy', 'ray', 'PySyft', 'pytensor', 'pytorch', 'gradio', 'streamlit', 'transformers', 'DIGITS', 'AutoViz']"
21,base,179,Incorrect Behavior Order: Early Validation,5,91,"['lightly', 'ViZDoom', 'numpy', 'feast', 'langflow', 'mlflow', 'open-webui', 'retro', 'mindsdb', 'pydantic', 'nalp', 'danswerai', 'rasa', 'pattern', 'superset', 'bokeh', 'Auto_ViML', 'fastapi', 'spammy', 'ray', 'PySyft', 'pytensor', 'pytorch', 'gradio', 'streamlit', 'transformers', 'DIGITS', 'AutoViz', 'lightly', 'ViZDoom', 'numpy', 'feast', 'langflow', 'mlflow', 'open-webui', 'retro', 'mindsdb', 'pydantic', 'nalp', 'danswerai', 'rasa', 'pattern', 'superset', 'bokeh', 'Auto_ViML', 'fastapi', 'spammy', 'ray', 'PySyft', 'pytensor', 'pytorch', 'gradio', 'streamlit', 'transformers', 'DIGITS', 'AutoViz', 'lightly', 'ViZDoom', 'numpy', 'feast', 'langflow', 'mlflow', 'open-webui', 'retro', 'mindsdb', 'pydantic', 'nalp', 'danswerai', 'rasa', 'pattern', 'superset', 'bokeh', 'Auto_ViML', 'fastapi', 'spammy', 'ray', 'PySyft', 'pytensor', 'pytorch', 'gradio', 'streamlit', 'transformers', 'DIGITS', 'AutoViz', 'lightly', 'ViZDoom', 'numpy', 'feast', 'langflow', 'mlflow', 'open-webui', 'retro', 'mindsdb', 'pydantic', 'nalp', 'danswerai', 'rasa', 'pattern', 'superset', 'bokeh', 'Auto_ViML', 'fastapi', 'spammy', 'ray', 'PySyft', 'pytensor', 'pytorch', 'gradio', 'streamlit', 'transformers', 'DIGITS', 'AutoViz', 'lightly', 'ViZDoom', 'numpy', 'feast', 'langflow', 'mlflow', 'open-webui', 'retro', 'mindsdb', 'pydantic', 'nalp', 'danswerai', 'rasa', 'pattern', 'superset', 'bokeh', 'Auto_ViML', 'fastapi', 'spammy', 'ray', 'PySyft', 'pytensor', 'pytorch', 'gradio', 'streamlit', 'transformers', 'DIGITS', 'AutoViz']"
22,base,182,Collapse of Data into Unsafe Value,3,3,"['superset', 'transformers']"
23,base,184,Incomplete List of Disallowed Inputs,11,330,"['ViZDoom', 'numpy', 'aim', 'langflow', 'matplotlib', 'Spearmint', 'bigartm', 'DI-engine', 'blaze', 'catalyst', 'typer', 'nilearn', 'mlflow', 'zipline', 'determined', 'retro', 'rep', 'open-webui', 'jax', 'mindsdb', 'deeplake', 'pyqtgraph', 'gensim', 'cortex', 'tensorflow', 'PyStanfordDependencies', 'pydantic', 'mist', 'open-metric-learning', 'neuraltalk', 'danswerai', 'pytorch-lightning', 'shogun', 'rasa', 'loso', 'statsmodels', 'superset', 'bokeh', 'pytorch-image-models', 'ray', 'pynlpl', 'DIGITS', 'mlens', 'scikit-learn-intelex', 'mars', 'catboost', 'colibri-core', 'pytorch', 'deeppy', 'skll', 'gradio', 'streamlit', 'altair', 'bentoml', 'xgboost', 'dash', 'scikit-image', 'transformers', 'detectron2', 'cornac', 'feast', 'mindsdb', 'bowtie', 'PyTorchCV', 'machine-learning', 'deepface', 'mars', 'DIGITS', 'mlflow']"
24,base,186,Overly Restrictive Regular Expression,1,3,"['superset', 'transformers']"
25,base,190,Integer Overflow or Wraparound,200,91,"['lightly', 'ViZDoom', 'numpy', 'feast', 'langflow', 'mlflow', 'open-webui', 'retro', 'mindsdb', 'pydantic', 'nalp', 'danswerai', 'rasa', 'pattern', 'superset', 'bokeh', 'Auto_ViML', 'fastapi', 'spammy', 'ray', 'PySyft', 'pytensor', 'pytorch', 'gradio', 'streamlit', 'transformers', 'DIGITS', 'AutoViz', 'lightly', 'ViZDoom', 'numpy', 'feast', 'langflow', 'mlflow', 'open-webui', 'retro', 'mindsdb', 'pydantic', 'nalp', 'danswerai', 'rasa', 'pattern', 'superset', 'bokeh', 'Auto_ViML', 'fastapi', 'spammy', 'ray', 'PySyft', 'pytensor', 'pytorch', 'gradio', 'streamlit', 'transformers', 'DIGITS', 'AutoViz', 'lightly', 'ViZDoom', 'numpy', 'feast', 'langflow', 'mlflow', 'open-webui', 'retro', 'mindsdb', 'pydantic', 'nalp', 'danswerai', 'rasa', 'pattern', 'superset', 'bokeh', 'Auto_ViML', 'fastapi', 'spammy', 'ray', 'PySyft', 'pytensor', 'pytorch', 'gradio', 'streamlit', 'transformers', 'DIGITS', 'AutoViz', 'lightly', 'ViZDoom', 'numpy', 'feast', 'langflow', 'mlflow', 'open-webui', 'retro', 'mindsdb', 'pydantic', 'nalp', 'danswerai', 'rasa', 'pattern', 'superset', 'bokeh', 'Auto_ViML', 'fastapi', 'spammy', 'ray', 'PySyft', 'pytensor', 'pytorch', 'gradio', 'streamlit', 'transformers', 'DIGITS', 'AutoViz', 'lightly', 'ViZDoom', 'numpy', 'feast', 'langflow', 'mlflow', 'open-webui', 'retro', 'mindsdb', 'pydantic', 'nalp', 'danswerai', 'rasa', 'pattern', 'superset', 'bokeh', 'Auto_ViML', 'fastapi', 'spammy', 'ray', 'PySyft', 'pytensor', 'pytorch', 'gradio', 'streamlit', 'transformers', 'DIGITS', 'AutoViz']"
26,base,201,Insertion of Sensitive Information Into Sent Data,1,59,"['aim', 'pyss3', 'langflow', 'mlflow', 'determined', 'jax', 'gan', 'ColossalAI', 'open-metric-learning', 'pytorch_geometric', 'pytorch-lightning', 'spaCy', 'sinabs', 'bokeh', 'ray', 'catboost', 'LightGBM', 'gradio', 'streamlit', 'transformers', 'bentoml', 'detectron2']"
27,base,203,Observable Discrepancy,18,118,"['aim', 'pyss3', 'langflow', 'mlflow', 'determined', 'jax', 'gan', 'ColossalAI', 'open-metric-learning', 'pytorch_geometric', 'pytorch-lightning', 'spaCy', 'sinabs', 'bokeh', 'ray', 'catboost', 'LightGBM', 'gradio', 'streamlit', 'transformers', 'bentoml', 'detectron2', 'aim', 'pyss3', 'langflow', 'mlflow', 'determined', 'jax', 'gan', 'ColossalAI', 'open-metric-learning', 'pytorch_geometric', 'pytorch-lightning', 'spaCy', 'sinabs', 'bokeh', 'ray', 'catboost', 'LightGBM', 'gradio', 'streamlit', 'transformers', 'bentoml', 'detectron2']"
28,base,208,Observable Timing Discrepancy,18,15,"['lightly', 'langflow', 'couler', 'gradio', 'streamlit', 'mars', 'open-webui', 'danswerai', 'mlflow', 'determined', 'lightly', 'langflow', 'couler', 'gradio', 'streamlit', 'mars', 'open-webui', 'danswerai', 'mlflow', 'determined', 'lightly', 'langflow', 'couler', 'gradio', 'streamlit', 'mars', 'open-webui', 'danswerai', 'mlflow', 'determined']"
29,base,209,Generation of Error Message Containing Sensitive Information,20,118,"['aim', 'pyss3', 'langflow', 'mlflow', 'determined', 'jax', 'gan', 'ColossalAI', 'open-metric-learning', 'pytorch_geometric', 'pytorch-lightning', 'spaCy', 'sinabs', 'bokeh', 'ray', 'catboost', 'LightGBM', 'gradio', 'streamlit', 'transformers', 'bentoml', 'detectron2', 'aim', 'pyss3', 'langflow', 'mlflow', 'determined', 'jax', 'gan', 'ColossalAI', 'open-metric-learning', 'pytorch_geometric', 'pytorch-lightning', 'spaCy', 'sinabs', 'bokeh', 'ray', 'catboost', 'LightGBM', 'gradio', 'streamlit', 'transformers', 'bentoml', 'detectron2']"
30,base,210,Self-generated Error Message Containing Sensitive Information,2,88,"['aim', 'feast', 'PySyft', 'langflow', 'mindsdb', 'ColossalAI', 'superset', 'danswerai', 'blaze', 'machine-learning', 'deepface', 'ray', 'gradio', 'dash', 'open-webui', 'DIGITS', 'mlflow', 'joliGEN']"
31,base,211,Externally-Generated Error Message Containing Sensitive Information,3,88,"['aim', 'feast', 'PySyft', 'langflow', 'mindsdb', 'ColossalAI', 'superset', 'danswerai', 'blaze', 'machine-learning', 'deepface', 'ray', 'gradio', 'dash', 'open-webui', 'DIGITS', 'mlflow', 'joliGEN']"
32,base,213,Exposure of Sensitive Information Due to Incompatible Policies,4,59,"['aim', 'pyss3', 'langflow', 'mlflow', 'determined', 'jax', 'gan', 'ColossalAI', 'open-metric-learning', 'pytorch_geometric', 'pytorch-lightning', 'spaCy', 'sinabs', 'bokeh', 'ray', 'catboost', 'LightGBM', 'gradio', 'streamlit', 'transformers', 'bentoml', 'detectron2']"
33,base,214,Invocation of Process Using Visible Sensitive Information,1,88,"['aim', 'feast', 'PySyft', 'langflow', 'mindsdb', 'ColossalAI', 'superset', 'danswerai', 'blaze', 'machine-learning', 'deepface', 'ray', 'gradio', 'dash', 'open-webui', 'DIGITS', 'mlflow', 'joliGEN']"
34,base,215,Insertion of Sensitive Information Into Debugging Code,7,65,"['aim', 'pyss3', 'langflow', 'mlflow', 'determined', 'jax', 'gan', 'ColossalAI', 'open-metric-learning', 'pytorch_geometric', 'pytorch-lightning', 'spaCy', 'sinabs', 'bokeh', 'ray', 'catboost', 'LightGBM', 'gradio', 'streamlit', 'transformers', 'bentoml', 'detectron2', 'CompreFace', 'bokeh', 'caffe', 'xcessiv', 'face_recognition']"
35,base,296,Improper Following of a Certificate's Chain of Trust,1,1,['ray']
36,base,299,Improper Check for Certificate Revocation,4,1,['ray']
37,base,301,Reflection Attack in an Authentication Protocol,12,15,"['lightly', 'langflow', 'couler', 'gradio', 'streamlit', 'mars', 'open-webui', 'danswerai', 'mlflow', 'determined', 'lightly', 'langflow', 'couler', 'gradio', 'streamlit', 'mars', 'open-webui', 'danswerai', 'mlflow', 'determined', 'lightly', 'langflow', 'couler', 'gradio', 'streamlit', 'mars', 'open-webui', 'danswerai', 'mlflow', 'determined']"
38,base,312,Cleartext Storage of Sensitive Information,0,12,"['feast', 'mindsdb', 'langflow', 'Neural', 'ray', 'gradio', 'bentoml', 'mlflow']"
39,base,319,Cleartext Transmission of Sensitive Information,0,2,['DIGITS']
40,base,322,Key Exchange without Entity Authentication,6,1,['ray']
41,base,328,Use of Weak Hash,3,26,"['lightly', 'langflow', 'couler', 'gradio', 'streamlit', 'mars', 'open-webui', 'danswerai', 'mlflow', 'determined', 'langflow', 'couler', 'gradio', 'streamlit', 'mars', 'danswerai', 'mlflow', 'determined', 'lightly', 'langflow', 'couler', 'gradio', 'streamlit', 'mars', 'open-webui', 'danswerai', 'mlflow', 'determined', 'lightly', 'langflow', 'couler', 'gradio', 'streamlit', 'mars', 'open-webui', 'danswerai', 'mlflow', 'determined']"
42,base,359,Exposure of Private Personal Information to an Unauthorized Actor,6,59,"['aim', 'pyss3', 'langflow', 'mlflow', 'determined', 'jax', 'gan', 'ColossalAI', 'open-metric-learning', 'pytorch_geometric', 'pytorch-lightning', 'spaCy', 'sinabs', 'bokeh', 'ray', 'catboost', 'LightGBM', 'gradio', 'streamlit', 'transformers', 'bentoml', 'detectron2']"
43,base,378,Creation of Temporary File With Insecure Permissions,1,19,"['lightly', 'nut', 'mindsdb', 'pytorch', 'gensim', 'tensorflow', 'DI-engine', 'python-timbl', 'transformers', 'bentoml', 'shogun', 'rasa']"
44,base,379,Creation of Temporary File in Directory with Insecure Permissions,2,19,"['lightly', 'nut', 'mindsdb', 'pytorch', 'gensim', 'tensorflow', 'DI-engine', 'python-timbl', 'transformers', 'bentoml', 'shogun', 'rasa']"
45,base,434,Unrestricted Upload of File with Dangerous Type,7,7057,"['cornac', 'FEDOT', 'feast', 'aim', 'pyss3', 'matplotlib', 'lab', 'DI-engine', 'dtaidistance', 'seaborn', 'determined', 'retro', 'BioPy', 'CompreFace', 'lambdo', 'mindsdb', 'Metaworld', 'ColossalAI', 'pyqtgraph', 'gensim', 'hebel', 'textacy', 'statsmodels', 'xlearn', 'deepchecks', 'mars', 'NeuroNER', 'PySyft', 'scikit-survival', 'haystack', 'emcee', 'transformers', 'streamlit', 'lightwood', 'prodmodel', 'joliGEN', 'ViZDoom', 'pybrain', 'langflow', 'mlxtend', 'Spearmint', 'bigartm', 'skorch', 'vigra', 'blaze', 'catalyst', 'sktime', 'ggpy', 'python-recsys', 'scikit-learn', 'river', 'tesseract', 'pytorch-lightning', 'shogun', 'spaCy', 'yalign', 'ray', 'pynlpl', 'DIGITS', 'LightGBM', 'pytorch', 'PyTorchCV', 'dash', 'polyglot', 'pymc', 'bentoml', 'pkuseg-python', 'scikit-image', 'Gymnasium', 'numpy', 'jProcessing', 'cltk', 'garage', 'zipline', 'alibi-detect', 'xcessiv', 'neural-style-pt', 'nut', 'langfuse', 'optuna', 'deeplake', 'cortex', 'tensorflow', 'pytorch-frame', 'python-timbl', 'danswerai', 'DeepPavlov', 'rasa', 'igel', 'loso', 'SynapseML', 'machine-learning', 'autogluon', 'mlens', 'scikit-learn-intelex', 'catboost', 'somoclu', 'colibri-core', 'keras-tuner', 'neuropredict', 'dowel', 'DrQA', 'deeppy', 'neuraltalk2', 'altair', 'pgmpy', 'evidently', 'detectron2', 'lightly', 'jieba', 'cleanlab', 'Petrel', 'deepface', 'caffe', 'zpar', 'typer', 'nilearn', 'mlflow', 'open-webui', 'jax', 'stellargraph', 'maze', 'pebl', 'mlx', 'open-metric-learning', 'pytorch_geometric', 'neuraltalk', 'retinaface', 'mljar-supervised', 'superset', 'bokeh', 'pytorch-image-models', 'rosetta', 'recommenders', 'tpot', 'Parris', 'pytensor', 'chainer', 'skll', 'pandas', 'bolt', 'scikit-opt', 'vispy', 'gradio', 'CoreNLP', 'xgboost']"
46,base,466,Return of Pointer Value Outside of Expected Range,205,91,"['lightly', 'ViZDoom', 'numpy', 'feast', 'langflow', 'mlflow', 'open-webui', 'retro', 'mindsdb', 'pydantic', 'nalp', 'danswerai', 'rasa', 'pattern', 'superset', 'bokeh', 'Auto_ViML', 'fastapi', 'spammy', 'ray', 'PySyft', 'pytensor', 'pytorch', 'gradio', 'streamlit', 'transformers', 'DIGITS', 'AutoViz', 'lightly', 'ViZDoom', 'numpy', 'feast', 'langflow', 'mlflow', 'open-webui', 'retro', 'mindsdb', 'pydantic', 'nalp', 'danswerai', 'rasa', 'pattern', 'superset', 'bokeh', 'Auto_ViML', 'fastapi', 'spammy', 'ray', 'PySyft', 'pytensor', 'pytorch', 'gradio', 'streamlit', 'transformers', 'DIGITS', 'AutoViz', 'lightly', 'ViZDoom', 'numpy', 'feast', 'langflow', 'mlflow', 'open-webui', 'retro', 'mindsdb', 'pydantic', 'nalp', 'danswerai', 'rasa', 'pattern', 'superset', 'bokeh', 'Auto_ViML', 'fastapi', 'spammy', 'ray', 'PySyft', 'pytensor', 'pytorch', 'gradio', 'streamlit', 'transformers', 'DIGITS', 'AutoViz', 'lightly', 'ViZDoom', 'numpy', 'feast', 'langflow', 'mlflow', 'open-webui', 'retro', 'mindsdb', 'pydantic', 'nalp', 'danswerai', 'rasa', 'pattern', 'superset', 'bokeh', 'Auto_ViML', 'fastapi', 'spammy', 'ray', 'PySyft', 'pytensor', 'pytorch', 'gradio', 'streamlit', 'transformers', 'DIGITS', 'AutoViz', 'lightly', 'ViZDoom', 'numpy', 'feast', 'langflow', 'mlflow', 'open-webui', 'retro', 'mindsdb', 'pydantic', 'nalp', 'danswerai', 'rasa', 'pattern', 'superset', 'bokeh', 'Auto_ViML', 'fastapi', 'spammy', 'ray', 'PySyft', 'pytensor', 'pytorch', 'gradio', 'streamlit', 'transformers', 'DIGITS', 'AutoViz']"
47,base,470,Use of Externally-Controlled Input to Select Classes or Code ('Unsafe Reflection'),210,91,"['lightly', 'ViZDoom', 'numpy', 'feast', 'langflow', 'mlflow', 'open-webui', 'retro', 'mindsdb', 'pydantic', 'nalp', 'danswerai', 'rasa', 'pattern', 'superset', 'bokeh', 'Auto_ViML', 'fastapi', 'spammy', 'ray', 'PySyft', 'pytensor', 'pytorch', 'gradio', 'streamlit', 'transformers', 'DIGITS', 'AutoViz', 'lightly', 'ViZDoom', 'numpy', 'feast', 'langflow', 'mlflow', 'open-webui', 'retro', 'mindsdb', 'pydantic', 'nalp', 'danswerai', 'rasa', 'pattern', 'superset', 'bokeh', 'Auto_ViML', 'fastapi', 'spammy', 'ray', 'PySyft', 'pytensor', 'pytorch', 'gradio', 'streamlit', 'transformers', 'DIGITS', 'AutoViz', 'lightly', 'ViZDoom', 'numpy', 'feast', 'langflow', 'mlflow', 'open-webui', 'retro', 'mindsdb', 'pydantic', 'nalp', 'danswerai', 'rasa', 'pattern', 'superset', 'bokeh', 'Auto_ViML', 'fastapi', 'spammy', 'ray', 'PySyft', 'pytensor', 'pytorch', 'gradio', 'streamlit', 'transformers', 'DIGITS', 'AutoViz', 'lightly', 'ViZDoom', 'numpy', 'feast', 'langflow', 'mlflow', 'open-webui', 'retro', 'mindsdb', 'pydantic', 'nalp', 'danswerai', 'rasa', 'pattern', 'superset', 'bokeh', 'Auto_ViML', 'fastapi', 'spammy', 'ray', 'PySyft', 'pytensor', 'pytorch', 'gradio', 'streamlit', 'transformers', 'DIGITS', 'AutoViz', 'lightly', 'ViZDoom', 'numpy', 'feast', 'langflow', 'mlflow', 'open-webui', 'retro', 'mindsdb', 'pydantic', 'nalp', 'danswerai', 'rasa', 'pattern', 'superset', 'bokeh', 'Auto_ViML', 'fastapi', 'spammy', 'ray', 'PySyft', 'pytensor', 'pytorch', 'gradio', 'streamlit', 'transformers', 'DIGITS', 'AutoViz']"
48,base,489,Active Debug Code,1,6,"['CompreFace', 'bokeh', 'caffe', 'xcessiv', 'face_recognition']"
49,base,494,Download of Code Without Integrity Check,11,30,"['cornac', 'feast', 'mindsdb', 'bowtie', 'PyTorchCV', 'machine-learning', 'deepface', 'mars', 'DIGITS', 'mlflow']"
50,base,497,Exposure of Sensitive System Information to an Unauthorized Control Sphere,7,59,"['aim', 'pyss3', 'langflow', 'mlflow', 'determined', 'jax', 'gan', 'ColossalAI', 'open-metric-learning', 'pytorch_geometric', 'pytorch-lightning', 'spaCy', 'sinabs', 'bokeh', 'ray', 'catboost', 'LightGBM', 'gradio', 'streamlit', 'transformers', 'bentoml', 'detectron2']"
51,base,532,Insertion of Sensitive Information into Log File,18,59,"['aim', 'pyss3', 'langflow', 'mlflow', 'determined', 'jax', 'gan', 'ColossalAI', 'open-metric-learning', 'pytorch_geometric', 'pytorch-lightning', 'spaCy', 'sinabs', 'bokeh', 'ray', 'catboost', 'LightGBM', 'gradio', 'streamlit', 'transformers', 'bentoml', 'detectron2']"
52,base,538,Insertion of Sensitive Information into Externally-Accessible File or Directory,8,118,"['aim', 'pyss3', 'langflow', 'mlflow', 'determined', 'jax', 'gan', 'ColossalAI', 'open-metric-learning', 'pytorch_geometric', 'pytorch-lightning', 'spaCy', 'sinabs', 'bokeh', 'ray', 'catboost', 'LightGBM', 'gradio', 'streamlit', 'transformers', 'bentoml', 'detectron2', 'feast', 'langflow', 'cortex', 'bokeh', 'danswerai', 'deepface', 'ray', 'gradio', 'open-webui', 'comet-llm', 'typer', 'mlflow', 'determined', 'pattern']"
53,base,625,Permissive Regular Expression,2,3,"['superset', 'transformers']"
54,base,641,Improper Restriction of Names for Files and Other Resources,1,7057,"['cornac', 'FEDOT', 'feast', 'aim', 'pyss3', 'matplotlib', 'lab', 'DI-engine', 'dtaidistance', 'seaborn', 'determined', 'retro', 'BioPy', 'CompreFace', 'lambdo', 'mindsdb', 'Metaworld', 'ColossalAI', 'pyqtgraph', 'gensim', 'hebel', 'textacy', 'statsmodels', 'xlearn', 'deepchecks', 'mars', 'NeuroNER', 'PySyft', 'scikit-survival', 'haystack', 'emcee', 'transformers', 'streamlit', 'lightwood', 'prodmodel', 'joliGEN', 'ViZDoom', 'pybrain', 'langflow', 'mlxtend', 'Spearmint', 'bigartm', 'skorch', 'vigra', 'blaze', 'catalyst', 'sktime', 'ggpy', 'python-recsys', 'scikit-learn', 'river', 'tesseract', 'pytorch-lightning', 'shogun', 'spaCy', 'yalign', 'ray', 'pynlpl', 'DIGITS', 'LightGBM', 'pytorch', 'PyTorchCV', 'dash', 'polyglot', 'pymc', 'bentoml', 'pkuseg-python', 'scikit-image', 'Gymnasium', 'numpy', 'jProcessing', 'cltk', 'garage', 'zipline', 'alibi-detect', 'xcessiv', 'neural-style-pt', 'nut', 'langfuse', 'optuna', 'deeplake', 'cortex', 'tensorflow', 'pytorch-frame', 'python-timbl', 'danswerai', 'DeepPavlov', 'rasa', 'igel', 'loso', 'SynapseML', 'machine-learning', 'autogluon', 'mlens', 'scikit-learn-intelex', 'catboost', 'somoclu', 'colibri-core', 'keras-tuner', 'neuropredict', 'dowel', 'DrQA', 'deeppy', 'neuraltalk2', 'altair', 'pgmpy', 'evidently', 'detectron2', 'lightly', 'jieba', 'cleanlab', 'Petrel', 'deepface', 'caffe', 'zpar', 'typer', 'nilearn', 'mlflow', 'open-webui', 'jax', 'stellargraph', 'maze', 'pebl', 'mlx', 'open-metric-learning', 'pytorch_geometric', 'neuraltalk', 'retinaface', 'mljar-supervised', 'superset', 'bokeh', 'pytorch-image-models', 'rosetta', 'recommenders', 'tpot', 'Parris', 'pytensor', 'chainer', 'skll', 'pandas', 'bolt', 'scikit-opt', 'vispy', 'gradio', 'CoreNLP', 'xgboost']"
55,base,643,Improper Neutralization of Data within XPath Expressions ('XPath Injection'),3,2,['machine-learning']
56,base,652,Improper Neutralization of Data within XQuery Expressions ('XQuery Injection'),4,2,['machine-learning']
57,base,694,Use of Multiple Resources with Duplicate Identifier,2,7057,"['cornac', 'FEDOT', 'feast', 'aim', 'pyss3', 'matplotlib', 'lab', 'DI-engine', 'dtaidistance', 'seaborn', 'determined', 'retro', 'BioPy', 'CompreFace', 'lambdo', 'mindsdb', 'Metaworld', 'ColossalAI', 'pyqtgraph', 'gensim', 'hebel', 'textacy', 'statsmodels', 'xlearn', 'deepchecks', 'mars', 'NeuroNER', 'PySyft', 'scikit-survival', 'haystack', 'emcee', 'transformers', 'streamlit', 'lightwood', 'prodmodel', 'joliGEN', 'ViZDoom', 'pybrain', 'langflow', 'mlxtend', 'Spearmint', 'bigartm', 'skorch', 'vigra', 'blaze', 'catalyst', 'sktime', 'ggpy', 'python-recsys', 'scikit-learn', 'river', 'tesseract', 'pytorch-lightning', 'shogun', 'spaCy', 'yalign', 'ray', 'pynlpl', 'DIGITS', 'LightGBM', 'pytorch', 'PyTorchCV', 'dash', 'polyglot', 'pymc', 'bentoml', 'pkuseg-python', 'scikit-image', 'Gymnasium', 'numpy', 'jProcessing', 'cltk', 'garage', 'zipline', 'alibi-detect', 'xcessiv', 'neural-style-pt', 'nut', 'langfuse', 'optuna', 'deeplake', 'cortex', 'tensorflow', 'pytorch-frame', 'python-timbl', 'danswerai', 'DeepPavlov', 'rasa', 'igel', 'loso', 'SynapseML', 'machine-learning', 'autogluon', 'mlens', 'scikit-learn-intelex', 'catboost', 'somoclu', 'colibri-core', 'keras-tuner', 'neuropredict', 'dowel', 'DrQA', 'deeppy', 'neuraltalk2', 'altair', 'pgmpy', 'evidently', 'detectron2', 'lightly', 'jieba', 'cleanlab', 'Petrel', 'deepface', 'caffe', 'zpar', 'typer', 'nilearn', 'mlflow', 'open-webui', 'jax', 'stellargraph', 'maze', 'pebl', 'mlx', 'open-metric-learning', 'pytorch_geometric', 'neuraltalk', 'retinaface', 'mljar-supervised', 'superset', 'bokeh', 'pytorch-image-models', 'rosetta', 'recommenders', 'tpot', 'Parris', 'pytensor', 'chainer', 'skll', 'pandas', 'bolt', 'scikit-opt', 'vispy', 'gradio', 'CoreNLP', 'xgboost']"
58,base,756,Missing Custom Error Page,7,88,"['aim', 'feast', 'PySyft', 'langflow', 'mindsdb', 'ColossalAI', 'superset', 'danswerai', 'blaze', 'machine-learning', 'deepface', 'ray', 'gradio', 'dash', 'open-webui', 'DIGITS', 'mlflow', 'joliGEN']"
59,base,770,Allocation of Resources Without Limits or Throttling,111,801,"['lightly', 'ViZDoom', 'numpy', 'feast', 'langflow', 'mlflow', 'open-webui', 'retro', 'mindsdb', 'pydantic', 'nalp', 'danswerai', 'rasa', 'pattern', 'superset', 'bokeh', 'Auto_ViML', 'fastapi', 'spammy', 'ray', 'PySyft', 'pytensor', 'pytorch', 'gradio', 'streamlit', 'transformers', 'DIGITS', 'AutoViz', 'lightly', 'ViZDoom', 'numpy', 'feast', 'langflow', 'mlflow', 'open-webui', 'retro', 'mindsdb', 'pydantic', 'nalp', 'danswerai', 'rasa', 'pattern', 'superset', 'bokeh', 'Auto_ViML', 'fastapi', 'spammy', 'ray', 'PySyft', 'pytensor', 'pytorch', 'gradio', 'streamlit', 'transformers', 'DIGITS', 'AutoViz', 'lightly', 'ViZDoom', 'numpy', 'feast', 'langflow', 'mlflow', 'open-webui', 'retro', 'mindsdb', 'pydantic', 'nalp', 'danswerai', 'rasa', 'pattern', 'superset', 'bokeh', 'Auto_ViML', 'fastapi', 'spammy', 'ray', 'PySyft', 'pytensor', 'pytorch', 'gradio', 'streamlit', 'transformers', 'DIGITS', 'AutoViz', 'lightly', 'ViZDoom', 'numpy', 'feast', 'langflow', 'mlflow', 'open-webui', 'retro', 'mindsdb', 'pydantic', 'nalp', 'danswerai', 'rasa', 'pattern', 'superset', 'bokeh', 'Auto_ViML', 'fastapi', 'spammy', 'ray', 'PySyft', 'pytensor', 'pytorch', 'gradio', 'streamlit', 'transformers', 'DIGITS', 'AutoViz', 'lightly', 'ViZDoom', 'numpy', 'feast', 'langflow', 'mlflow', 'open-webui', 'retro', 'mindsdb', 'pydantic', 'nalp', 'danswerai', 'rasa', 'pattern', 'superset', 'bokeh', 'Auto_ViML', 'fastapi', 'spammy', 'ray', 'PySyft', 'pytensor', 'pytorch', 'gradio', 'streamlit', 'transformers', 'DIGITS', 'AutoViz', 'ViZDoom', 'numpy', 'pyss3', 'langflow', 'jProcessing', 'bigartm', 'DI-engine', 'vigra', 'blaze', 'caffe', 'zpar', 'typer', 'mlflow', 'scikit-learn', 'zipline', 'retro', 'determined', 'open-webui', 'jax', 'lambdo', 'mindsdb', 'ColossalAI', 'pyqtgraph', 'gensim', 'pebl', 'cortex', 'tensorflow', 'pydantic', 'danswerai', 'pytorch-lightning', 'DeepPavlov', 'pattern', 'rasa', 'bokeh', 'xlearn', 'pandas', 'deepchecks', 'ray', 'DIGITS', 'mars', 'scikit-learn-intelex', 'catboost', 'LightGBM', 'dirty_cat', 'DrQA', 'haystack', 'emcee', 'pytorch', 'chainer', 'skll', 'PyTorchCV', 'lightning-bolts', 'CoreNLP', 'vispy', 'gradio', 'streamlit', 'dash', 'bentoml', 'xgboost', 'pymc', 'transformers', 'pgmpy', 'ViZDoom', 'numpy', 'pyss3', 'langflow', 'jProcessing', 'bigartm', 'DI-engine', 'vigra', 'blaze', 'caffe', 'zpar', 'typer', 'mlflow', 'scikit-learn', 'zipline', 'retro', 'determined', 'open-webui', 'jax', 'lambdo', 'mindsdb', 'ColossalAI', 'pyqtgraph', 'gensim', 'pebl', 'cortex', 'tensorflow', 'pydantic', 'danswerai', 'pytorch-lightning', 'DeepPavlov', 'pattern', 'rasa', 'bokeh', 'xlearn', 'pandas', 'deepchecks', 'ray', 'DIGITS', 'mars', 'scikit-learn-intelex', 'catboost', 'LightGBM', 'dirty_cat', 'DrQA', 'haystack', 'emcee', 'pytorch', 'chainer', 'skll', 'PyTorchCV', 'lightning-bolts', 'CoreNLP', 'vispy', 'gradio', 'streamlit', 'dash', 'bentoml', 'xgboost', 'pymc', 'transformers', 'pgmpy', 'ViZDoom', 'numpy', 'pyss3', 'langflow', 'jProcessing', 'bigartm', 'DI-engine', 'vigra', 'blaze', 'caffe', 'zpar', 'typer', 'mlflow', 'scikit-learn', 'zipline', 'retro', 'determined', 'open-webui', 'jax', 'lambdo', 'mindsdb', 'ColossalAI', 'pyqtgraph', 'gensim', 'pebl', 'cortex', 'tensorflow', 'pydantic', 'danswerai', 'pytorch-lightning', 'DeepPavlov', 'pattern', 'rasa', 'bokeh', 'xlearn', 'pandas', 'deepchecks', 'ray', 'DIGITS', 'mars', 'scikit-learn-intelex', 'catboost', 'LightGBM', 'dirty_cat', 'DrQA', 'haystack', 'emcee', 'pytorch', 'chainer', 'skll', 'PyTorchCV', 'lightning-bolts', 'CoreNLP', 'vispy', 'gradio', 'streamlit', 'dash', 'bentoml', 'xgboost', 'pymc', 'transformers', 'pgmpy', 'ViZDoom', 'numpy', 'pyss3', 'langflow', 'jProcessing', 'bigartm', 'DI-engine', 'vigra', 'blaze', 'caffe', 'zpar', 'typer', 'mlflow', 'scikit-learn', 'zipline', 'retro', 'determined', 'open-webui', 'jax', 'lambdo', 'mindsdb', 'ColossalAI', 'pyqtgraph', 'gensim', 'pebl', 'cortex', 'tensorflow', 'pydantic', 'danswerai', 'pytorch-lightning', 'DeepPavlov', 'pattern', 'rasa', 'bokeh', 'xlearn', 'pandas', 'deepchecks', 'ray', 'DIGITS', 'mars', 'scikit-learn-intelex', 'catboost', 'LightGBM', 'dirty_cat', 'DrQA', 'haystack', 'emcee', 'pytorch', 'chainer', 'skll', 'PyTorchCV', 'lightning-bolts', 'CoreNLP', 'vispy', 'gradio', 'streamlit', 'dash', 'bentoml', 'xgboost', 'pymc', 'transformers', 'pgmpy', 'ViZDoom', 'numpy', 'pyss3', 'langflow', 'jProcessing', 'bigartm', 'DI-engine', 'vigra', 'blaze', 'caffe', 'zpar', 'typer', 'mlflow', 'scikit-learn', 'zipline', 'retro', 'determined', 'open-webui', 'jax', 'lambdo', 'mindsdb', 'ColossalAI', 'pyqtgraph', 'gensim', 'pebl', 'cortex', 'tensorflow', 'pydantic', 'danswerai', 'pytorch-lightning', 'DeepPavlov', 'pattern', 'rasa', 'bokeh', 'xlearn', 'pandas', 'deepchecks', 'ray', 'DIGITS', 'mars', 'scikit-learn-intelex', 'catboost', 'LightGBM', 'dirty_cat', 'DrQA', 'haystack', 'emcee', 'pytorch', 'chainer', 'skll', 'PyTorchCV', 'lightning-bolts', 'CoreNLP', 'vispy', 'gradio', 'streamlit', 'dash', 'bentoml', 'xgboost', 'pymc', 'transformers', 'pgmpy', 'ViZDoom', 'numpy', 'pyss3', 'langflow', 'jProcessing', 'bigartm', 'DI-engine', 'vigra', 'blaze', 'caffe', 'zpar', 'typer', 'mlflow', 'scikit-learn', 'zipline', 'retro', 'determined', 'open-webui', 'jax', 'lambdo', 'mindsdb', 'ColossalAI', 'pyqtgraph', 'gensim', 'pebl', 'cortex', 'tensorflow', 'pydantic', 'danswerai', 'pytorch-lightning', 'DeepPavlov', 'pattern', 'rasa', 'bokeh', 'xlearn', 'pandas', 'deepchecks', 'ray', 'DIGITS', 'mars', 'scikit-learn-intelex', 'catboost', 'LightGBM', 'dirty_cat', 'DrQA', 'haystack', 'emcee', 'pytorch', 'chainer', 'skll', 'PyTorchCV', 'lightning-bolts', 'CoreNLP', 'vispy', 'gradio', 'streamlit', 'dash', 'bentoml', 'xgboost', 'pymc', 'transformers', 'pgmpy']"
60,base,771,Missing Reference to Active Allocated Resource,9,355,"['ViZDoom', 'numpy', 'pyss3', 'langflow', 'jProcessing', 'bigartm', 'DI-engine', 'vigra', 'blaze', 'caffe', 'zpar', 'typer', 'mlflow', 'scikit-learn', 'zipline', 'retro', 'determined', 'open-webui', 'jax', 'lambdo', 'mindsdb', 'ColossalAI', 'pyqtgraph', 'gensim', 'pebl', 'cortex', 'tensorflow', 'pydantic', 'danswerai', 'pytorch-lightning', 'DeepPavlov', 'pattern', 'rasa', 'bokeh', 'xlearn', 'pandas', 'deepchecks', 'ray', 'DIGITS', 'mars', 'scikit-learn-intelex', 'catboost', 'LightGBM', 'dirty_cat', 'DrQA', 'haystack', 'emcee', 'pytorch', 'chainer', 'skll', 'PyTorchCV', 'lightning-bolts', 'CoreNLP', 'vispy', 'gradio', 'streamlit', 'dash', 'bentoml', 'xgboost', 'pymc', 'transformers', 'pgmpy', 'ViZDoom', 'numpy', 'pyss3', 'langflow', 'jProcessing', 'bigartm', 'DI-engine', 'vigra', 'blaze', 'caffe', 'zpar', 'typer', 'mlflow', 'scikit-learn', 'zipline', 'retro', 'determined', 'open-webui', 'jax', 'lambdo', 'mindsdb', 'ColossalAI', 'pyqtgraph', 'gensim', 'pebl', 'cortex', 'tensorflow', 'pydantic', 'danswerai', 'pytorch-lightning', 'DeepPavlov', 'pattern', 'rasa', 'bokeh', 'xlearn', 'pandas', 'deepchecks', 'ray', 'DIGITS', 'mars', 'scikit-learn-intelex', 'catboost', 'LightGBM', 'dirty_cat', 'DrQA', 'haystack', 'emcee', 'pytorch', 'chainer', 'skll', 'PyTorchCV', 'lightning-bolts', 'CoreNLP', 'vispy', 'gradio', 'streamlit', 'dash', 'bentoml', 'xgboost', 'pymc', 'transformers', 'pgmpy', 'ViZDoom', 'numpy', 'pyss3', 'langflow', 'jProcessing', 'bigartm', 'DI-engine', 'vigra', 'blaze', 'caffe', 'zpar', 'typer', 'mlflow', 'scikit-learn', 'zipline', 'retro', 'determined', 'open-webui', 'jax', 'lambdo', 'mindsdb', 'ColossalAI', 'pyqtgraph', 'gensim', 'pebl', 'cortex', 'tensorflow', 'pydantic', 'danswerai', 'pytorch-lightning', 'DeepPavlov', 'pattern', 'rasa', 'bokeh', 'xlearn', 'pandas', 'deepchecks', 'ray', 'DIGITS', 'mars', 'scikit-learn-intelex', 'catboost', 'LightGBM', 'dirty_cat', 'DrQA', 'haystack', 'emcee', 'pytorch', 'chainer', 'skll', 'PyTorchCV', 'lightning-bolts', 'CoreNLP', 'vispy', 'gradio', 'streamlit', 'dash', 'bentoml', 'xgboost', 'pymc', 'transformers', 'pgmpy']"
61,base,779,Logging of Excessive Data,12,355,"['ViZDoom', 'numpy', 'pyss3', 'langflow', 'jProcessing', 'bigartm', 'DI-engine', 'vigra', 'blaze', 'caffe', 'zpar', 'typer', 'mlflow', 'scikit-learn', 'zipline', 'retro', 'determined', 'open-webui', 'jax', 'lambdo', 'mindsdb', 'ColossalAI', 'pyqtgraph', 'gensim', 'pebl', 'cortex', 'tensorflow', 'pydantic', 'danswerai', 'pytorch-lightning', 'DeepPavlov', 'pattern', 'rasa', 'bokeh', 'xlearn', 'pandas', 'deepchecks', 'ray', 'DIGITS', 'mars', 'scikit-learn-intelex', 'catboost', 'LightGBM', 'dirty_cat', 'DrQA', 'haystack', 'emcee', 'pytorch', 'chainer', 'skll', 'PyTorchCV', 'lightning-bolts', 'CoreNLP', 'vispy', 'gradio', 'streamlit', 'dash', 'bentoml', 'xgboost', 'pymc', 'transformers', 'pgmpy', 'ViZDoom', 'numpy', 'pyss3', 'langflow', 'jProcessing', 'bigartm', 'DI-engine', 'vigra', 'blaze', 'caffe', 'zpar', 'typer', 'mlflow', 'scikit-learn', 'zipline', 'retro', 'determined', 'open-webui', 'jax', 'lambdo', 'mindsdb', 'ColossalAI', 'pyqtgraph', 'gensim', 'pebl', 'cortex', 'tensorflow', 'pydantic', 'danswerai', 'pytorch-lightning', 'DeepPavlov', 'pattern', 'rasa', 'bokeh', 'xlearn', 'pandas', 'deepchecks', 'ray', 'DIGITS', 'mars', 'scikit-learn-intelex', 'catboost', 'LightGBM', 'dirty_cat', 'DrQA', 'haystack', 'emcee', 'pytorch', 'chainer', 'skll', 'PyTorchCV', 'lightning-bolts', 'CoreNLP', 'vispy', 'gradio', 'streamlit', 'dash', 'bentoml', 'xgboost', 'pymc', 'transformers', 'pgmpy', 'ViZDoom', 'numpy', 'pyss3', 'langflow', 'jProcessing', 'bigartm', 'DI-engine', 'vigra', 'blaze', 'caffe', 'zpar', 'typer', 'mlflow', 'scikit-learn', 'zipline', 'retro', 'determined', 'open-webui', 'jax', 'lambdo', 'mindsdb', 'ColossalAI', 'pyqtgraph', 'gensim', 'pebl', 'cortex', 'tensorflow', 'pydantic', 'danswerai', 'pytorch-lightning', 'DeepPavlov', 'pattern', 'rasa', 'bokeh', 'xlearn', 'pandas', 'deepchecks', 'ray', 'DIGITS', 'mars', 'scikit-learn-intelex', 'catboost', 'LightGBM', 'dirty_cat', 'DrQA', 'haystack', 'emcee', 'pytorch', 'chainer', 'skll', 'PyTorchCV', 'lightning-bolts', 'CoreNLP', 'vispy', 'gradio', 'streamlit', 'dash', 'bentoml', 'xgboost', 'pymc', 'transformers', 'pgmpy']"
62,base,838,Inappropriate Encoding for Output Context,27,330,"['cornac', 'FEDOT', 'numpy', 'feast', 'pyod', 'pybrain', 'lifelines', 'cleanlab', 'couler', 'bowtie', 'bigartm', 'DI-engine', 'vigra', 'annoy', 'deepface', 'catalyst', 'scikit-multiflow', 'zpar', 'ggpy', 'seaborn', 'mlflow', 'alibi-detect', 'open-webui', 'notebook', 'gan', 'stellargraph', 'rockpool', 'lambdo', 'mindsdb', 'ColossalAI', 'pyqtgraph', 'pebl', 'tensorflow', 'mist', 'python-timbl', 'metric-learn', 'DeepPavlov', 'statsmodels', 'superset', 'xlearn', 'nupic.studio', 'breze', 'machine-learning', 'rgf', 'imbalanced-ensemble', 'recommenders', 'mars', 'bytehub', 'tpot', 'catboost', 'alibi', 'segmentation_models', 'pytorch', 'chainer', 'deeppy', 'PyTorchCV', 'dash', 'streamlit', 'snips-nlu', 'transformers', 'DIGITS', 'scikit-image', 'cornac', 'FEDOT', 'numpy', 'feast', 'pyod', 'pybrain', 'lifelines', 'cleanlab', 'couler', 'bowtie', 'bigartm', 'DI-engine', 'vigra', 'annoy', 'deepface', 'catalyst', 'scikit-multiflow', 'zpar', 'ggpy', 'seaborn', 'mlflow', 'alibi-detect', 'open-webui', 'notebook', 'gan', 'stellargraph', 'rockpool', 'lambdo', 'mindsdb', 'ColossalAI', 'pyqtgraph', 'pebl', 'tensorflow', 'mist', 'python-timbl', 'metric-learn', 'DeepPavlov', 'statsmodels', 'superset', 'xlearn', 'nupic.studio', 'breze', 'machine-learning', 'rgf', 'imbalanced-ensemble', 'recommenders', 'mars', 'bytehub', 'tpot', 'catboost', 'alibi', 'segmentation_models', 'pytorch', 'chainer', 'deeppy', 'PyTorchCV', 'dash', 'streamlit', 'snips-nlu', 'transformers', 'DIGITS', 'scikit-image', 'cornac', 'FEDOT', 'numpy', 'feast', 'pyod', 'pybrain', 'lifelines', 'cleanlab', 'couler', 'bowtie', 'bigartm', 'DI-engine', 'vigra', 'annoy', 'deepface', 'catalyst', 'scikit-multiflow', 'zpar', 'ggpy', 'seaborn', 'mlflow', 'alibi-detect', 'open-webui', 'notebook', 'gan', 'stellargraph', 'rockpool', 'lambdo', 'mindsdb', 'ColossalAI', 'pyqtgraph', 'pebl', 'tensorflow', 'mist', 'python-timbl', 'metric-learn', 'DeepPavlov', 'statsmodels', 'superset', 'xlearn', 'nupic.studio', 'breze', 'machine-learning', 'rgf', 'imbalanced-ensemble', 'recommenders', 'mars', 'bytehub', 'tpot', 'catboost', 'alibi', 'segmentation_models', 'pytorch', 'chainer', 'deeppy', 'PyTorchCV', 'dash', 'streamlit', 'snips-nlu', 'transformers', 'DIGITS', 'scikit-image', 'cornac', 'FEDOT', 'numpy', 'feast', 'pyod', 'pybrain', 'lifelines', 'cleanlab', 'couler', 'bowtie', 'bigartm', 'DI-engine', 'vigra', 'annoy', 'deepface', 'catalyst', 'scikit-multiflow', 'zpar', 'ggpy', 'seaborn', 'mlflow', 'alibi-detect', 'open-webui', 'notebook', 'gan', 'stellargraph', 'rockpool', 'lambdo', 'mindsdb', 'ColossalAI', 'pyqtgraph', 'pebl', 'tensorflow', 'mist', 'python-timbl', 'metric-learn', 'DeepPavlov', 'statsmodels', 'superset', 'xlearn', 'nupic.studio', 'breze', 'machine-learning', 'rgf', 'imbalanced-ensemble', 'recommenders', 'mars', 'bytehub', 'tpot', 'catboost', 'alibi', 'segmentation_models', 'pytorch', 'chainer', 'deeppy', 'PyTorchCV', 'dash', 'streamlit', 'snips-nlu', 'transformers', 'DIGITS', 'scikit-image', 'cornac', 'FEDOT', 'numpy', 'feast', 'pyod', 'pybrain', 'lifelines', 'cleanlab', 'couler', 'bowtie', 'bigartm', 'DI-engine', 'vigra', 'annoy', 'deepface', 'catalyst', 'scikit-multiflow', 'zpar', 'ggpy', 'seaborn', 'mlflow', 'alibi-detect', 'open-webui', 'notebook', 'gan', 'stellargraph', 'rockpool', 'lambdo', 'mindsdb', 'ColossalAI', 'pyqtgraph', 'pebl', 'tensorflow', 'mist', 'python-timbl', 'metric-learn', 'DeepPavlov', 'statsmodels', 'superset', 'xlearn', 'nupic.studio', 'breze', 'machine-learning', 'rgf', 'imbalanced-ensemble', 'recommenders', 'mars', 'bytehub', 'tpot', 'catboost', 'alibi', 'segmentation_models', 'pytorch', 'chainer', 'deeppy', 'PyTorchCV', 'dash', 'streamlit', 'snips-nlu', 'transformers', 'DIGITS', 'scikit-image', 'cornac', 'FEDOT', 'numpy', 'feast', 'pyod', 'pybrain', 'lifelines', 'cleanlab', 'couler', 'bowtie', 'bigartm', 'DI-engine', 'vigra', 'annoy', 'deepface', 'catalyst', 'scikit-multiflow', 'zpar', 'ggpy', 'seaborn', 'mlflow', 'alibi-detect', 'open-webui', 'notebook', 'gan', 'stellargraph', 'rockpool', 'lambdo', 'mindsdb', 'ColossalAI', 'pyqtgraph', 'pebl', 'tensorflow', 'mist', 'python-timbl', 'metric-learn', 'DeepPavlov', 'statsmodels', 'superset', 'xlearn', 'nupic.studio', 'breze', 'machine-learning', 'rgf', 'imbalanced-ensemble', 'recommenders', 'mars', 'bytehub', 'tpot', 'catboost', 'alibi', 'segmentation_models', 'pytorch', 'chainer', 'deeppy', 'PyTorchCV', 'dash', 'streamlit', 'snips-nlu', 'transformers', 'DIGITS', 'scikit-image']"
63,base,914,Improper Control of Dynamically-Identified Variables,3,7057,"['cornac', 'FEDOT', 'feast', 'aim', 'pyss3', 'matplotlib', 'lab', 'DI-engine', 'dtaidistance', 'seaborn', 'determined', 'retro', 'BioPy', 'CompreFace', 'lambdo', 'mindsdb', 'Metaworld', 'ColossalAI', 'pyqtgraph', 'gensim', 'hebel', 'textacy', 'statsmodels', 'xlearn', 'deepchecks', 'mars', 'NeuroNER', 'PySyft', 'scikit-survival', 'haystack', 'emcee', 'transformers', 'streamlit', 'lightwood', 'prodmodel', 'joliGEN', 'ViZDoom', 'pybrain', 'langflow', 'mlxtend', 'Spearmint', 'bigartm', 'skorch', 'vigra', 'blaze', 'catalyst', 'sktime', 'ggpy', 'python-recsys', 'scikit-learn', 'river', 'tesseract', 'pytorch-lightning', 'shogun', 'spaCy', 'yalign', 'ray', 'pynlpl', 'DIGITS', 'LightGBM', 'pytorch', 'PyTorchCV', 'dash', 'polyglot', 'pymc', 'bentoml', 'pkuseg-python', 'scikit-image', 'Gymnasium', 'numpy', 'jProcessing', 'cltk', 'garage', 'zipline', 'alibi-detect', 'xcessiv', 'neural-style-pt', 'nut', 'langfuse', 'optuna', 'deeplake', 'cortex', 'tensorflow', 'pytorch-frame', 'python-timbl', 'danswerai', 'DeepPavlov', 'rasa', 'igel', 'loso', 'SynapseML', 'machine-learning', 'autogluon', 'mlens', 'scikit-learn-intelex', 'catboost', 'somoclu', 'colibri-core', 'keras-tuner', 'neuropredict', 'dowel', 'DrQA', 'deeppy', 'neuraltalk2', 'altair', 'pgmpy', 'evidently', 'detectron2', 'lightly', 'jieba', 'cleanlab', 'Petrel', 'deepface', 'caffe', 'zpar', 'typer', 'nilearn', 'mlflow', 'open-webui', 'jax', 'stellargraph', 'maze', 'pebl', 'mlx', 'open-metric-learning', 'pytorch_geometric', 'neuraltalk', 'retinaface', 'mljar-supervised', 'superset', 'bokeh', 'pytorch-image-models', 'rosetta', 'recommenders', 'tpot', 'Parris', 'pytensor', 'chainer', 'skll', 'pandas', 'bolt', 'scikit-opt', 'vispy', 'gradio', 'CoreNLP', 'xgboost']"
64,base,915,Improperly Controlled Modification of Dynamically-Determined Object Attributes,1,700,"['cornac', 'FEDOT', 'feast', 'pyod', 'matplotlib', 'DI-engine', 'Sklearn-genetic-opt', 'determined', 'opfython', 'rep', 'lambdo', 'mindsdb', 'ColossalAI', 'pyqtgraph', 'hebel', 'PCV', 'tflearn', 'statsmodels', 'deepchecks', 'backprop', 'mars', 'NeuroNER', 'sentiment-analyzer', 'haystack', 'lightning-bolts', 'transformers', 'streamlit', 'lightwood', 'face_recognition', 'prodmodel', 'joliGEN', 'ViZDoom', 'pybrain', 'mlxtend', 'bigartm', 'skorch', 'catalyst', 'evostra', 'python-recsys', 'dl-translate', 'scikit-learn', 'river', 'pytorch-lightning', 'opytimizer', 'yalign', 'ray', 'DIGITS', 'alibi', 'LightGBM', 'xgboost', 'pytorch', 'PyTorchCV', 'polyglot', 'bentoml', 'pkuseg-python', 'numpy', 'jProcessing', 'cltk', 'miraiml', 'garage', 'zipline', 'alibi-detect', 'neural-style-pt', 'nut', 'tensorflow', 'pytorch-frame', 'DeepPavlov', 'rasa', 'igel', 'loso', 'machine-learning', 'autogluon', 'mlens', 'scikit-learn-intelex', 'catboost', 'keras-tuner', 'shapash', 'eurybia', 'neuropredict', 'DrQA', 'deeppy', 'pytorch_geometric_temporal', 'evidently', 'detectron2', 'lightly', 'jieba', 'cleanlab', 'Petrel', 'deepface', 'caffe', 'zpar', 'mlflow', 'TResNet', 'frouros', 'maze', 'pebl', 'open-metric-learning', 'pytorch_geometric', 'neuraltalk', 'mljar-supervised', 'bokeh', 'pytorch-image-models', 'segmentation_models.pytorch', 'simpleai', 'sentiment_classifier', 'recommenders', 'chefboost', 'snownlp', 'pytensor', 'chainer', 'skll', 'pandas', 'bolt', 'dedupe', 'neurolab']"
65,base,916,Use of Password Hash With Insufficient Computational Effort,26,26,"['lightly', 'langflow', 'couler', 'gradio', 'streamlit', 'mars', 'open-webui', 'danswerai', 'mlflow', 'determined', 'langflow', 'couler', 'gradio', 'streamlit', 'mars', 'danswerai', 'mlflow', 'determined', 'lightly', 'langflow', 'couler', 'gradio', 'streamlit', 'mars', 'open-webui', 'danswerai', 'mlflow', 'determined', 'lightly', 'langflow', 'couler', 'gradio', 'streamlit', 'mars', 'open-webui', 'danswerai', 'mlflow', 'determined']"
66,base,917,Improper Neutralization of Special Elements used in an Expression Language Statement ('Expression Language Injection'),20,9,"['feast', 'superset', 'DI-engine', 'pandas', 'ray', 'DIGITS', 'dl-translate']"
67,base,920,Improper Restriction of Power Consumption,48,710,"['ViZDoom', 'numpy', 'pyss3', 'langflow', 'jProcessing', 'bigartm', 'DI-engine', 'vigra', 'blaze', 'caffe', 'zpar', 'typer', 'mlflow', 'scikit-learn', 'zipline', 'retro', 'determined', 'open-webui', 'jax', 'lambdo', 'mindsdb', 'ColossalAI', 'pyqtgraph', 'gensim', 'pebl', 'cortex', 'tensorflow', 'pydantic', 'danswerai', 'pytorch-lightning', 'DeepPavlov', 'pattern', 'rasa', 'bokeh', 'xlearn', 'pandas', 'deepchecks', 'ray', 'DIGITS', 'mars', 'scikit-learn-intelex', 'catboost', 'LightGBM', 'dirty_cat', 'DrQA', 'haystack', 'emcee', 'pytorch', 'chainer', 'skll', 'PyTorchCV', 'lightning-bolts', 'CoreNLP', 'vispy', 'gradio', 'streamlit', 'dash', 'bentoml', 'xgboost', 'pymc', 'transformers', 'pgmpy', 'ViZDoom', 'numpy', 'pyss3', 'langflow', 'jProcessing', 'bigartm', 'DI-engine', 'vigra', 'blaze', 'caffe', 'zpar', 'typer', 'mlflow', 'scikit-learn', 'zipline', 'retro', 'determined', 'open-webui', 'jax', 'lambdo', 'mindsdb', 'ColossalAI', 'pyqtgraph', 'gensim', 'pebl', 'cortex', 'tensorflow', 'pydantic', 'danswerai', 'pytorch-lightning', 'DeepPavlov', 'pattern', 'rasa', 'bokeh', 'xlearn', 'pandas', 'deepchecks', 'ray', 'DIGITS', 'mars', 'scikit-learn-intelex', 'catboost', 'LightGBM', 'dirty_cat', 'DrQA', 'haystack', 'emcee', 'pytorch', 'chainer', 'skll', 'PyTorchCV', 'lightning-bolts', 'CoreNLP', 'vispy', 'gradio', 'streamlit', 'dash', 'bentoml', 'xgboost', 'pymc', 'transformers', 'pgmpy', 'ViZDoom', 'numpy', 'pyss3', 'langflow', 'jProcessing', 'bigartm', 'DI-engine', 'vigra', 'blaze', 'caffe', 'zpar', 'typer', 'mlflow', 'scikit-learn', 'zipline', 'retro', 'determined', 'open-webui', 'jax', 'lambdo', 'mindsdb', 'ColossalAI', 'pyqtgraph', 'gensim', 'pebl', 'cortex', 'tensorflow', 'pydantic', 'danswerai', 'pytorch-lightning', 'DeepPavlov', 'pattern', 'rasa', 'bokeh', 'xlearn', 'pandas', 'deepchecks', 'ray', 'DIGITS', 'mars', 'scikit-learn-intelex', 'catboost', 'LightGBM', 'dirty_cat', 'DrQA', 'haystack', 'emcee', 'pytorch', 'chainer', 'skll', 'PyTorchCV', 'lightning-bolts', 'CoreNLP', 'vispy', 'gradio', 'streamlit', 'dash', 'bentoml', 'xgboost', 'pymc', 'transformers', 'pgmpy', 'ViZDoom', 'numpy', 'pyss3', 'langflow', 'jProcessing', 'bigartm', 'DI-engine', 'vigra', 'blaze', 'caffe', 'zpar', 'typer', 'mlflow', 'scikit-learn', 'zipline', 'retro', 'determined', 'open-webui', 'jax', 'lambdo', 'mindsdb', 'ColossalAI', 'pyqtgraph', 'gensim', 'pebl', 'cortex', 'tensorflow', 'pydantic', 'danswerai', 'pytorch-lightning', 'DeepPavlov', 'pattern', 'rasa', 'bokeh', 'xlearn', 'pandas', 'deepchecks', 'ray', 'DIGITS', 'mars', 'scikit-learn-intelex', 'catboost', 'LightGBM', 'dirty_cat', 'DrQA', 'haystack', 'emcee', 'pytorch', 'chainer', 'skll', 'PyTorchCV', 'lightning-bolts', 'CoreNLP', 'vispy', 'gradio', 'streamlit', 'dash', 'bentoml', 'xgboost', 'pymc', 'transformers', 'pgmpy', 'ViZDoom', 'numpy', 'pyss3', 'langflow', 'jProcessing', 'bigartm', 'DI-engine', 'vigra', 'blaze', 'caffe', 'zpar', 'typer', 'mlflow', 'scikit-learn', 'zipline', 'retro', 'determined', 'open-webui', 'jax', 'lambdo', 'mindsdb', 'ColossalAI', 'pyqtgraph', 'gensim', 'pebl', 'cortex', 'tensorflow', 'pydantic', 'danswerai', 'pytorch-lightning', 'DeepPavlov', 'pattern', 'rasa', 'bokeh', 'xlearn', 'pandas', 'deepchecks', 'ray', 'DIGITS', 'mars', 'scikit-learn-intelex', 'catboost', 'LightGBM', 'dirty_cat', 'DrQA', 'haystack', 'emcee', 'pytorch', 'chainer', 'skll', 'PyTorchCV', 'lightning-bolts', 'CoreNLP', 'vispy', 'gradio', 'streamlit', 'dash', 'bentoml', 'xgboost', 'pymc', 'transformers', 'pgmpy', 'ViZDoom', 'numpy', 'pyss3', 'langflow', 'jProcessing', 'bigartm', 'DI-engine', 'vigra', 'blaze', 'caffe', 'zpar', 'typer', 'mlflow', 'scikit-learn', 'zipline', 'retro', 'determined', 'open-webui', 'jax', 'lambdo', 'mindsdb', 'ColossalAI', 'pyqtgraph', 'gensim', 'pebl', 'cortex', 'tensorflow', 'pydantic', 'danswerai', 'pytorch-lightning', 'DeepPavlov', 'pattern', 'rasa', 'bokeh', 'xlearn', 'pandas', 'deepchecks', 'ray', 'DIGITS', 'mars', 'scikit-learn-intelex', 'catboost', 'LightGBM', 'dirty_cat', 'DrQA', 'haystack', 'emcee', 'pytorch', 'chainer', 'skll', 'PyTorchCV', 'lightning-bolts', 'CoreNLP', 'vispy', 'gradio', 'streamlit', 'dash', 'bentoml', 'xgboost', 'pymc', 'transformers', 'pgmpy']"
68,base,1173,Improper Use of Validation Framework,15,91,"['lightly', 'ViZDoom', 'numpy', 'feast', 'langflow', 'mlflow', 'open-webui', 'retro', 'mindsdb', 'pydantic', 'nalp', 'danswerai', 'rasa', 'pattern', 'superset', 'bokeh', 'Auto_ViML', 'fastapi', 'spammy', 'ray', 'PySyft', 'pytensor', 'pytorch', 'gradio', 'streamlit', 'transformers', 'DIGITS', 'AutoViz', 'lightly', 'ViZDoom', 'numpy', 'feast', 'langflow', 'mlflow', 'open-webui', 'retro', 'mindsdb', 'pydantic', 'nalp', 'danswerai', 'rasa', 'pattern', 'superset', 'bokeh', 'Auto_ViML', 'fastapi', 'spammy', 'ray', 'PySyft', 'pytensor', 'pytorch', 'gradio', 'streamlit', 'transformers', 'DIGITS', 'AutoViz', 'lightly', 'ViZDoom', 'numpy', 'feast', 'langflow', 'mlflow', 'open-webui', 'retro', 'mindsdb', 'pydantic', 'nalp', 'danswerai', 'rasa', 'pattern', 'superset', 'bokeh', 'Auto_ViML', 'fastapi', 'spammy', 'ray', 'PySyft', 'pytensor', 'pytorch', 'gradio', 'streamlit', 'transformers', 'DIGITS', 'AutoViz', 'lightly', 'ViZDoom', 'numpy', 'feast', 'langflow', 'mlflow', 'open-webui', 'retro', 'mindsdb', 'pydantic', 'nalp', 'danswerai', 'rasa', 'pattern', 'superset', 'bokeh', 'Auto_ViML', 'fastapi', 'spammy', 'ray', 'PySyft', 'pytensor', 'pytorch', 'gradio', 'streamlit', 'transformers', 'DIGITS', 'AutoViz', 'lightly', 'ViZDoom', 'numpy', 'feast', 'langflow', 'mlflow', 'open-webui', 'retro', 'mindsdb', 'pydantic', 'nalp', 'danswerai', 'rasa', 'pattern', 'superset', 'bokeh', 'Auto_ViML', 'fastapi', 'spammy', 'ray', 'PySyft', 'pytensor', 'pytorch', 'gradio', 'streamlit', 'transformers', 'DIGITS', 'AutoViz']"
69,base,1235,Incorrect Use of Autoboxing and Unboxing for Performance Critical Operations,18,355,"['ViZDoom', 'numpy', 'pyss3', 'langflow', 'jProcessing', 'bigartm', 'DI-engine', 'vigra', 'blaze', 'caffe', 'zpar', 'typer', 'mlflow', 'scikit-learn', 'zipline', 'retro', 'determined', 'open-webui', 'jax', 'lambdo', 'mindsdb', 'ColossalAI', 'pyqtgraph', 'gensim', 'pebl', 'cortex', 'tensorflow', 'pydantic', 'danswerai', 'pytorch-lightning', 'DeepPavlov', 'pattern', 'rasa', 'bokeh', 'xlearn', 'pandas', 'deepchecks', 'ray', 'DIGITS', 'mars', 'scikit-learn-intelex', 'catboost', 'LightGBM', 'dirty_cat', 'DrQA', 'haystack', 'emcee', 'pytorch', 'chainer', 'skll', 'PyTorchCV', 'lightning-bolts', 'CoreNLP', 'vispy', 'gradio', 'streamlit', 'dash', 'bentoml', 'xgboost', 'pymc', 'transformers', 'pgmpy', 'ViZDoom', 'numpy', 'pyss3', 'langflow', 'jProcessing', 'bigartm', 'DI-engine', 'vigra', 'blaze', 'caffe', 'zpar', 'typer', 'mlflow', 'scikit-learn', 'zipline', 'retro', 'determined', 'open-webui', 'jax', 'lambdo', 'mindsdb', 'ColossalAI', 'pyqtgraph', 'gensim', 'pebl', 'cortex', 'tensorflow', 'pydantic', 'danswerai', 'pytorch-lightning', 'DeepPavlov', 'pattern', 'rasa', 'bokeh', 'xlearn', 'pandas', 'deepchecks', 'ray', 'DIGITS', 'mars', 'scikit-learn-intelex', 'catboost', 'LightGBM', 'dirty_cat', 'DrQA', 'haystack', 'emcee', 'pytorch', 'chainer', 'skll', 'PyTorchCV', 'lightning-bolts', 'CoreNLP', 'vispy', 'gradio', 'streamlit', 'dash', 'bentoml', 'xgboost', 'pymc', 'transformers', 'pgmpy', 'ViZDoom', 'numpy', 'pyss3', 'langflow', 'jProcessing', 'bigartm', 'DI-engine', 'vigra', 'blaze', 'caffe', 'zpar', 'typer', 'mlflow', 'scikit-learn', 'zipline', 'retro', 'determined', 'open-webui', 'jax', 'lambdo', 'mindsdb', 'ColossalAI', 'pyqtgraph', 'gensim', 'pebl', 'cortex', 'tensorflow', 'pydantic', 'danswerai', 'pytorch-lightning', 'DeepPavlov', 'pattern', 'rasa', 'bokeh', 'xlearn', 'pandas', 'deepchecks', 'ray', 'DIGITS', 'mars', 'scikit-learn-intelex', 'catboost', 'LightGBM', 'dirty_cat', 'DrQA', 'haystack', 'emcee', 'pytorch', 'chainer', 'skll', 'PyTorchCV', 'lightning-bolts', 'CoreNLP', 'vispy', 'gradio', 'streamlit', 'dash', 'bentoml', 'xgboost', 'pymc', 'transformers', 'pgmpy']"
70,base,1236,Improper Neutralization of Formula Elements in a CSV File,30,18,"['feast', 'superset', 'DI-engine', 'pandas', 'ray', 'DIGITS', 'dl-translate', 'feast', 'superset', 'DI-engine', 'pandas', 'ray', 'DIGITS', 'dl-translate']"
71,base,1240,Use of a Cryptographic Primitive with a Risky Implementation,9,15,"['lightly', 'langflow', 'couler', 'gradio', 'streamlit', 'mars', 'open-webui', 'danswerai', 'mlflow', 'determined', 'lightly', 'langflow', 'couler', 'gradio', 'streamlit', 'mars', 'open-webui', 'danswerai', 'mlflow', 'determined', 'lightly', 'langflow', 'couler', 'gradio', 'streamlit', 'mars', 'open-webui', 'danswerai', 'mlflow', 'determined']"
72,base,1246,Improper Write Handling in Limited-write Non-Volatile Memories,21,355,"['ViZDoom', 'numpy', 'pyss3', 'langflow', 'jProcessing', 'bigartm', 'DI-engine', 'vigra', 'blaze', 'caffe', 'zpar', 'typer', 'mlflow', 'scikit-learn', 'zipline', 'retro', 'determined', 'open-webui', 'jax', 'lambdo', 'mindsdb', 'ColossalAI', 'pyqtgraph', 'gensim', 'pebl', 'cortex', 'tensorflow', 'pydantic', 'danswerai', 'pytorch-lightning', 'DeepPavlov', 'pattern', 'rasa', 'bokeh', 'xlearn', 'pandas', 'deepchecks', 'ray', 'DIGITS', 'mars', 'scikit-learn-intelex', 'catboost', 'LightGBM', 'dirty_cat', 'DrQA', 'haystack', 'emcee', 'pytorch', 'chainer', 'skll', 'PyTorchCV', 'lightning-bolts', 'CoreNLP', 'vispy', 'gradio', 'streamlit', 'dash', 'bentoml', 'xgboost', 'pymc', 'transformers', 'pgmpy', 'ViZDoom', 'numpy', 'pyss3', 'langflow', 'jProcessing', 'bigartm', 'DI-engine', 'vigra', 'blaze', 'caffe', 'zpar', 'typer', 'mlflow', 'scikit-learn', 'zipline', 'retro', 'determined', 'open-webui', 'jax', 'lambdo', 'mindsdb', 'ColossalAI', 'pyqtgraph', 'gensim', 'pebl', 'cortex', 'tensorflow', 'pydantic', 'danswerai', 'pytorch-lightning', 'DeepPavlov', 'pattern', 'rasa', 'bokeh', 'xlearn', 'pandas', 'deepchecks', 'ray', 'DIGITS', 'mars', 'scikit-learn-intelex', 'catboost', 'LightGBM', 'dirty_cat', 'DrQA', 'haystack', 'emcee', 'pytorch', 'chainer', 'skll', 'PyTorchCV', 'lightning-bolts', 'CoreNLP', 'vispy', 'gradio', 'streamlit', 'dash', 'bentoml', 'xgboost', 'pymc', 'transformers', 'pgmpy', 'ViZDoom', 'numpy', 'pyss3', 'langflow', 'jProcessing', 'bigartm', 'DI-engine', 'vigra', 'blaze', 'caffe', 'zpar', 'typer', 'mlflow', 'scikit-learn', 'zipline', 'retro', 'determined', 'open-webui', 'jax', 'lambdo', 'mindsdb', 'ColossalAI', 'pyqtgraph', 'gensim', 'pebl', 'cortex', 'tensorflow', 'pydantic', 'danswerai', 'pytorch-lightning', 'DeepPavlov', 'pattern', 'rasa', 'bokeh', 'xlearn', 'pandas', 'deepchecks', 'ray', 'DIGITS', 'mars', 'scikit-learn-intelex', 'catboost', 'LightGBM', 'dirty_cat', 'DrQA', 'haystack', 'emcee', 'pytorch', 'chainer', 'skll', 'PyTorchCV', 'lightning-bolts', 'CoreNLP', 'vispy', 'gradio', 'streamlit', 'dash', 'bentoml', 'xgboost', 'pymc', 'transformers', 'pgmpy']"
73,base,1272,Sensitive Information Uncleared Before Debug/Power State Transition,14,59,"['aim', 'pyss3', 'langflow', 'mlflow', 'determined', 'jax', 'gan', 'ColossalAI', 'open-metric-learning', 'pytorch_geometric', 'pytorch-lightning', 'spaCy', 'sinabs', 'bokeh', 'ray', 'catboost', 'LightGBM', 'gradio', 'streamlit', 'transformers', 'bentoml', 'detectron2']"
74,base,1273,Device Unlock Credential Sharing,9,59,"['aim', 'pyss3', 'langflow', 'mlflow', 'determined', 'jax', 'gan', 'ColossalAI', 'open-metric-learning', 'pytorch_geometric', 'pytorch-lightning', 'spaCy', 'sinabs', 'bokeh', 'ray', 'catboost', 'LightGBM', 'gradio', 'streamlit', 'transformers', 'bentoml', 'detectron2']"
75,base,1284,Improper Validation of Specified Quantity in Input,110,182,"['lightly', 'ViZDoom', 'numpy', 'feast', 'langflow', 'mlflow', 'open-webui', 'retro', 'mindsdb', 'pydantic', 'nalp', 'danswerai', 'rasa', 'pattern', 'superset', 'bokeh', 'Auto_ViML', 'fastapi', 'spammy', 'ray', 'PySyft', 'pytensor', 'pytorch', 'gradio', 'streamlit', 'transformers', 'DIGITS', 'AutoViz', 'lightly', 'ViZDoom', 'numpy', 'feast', 'langflow', 'mlflow', 'open-webui', 'retro', 'mindsdb', 'pydantic', 'nalp', 'danswerai', 'rasa', 'pattern', 'superset', 'bokeh', 'Auto_ViML', 'fastapi', 'spammy', 'ray', 'PySyft', 'pytensor', 'pytorch', 'gradio', 'streamlit', 'transformers', 'DIGITS', 'AutoViz', 'lightly', 'ViZDoom', 'numpy', 'feast', 'langflow', 'mlflow', 'open-webui', 'retro', 'mindsdb', 'pydantic', 'nalp', 'danswerai', 'rasa', 'pattern', 'superset', 'bokeh', 'Auto_ViML', 'fastapi', 'spammy', 'ray', 'PySyft', 'pytensor', 'pytorch', 'gradio', 'streamlit', 'transformers', 'DIGITS', 'AutoViz', 'lightly', 'ViZDoom', 'numpy', 'feast', 'langflow', 'mlflow', 'open-webui', 'retro', 'mindsdb', 'pydantic', 'nalp', 'danswerai', 'rasa', 'pattern', 'superset', 'bokeh', 'Auto_ViML', 'fastapi', 'spammy', 'ray', 'PySyft', 'pytensor', 'pytorch', 'gradio', 'streamlit', 'transformers', 'DIGITS', 'AutoViz', 'lightly', 'ViZDoom', 'numpy', 'feast', 'langflow', 'mlflow', 'open-webui', 'retro', 'mindsdb', 'pydantic', 'nalp', 'danswerai', 'rasa', 'pattern', 'superset', 'bokeh', 'Auto_ViML', 'fastapi', 'spammy', 'ray', 'PySyft', 'pytensor', 'pytorch', 'gradio', 'streamlit', 'transformers', 'DIGITS', 'AutoViz', 'lightly', 'ViZDoom', 'numpy', 'feast', 'langflow', 'mlflow', 'open-webui', 'retro', 'mindsdb', 'pydantic', 'nalp', 'danswerai', 'rasa', 'pattern', 'superset', 'bokeh', 'Auto_ViML', 'fastapi', 'spammy', 'ray', 'PySyft', 'pytensor', 'pytorch', 'gradio', 'streamlit', 'transformers', 'DIGITS', 'AutoViz', 'lightly', 'ViZDoom', 'numpy', 'feast', 'langflow', 'mlflow', 'open-webui', 'retro', 'mindsdb', 'pydantic', 'nalp', 'danswerai', 'rasa', 'pattern', 'superset', 'bokeh', 'Auto_ViML', 'fastapi', 'spammy', 'ray', 'PySyft', 'pytensor', 'pytorch', 'gradio', 'streamlit', 'transformers', 'DIGITS', 'AutoViz', 'lightly', 'ViZDoom', 'numpy', 'feast', 'langflow', 'mlflow', 'open-webui', 'retro', 'mindsdb', 'pydantic', 'nalp', 'danswerai', 'rasa', 'pattern', 'superset', 'bokeh', 'Auto_ViML', 'fastapi', 'spammy', 'ray', 'PySyft', 'pytensor', 'pytorch', 'gradio', 'streamlit', 'transformers', 'DIGITS', 'AutoViz', 'lightly', 'ViZDoom', 'numpy', 'feast', 'langflow', 'mlflow', 'open-webui', 'retro', 'mindsdb', 'pydantic', 'nalp', 'danswerai', 'rasa', 'pattern', 'superset', 'bokeh', 'Auto_ViML', 'fastapi', 'spammy', 'ray', 'PySyft', 'pytensor', 'pytorch', 'gradio', 'streamlit', 'transformers', 'DIGITS', 'AutoViz', 'lightly', 'ViZDoom', 'numpy', 'feast', 'langflow', 'mlflow', 'open-webui', 'retro', 'mindsdb', 'pydantic', 'nalp', 'danswerai', 'rasa', 'pattern', 'superset', 'bokeh', 'Auto_ViML', 'fastapi', 'spammy', 'ray', 'PySyft', 'pytensor', 'pytorch', 'gradio', 'streamlit', 'transformers', 'DIGITS', 'AutoViz']"
76,base,1285,"Improper Validation of Specified Index, Position, or Offset in Input",25,91,"['lightly', 'ViZDoom', 'numpy', 'feast', 'langflow', 'mlflow', 'open-webui', 'retro', 'mindsdb', 'pydantic', 'nalp', 'danswerai', 'rasa', 'pattern', 'superset', 'bokeh', 'Auto_ViML', 'fastapi', 'spammy', 'ray', 'PySyft', 'pytensor', 'pytorch', 'gradio', 'streamlit', 'transformers', 'DIGITS', 'AutoViz', 'lightly', 'ViZDoom', 'numpy', 'feast', 'langflow', 'mlflow', 'open-webui', 'retro', 'mindsdb', 'pydantic', 'nalp', 'danswerai', 'rasa', 'pattern', 'superset', 'bokeh', 'Auto_ViML', 'fastapi', 'spammy', 'ray', 'PySyft', 'pytensor', 'pytorch', 'gradio', 'streamlit', 'transformers', 'DIGITS', 'AutoViz', 'lightly', 'ViZDoom', 'numpy', 'feast', 'langflow', 'mlflow', 'open-webui', 'retro', 'mindsdb', 'pydantic', 'nalp', 'danswerai', 'rasa', 'pattern', 'superset', 'bokeh', 'Auto_ViML', 'fastapi', 'spammy', 'ray', 'PySyft', 'pytensor', 'pytorch', 'gradio', 'streamlit', 'transformers', 'DIGITS', 'AutoViz', 'lightly', 'ViZDoom', 'numpy', 'feast', 'langflow', 'mlflow', 'open-webui', 'retro', 'mindsdb', 'pydantic', 'nalp', 'danswerai', 'rasa', 'pattern', 'superset', 'bokeh', 'Auto_ViML', 'fastapi', 'spammy', 'ray', 'PySyft', 'pytensor', 'pytorch', 'gradio', 'streamlit', 'transformers', 'DIGITS', 'AutoViz', 'lightly', 'ViZDoom', 'numpy', 'feast', 'langflow', 'mlflow', 'open-webui', 'retro', 'mindsdb', 'pydantic', 'nalp', 'danswerai', 'rasa', 'pattern', 'superset', 'bokeh', 'Auto_ViML', 'fastapi', 'spammy', 'ray', 'PySyft', 'pytensor', 'pytorch', 'gradio', 'streamlit', 'transformers', 'DIGITS', 'AutoViz']"
77,base,1286,Improper Validation of Syntactic Correctness of Input,30,91,"['lightly', 'ViZDoom', 'numpy', 'feast', 'langflow', 'mlflow', 'open-webui', 'retro', 'mindsdb', 'pydantic', 'nalp', 'danswerai', 'rasa', 'pattern', 'superset', 'bokeh', 'Auto_ViML', 'fastapi', 'spammy', 'ray', 'PySyft', 'pytensor', 'pytorch', 'gradio', 'streamlit', 'transformers', 'DIGITS', 'AutoViz', 'lightly', 'ViZDoom', 'numpy', 'feast', 'langflow', 'mlflow', 'open-webui', 'retro', 'mindsdb', 'pydantic', 'nalp', 'danswerai', 'rasa', 'pattern', 'superset', 'bokeh', 'Auto_ViML', 'fastapi', 'spammy', 'ray', 'PySyft', 'pytensor', 'pytorch', 'gradio', 'streamlit', 'transformers', 'DIGITS', 'AutoViz', 'lightly', 'ViZDoom', 'numpy', 'feast', 'langflow', 'mlflow', 'open-webui', 'retro', 'mindsdb', 'pydantic', 'nalp', 'danswerai', 'rasa', 'pattern', 'superset', 'bokeh', 'Auto_ViML', 'fastapi', 'spammy', 'ray', 'PySyft', 'pytensor', 'pytorch', 'gradio', 'streamlit', 'transformers', 'DIGITS', 'AutoViz', 'lightly', 'ViZDoom', 'numpy', 'feast', 'langflow', 'mlflow', 'open-webui', 'retro', 'mindsdb', 'pydantic', 'nalp', 'danswerai', 'rasa', 'pattern', 'superset', 'bokeh', 'Auto_ViML', 'fastapi', 'spammy', 'ray', 'PySyft', 'pytensor', 'pytorch', 'gradio', 'streamlit', 'transformers', 'DIGITS', 'AutoViz', 'lightly', 'ViZDoom', 'numpy', 'feast', 'langflow', 'mlflow', 'open-webui', 'retro', 'mindsdb', 'pydantic', 'nalp', 'danswerai', 'rasa', 'pattern', 'superset', 'bokeh', 'Auto_ViML', 'fastapi', 'spammy', 'ray', 'PySyft', 'pytensor', 'pytorch', 'gradio', 'streamlit', 'transformers', 'DIGITS', 'AutoViz']"
78,base,1287,Improper Validation of Specified Type of Input,35,91,"['lightly', 'ViZDoom', 'numpy', 'feast', 'langflow', 'mlflow', 'open-webui', 'retro', 'mindsdb', 'pydantic', 'nalp', 'danswerai', 'rasa', 'pattern', 'superset', 'bokeh', 'Auto_ViML', 'fastapi', 'spammy', 'ray', 'PySyft', 'pytensor', 'pytorch', 'gradio', 'streamlit', 'transformers', 'DIGITS', 'AutoViz', 'lightly', 'ViZDoom', 'numpy', 'feast', 'langflow', 'mlflow', 'open-webui', 'retro', 'mindsdb', 'pydantic', 'nalp', 'danswerai', 'rasa', 'pattern', 'superset', 'bokeh', 'Auto_ViML', 'fastapi', 'spammy', 'ray', 'PySyft', 'pytensor', 'pytorch', 'gradio', 'streamlit', 'transformers', 'DIGITS', 'AutoViz', 'lightly', 'ViZDoom', 'numpy', 'feast', 'langflow', 'mlflow', 'open-webui', 'retro', 'mindsdb', 'pydantic', 'nalp', 'danswerai', 'rasa', 'pattern', 'superset', 'bokeh', 'Auto_ViML', 'fastapi', 'spammy', 'ray', 'PySyft', 'pytensor', 'pytorch', 'gradio', 'streamlit', 'transformers', 'DIGITS', 'AutoViz', 'lightly', 'ViZDoom', 'numpy', 'feast', 'langflow', 'mlflow', 'open-webui', 'retro', 'mindsdb', 'pydantic', 'nalp', 'danswerai', 'rasa', 'pattern', 'superset', 'bokeh', 'Auto_ViML', 'fastapi', 'spammy', 'ray', 'PySyft', 'pytensor', 'pytorch', 'gradio', 'streamlit', 'transformers', 'DIGITS', 'AutoViz', 'lightly', 'ViZDoom', 'numpy', 'feast', 'langflow', 'mlflow', 'open-webui', 'retro', 'mindsdb', 'pydantic', 'nalp', 'danswerai', 'rasa', 'pattern', 'superset', 'bokeh', 'Auto_ViML', 'fastapi', 'spammy', 'ray', 'PySyft', 'pytensor', 'pytorch', 'gradio', 'streamlit', 'transformers', 'DIGITS', 'AutoViz']"
79,base,1288,Improper Validation of Consistency within Input,40,91,"['lightly', 'ViZDoom', 'numpy', 'feast', 'langflow', 'mlflow', 'open-webui', 'retro', 'mindsdb', 'pydantic', 'nalp', 'danswerai', 'rasa', 'pattern', 'superset', 'bokeh', 'Auto_ViML', 'fastapi', 'spammy', 'ray', 'PySyft', 'pytensor', 'pytorch', 'gradio', 'streamlit', 'transformers', 'DIGITS', 'AutoViz', 'lightly', 'ViZDoom', 'numpy', 'feast', 'langflow', 'mlflow', 'open-webui', 'retro', 'mindsdb', 'pydantic', 'nalp', 'danswerai', 'rasa', 'pattern', 'superset', 'bokeh', 'Auto_ViML', 'fastapi', 'spammy', 'ray', 'PySyft', 'pytensor', 'pytorch', 'gradio', 'streamlit', 'transformers', 'DIGITS', 'AutoViz', 'lightly', 'ViZDoom', 'numpy', 'feast', 'langflow', 'mlflow', 'open-webui', 'retro', 'mindsdb', 'pydantic', 'nalp', 'danswerai', 'rasa', 'pattern', 'superset', 'bokeh', 'Auto_ViML', 'fastapi', 'spammy', 'ray', 'PySyft', 'pytensor', 'pytorch', 'gradio', 'streamlit', 'transformers', 'DIGITS', 'AutoViz', 'lightly', 'ViZDoom', 'numpy', 'feast', 'langflow', 'mlflow', 'open-webui', 'retro', 'mindsdb', 'pydantic', 'nalp', 'danswerai', 'rasa', 'pattern', 'superset', 'bokeh', 'Auto_ViML', 'fastapi', 'spammy', 'ray', 'PySyft', 'pytensor', 'pytorch', 'gradio', 'streamlit', 'transformers', 'DIGITS', 'AutoViz', 'lightly', 'ViZDoom', 'numpy', 'feast', 'langflow', 'mlflow', 'open-webui', 'retro', 'mindsdb', 'pydantic', 'nalp', 'danswerai', 'rasa', 'pattern', 'superset', 'bokeh', 'Auto_ViML', 'fastapi', 'spammy', 'ray', 'PySyft', 'pytensor', 'pytorch', 'gradio', 'streamlit', 'transformers', 'DIGITS', 'AutoViz']"
80,base,1289,Improper Validation of Unsafe Equivalence in Input,45,91,"['lightly', 'ViZDoom', 'numpy', 'feast', 'langflow', 'mlflow', 'open-webui', 'retro', 'mindsdb', 'pydantic', 'nalp', 'danswerai', 'rasa', 'pattern', 'superset', 'bokeh', 'Auto_ViML', 'fastapi', 'spammy', 'ray', 'PySyft', 'pytensor', 'pytorch', 'gradio', 'streamlit', 'transformers', 'DIGITS', 'AutoViz', 'lightly', 'ViZDoom', 'numpy', 'feast', 'langflow', 'mlflow', 'open-webui', 'retro', 'mindsdb', 'pydantic', 'nalp', 'danswerai', 'rasa', 'pattern', 'superset', 'bokeh', 'Auto_ViML', 'fastapi', 'spammy', 'ray', 'PySyft', 'pytensor', 'pytorch', 'gradio', 'streamlit', 'transformers', 'DIGITS', 'AutoViz', 'lightly', 'ViZDoom', 'numpy', 'feast', 'langflow', 'mlflow', 'open-webui', 'retro', 'mindsdb', 'pydantic', 'nalp', 'danswerai', 'rasa', 'pattern', 'superset', 'bokeh', 'Auto_ViML', 'fastapi', 'spammy', 'ray', 'PySyft', 'pytensor', 'pytorch', 'gradio', 'streamlit', 'transformers', 'DIGITS', 'AutoViz', 'lightly', 'ViZDoom', 'numpy', 'feast', 'langflow', 'mlflow', 'open-webui', 'retro', 'mindsdb', 'pydantic', 'nalp', 'danswerai', 'rasa', 'pattern', 'superset', 'bokeh', 'Auto_ViML', 'fastapi', 'spammy', 'ray', 'PySyft', 'pytensor', 'pytorch', 'gradio', 'streamlit', 'transformers', 'DIGITS', 'AutoViz', 'lightly', 'ViZDoom', 'numpy', 'feast', 'langflow', 'mlflow', 'open-webui', 'retro', 'mindsdb', 'pydantic', 'nalp', 'danswerai', 'rasa', 'pattern', 'superset', 'bokeh', 'Auto_ViML', 'fastapi', 'spammy', 'ray', 'PySyft', 'pytensor', 'pytorch', 'gradio', 'streamlit', 'transformers', 'DIGITS', 'AutoViz']"
81,base,1295,Debug Messages Revealing Unnecessary Information,15,147,"['aim', 'pyss3', 'langflow', 'mlflow', 'determined', 'jax', 'gan', 'ColossalAI', 'open-metric-learning', 'pytorch_geometric', 'pytorch-lightning', 'spaCy', 'sinabs', 'bokeh', 'ray', 'catboost', 'LightGBM', 'gradio', 'streamlit', 'transformers', 'bentoml', 'detectron2', 'aim', 'feast', 'PySyft', 'langflow', 'mindsdb', 'ColossalAI', 'superset', 'danswerai', 'blaze', 'machine-learning', 'deepface', 'ray', 'gradio', 'dash', 'open-webui', 'DIGITS', 'mlflow', 'joliGEN']"
82,base,1336,Improper Neutralization of Special Elements Used in a Template Engine,4,132,"['cornac', 'FEDOT', 'numpy', 'pyod', 'pybrain', 'lifelines', 'cleanlab', 'couler', 'bigartm', 'DI-engine', 'vigra', 'annoy', 'catalyst', 'scikit-multiflow', 'zpar', 'ggpy', 'seaborn', 'open-webui', 'alibi-detect', 'notebook', 'gan', 'stellargraph', 'rockpool', 'lambdo', 'mindsdb', 'ColossalAI', 'pyqtgraph', 'pebl', 'tensorflow', 'mist', 'python-timbl', 'metric-learn', 'DeepPavlov', 'statsmodels', 'superset', 'xlearn', 'nupic.studio', 'breze', 'rgf', 'imbalanced-ensemble', 'recommenders', 'tpot', 'bytehub', 'catboost', 'alibi', 'segmentation_models', 'pytorch', 'chainer', 'deeppy', 'dash', 'streamlit', 'snips-nlu', 'DIGITS', 'scikit-image']"
83,base,1431,Driving Intermediate Cryptographic State/Results to Hardware Module Outputs,14,147,"['aim', 'pyss3', 'langflow', 'mlflow', 'determined', 'jax', 'gan', 'ColossalAI', 'open-metric-learning', 'pytorch_geometric', 'pytorch-lightning', 'spaCy', 'sinabs', 'bokeh', 'ray', 'catboost', 'LightGBM', 'gradio', 'streamlit', 'transformers', 'bentoml', 'detectron2', 'aim', 'feast', 'PySyft', 'langflow', 'mindsdb', 'ColossalAI', 'superset', 'danswerai', 'blaze', 'machine-learning', 'deepface', 'ray', 'gradio', 'dash', 'open-webui', 'DIGITS', 'mlflow', 'joliGEN']"
84,category,19,Data Processing Errors,2,17,"['mindsdb', 'langflow', 'superset', 'DIGITS', 'face_recognition', 'superset', 'transformers']"
85,category,137,Data Neutralization Issues,24,789,"['ViZDoom', 'numpy', 'aim', 'langflow', 'matplotlib', 'Spearmint', 'bigartm', 'DI-engine', 'blaze', 'catalyst', 'typer', 'nilearn', 'mlflow', 'zipline', 'determined', 'retro', 'rep', 'open-webui', 'jax', 'mindsdb', 'deeplake', 'pyqtgraph', 'gensim', 'cortex', 'tensorflow', 'PyStanfordDependencies', 'pydantic', 'mist', 'open-metric-learning', 'neuraltalk', 'danswerai', 'pytorch-lightning', 'shogun', 'rasa', 'loso', 'statsmodels', 'superset', 'bokeh', 'pytorch-image-models', 'ray', 'pynlpl', 'DIGITS', 'mlens', 'scikit-learn-intelex', 'mars', 'catboost', 'colibri-core', 'pytorch', 'deeppy', 'skll', 'gradio', 'streamlit', 'altair', 'bentoml', 'xgboost', 'dash', 'scikit-image', 'transformers', 'detectron2', 'ViZDoom', 'numpy', 'aim', 'langflow', 'matplotlib', 'Spearmint', 'bigartm', 'DI-engine', 'blaze', 'catalyst', 'typer', 'nilearn', 'mlflow', 'zipline', 'determined', 'retro', 'rep', 'open-webui', 'jax', 'mindsdb', 'deeplake', 'pyqtgraph', 'gensim', 'cortex', 'tensorflow', 'PyStanfordDependencies', 'pydantic', 'mist', 'open-metric-learning', 'neuraltalk', 'danswerai', 'pytorch-lightning', 'shogun', 'rasa', 'loso', 'statsmodels', 'superset', 'bokeh', 'pytorch-image-models', 'ray', 'pynlpl', 'DIGITS', 'mlens', 'scikit-learn-intelex', 'mars', 'catboost', 'colibri-core', 'pytorch', 'deeppy', 'skll', 'gradio', 'streamlit', 'altair', 'bentoml', 'xgboost', 'dash', 'scikit-image', 'transformers', 'detectron2', 'cornac', 'FEDOT', 'numpy', 'pyod', 'pybrain', 'lifelines', 'cleanlab', 'couler', 'bigartm', 'DI-engine', 'vigra', 'annoy', 'catalyst', 'scikit-multiflow', 'zpar', 'ggpy', 'seaborn', 'open-webui', 'alibi-detect', 'notebook', 'gan', 'stellargraph', 'rockpool', 'lambdo', 'mindsdb', 'ColossalAI', 'pyqtgraph', 'pebl', 'tensorflow', 'mist', 'python-timbl', 'metric-learn', 'DeepPavlov', 'statsmodels', 'superset', 'xlearn', 'nupic.studio', 'breze', 'rgf', 'imbalanced-ensemble', 'recommenders', 'tpot', 'bytehub', 'catboost', 'alibi', 'segmentation_models', 'pytorch', 'chainer', 'deeppy', 'dash', 'streamlit', 'snips-nlu', 'DIGITS', 'scikit-image', 'cornac', 'feast', 'mindsdb', 'bowtie', 'PyTorchCV', 'machine-learning', 'deepface', 'mars', 'DIGITS', 'mlflow', 'feast', 'mindsdb', 'deeplake', 'open-webui', 'danswerai', 'DeepPavlov', 'mlflow', 'determined', 'rasa']"
86,category,199,Information Management Errors,34,324,"['aim', 'feast', 'PySyft', 'langflow', 'mindsdb', 'ColossalAI', 'superset', 'danswerai', 'blaze', 'machine-learning', 'deepface', 'ray', 'gradio', 'dash', 'open-webui', 'DIGITS', 'mlflow', 'joliGEN', 'aim', 'feast', 'PySyft', 'langflow', 'mindsdb', 'ColossalAI', 'superset', 'danswerai', 'blaze', 'machine-learning', 'deepface', 'ray', 'gradio', 'dash', 'open-webui', 'DIGITS', 'mlflow', 'joliGEN', 'CompreFace', 'bokeh', 'caffe', 'xcessiv', 'face_recognition', 'feast', 'mindsdb', 'langflow', 'Neural', 'cortex', 'bokeh', 'danswerai', 'deepface', 'ray', 'gradio', 'open-webui', 'bentoml', 'comet-llm', 'typer', 'mlflow', 'determined', 'pattern', 'feast', 'mindsdb', 'langflow', 'Neural', 'cortex', 'bokeh', 'danswerai', 'deepface', 'ray', 'gradio', 'open-webui', 'bentoml', 'comet-llm', 'typer', 'mlflow', 'determined', 'pattern', 'feast', 'mindsdb', 'langflow', 'Neural', 'cortex', 'bokeh', 'danswerai', 'deepface', 'ray', 'gradio', 'open-webui', 'bentoml', 'comet-llm', 'typer', 'mlflow', 'determined', 'pattern', 'feast', 'mindsdb', 'langflow', 'Neural', 'cortex', 'bokeh', 'danswerai', 'deepface', 'ray', 'gradio', 'open-webui', 'bentoml', 'comet-llm', 'typer', 'mlflow', 'determined', 'pattern']"
87,category,254,7PK - Security Features,6,71,"['feast', 'mindsdb', 'langflow', 'Neural', 'cortex', 'bokeh', 'danswerai', 'deepface', 'ray', 'gradio', 'open-webui', 'bentoml', 'comet-llm', 'typer', 'mlflow', 'determined', 'pattern', 'feast', 'mindsdb', 'langflow', 'Neural', 'cortex', 'bokeh', 'danswerai', 'deepface', 'ray', 'gradio', 'open-webui', 'bentoml', 'comet-llm', 'typer', 'mlflow', 'determined', 'pattern']"
88,category,255,Credentials Management Errors,3,11,"['langflow', 'couler', 'gradio', 'streamlit', 'mars', 'danswerai', 'mlflow', 'determined']"
89,category,310,Cryptographic Issues,7,22,"['langflow', 'couler', 'gradio', 'streamlit', 'mars', 'danswerai', 'mlflow', 'determined', 'langflow', 'couler', 'gradio', 'streamlit', 'mars', 'danswerai', 'mlflow', 'determined']"
90,category,361,7PK - Time and State,3,19,"['lightly', 'nut', 'mindsdb', 'pytorch', 'gensim', 'tensorflow', 'DI-engine', 'python-timbl', 'transformers', 'bentoml', 'shogun', 'rasa']"
91,category,389,"Error Conditions, Return Values, Status Codes",9,88,"['aim', 'feast', 'PySyft', 'langflow', 'mindsdb', 'ColossalAI', 'superset', 'danswerai', 'blaze', 'machine-learning', 'deepface', 'ray', 'gradio', 'dash', 'open-webui', 'DIGITS', 'mlflow', 'joliGEN']"
92,category,399,Resource Management Errors,10,7757,"['cornac', 'FEDOT', 'feast', 'pyod', 'matplotlib', 'DI-engine', 'Sklearn-genetic-opt', 'determined', 'opfython', 'rep', 'lambdo', 'mindsdb', 'ColossalAI', 'pyqtgraph', 'hebel', 'PCV', 'tflearn', 'statsmodels', 'deepchecks', 'backprop', 'mars', 'NeuroNER', 'sentiment-analyzer', 'haystack', 'lightning-bolts', 'transformers', 'streamlit', 'lightwood', 'face_recognition', 'prodmodel', 'joliGEN', 'ViZDoom', 'pybrain', 'mlxtend', 'bigartm', 'skorch', 'catalyst', 'evostra', 'python-recsys', 'dl-translate', 'scikit-learn', 'river', 'pytorch-lightning', 'opytimizer', 'yalign', 'ray', 'DIGITS', 'alibi', 'LightGBM', 'xgboost', 'pytorch', 'PyTorchCV', 'polyglot', 'bentoml', 'pkuseg-python', 'numpy', 'jProcessing', 'cltk', 'miraiml', 'garage', 'zipline', 'alibi-detect', 'neural-style-pt', 'nut', 'tensorflow', 'pytorch-frame', 'DeepPavlov', 'rasa', 'igel', 'loso', 'machine-learning', 'autogluon', 'mlens', 'scikit-learn-intelex', 'catboost', 'keras-tuner', 'shapash', 'eurybia', 'neuropredict', 'DrQA', 'deeppy', 'pytorch_geometric_temporal', 'evidently', 'detectron2', 'lightly', 'jieba', 'cleanlab', 'Petrel', 'deepface', 'caffe', 'zpar', 'mlflow', 'TResNet', 'frouros', 'maze', 'pebl', 'open-metric-learning', 'pytorch_geometric', 'neuraltalk', 'mljar-supervised', 'bokeh', 'pytorch-image-models', 'segmentation_models.pytorch', 'simpleai', 'sentiment_classifier', 'recommenders', 'chefboost', 'snownlp', 'pytensor', 'chainer', 'skll', 'pandas', 'bolt', 'dedupe', 'neurolab', 'cornac', 'FEDOT', 'feast', 'aim', 'pyss3', 'matplotlib', 'lab', 'DI-engine', 'dtaidistance', 'seaborn', 'determined', 'retro', 'BioPy', 'CompreFace', 'lambdo', 'mindsdb', 'Metaworld', 'ColossalAI', 'pyqtgraph', 'gensim', 'hebel', 'textacy', 'statsmodels', 'xlearn', 'deepchecks', 'mars', 'NeuroNER', 'PySyft', 'scikit-survival', 'haystack', 'emcee', 'transformers', 'streamlit', 'lightwood', 'prodmodel', 'joliGEN', 'ViZDoom', 'pybrain', 'langflow', 'mlxtend', 'Spearmint', 'bigartm', 'skorch', 'vigra', 'blaze', 'catalyst', 'sktime', 'ggpy', 'python-recsys', 'scikit-learn', 'river', 'tesseract', 'pytorch-lightning', 'shogun', 'spaCy', 'yalign', 'ray', 'pynlpl', 'DIGITS', 'LightGBM', 'pytorch', 'PyTorchCV', 'dash', 'polyglot', 'pymc', 'bentoml', 'pkuseg-python', 'scikit-image', 'Gymnasium', 'numpy', 'jProcessing', 'cltk', 'garage', 'zipline', 'alibi-detect', 'xcessiv', 'neural-style-pt', 'nut', 'langfuse', 'optuna', 'deeplake', 'cortex', 'tensorflow', 'pytorch-frame', 'python-timbl', 'danswerai', 'DeepPavlov', 'rasa', 'igel', 'loso', 'SynapseML', 'machine-learning', 'autogluon', 'mlens', 'scikit-learn-intelex', 'catboost', 'somoclu', 'colibri-core', 'keras-tuner', 'neuropredict', 'dowel', 'DrQA', 'deeppy', 'neuraltalk2', 'altair', 'pgmpy', 'evidently', 'detectron2', 'lightly', 'jieba', 'cleanlab', 'Petrel', 'deepface', 'caffe', 'zpar', 'typer', 'nilearn', 'mlflow', 'open-webui', 'jax', 'stellargraph', 'maze', 'pebl', 'mlx', 'open-metric-learning', 'pytorch_geometric', 'neuraltalk', 'retinaface', 'mljar-supervised', 'superset', 'bokeh', 'pytorch-image-models', 'rosetta', 'recommenders', 'tpot', 'Parris', 'pytensor', 'chainer', 'skll', 'pandas', 'bolt', 'scikit-opt', 'vispy', 'gradio', 'CoreNLP', 'xgboost']"
93,category,417,Communication Channel Errors,1,82,"['lightly', 'numpy', 'langflow', 'matplotlib', 'deepface', 'mlflow', 'open-webui', 'determined', 'rep', 'mindsdb', 'ColossalAI', 'cortex', 'pytorch-frame', 'danswerai', 'DeepPavlov', 'rasa', 'tflearn', 'upgini', 'machine-learning', 'ray', 'keras-tuner', 'pandas', 'gradio', 'streamlit', 'transformers', 'DIGITS', 'scikit-image']"
94,category,485,7PK - Encapsulation,9,94,"['aim', 'feast', 'PySyft', 'langflow', 'mindsdb', 'ColossalAI', 'superset', 'danswerai', 'blaze', 'machine-learning', 'deepface', 'ray', 'gradio', 'dash', 'open-webui', 'DIGITS', 'mlflow', 'joliGEN', 'CompreFace', 'bokeh', 'caffe', 'xcessiv', 'face_recognition']"
95,category,712,OWASP Top Ten 2007 Category A1 - Cross Site Scripting (XSS),16,30,"['cornac', 'feast', 'mindsdb', 'bowtie', 'PyTorchCV', 'machine-learning', 'deepface', 'mars', 'DIGITS', 'mlflow']"
96,category,713,OWASP Top Ten 2007 Category A2 - Injection Flaws,9,27,"['feast', 'mindsdb', 'deeplake', 'open-webui', 'danswerai', 'DeepPavlov', 'mlflow', 'determined', 'rasa']"
97,category,714,OWASP Top Ten 2007 Category A3 - Malicious File Execution,10,432,"['ViZDoom', 'numpy', 'aim', 'langflow', 'matplotlib', 'Spearmint', 'bigartm', 'DI-engine', 'blaze', 'catalyst', 'typer', 'nilearn', 'mlflow', 'zipline', 'determined', 'retro', 'rep', 'open-webui', 'jax', 'mindsdb', 'deeplake', 'pyqtgraph', 'gensim', 'cortex', 'tensorflow', 'PyStanfordDependencies', 'pydantic', 'mist', 'open-metric-learning', 'neuraltalk', 'danswerai', 'pytorch-lightning', 'shogun', 'rasa', 'loso', 'statsmodels', 'superset', 'bokeh', 'pytorch-image-models', 'ray', 'pynlpl', 'DIGITS', 'mlens', 'scikit-learn-intelex', 'mars', 'catboost', 'colibri-core', 'pytorch', 'deeppy', 'skll', 'gradio', 'streamlit', 'altair', 'bentoml', 'xgboost', 'dash', 'scikit-image', 'transformers', 'detectron2', 'cornac', 'FEDOT', 'numpy', 'pyod', 'pybrain', 'lifelines', 'cleanlab', 'couler', 'bigartm', 'DI-engine', 'vigra', 'annoy', 'catalyst', 'scikit-multiflow', 'zpar', 'ggpy', 'seaborn', 'open-webui', 'alibi-detect', 'notebook', 'gan', 'stellargraph', 'rockpool', 'lambdo', 'mindsdb', 'ColossalAI', 'pyqtgraph', 'pebl', 'tensorflow', 'mist', 'python-timbl', 'metric-learn', 'DeepPavlov', 'statsmodels', 'superset', 'xlearn', 'nupic.studio', 'breze', 'rgf', 'imbalanced-ensemble', 'recommenders', 'tpot', 'bytehub', 'catboost', 'alibi', 'segmentation_models', 'pytorch', 'chainer', 'deeppy', 'dash', 'streamlit', 'snips-nlu', 'DIGITS', 'scikit-image']"
98,category,715,OWASP Top Ten 2007 Category A4 - Insecure Direct Object Reference,14,7057,"['cornac', 'FEDOT', 'feast', 'aim', 'pyss3', 'matplotlib', 'lab', 'DI-engine', 'dtaidistance', 'seaborn', 'determined', 'retro', 'BioPy', 'CompreFace', 'lambdo', 'mindsdb', 'Metaworld', 'ColossalAI', 'pyqtgraph', 'gensim', 'hebel', 'textacy', 'statsmodels', 'xlearn', 'deepchecks', 'mars', 'NeuroNER', 'PySyft', 'scikit-survival', 'haystack', 'emcee', 'transformers', 'streamlit', 'lightwood', 'prodmodel', 'joliGEN', 'ViZDoom', 'pybrain', 'langflow', 'mlxtend', 'Spearmint', 'bigartm', 'skorch', 'vigra', 'blaze', 'catalyst', 'sktime', 'ggpy', 'python-recsys', 'scikit-learn', 'river', 'tesseract', 'pytorch-lightning', 'shogun', 'spaCy', 'yalign', 'ray', 'pynlpl', 'DIGITS', 'LightGBM', 'pytorch', 'PyTorchCV', 'dash', 'polyglot', 'pymc', 'bentoml', 'pkuseg-python', 'scikit-image', 'Gymnasium', 'numpy', 'jProcessing', 'cltk', 'garage', 'zipline', 'alibi-detect', 'xcessiv', 'neural-style-pt', 'nut', 'langfuse', 'optuna', 'deeplake', 'cortex', 'tensorflow', 'pytorch-frame', 'python-timbl', 'danswerai', 'DeepPavlov', 'rasa', 'igel', 'loso', 'SynapseML', 'machine-learning', 'autogluon', 'mlens', 'scikit-learn-intelex', 'catboost', 'somoclu', 'colibri-core', 'keras-tuner', 'neuropredict', 'dowel', 'DrQA', 'deeppy', 'neuraltalk2', 'altair', 'pgmpy', 'evidently', 'detectron2', 'lightly', 'jieba', 'cleanlab', 'Petrel', 'deepface', 'caffe', 'zpar', 'typer', 'nilearn', 'mlflow', 'open-webui', 'jax', 'stellargraph', 'maze', 'pebl', 'mlx', 'open-metric-learning', 'pytorch_geometric', 'neuraltalk', 'retinaface', 'mljar-supervised', 'superset', 'bokeh', 'pytorch-image-models', 'rosetta', 'recommenders', 'tpot', 'Parris', 'pytensor', 'chainer', 'skll', 'pandas', 'bolt', 'scikit-opt', 'vispy', 'gradio', 'CoreNLP', 'xgboost']"
99,category,717,OWASP Top Ten 2007 Category A6 - Information Leakage and Improper Error Handling,35,153,"['aim', 'pyss3', 'langflow', 'mlflow', 'determined', 'jax', 'gan', 'ColossalAI', 'open-metric-learning', 'pytorch_geometric', 'pytorch-lightning', 'spaCy', 'sinabs', 'bokeh', 'ray', 'catboost', 'LightGBM', 'gradio', 'streamlit', 'transformers', 'bentoml', 'detectron2', 'aim', 'feast', 'PySyft', 'langflow', 'mindsdb', 'ColossalAI', 'superset', 'danswerai', 'blaze', 'machine-learning', 'deepface', 'ray', 'gradio', 'dash', 'open-webui', 'DIGITS', 'mlflow', 'joliGEN', 'CompreFace', 'bokeh', 'caffe', 'xcessiv', 'face_recognition']"
100,category,722,OWASP Top Ten 2004 Category A1 - Unvalidated Input,256,162,"['lightly', 'ViZDoom', 'numpy', 'feast', 'langflow', 'mlflow', 'open-webui', 'retro', 'mindsdb', 'pydantic', 'nalp', 'danswerai', 'rasa', 'pattern', 'superset', 'bokeh', 'Auto_ViML', 'fastapi', 'spammy', 'ray', 'PySyft', 'pytensor', 'pytorch', 'gradio', 'streamlit', 'transformers', 'DIGITS', 'AutoViz', 'lightly', 'ViZDoom', 'numpy', 'feast', 'langflow', 'mlflow', 'open-webui', 'retro', 'mindsdb', 'pydantic', 'nalp', 'danswerai', 'rasa', 'pattern', 'superset', 'bokeh', 'Auto_ViML', 'fastapi', 'spammy', 'ray', 'PySyft', 'pytensor', 'pytorch', 'gradio', 'streamlit', 'transformers', 'DIGITS', 'AutoViz', 'mindsdb', 'langflow', 'superset', 'DIGITS', 'face_recognition', 'lightly', 'ViZDoom', 'numpy', 'feast', 'langflow', 'mlflow', 'open-webui', 'retro', 'mindsdb', 'pydantic', 'nalp', 'danswerai', 'rasa', 'pattern', 'superset', 'bokeh', 'Auto_ViML', 'fastapi', 'spammy', 'ray', 'PySyft', 'pytensor', 'pytorch', 'gradio', 'streamlit', 'transformers', 'DIGITS', 'AutoViz', 'lightly', 'ViZDoom', 'numpy', 'feast', 'langflow', 'mlflow', 'open-webui', 'retro', 'mindsdb', 'pydantic', 'nalp', 'danswerai', 'rasa', 'pattern', 'superset', 'bokeh', 'Auto_ViML', 'fastapi', 'spammy', 'ray', 'PySyft', 'pytensor', 'pytorch', 'gradio', 'streamlit', 'transformers', 'DIGITS', 'AutoViz', 'lightly', 'ViZDoom', 'numpy', 'feast', 'langflow', 'mlflow', 'open-webui', 'retro', 'mindsdb', 'pydantic', 'nalp', 'danswerai', 'rasa', 'pattern', 'superset', 'bokeh', 'Auto_ViML', 'fastapi', 'spammy', 'ray', 'PySyft', 'pytensor', 'pytorch', 'gradio', 'streamlit', 'transformers', 'DIGITS', 'AutoViz', 'cornac', 'feast', 'mindsdb', 'bowtie', 'PyTorchCV', 'machine-learning', 'deepface', 'mars', 'DIGITS', 'mlflow', 'feast', 'mindsdb', 'deeplake', 'open-webui', 'danswerai', 'DeepPavlov', 'mlflow', 'determined', 'rasa']"
101,category,723,OWASP Top Ten 2004 Category A2 - Broken Access Control,26,14114,"['cornac', 'FEDOT', 'feast', 'aim', 'pyss3', 'matplotlib', 'lab', 'DI-engine', 'dtaidistance', 'seaborn', 'determined', 'retro', 'BioPy', 'CompreFace', 'lambdo', 'mindsdb', 'Metaworld', 'ColossalAI', 'pyqtgraph', 'gensim', 'hebel', 'textacy', 'statsmodels', 'xlearn', 'deepchecks', 'mars', 'NeuroNER', 'PySyft', 'scikit-survival', 'haystack', 'emcee', 'transformers', 'streamlit', 'lightwood', 'prodmodel', 'joliGEN', 'ViZDoom', 'pybrain', 'langflow', 'mlxtend', 'Spearmint', 'bigartm', 'skorch', 'vigra', 'blaze', 'catalyst', 'sktime', 'ggpy', 'python-recsys', 'scikit-learn', 'river', 'tesseract', 'pytorch-lightning', 'shogun', 'spaCy', 'yalign', 'ray', 'pynlpl', 'DIGITS', 'LightGBM', 'pytorch', 'PyTorchCV', 'dash', 'polyglot', 'pymc', 'bentoml', 'pkuseg-python', 'scikit-image', 'Gymnasium', 'numpy', 'jProcessing', 'cltk', 'garage', 'zipline', 'alibi-detect', 'xcessiv', 'neural-style-pt', 'nut', 'langfuse', 'optuna', 'deeplake', 'cortex', 'tensorflow', 'pytorch-frame', 'python-timbl', 'danswerai', 'DeepPavlov', 'rasa', 'igel', 'loso', 'SynapseML', 'machine-learning', 'autogluon', 'mlens', 'scikit-learn-intelex', 'catboost', 'somoclu', 'colibri-core', 'keras-tuner', 'neuropredict', 'dowel', 'DrQA', 'deeppy', 'neuraltalk2', 'altair', 'pgmpy', 'evidently', 'detectron2', 'lightly', 'jieba', 'cleanlab', 'Petrel', 'deepface', 'caffe', 'zpar', 'typer', 'nilearn', 'mlflow', 'open-webui', 'jax', 'stellargraph', 'maze', 'pebl', 'mlx', 'open-metric-learning', 'pytorch_geometric', 'neuraltalk', 'retinaface', 'mljar-supervised', 'superset', 'bokeh', 'pytorch-image-models', 'rosetta', 'recommenders', 'tpot', 'Parris', 'pytensor', 'chainer', 'skll', 'pandas', 'bolt', 'scikit-opt', 'vispy', 'gradio', 'CoreNLP', 'xgboost', 'cornac', 'FEDOT', 'feast', 'aim', 'pyss3', 'matplotlib', 'lab', 'DI-engine', 'dtaidistance', 'seaborn', 'determined', 'retro', 'BioPy', 'CompreFace', 'lambdo', 'mindsdb', 'Metaworld', 'ColossalAI', 'pyqtgraph', 'gensim', 'hebel', 'textacy', 'statsmodels', 'xlearn', 'deepchecks', 'mars', 'NeuroNER', 'PySyft', 'scikit-survival', 'haystack', 'emcee', 'transformers', 'streamlit', 'lightwood', 'prodmodel', 'joliGEN', 'ViZDoom', 'pybrain', 'langflow', 'mlxtend', 'Spearmint', 'bigartm', 'skorch', 'vigra', 'blaze', 'catalyst', 'sktime', 'ggpy', 'python-recsys', 'scikit-learn', 'river', 'tesseract', 'pytorch-lightning', 'shogun', 'spaCy', 'yalign', 'ray', 'pynlpl', 'DIGITS', 'LightGBM', 'pytorch', 'PyTorchCV', 'dash', 'polyglot', 'pymc', 'bentoml', 'pkuseg-python', 'scikit-image', 'Gymnasium', 'numpy', 'jProcessing', 'cltk', 'garage', 'zipline', 'alibi-detect', 'xcessiv', 'neural-style-pt', 'nut', 'langfuse', 'optuna', 'deeplake', 'cortex', 'tensorflow', 'pytorch-frame', 'python-timbl', 'danswerai', 'DeepPavlov', 'rasa', 'igel', 'loso', 'SynapseML', 'machine-learning', 'autogluon', 'mlens', 'scikit-learn-intelex', 'catboost', 'somoclu', 'colibri-core', 'keras-tuner', 'neuropredict', 'dowel', 'DrQA', 'deeppy', 'neuraltalk2', 'altair', 'pgmpy', 'evidently', 'detectron2', 'lightly', 'jieba', 'cleanlab', 'Petrel', 'deepface', 'caffe', 'zpar', 'typer', 'nilearn', 'mlflow', 'open-webui', 'jax', 'stellargraph', 'maze', 'pebl', 'mlx', 'open-metric-learning', 'pytorch_geometric', 'neuraltalk', 'retinaface', 'mljar-supervised', 'superset', 'bokeh', 'pytorch-image-models', 'rosetta', 'recommenders', 'tpot', 'Parris', 'pytensor', 'chainer', 'skll', 'pandas', 'bolt', 'scikit-opt', 'vispy', 'gradio', 'CoreNLP', 'xgboost']"
102,category,725,OWASP Top Ten 2004 Category A4 - Cross-Site Scripting (XSS) Flaws,18,30,"['cornac', 'feast', 'mindsdb', 'bowtie', 'PyTorchCV', 'machine-learning', 'deepface', 'mars', 'DIGITS', 'mlflow']"
103,category,727,OWASP Top Ten 2004 Category A6 - Injection Flaws,46,468,"['feast', 'superset', 'DI-engine', 'pandas', 'ray', 'DIGITS', 'dl-translate', 'ViZDoom', 'numpy', 'aim', 'langflow', 'matplotlib', 'Spearmint', 'bigartm', 'DI-engine', 'blaze', 'catalyst', 'typer', 'nilearn', 'mlflow', 'zipline', 'determined', 'retro', 'rep', 'open-webui', 'jax', 'mindsdb', 'deeplake', 'pyqtgraph', 'gensim', 'cortex', 'tensorflow', 'PyStanfordDependencies', 'pydantic', 'mist', 'open-metric-learning', 'neuraltalk', 'danswerai', 'pytorch-lightning', 'shogun', 'rasa', 'loso', 'statsmodels', 'superset', 'bokeh', 'pytorch-image-models', 'ray', 'pynlpl', 'DIGITS', 'mlens', 'scikit-learn-intelex', 'mars', 'catboost', 'colibri-core', 'pytorch', 'deeppy', 'skll', 'gradio', 'streamlit', 'altair', 'bentoml', 'xgboost', 'dash', 'scikit-image', 'transformers', 'detectron2', 'cornac', 'FEDOT', 'numpy', 'pyod', 'pybrain', 'lifelines', 'cleanlab', 'couler', 'bigartm', 'DI-engine', 'vigra', 'annoy', 'catalyst', 'scikit-multiflow', 'zpar', 'ggpy', 'seaborn', 'open-webui', 'alibi-detect', 'notebook', 'gan', 'stellargraph', 'rockpool', 'lambdo', 'mindsdb', 'ColossalAI', 'pyqtgraph', 'pebl', 'tensorflow', 'mist', 'python-timbl', 'metric-learn', 'DeepPavlov', 'statsmodels', 'superset', 'xlearn', 'nupic.studio', 'breze', 'rgf', 'imbalanced-ensemble', 'recommenders', 'tpot', 'bytehub', 'catboost', 'alibi', 'segmentation_models', 'pytorch', 'chainer', 'deeppy', 'dash', 'streamlit', 'snips-nlu', 'DIGITS', 'scikit-image', 'feast', 'mindsdb', 'deeplake', 'open-webui', 'danswerai', 'DeepPavlov', 'mlflow', 'determined', 'rasa']"
104,category,728,OWASP Top Ten 2004 Category A7 - Improper Error Handling,13,88,"['aim', 'feast', 'PySyft', 'langflow', 'mindsdb', 'ColossalAI', 'superset', 'danswerai', 'blaze', 'machine-learning', 'deepface', 'ray', 'gradio', 'dash', 'open-webui', 'DIGITS', 'mlflow', 'joliGEN']"
105,category,729,OWASP Top Ten 2004 Category A8 - Insecure Storage,30,15,"['lightly', 'langflow', 'couler', 'gradio', 'streamlit', 'mars', 'open-webui', 'danswerai', 'mlflow', 'determined', 'lightly', 'langflow', 'couler', 'gradio', 'streamlit', 'mars', 'open-webui', 'danswerai', 'mlflow', 'determined', 'lightly', 'langflow', 'couler', 'gradio', 'streamlit', 'mars', 'open-webui', 'danswerai', 'mlflow', 'determined']"
106,category,730,OWASP Top Ten 2004 Category A9 - Denial of Service,36,355,"['ViZDoom', 'numpy', 'pyss3', 'langflow', 'jProcessing', 'bigartm', 'DI-engine', 'vigra', 'blaze', 'caffe', 'zpar', 'typer', 'mlflow', 'scikit-learn', 'zipline', 'retro', 'determined', 'open-webui', 'jax', 'lambdo', 'mindsdb', 'ColossalAI', 'pyqtgraph', 'gensim', 'pebl', 'cortex', 'tensorflow', 'pydantic', 'danswerai', 'pytorch-lightning', 'DeepPavlov', 'pattern', 'rasa', 'bokeh', 'xlearn', 'pandas', 'deepchecks', 'ray', 'DIGITS', 'mars', 'scikit-learn-intelex', 'catboost', 'LightGBM', 'dirty_cat', 'DrQA', 'haystack', 'emcee', 'pytorch', 'chainer', 'skll', 'PyTorchCV', 'lightning-bolts', 'CoreNLP', 'vispy', 'gradio', 'streamlit', 'dash', 'bentoml', 'xgboost', 'pymc', 'transformers', 'pgmpy', 'ViZDoom', 'numpy', 'pyss3', 'langflow', 'jProcessing', 'bigartm', 'DI-engine', 'vigra', 'blaze', 'caffe', 'zpar', 'typer', 'mlflow', 'scikit-learn', 'zipline', 'retro', 'determined', 'open-webui', 'jax', 'lambdo', 'mindsdb', 'ColossalAI', 'pyqtgraph', 'gensim', 'pebl', 'cortex', 'tensorflow', 'pydantic', 'danswerai', 'pytorch-lightning', 'DeepPavlov', 'pattern', 'rasa', 'bokeh', 'xlearn', 'pandas', 'deepchecks', 'ray', 'DIGITS', 'mars', 'scikit-learn-intelex', 'catboost', 'LightGBM', 'dirty_cat', 'DrQA', 'haystack', 'emcee', 'pytorch', 'chainer', 'skll', 'PyTorchCV', 'lightning-bolts', 'CoreNLP', 'vispy', 'gradio', 'streamlit', 'dash', 'bentoml', 'xgboost', 'pymc', 'transformers', 'pgmpy', 'ViZDoom', 'numpy', 'pyss3', 'langflow', 'jProcessing', 'bigartm', 'DI-engine', 'vigra', 'blaze', 'caffe', 'zpar', 'typer', 'mlflow', 'scikit-learn', 'zipline', 'retro', 'determined', 'open-webui', 'jax', 'lambdo', 'mindsdb', 'ColossalAI', 'pyqtgraph', 'gensim', 'pebl', 'cortex', 'tensorflow', 'pydantic', 'danswerai', 'pytorch-lightning', 'DeepPavlov', 'pattern', 'rasa', 'bokeh', 'xlearn', 'pandas', 'deepchecks', 'ray', 'DIGITS', 'mars', 'scikit-learn-intelex', 'catboost', 'LightGBM', 'dirty_cat', 'DrQA', 'haystack', 'emcee', 'pytorch', 'chainer', 'skll', 'PyTorchCV', 'lightning-bolts', 'CoreNLP', 'vispy', 'gradio', 'streamlit', 'dash', 'bentoml', 'xgboost', 'pymc', 'transformers', 'pgmpy']"
107,category,731,OWASP Top Ten 2004 Category A10 - Insecure Configuration Management,36,160,"['aim', 'feast', 'PySyft', 'langflow', 'mindsdb', 'ColossalAI', 'superset', 'danswerai', 'blaze', 'machine-learning', 'deepface', 'ray', 'gradio', 'dash', 'open-webui', 'DIGITS', 'mlflow', 'joliGEN', 'CompreFace', 'bokeh', 'caffe', 'xcessiv', 'face_recognition', 'CompreFace', 'bokeh', 'caffe', 'xcessiv', 'face_recognition', 'ray', 'feast', 'langflow', 'cortex', 'bokeh', 'danswerai', 'deepface', 'ray', 'gradio', 'open-webui', 'comet-llm', 'typer', 'mlflow', 'determined', 'pattern']"
108,category,738,CERT C Secure Coding Standard (2008) Chapter 5 - Integers (INT),230,91,"['lightly', 'ViZDoom', 'numpy', 'feast', 'langflow', 'mlflow', 'open-webui', 'retro', 'mindsdb', 'pydantic', 'nalp', 'danswerai', 'rasa', 'pattern', 'superset', 'bokeh', 'Auto_ViML', 'fastapi', 'spammy', 'ray', 'PySyft', 'pytensor', 'pytorch', 'gradio', 'streamlit', 'transformers', 'DIGITS', 'AutoViz', 'lightly', 'ViZDoom', 'numpy', 'feast', 'langflow', 'mlflow', 'open-webui', 'retro', 'mindsdb', 'pydantic', 'nalp', 'danswerai', 'rasa', 'pattern', 'superset', 'bokeh', 'Auto_ViML', 'fastapi', 'spammy', 'ray', 'PySyft', 'pytensor', 'pytorch', 'gradio', 'streamlit', 'transformers', 'DIGITS', 'AutoViz', 'lightly', 'ViZDoom', 'numpy', 'feast', 'langflow', 'mlflow', 'open-webui', 'retro', 'mindsdb', 'pydantic', 'nalp', 'danswerai', 'rasa', 'pattern', 'superset', 'bokeh', 'Auto_ViML', 'fastapi', 'spammy', 'ray', 'PySyft', 'pytensor', 'pytorch', 'gradio', 'streamlit', 'transformers', 'DIGITS', 'AutoViz', 'lightly', 'ViZDoom', 'numpy', 'feast', 'langflow', 'mlflow', 'open-webui', 'retro', 'mindsdb', 'pydantic', 'nalp', 'danswerai', 'rasa', 'pattern', 'superset', 'bokeh', 'Auto_ViML', 'fastapi', 'spammy', 'ray', 'PySyft', 'pytensor', 'pytorch', 'gradio', 'streamlit', 'transformers', 'DIGITS', 'AutoViz', 'lightly', 'ViZDoom', 'numpy', 'feast', 'langflow', 'mlflow', 'open-webui', 'retro', 'mindsdb', 'pydantic', 'nalp', 'danswerai', 'rasa', 'pattern', 'superset', 'bokeh', 'Auto_ViML', 'fastapi', 'spammy', 'ray', 'PySyft', 'pytensor', 'pytorch', 'gradio', 'streamlit', 'transformers', 'DIGITS', 'AutoViz']"
109,category,741,CERT C Secure Coding Standard (2008) Chapter 8 - Characters and Strings (STR),16,600,"['ViZDoom', 'numpy', 'aim', 'langflow', 'matplotlib', 'Spearmint', 'bigartm', 'DI-engine', 'blaze', 'catalyst', 'typer', 'nilearn', 'mlflow', 'zipline', 'determined', 'retro', 'rep', 'open-webui', 'jax', 'mindsdb', 'deeplake', 'pyqtgraph', 'gensim', 'cortex', 'tensorflow', 'PyStanfordDependencies', 'pydantic', 'mist', 'open-metric-learning', 'neuraltalk', 'danswerai', 'pytorch-lightning', 'shogun', 'rasa', 'loso', 'statsmodels', 'superset', 'bokeh', 'pytorch-image-models', 'ray', 'pynlpl', 'DIGITS', 'mlens', 'scikit-learn-intelex', 'mars', 'catboost', 'colibri-core', 'pytorch', 'deeppy', 'skll', 'gradio', 'streamlit', 'altair', 'bentoml', 'xgboost', 'dash', 'scikit-image', 'transformers', 'detectron2', 'ViZDoom', 'numpy', 'aim', 'langflow', 'matplotlib', 'Spearmint', 'bigartm', 'DI-engine', 'blaze', 'catalyst', 'typer', 'nilearn', 'mlflow', 'zipline', 'determined', 'retro', 'rep', 'open-webui', 'jax', 'mindsdb', 'deeplake', 'pyqtgraph', 'gensim', 'cortex', 'tensorflow', 'PyStanfordDependencies', 'pydantic', 'mist', 'open-metric-learning', 'neuraltalk', 'danswerai', 'pytorch-lightning', 'shogun', 'rasa', 'loso', 'statsmodels', 'superset', 'bokeh', 'pytorch-image-models', 'ray', 'pynlpl', 'DIGITS', 'mlens', 'scikit-learn-intelex', 'mars', 'catboost', 'colibri-core', 'pytorch', 'deeppy', 'skll', 'gradio', 'streamlit', 'altair', 'bentoml', 'xgboost', 'dash', 'scikit-image', 'transformers', 'detectron2']"
110,category,742,CERT C Secure Coding Standard (2008) Chapter 9 - Memory Management (MEM),235,91,"['lightly', 'ViZDoom', 'numpy', 'feast', 'langflow', 'mlflow', 'open-webui', 'retro', 'mindsdb', 'pydantic', 'nalp', 'danswerai', 'rasa', 'pattern', 'superset', 'bokeh', 'Auto_ViML', 'fastapi', 'spammy', 'ray', 'PySyft', 'pytensor', 'pytorch', 'gradio', 'streamlit', 'transformers', 'DIGITS', 'AutoViz', 'lightly', 'ViZDoom', 'numpy', 'feast', 'langflow', 'mlflow', 'open-webui', 'retro', 'mindsdb', 'pydantic', 'nalp', 'danswerai', 'rasa', 'pattern', 'superset', 'bokeh', 'Auto_ViML', 'fastapi', 'spammy', 'ray', 'PySyft', 'pytensor', 'pytorch', 'gradio', 'streamlit', 'transformers', 'DIGITS', 'AutoViz', 'lightly', 'ViZDoom', 'numpy', 'feast', 'langflow', 'mlflow', 'open-webui', 'retro', 'mindsdb', 'pydantic', 'nalp', 'danswerai', 'rasa', 'pattern', 'superset', 'bokeh', 'Auto_ViML', 'fastapi', 'spammy', 'ray', 'PySyft', 'pytensor', 'pytorch', 'gradio', 'streamlit', 'transformers', 'DIGITS', 'AutoViz', 'lightly', 'ViZDoom', 'numpy', 'feast', 'langflow', 'mlflow', 'open-webui', 'retro', 'mindsdb', 'pydantic', 'nalp', 'danswerai', 'rasa', 'pattern', 'superset', 'bokeh', 'Auto_ViML', 'fastapi', 'spammy', 'ray', 'PySyft', 'pytensor', 'pytorch', 'gradio', 'streamlit', 'transformers', 'DIGITS', 'AutoViz', 'lightly', 'ViZDoom', 'numpy', 'feast', 'langflow', 'mlflow', 'open-webui', 'retro', 'mindsdb', 'pydantic', 'nalp', 'danswerai', 'rasa', 'pattern', 'superset', 'bokeh', 'Auto_ViML', 'fastapi', 'spammy', 'ray', 'PySyft', 'pytensor', 'pytorch', 'gradio', 'streamlit', 'transformers', 'DIGITS', 'AutoViz']"
111,category,743,CERT C Secure Coding Standard (2008) Chapter 10 - Input Output (FIO),16,7057,"['cornac', 'FEDOT', 'feast', 'aim', 'pyss3', 'matplotlib', 'lab', 'DI-engine', 'dtaidistance', 'seaborn', 'determined', 'retro', 'BioPy', 'CompreFace', 'lambdo', 'mindsdb', 'Metaworld', 'ColossalAI', 'pyqtgraph', 'gensim', 'hebel', 'textacy', 'statsmodels', 'xlearn', 'deepchecks', 'mars', 'NeuroNER', 'PySyft', 'scikit-survival', 'haystack', 'emcee', 'transformers', 'streamlit', 'lightwood', 'prodmodel', 'joliGEN', 'ViZDoom', 'pybrain', 'langflow', 'mlxtend', 'Spearmint', 'bigartm', 'skorch', 'vigra', 'blaze', 'catalyst', 'sktime', 'ggpy', 'python-recsys', 'scikit-learn', 'river', 'tesseract', 'pytorch-lightning', 'shogun', 'spaCy', 'yalign', 'ray', 'pynlpl', 'DIGITS', 'LightGBM', 'pytorch', 'PyTorchCV', 'dash', 'polyglot', 'pymc', 'bentoml', 'pkuseg-python', 'scikit-image', 'Gymnasium', 'numpy', 'jProcessing', 'cltk', 'garage', 'zipline', 'alibi-detect', 'xcessiv', 'neural-style-pt', 'nut', 'langfuse', 'optuna', 'deeplake', 'cortex', 'tensorflow', 'pytorch-frame', 'python-timbl', 'danswerai', 'DeepPavlov', 'rasa', 'igel', 'loso', 'SynapseML', 'machine-learning', 'autogluon', 'mlens', 'scikit-learn-intelex', 'catboost', 'somoclu', 'colibri-core', 'keras-tuner', 'neuropredict', 'dowel', 'DrQA', 'deeppy', 'neuraltalk2', 'altair', 'pgmpy', 'evidently', 'detectron2', 'lightly', 'jieba', 'cleanlab', 'Petrel', 'deepface', 'caffe', 'zpar', 'typer', 'nilearn', 'mlflow', 'open-webui', 'jax', 'stellargraph', 'maze', 'pebl', 'mlx', 'open-metric-learning', 'pytorch_geometric', 'neuraltalk', 'retinaface', 'mljar-supervised', 'superset', 'bokeh', 'pytorch-image-models', 'rosetta', 'recommenders', 'tpot', 'Parris', 'pytensor', 'chainer', 'skll', 'pandas', 'bolt', 'scikit-opt', 'vispy', 'gradio', 'CoreNLP', 'xgboost']"
112,category,744,CERT C Secure Coding Standard (2008) Chapter 11 - Environment (ENV),18,600,"['ViZDoom', 'numpy', 'aim', 'langflow', 'matplotlib', 'Spearmint', 'bigartm', 'DI-engine', 'blaze', 'catalyst', 'typer', 'nilearn', 'mlflow', 'zipline', 'determined', 'retro', 'rep', 'open-webui', 'jax', 'mindsdb', 'deeplake', 'pyqtgraph', 'gensim', 'cortex', 'tensorflow', 'PyStanfordDependencies', 'pydantic', 'mist', 'open-metric-learning', 'neuraltalk', 'danswerai', 'pytorch-lightning', 'shogun', 'rasa', 'loso', 'statsmodels', 'superset', 'bokeh', 'pytorch-image-models', 'ray', 'pynlpl', 'DIGITS', 'mlens', 'scikit-learn-intelex', 'mars', 'catboost', 'colibri-core', 'pytorch', 'deeppy', 'skll', 'gradio', 'streamlit', 'altair', 'bentoml', 'xgboost', 'dash', 'scikit-image', 'transformers', 'detectron2', 'ViZDoom', 'numpy', 'aim', 'langflow', 'matplotlib', 'Spearmint', 'bigartm', 'DI-engine', 'blaze', 'catalyst', 'typer', 'nilearn', 'mlflow', 'zipline', 'determined', 'retro', 'rep', 'open-webui', 'jax', 'mindsdb', 'deeplake', 'pyqtgraph', 'gensim', 'cortex', 'tensorflow', 'PyStanfordDependencies', 'pydantic', 'mist', 'open-metric-learning', 'neuraltalk', 'danswerai', 'pytorch-lightning', 'shogun', 'rasa', 'loso', 'statsmodels', 'superset', 'bokeh', 'pytorch-image-models', 'ray', 'pynlpl', 'DIGITS', 'mlens', 'scikit-learn-intelex', 'mars', 'catboost', 'colibri-core', 'pytorch', 'deeppy', 'skll', 'gradio', 'streamlit', 'altair', 'bentoml', 'xgboost', 'dash', 'scikit-image', 'transformers', 'detectron2']"
113,category,746,CERT C Secure Coding Standard (2008) Chapter 13 - Error Handling (ERR),240,91,"['lightly', 'ViZDoom', 'numpy', 'feast', 'langflow', 'mlflow', 'open-webui', 'retro', 'mindsdb', 'pydantic', 'nalp', 'danswerai', 'rasa', 'pattern', 'superset', 'bokeh', 'Auto_ViML', 'fastapi', 'spammy', 'ray', 'PySyft', 'pytensor', 'pytorch', 'gradio', 'streamlit', 'transformers', 'DIGITS', 'AutoViz', 'lightly', 'ViZDoom', 'numpy', 'feast', 'langflow', 'mlflow', 'open-webui', 'retro', 'mindsdb', 'pydantic', 'nalp', 'danswerai', 'rasa', 'pattern', 'superset', 'bokeh', 'Auto_ViML', 'fastapi', 'spammy', 'ray', 'PySyft', 'pytensor', 'pytorch', 'gradio', 'streamlit', 'transformers', 'DIGITS', 'AutoViz', 'lightly', 'ViZDoom', 'numpy', 'feast', 'langflow', 'mlflow', 'open-webui', 'retro', 'mindsdb', 'pydantic', 'nalp', 'danswerai', 'rasa', 'pattern', 'superset', 'bokeh', 'Auto_ViML', 'fastapi', 'spammy', 'ray', 'PySyft', 'pytensor', 'pytorch', 'gradio', 'streamlit', 'transformers', 'DIGITS', 'AutoViz', 'lightly', 'ViZDoom', 'numpy', 'feast', 'langflow', 'mlflow', 'open-webui', 'retro', 'mindsdb', 'pydantic', 'nalp', 'danswerai', 'rasa', 'pattern', 'superset', 'bokeh', 'Auto_ViML', 'fastapi', 'spammy', 'ray', 'PySyft', 'pytensor', 'pytorch', 'gradio', 'streamlit', 'transformers', 'DIGITS', 'AutoViz', 'lightly', 'ViZDoom', 'numpy', 'feast', 'langflow', 'mlflow', 'open-webui', 'retro', 'mindsdb', 'pydantic', 'nalp', 'danswerai', 'rasa', 'pattern', 'superset', 'bokeh', 'Auto_ViML', 'fastapi', 'spammy', 'ray', 'PySyft', 'pytensor', 'pytorch', 'gradio', 'streamlit', 'transformers', 'DIGITS', 'AutoViz']"
114,category,747,CERT C Secure Coding Standard (2008) Chapter 14 - Miscellaneous (MSC),245,91,"['lightly', 'ViZDoom', 'numpy', 'feast', 'langflow', 'mlflow', 'open-webui', 'retro', 'mindsdb', 'pydantic', 'nalp', 'danswerai', 'rasa', 'pattern', 'superset', 'bokeh', 'Auto_ViML', 'fastapi', 'spammy', 'ray', 'PySyft', 'pytensor', 'pytorch', 'gradio', 'streamlit', 'transformers', 'DIGITS', 'AutoViz', 'lightly', 'ViZDoom', 'numpy', 'feast', 'langflow', 'mlflow', 'open-webui', 'retro', 'mindsdb', 'pydantic', 'nalp', 'danswerai', 'rasa', 'pattern', 'superset', 'bokeh', 'Auto_ViML', 'fastapi', 'spammy', 'ray', 'PySyft', 'pytensor', 'pytorch', 'gradio', 'streamlit', 'transformers', 'DIGITS', 'AutoViz', 'lightly', 'ViZDoom', 'numpy', 'feast', 'langflow', 'mlflow', 'open-webui', 'retro', 'mindsdb', 'pydantic', 'nalp', 'danswerai', 'rasa', 'pattern', 'superset', 'bokeh', 'Auto_ViML', 'fastapi', 'spammy', 'ray', 'PySyft', 'pytensor', 'pytorch', 'gradio', 'streamlit', 'transformers', 'DIGITS', 'AutoViz', 'lightly', 'ViZDoom', 'numpy', 'feast', 'langflow', 'mlflow', 'open-webui', 'retro', 'mindsdb', 'pydantic', 'nalp', 'danswerai', 'rasa', 'pattern', 'superset', 'bokeh', 'Auto_ViML', 'fastapi', 'spammy', 'ray', 'PySyft', 'pytensor', 'pytorch', 'gradio', 'streamlit', 'transformers', 'DIGITS', 'AutoViz', 'lightly', 'ViZDoom', 'numpy', 'feast', 'langflow', 'mlflow', 'open-webui', 'retro', 'mindsdb', 'pydantic', 'nalp', 'danswerai', 'rasa', 'pattern', 'superset', 'bokeh', 'Auto_ViML', 'fastapi', 'spammy', 'ray', 'PySyft', 'pytensor', 'pytorch', 'gradio', 'streamlit', 'transformers', 'DIGITS', 'AutoViz']"
115,category,751,2009 Top 25 - Insecure Interaction Between Components,329,701,"['lightly', 'ViZDoom', 'numpy', 'feast', 'langflow', 'mlflow', 'open-webui', 'retro', 'mindsdb', 'pydantic', 'nalp', 'danswerai', 'rasa', 'pattern', 'superset', 'bokeh', 'Auto_ViML', 'fastapi', 'spammy', 'ray', 'PySyft', 'pytensor', 'pytorch', 'gradio', 'streamlit', 'transformers', 'DIGITS', 'AutoViz', 'lightly', 'ViZDoom', 'numpy', 'feast', 'langflow', 'mlflow', 'open-webui', 'retro', 'mindsdb', 'pydantic', 'nalp', 'danswerai', 'rasa', 'pattern', 'superset', 'bokeh', 'Auto_ViML', 'fastapi', 'spammy', 'ray', 'PySyft', 'pytensor', 'pytorch', 'gradio', 'streamlit', 'transformers', 'DIGITS', 'AutoViz', 'aim', 'feast', 'PySyft', 'langflow', 'mindsdb', 'ColossalAI', 'superset', 'danswerai', 'blaze', 'machine-learning', 'deepface', 'ray', 'gradio', 'dash', 'open-webui', 'DIGITS', 'mlflow', 'joliGEN', 'ViZDoom', 'numpy', 'aim', 'langflow', 'matplotlib', 'Spearmint', 'bigartm', 'DI-engine', 'blaze', 'catalyst', 'typer', 'nilearn', 'mlflow', 'zipline', 'determined', 'retro', 'rep', 'open-webui', 'jax', 'mindsdb', 'deeplake', 'pyqtgraph', 'gensim', 'cortex', 'tensorflow', 'PyStanfordDependencies', 'pydantic', 'mist', 'open-metric-learning', 'neuraltalk', 'danswerai', 'pytorch-lightning', 'shogun', 'rasa', 'loso', 'statsmodels', 'superset', 'bokeh', 'pytorch-image-models', 'ray', 'pynlpl', 'DIGITS', 'mlens', 'scikit-learn-intelex', 'mars', 'catboost', 'colibri-core', 'pytorch', 'deeppy', 'skll', 'gradio', 'streamlit', 'altair', 'bentoml', 'xgboost', 'dash', 'scikit-image', 'transformers', 'detectron2', 'cornac', 'FEDOT', 'numpy', 'feast', 'pyod', 'pybrain', 'lifelines', 'cleanlab', 'couler', 'bowtie', 'bigartm', 'DI-engine', 'vigra', 'annoy', 'deepface', 'catalyst', 'scikit-multiflow', 'zpar', 'ggpy', 'seaborn', 'mlflow', 'alibi-detect', 'open-webui', 'notebook', 'gan', 'stellargraph', 'rockpool', 'lambdo', 'mindsdb', 'ColossalAI', 'pyqtgraph', 'pebl', 'tensorflow', 'mist', 'python-timbl', 'metric-learn', 'DeepPavlov', 'statsmodels', 'superset', 'xlearn', 'nupic.studio', 'breze', 'machine-learning', 'rgf', 'imbalanced-ensemble', 'recommenders', 'mars', 'bytehub', 'tpot', 'catboost', 'alibi', 'segmentation_models', 'pytorch', 'chainer', 'deeppy', 'PyTorchCV', 'dash', 'streamlit', 'snips-nlu', 'transformers', 'DIGITS', 'scikit-image', 'lightly', 'ViZDoom', 'numpy', 'feast', 'langflow', 'mlflow', 'open-webui', 'retro', 'mindsdb', 'pydantic', 'nalp', 'danswerai', 'rasa', 'pattern', 'superset', 'bokeh', 'Auto_ViML', 'fastapi', 'spammy', 'ray', 'PySyft', 'pytensor', 'pytorch', 'gradio', 'streamlit', 'transformers', 'DIGITS', 'AutoViz', 'cornac', 'FEDOT', 'numpy', 'feast', 'pyod', 'pybrain', 'lifelines', 'cleanlab', 'couler', 'bowtie', 'bigartm', 'DI-engine', 'vigra', 'annoy', 'deepface', 'catalyst', 'scikit-multiflow', 'zpar', 'ggpy', 'seaborn', 'mlflow', 'alibi-detect', 'open-webui', 'notebook', 'gan', 'stellargraph', 'rockpool', 'lambdo', 'mindsdb', 'ColossalAI', 'pyqtgraph', 'pebl', 'tensorflow', 'mist', 'python-timbl', 'metric-learn', 'DeepPavlov', 'statsmodels', 'superset', 'xlearn', 'nupic.studio', 'breze', 'machine-learning', 'rgf', 'imbalanced-ensemble', 'recommenders', 'mars', 'bytehub', 'tpot', 'catboost', 'alibi', 'segmentation_models', 'pytorch', 'chainer', 'deeppy', 'PyTorchCV', 'dash', 'streamlit', 'snips-nlu', 'transformers', 'DIGITS', 'scikit-image', 'lightly', 'ViZDoom', 'numpy', 'feast', 'langflow', 'mlflow', 'open-webui', 'retro', 'mindsdb', 'pydantic', 'nalp', 'danswerai', 'rasa', 'pattern', 'superset', 'bokeh', 'Auto_ViML', 'fastapi', 'spammy', 'ray', 'PySyft', 'pytensor', 'pytorch', 'gradio', 'streamlit', 'transformers', 'DIGITS', 'AutoViz', 'lightly', 'ViZDoom', 'numpy', 'feast', 'langflow', 'mlflow', 'open-webui', 'retro', 'mindsdb', 'pydantic', 'nalp', 'danswerai', 'rasa', 'pattern', 'superset', 'bokeh', 'Auto_ViML', 'fastapi', 'spammy', 'ray', 'PySyft', 'pytensor', 'pytorch', 'gradio', 'streamlit', 'transformers', 'DIGITS', 'AutoViz', 'cornac', 'feast', 'mindsdb', 'bowtie', 'PyTorchCV', 'machine-learning', 'deepface', 'mars', 'DIGITS', 'mlflow', 'cornac', 'FEDOT', 'numpy', 'feast', 'pyod', 'pybrain', 'lifelines', 'cleanlab', 'couler', 'bowtie', 'bigartm', 'DI-engine', 'vigra', 'annoy', 'deepface', 'catalyst', 'scikit-multiflow', 'zpar', 'ggpy', 'seaborn', 'mlflow', 'alibi-detect', 'open-webui', 'notebook', 'gan', 'stellargraph', 'rockpool', 'lambdo', 'mindsdb', 'ColossalAI', 'pyqtgraph', 'pebl', 'tensorflow', 'mist', 'python-timbl', 'metric-learn', 'DeepPavlov', 'statsmodels', 'superset', 'xlearn', 'nupic.studio', 'breze', 'machine-learning', 'rgf', 'imbalanced-ensemble', 'recommenders', 'mars', 'bytehub', 'tpot', 'catboost', 'alibi', 'segmentation_models', 'pytorch', 'chainer', 'deeppy', 'PyTorchCV', 'dash', 'streamlit', 'snips-nlu', 'transformers', 'DIGITS', 'scikit-image', 'feast', 'mindsdb', 'deeplake', 'open-webui', 'danswerai', 'DeepPavlov', 'mlflow', 'determined', 'rasa']"
116,category,752,2009 Top 25 - Risky Resource Management,22,7189,"['cornac', 'FEDOT', 'numpy', 'pyod', 'pybrain', 'lifelines', 'cleanlab', 'couler', 'bigartm', 'DI-engine', 'vigra', 'annoy', 'catalyst', 'scikit-multiflow', 'zpar', 'ggpy', 'seaborn', 'open-webui', 'alibi-detect', 'notebook', 'gan', 'stellargraph', 'rockpool', 'lambdo', 'mindsdb', 'ColossalAI', 'pyqtgraph', 'pebl', 'tensorflow', 'mist', 'python-timbl', 'metric-learn', 'DeepPavlov', 'statsmodels', 'superset', 'xlearn', 'nupic.studio', 'breze', 'rgf', 'imbalanced-ensemble', 'recommenders', 'tpot', 'bytehub', 'catboost', 'alibi', 'segmentation_models', 'pytorch', 'chainer', 'deeppy', 'dash', 'streamlit', 'snips-nlu', 'DIGITS', 'scikit-image', 'cornac', 'FEDOT', 'feast', 'aim', 'pyss3', 'matplotlib', 'lab', 'DI-engine', 'dtaidistance', 'seaborn', 'determined', 'retro', 'BioPy', 'CompreFace', 'lambdo', 'mindsdb', 'Metaworld', 'ColossalAI', 'pyqtgraph', 'gensim', 'hebel', 'textacy', 'statsmodels', 'xlearn', 'deepchecks', 'mars', 'NeuroNER', 'PySyft', 'scikit-survival', 'haystack', 'emcee', 'transformers', 'streamlit', 'lightwood', 'prodmodel', 'joliGEN', 'ViZDoom', 'pybrain', 'langflow', 'mlxtend', 'Spearmint', 'bigartm', 'skorch', 'vigra', 'blaze', 'catalyst', 'sktime', 'ggpy', 'python-recsys', 'scikit-learn', 'river', 'tesseract', 'pytorch-lightning', 'shogun', 'spaCy', 'yalign', 'ray', 'pynlpl', 'DIGITS', 'LightGBM', 'pytorch', 'PyTorchCV', 'dash', 'polyglot', 'pymc', 'bentoml', 'pkuseg-python', 'scikit-image', 'Gymnasium', 'numpy', 'jProcessing', 'cltk', 'garage', 'zipline', 'alibi-detect', 'xcessiv', 'neural-style-pt', 'nut', 'langfuse', 'optuna', 'deeplake', 'cortex', 'tensorflow', 'pytorch-frame', 'python-timbl', 'danswerai', 'DeepPavlov', 'rasa', 'igel', 'loso', 'SynapseML', 'machine-learning', 'autogluon', 'mlens', 'scikit-learn-intelex', 'catboost', 'somoclu', 'colibri-core', 'keras-tuner', 'neuropredict', 'dowel', 'DrQA', 'deeppy', 'neuraltalk2', 'altair', 'pgmpy', 'evidently', 'detectron2', 'lightly', 'jieba', 'cleanlab', 'Petrel', 'deepface', 'caffe', 'zpar', 'typer', 'nilearn', 'mlflow', 'open-webui', 'jax', 'stellargraph', 'maze', 'pebl', 'mlx', 'open-metric-learning', 'pytorch_geometric', 'neuraltalk', 'retinaface', 'mljar-supervised', 'superset', 'bokeh', 'pytorch-image-models', 'rosetta', 'recommenders', 'tpot', 'Parris', 'pytensor', 'chainer', 'skll', 'pandas', 'bolt', 'scikit-opt', 'vispy', 'gradio', 'CoreNLP', 'xgboost']"
117,category,753,2009 Top 25 - Porous Defenses,33,15,"['lightly', 'langflow', 'couler', 'gradio', 'streamlit', 'mars', 'open-webui', 'danswerai', 'mlflow', 'determined', 'lightly', 'langflow', 'couler', 'gradio', 'streamlit', 'mars', 'open-webui', 'danswerai', 'mlflow', 'determined', 'lightly', 'langflow', 'couler', 'gradio', 'streamlit', 'mars', 'open-webui', 'danswerai', 'mlflow', 'determined']"
118,category,801,2010 Top 25 - Insecure Interaction Between Components,67,459,"['aim', 'feast', 'PySyft', 'langflow', 'mindsdb', 'ColossalAI', 'superset', 'danswerai', 'blaze', 'machine-learning', 'deepface', 'ray', 'gradio', 'dash', 'open-webui', 'DIGITS', 'mlflow', 'joliGEN', 'mindsdb', 'langflow', 'superset', 'DIGITS', 'face_recognition', 'ViZDoom', 'numpy', 'aim', 'langflow', 'matplotlib', 'Spearmint', 'bigartm', 'DI-engine', 'blaze', 'catalyst', 'typer', 'nilearn', 'mlflow', 'zipline', 'determined', 'retro', 'rep', 'open-webui', 'jax', 'mindsdb', 'deeplake', 'pyqtgraph', 'gensim', 'cortex', 'tensorflow', 'PyStanfordDependencies', 'pydantic', 'mist', 'open-metric-learning', 'neuraltalk', 'danswerai', 'pytorch-lightning', 'shogun', 'rasa', 'loso', 'statsmodels', 'superset', 'bokeh', 'pytorch-image-models', 'ray', 'pynlpl', 'DIGITS', 'mlens', 'scikit-learn-intelex', 'mars', 'catboost', 'colibri-core', 'pytorch', 'deeppy', 'skll', 'gradio', 'streamlit', 'altair', 'bentoml', 'xgboost', 'dash', 'scikit-image', 'transformers', 'detectron2', 'cornac', 'feast', 'mindsdb', 'bowtie', 'PyTorchCV', 'machine-learning', 'deepface', 'mars', 'DIGITS', 'mlflow', 'feast', 'mindsdb', 'deeplake', 'open-webui', 'danswerai', 'DeepPavlov', 'mlflow', 'determined', 'rasa']"
119,category,802,2010 Top 25 - Risky Resource Management,17,7057,"['cornac', 'FEDOT', 'feast', 'aim', 'pyss3', 'matplotlib', 'lab', 'DI-engine', 'dtaidistance', 'seaborn', 'determined', 'retro', 'BioPy', 'CompreFace', 'lambdo', 'mindsdb', 'Metaworld', 'ColossalAI', 'pyqtgraph', 'gensim', 'hebel', 'textacy', 'statsmodels', 'xlearn', 'deepchecks', 'mars', 'NeuroNER', 'PySyft', 'scikit-survival', 'haystack', 'emcee', 'transformers', 'streamlit', 'lightwood', 'prodmodel', 'joliGEN', 'ViZDoom', 'pybrain', 'langflow', 'mlxtend', 'Spearmint', 'bigartm', 'skorch', 'vigra', 'blaze', 'catalyst', 'sktime', 'ggpy', 'python-recsys', 'scikit-learn', 'river', 'tesseract', 'pytorch-lightning', 'shogun', 'spaCy', 'yalign', 'ray', 'pynlpl', 'DIGITS', 'LightGBM', 'pytorch', 'PyTorchCV', 'dash', 'polyglot', 'pymc', 'bentoml', 'pkuseg-python', 'scikit-image', 'Gymnasium', 'numpy', 'jProcessing', 'cltk', 'garage', 'zipline', 'alibi-detect', 'xcessiv', 'neural-style-pt', 'nut', 'langfuse', 'optuna', 'deeplake', 'cortex', 'tensorflow', 'pytorch-frame', 'python-timbl', 'danswerai', 'DeepPavlov', 'rasa', 'igel', 'loso', 'SynapseML', 'machine-learning', 'autogluon', 'mlens', 'scikit-learn-intelex', 'catboost', 'somoclu', 'colibri-core', 'keras-tuner', 'neuropredict', 'dowel', 'DrQA', 'deeppy', 'neuraltalk2', 'altair', 'pgmpy', 'evidently', 'detectron2', 'lightly', 'jieba', 'cleanlab', 'Petrel', 'deepface', 'caffe', 'zpar', 'typer', 'nilearn', 'mlflow', 'open-webui', 'jax', 'stellargraph', 'maze', 'pebl', 'mlx', 'open-metric-learning', 'pytorch_geometric', 'neuraltalk', 'retinaface', 'mljar-supervised', 'superset', 'bokeh', 'pytorch-image-models', 'rosetta', 'recommenders', 'tpot', 'Parris', 'pytensor', 'chainer', 'skll', 'pandas', 'bolt', 'scikit-opt', 'vispy', 'gradio', 'CoreNLP', 'xgboost']"
120,category,803,2010 Top 25 - Porous Defenses,36,15,"['lightly', 'langflow', 'couler', 'gradio', 'streamlit', 'mars', 'open-webui', 'danswerai', 'mlflow', 'determined', 'lightly', 'langflow', 'couler', 'gradio', 'streamlit', 'mars', 'open-webui', 'danswerai', 'mlflow', 'determined', 'lightly', 'langflow', 'couler', 'gradio', 'streamlit', 'mars', 'open-webui', 'danswerai', 'mlflow', 'determined']"
121,category,810,OWASP Top Ten 2010 Category A1 - Injection,36,627,"['ViZDoom', 'numpy', 'aim', 'langflow', 'matplotlib', 'Spearmint', 'bigartm', 'DI-engine', 'blaze', 'catalyst', 'typer', 'nilearn', 'mlflow', 'zipline', 'determined', 'retro', 'rep', 'open-webui', 'jax', 'mindsdb', 'deeplake', 'pyqtgraph', 'gensim', 'cortex', 'tensorflow', 'PyStanfordDependencies', 'pydantic', 'mist', 'open-metric-learning', 'neuraltalk', 'danswerai', 'pytorch-lightning', 'shogun', 'rasa', 'loso', 'statsmodels', 'superset', 'bokeh', 'pytorch-image-models', 'ray', 'pynlpl', 'DIGITS', 'mlens', 'scikit-learn-intelex', 'mars', 'catboost', 'colibri-core', 'pytorch', 'deeppy', 'skll', 'gradio', 'streamlit', 'altair', 'bentoml', 'xgboost', 'dash', 'scikit-image', 'transformers', 'detectron2', 'ViZDoom', 'numpy', 'aim', 'langflow', 'matplotlib', 'Spearmint', 'bigartm', 'DI-engine', 'blaze', 'catalyst', 'typer', 'nilearn', 'mlflow', 'zipline', 'determined', 'retro', 'rep', 'open-webui', 'jax', 'mindsdb', 'deeplake', 'pyqtgraph', 'gensim', 'cortex', 'tensorflow', 'PyStanfordDependencies', 'pydantic', 'mist', 'open-metric-learning', 'neuraltalk', 'danswerai', 'pytorch-lightning', 'shogun', 'rasa', 'loso', 'statsmodels', 'superset', 'bokeh', 'pytorch-image-models', 'ray', 'pynlpl', 'DIGITS', 'mlens', 'scikit-learn-intelex', 'mars', 'catboost', 'colibri-core', 'pytorch', 'deeppy', 'skll', 'gradio', 'streamlit', 'altair', 'bentoml', 'xgboost', 'dash', 'scikit-image', 'transformers', 'detectron2', 'feast', 'mindsdb', 'deeplake', 'open-webui', 'danswerai', 'DeepPavlov', 'mlflow', 'determined', 'rasa']"
122,category,811,OWASP Top Ten 2010 Category A2 - Cross-Site Scripting (XSS),21,30,"['cornac', 'feast', 'mindsdb', 'bowtie', 'PyTorchCV', 'machine-learning', 'deepface', 'mars', 'DIGITS', 'mlflow']"
123,category,813,OWASP Top Ten 2010 Category A4 - Insecure Direct Object References,24,14114,"['cornac', 'FEDOT', 'feast', 'aim', 'pyss3', 'matplotlib', 'lab', 'DI-engine', 'dtaidistance', 'seaborn', 'determined', 'retro', 'BioPy', 'CompreFace', 'lambdo', 'mindsdb', 'Metaworld', 'ColossalAI', 'pyqtgraph', 'gensim', 'hebel', 'textacy', 'statsmodels', 'xlearn', 'deepchecks', 'mars', 'NeuroNER', 'PySyft', 'scikit-survival', 'haystack', 'emcee', 'transformers', 'streamlit', 'lightwood', 'prodmodel', 'joliGEN', 'ViZDoom', 'pybrain', 'langflow', 'mlxtend', 'Spearmint', 'bigartm', 'skorch', 'vigra', 'blaze', 'catalyst', 'sktime', 'ggpy', 'python-recsys', 'scikit-learn', 'river', 'tesseract', 'pytorch-lightning', 'shogun', 'spaCy', 'yalign', 'ray', 'pynlpl', 'DIGITS', 'LightGBM', 'pytorch', 'PyTorchCV', 'dash', 'polyglot', 'pymc', 'bentoml', 'pkuseg-python', 'scikit-image', 'Gymnasium', 'numpy', 'jProcessing', 'cltk', 'garage', 'zipline', 'alibi-detect', 'xcessiv', 'neural-style-pt', 'nut', 'langfuse', 'optuna', 'deeplake', 'cortex', 'tensorflow', 'pytorch-frame', 'python-timbl', 'danswerai', 'DeepPavlov', 'rasa', 'igel', 'loso', 'SynapseML', 'machine-learning', 'autogluon', 'mlens', 'scikit-learn-intelex', 'catboost', 'somoclu', 'colibri-core', 'keras-tuner', 'neuropredict', 'dowel', 'DrQA', 'deeppy', 'neuraltalk2', 'altair', 'pgmpy', 'evidently', 'detectron2', 'lightly', 'jieba', 'cleanlab', 'Petrel', 'deepface', 'caffe', 'zpar', 'typer', 'nilearn', 'mlflow', 'open-webui', 'jax', 'stellargraph', 'maze', 'pebl', 'mlx', 'open-metric-learning', 'pytorch_geometric', 'neuraltalk', 'retinaface', 'mljar-supervised', 'superset', 'bokeh', 'pytorch-image-models', 'rosetta', 'recommenders', 'tpot', 'Parris', 'pytensor', 'chainer', 'skll', 'pandas', 'bolt', 'scikit-opt', 'vispy', 'gradio', 'CoreNLP', 'xgboost', 'cornac', 'FEDOT', 'feast', 'aim', 'pyss3', 'matplotlib', 'lab', 'DI-engine', 'dtaidistance', 'seaborn', 'determined', 'retro', 'BioPy', 'CompreFace', 'lambdo', 'mindsdb', 'Metaworld', 'ColossalAI', 'pyqtgraph', 'gensim', 'hebel', 'textacy', 'statsmodels', 'xlearn', 'deepchecks', 'mars', 'NeuroNER', 'PySyft', 'scikit-survival', 'haystack', 'emcee', 'transformers', 'streamlit', 'lightwood', 'prodmodel', 'joliGEN', 'ViZDoom', 'pybrain', 'langflow', 'mlxtend', 'Spearmint', 'bigartm', 'skorch', 'vigra', 'blaze', 'catalyst', 'sktime', 'ggpy', 'python-recsys', 'scikit-learn', 'river', 'tesseract', 'pytorch-lightning', 'shogun', 'spaCy', 'yalign', 'ray', 'pynlpl', 'DIGITS', 'LightGBM', 'pytorch', 'PyTorchCV', 'dash', 'polyglot', 'pymc', 'bentoml', 'pkuseg-python', 'scikit-image', 'Gymnasium', 'numpy', 'jProcessing', 'cltk', 'garage', 'zipline', 'alibi-detect', 'xcessiv', 'neural-style-pt', 'nut', 'langfuse', 'optuna', 'deeplake', 'cortex', 'tensorflow', 'pytorch-frame', 'python-timbl', 'danswerai', 'DeepPavlov', 'rasa', 'igel', 'loso', 'SynapseML', 'machine-learning', 'autogluon', 'mlens', 'scikit-learn-intelex', 'catboost', 'somoclu', 'colibri-core', 'keras-tuner', 'neuropredict', 'dowel', 'DrQA', 'deeppy', 'neuraltalk2', 'altair', 'pgmpy', 'evidently', 'detectron2', 'lightly', 'jieba', 'cleanlab', 'Petrel', 'deepface', 'caffe', 'zpar', 'typer', 'nilearn', 'mlflow', 'open-webui', 'jax', 'stellargraph', 'maze', 'pebl', 'mlx', 'open-metric-learning', 'pytorch_geometric', 'neuraltalk', 'retinaface', 'mljar-supervised', 'superset', 'bokeh', 'pytorch-image-models', 'rosetta', 'recommenders', 'tpot', 'Parris', 'pytensor', 'chainer', 'skll', 'pandas', 'bolt', 'scikit-opt', 'vispy', 'gradio', 'CoreNLP', 'xgboost']"
124,category,815,OWASP Top Ten 2010 Category A6 - Security Misconfiguration,17,88,"['aim', 'feast', 'PySyft', 'langflow', 'mindsdb', 'ColossalAI', 'superset', 'danswerai', 'blaze', 'machine-learning', 'deepface', 'ray', 'gradio', 'dash', 'open-webui', 'DIGITS', 'mlflow', 'joliGEN']"
125,category,816,OWASP Top Ten 2010 Category A7 - Insecure Cryptographic Storage,63,86,"['feast', 'mindsdb', 'langflow', 'Neural', 'cortex', 'bokeh', 'danswerai', 'deepface', 'ray', 'gradio', 'open-webui', 'bentoml', 'comet-llm', 'typer', 'mlflow', 'determined', 'pattern', 'feast', 'mindsdb', 'langflow', 'Neural', 'cortex', 'bokeh', 'danswerai', 'deepface', 'ray', 'gradio', 'open-webui', 'bentoml', 'comet-llm', 'typer', 'mlflow', 'determined', 'pattern', 'lightly', 'langflow', 'couler', 'gradio', 'streamlit', 'mars', 'open-webui', 'danswerai', 'mlflow', 'determined', 'lightly', 'langflow', 'couler', 'gradio', 'streamlit', 'mars', 'open-webui', 'danswerai', 'mlflow', 'determined', 'lightly', 'langflow', 'couler', 'gradio', 'streamlit', 'mars', 'open-webui', 'danswerai', 'mlflow', 'determined']"
126,category,819,OWASP Top Ten 2010 Category A10 - Unvalidated Redirects and Forwards,6,14,"['mindsdb', 'langflow', 'superset', 'DIGITS', 'face_recognition']"
127,category,845,The CERT Oracle Secure Coding Standard for Java (2011) Chapter 2 - Input Validation and Data Sanitization (IDS),39,465,"['ViZDoom', 'numpy', 'aim', 'langflow', 'matplotlib', 'Spearmint', 'bigartm', 'DI-engine', 'blaze', 'catalyst', 'typer', 'nilearn', 'mlflow', 'zipline', 'determined', 'retro', 'rep', 'open-webui', 'jax', 'mindsdb', 'deeplake', 'pyqtgraph', 'gensim', 'cortex', 'tensorflow', 'PyStanfordDependencies', 'pydantic', 'mist', 'open-metric-learning', 'neuraltalk', 'danswerai', 'pytorch-lightning', 'shogun', 'rasa', 'loso', 'statsmodels', 'superset', 'bokeh', 'pytorch-image-models', 'ray', 'pynlpl', 'DIGITS', 'mlens', 'scikit-learn-intelex', 'mars', 'catboost', 'colibri-core', 'pytorch', 'deeppy', 'skll', 'gradio', 'streamlit', 'altair', 'bentoml', 'xgboost', 'dash', 'scikit-image', 'transformers', 'detectron2', 'cornac', 'FEDOT', 'numpy', 'feast', 'pyod', 'pybrain', 'lifelines', 'cleanlab', 'couler', 'bowtie', 'bigartm', 'DI-engine', 'vigra', 'annoy', 'deepface', 'catalyst', 'scikit-multiflow', 'zpar', 'ggpy', 'seaborn', 'mlflow', 'alibi-detect', 'open-webui', 'notebook', 'gan', 'stellargraph', 'rockpool', 'lambdo', 'mindsdb', 'ColossalAI', 'pyqtgraph', 'pebl', 'tensorflow', 'mist', 'python-timbl', 'metric-learn', 'DeepPavlov', 'statsmodels', 'superset', 'xlearn', 'nupic.studio', 'breze', 'machine-learning', 'rgf', 'imbalanced-ensemble', 'recommenders', 'mars', 'bytehub', 'tpot', 'catboost', 'alibi', 'segmentation_models', 'pytorch', 'chainer', 'deeppy', 'PyTorchCV', 'dash', 'streamlit', 'snips-nlu', 'transformers', 'DIGITS', 'scikit-image', 'cornac', 'FEDOT', 'numpy', 'feast', 'pyod', 'pybrain', 'lifelines', 'cleanlab', 'couler', 'bowtie', 'bigartm', 'DI-engine', 'vigra', 'annoy', 'deepface', 'catalyst', 'scikit-multiflow', 'zpar', 'ggpy', 'seaborn', 'mlflow', 'alibi-detect', 'open-webui', 'notebook', 'gan', 'stellargraph', 'rockpool', 'lambdo', 'mindsdb', 'ColossalAI', 'pyqtgraph', 'pebl', 'tensorflow', 'mist', 'python-timbl', 'metric-learn', 'DeepPavlov', 'statsmodels', 'superset', 'xlearn', 'nupic.studio', 'breze', 'machine-learning', 'rgf', 'imbalanced-ensemble', 'recommenders', 'mars', 'bytehub', 'tpot', 'catboost', 'alibi', 'segmentation_models', 'pytorch', 'chainer', 'deeppy', 'PyTorchCV', 'dash', 'streamlit', 'snips-nlu', 'transformers', 'DIGITS', 'scikit-image', 'cornac', 'FEDOT', 'numpy', 'feast', 'pyod', 'pybrain', 'lifelines', 'cleanlab', 'couler', 'bowtie', 'bigartm', 'DI-engine', 'vigra', 'annoy', 'deepface', 'catalyst', 'scikit-multiflow', 'zpar', 'ggpy', 'seaborn', 'mlflow', 'alibi-detect', 'open-webui', 'notebook', 'gan', 'stellargraph', 'rockpool', 'lambdo', 'mindsdb', 'ColossalAI', 'pyqtgraph', 'pebl', 'tensorflow', 'mist', 'python-timbl', 'metric-learn', 'DeepPavlov', 'statsmodels', 'superset', 'xlearn', 'nupic.studio', 'breze', 'machine-learning', 'rgf', 'imbalanced-ensemble', 'recommenders', 'mars', 'bytehub', 'tpot', 'catboost', 'alibi', 'segmentation_models', 'pytorch', 'chainer', 'deeppy', 'PyTorchCV', 'dash', 'streamlit', 'snips-nlu', 'transformers', 'DIGITS', 'scikit-image']"
128,category,851,The CERT Oracle Secure Coding Standard for Java (2011) Chapter 8 - Exceptional Behavior (ERR),24,176,"['aim', 'feast', 'PySyft', 'langflow', 'mindsdb', 'ColossalAI', 'superset', 'danswerai', 'blaze', 'machine-learning', 'deepface', 'ray', 'gradio', 'dash', 'open-webui', 'DIGITS', 'mlflow', 'joliGEN', 'aim', 'feast', 'PySyft', 'langflow', 'mindsdb', 'ColossalAI', 'superset', 'danswerai', 'blaze', 'machine-learning', 'deepface', 'ray', 'gradio', 'dash', 'open-webui', 'DIGITS', 'mlflow', 'joliGEN']"
129,category,857,The CERT Oracle Secure Coding Standard for Java (2011) Chapter 14 - Input Output (FIO),16,149,"['feast', 'mindsdb', 'langflow', 'Neural', 'cortex', 'bokeh', 'danswerai', 'deepface', 'ray', 'gradio', 'open-webui', 'bentoml', 'comet-llm', 'typer', 'mlflow', 'determined', 'pattern', 'feast', 'mindsdb', 'langflow', 'Neural', 'cortex', 'bokeh', 'danswerai', 'deepface', 'ray', 'gradio', 'open-webui', 'bentoml', 'comet-llm', 'typer', 'mlflow', 'determined', 'pattern', 'feast', 'langflow', 'cortex', 'bokeh', 'danswerai', 'deepface', 'ray', 'gradio', 'open-webui', 'comet-llm', 'typer', 'mlflow', 'determined', 'pattern', 'lightly', 'nut', 'mindsdb', 'pytorch', 'gensim', 'tensorflow', 'DI-engine', 'python-timbl', 'transformers', 'bentoml', 'shogun', 'rasa']"
130,category,858,The CERT Oracle Secure Coding Standard for Java (2011) Chapter 15 - Serialization (SER),44,1055,"['cornac', 'FEDOT', 'feast', 'pyod', 'matplotlib', 'DI-engine', 'Sklearn-genetic-opt', 'determined', 'opfython', 'rep', 'lambdo', 'mindsdb', 'ColossalAI', 'pyqtgraph', 'hebel', 'PCV', 'tflearn', 'statsmodels', 'deepchecks', 'backprop', 'mars', 'NeuroNER', 'sentiment-analyzer', 'haystack', 'lightning-bolts', 'transformers', 'streamlit', 'lightwood', 'face_recognition', 'prodmodel', 'joliGEN', 'ViZDoom', 'pybrain', 'mlxtend', 'bigartm', 'skorch', 'catalyst', 'evostra', 'python-recsys', 'dl-translate', 'scikit-learn', 'river', 'pytorch-lightning', 'opytimizer', 'yalign', 'ray', 'DIGITS', 'alibi', 'LightGBM', 'xgboost', 'pytorch', 'PyTorchCV', 'polyglot', 'bentoml', 'pkuseg-python', 'numpy', 'jProcessing', 'cltk', 'miraiml', 'garage', 'zipline', 'alibi-detect', 'neural-style-pt', 'nut', 'tensorflow', 'pytorch-frame', 'DeepPavlov', 'rasa', 'igel', 'loso', 'machine-learning', 'autogluon', 'mlens', 'scikit-learn-intelex', 'catboost', 'keras-tuner', 'shapash', 'eurybia', 'neuropredict', 'DrQA', 'deeppy', 'pytorch_geometric_temporal', 'evidently', 'detectron2', 'lightly', 'jieba', 'cleanlab', 'Petrel', 'deepface', 'caffe', 'zpar', 'mlflow', 'TResNet', 'frouros', 'maze', 'pebl', 'open-metric-learning', 'pytorch_geometric', 'neuraltalk', 'mljar-supervised', 'bokeh', 'pytorch-image-models', 'segmentation_models.pytorch', 'simpleai', 'sentiment_classifier', 'recommenders', 'chefboost', 'snownlp', 'pytensor', 'chainer', 'skll', 'pandas', 'bolt', 'dedupe', 'neurolab', 'ViZDoom', 'numpy', 'pyss3', 'langflow', 'jProcessing', 'bigartm', 'DI-engine', 'vigra', 'blaze', 'caffe', 'zpar', 'typer', 'mlflow', 'scikit-learn', 'zipline', 'retro', 'determined', 'open-webui', 'jax', 'lambdo', 'mindsdb', 'ColossalAI', 'pyqtgraph', 'gensim', 'pebl', 'cortex', 'tensorflow', 'pydantic', 'danswerai', 'pytorch-lightning', 'DeepPavlov', 'pattern', 'rasa', 'bokeh', 'xlearn', 'pandas', 'deepchecks', 'ray', 'DIGITS', 'mars', 'scikit-learn-intelex', 'catboost', 'LightGBM', 'dirty_cat', 'DrQA', 'haystack', 'emcee', 'pytorch', 'chainer', 'skll', 'PyTorchCV', 'lightning-bolts', 'CoreNLP', 'vispy', 'gradio', 'streamlit', 'dash', 'bentoml', 'xgboost', 'pymc', 'transformers', 'pgmpy', 'ViZDoom', 'numpy', 'pyss3', 'langflow', 'jProcessing', 'bigartm', 'DI-engine', 'vigra', 'blaze', 'caffe', 'zpar', 'typer', 'mlflow', 'scikit-learn', 'zipline', 'retro', 'determined', 'open-webui', 'jax', 'lambdo', 'mindsdb', 'ColossalAI', 'pyqtgraph', 'gensim', 'pebl', 'cortex', 'tensorflow', 'pydantic', 'danswerai', 'pytorch-lightning', 'DeepPavlov', 'pattern', 'rasa', 'bokeh', 'xlearn', 'pandas', 'deepchecks', 'ray', 'DIGITS', 'mars', 'scikit-learn-intelex', 'catboost', 'LightGBM', 'dirty_cat', 'DrQA', 'haystack', 'emcee', 'pytorch', 'chainer', 'skll', 'PyTorchCV', 'lightning-bolts', 'CoreNLP', 'vispy', 'gradio', 'streamlit', 'dash', 'bentoml', 'xgboost', 'pymc', 'transformers', 'pgmpy', 'ViZDoom', 'numpy', 'pyss3', 'langflow', 'jProcessing', 'bigartm', 'DI-engine', 'vigra', 'blaze', 'caffe', 'zpar', 'typer', 'mlflow', 'scikit-learn', 'zipline', 'retro', 'determined', 'open-webui', 'jax', 'lambdo', 'mindsdb', 'ColossalAI', 'pyqtgraph', 'gensim', 'pebl', 'cortex', 'tensorflow', 'pydantic', 'danswerai', 'pytorch-lightning', 'DeepPavlov', 'pattern', 'rasa', 'bokeh', 'xlearn', 'pandas', 'deepchecks', 'ray', 'DIGITS', 'mars', 'scikit-learn-intelex', 'catboost', 'LightGBM', 'dirty_cat', 'DrQA', 'haystack', 'emcee', 'pytorch', 'chainer', 'skll', 'PyTorchCV', 'lightning-bolts', 'CoreNLP', 'vispy', 'gradio', 'streamlit', 'dash', 'bentoml', 'xgboost', 'pymc', 'transformers', 'pgmpy']"
131,category,861,The CERT Oracle Secure Coding Standard for Java (2011) Chapter 18 - Miscellaneous (MSC),42,355,"['ViZDoom', 'numpy', 'pyss3', 'langflow', 'jProcessing', 'bigartm', 'DI-engine', 'vigra', 'blaze', 'caffe', 'zpar', 'typer', 'mlflow', 'scikit-learn', 'zipline', 'retro', 'determined', 'open-webui', 'jax', 'lambdo', 'mindsdb', 'ColossalAI', 'pyqtgraph', 'gensim', 'pebl', 'cortex', 'tensorflow', 'pydantic', 'danswerai', 'pytorch-lightning', 'DeepPavlov', 'pattern', 'rasa', 'bokeh', 'xlearn', 'pandas', 'deepchecks', 'ray', 'DIGITS', 'mars', 'scikit-learn-intelex', 'catboost', 'LightGBM', 'dirty_cat', 'DrQA', 'haystack', 'emcee', 'pytorch', 'chainer', 'skll', 'PyTorchCV', 'lightning-bolts', 'CoreNLP', 'vispy', 'gradio', 'streamlit', 'dash', 'bentoml', 'xgboost', 'pymc', 'transformers', 'pgmpy', 'ViZDoom', 'numpy', 'pyss3', 'langflow', 'jProcessing', 'bigartm', 'DI-engine', 'vigra', 'blaze', 'caffe', 'zpar', 'typer', 'mlflow', 'scikit-learn', 'zipline', 'retro', 'determined', 'open-webui', 'jax', 'lambdo', 'mindsdb', 'ColossalAI', 'pyqtgraph', 'gensim', 'pebl', 'cortex', 'tensorflow', 'pydantic', 'danswerai', 'pytorch-lightning', 'DeepPavlov', 'pattern', 'rasa', 'bokeh', 'xlearn', 'pandas', 'deepchecks', 'ray', 'DIGITS', 'mars', 'scikit-learn-intelex', 'catboost', 'LightGBM', 'dirty_cat', 'DrQA', 'haystack', 'emcee', 'pytorch', 'chainer', 'skll', 'PyTorchCV', 'lightning-bolts', 'CoreNLP', 'vispy', 'gradio', 'streamlit', 'dash', 'bentoml', 'xgboost', 'pymc', 'transformers', 'pgmpy', 'ViZDoom', 'numpy', 'pyss3', 'langflow', 'jProcessing', 'bigartm', 'DI-engine', 'vigra', 'blaze', 'caffe', 'zpar', 'typer', 'mlflow', 'scikit-learn', 'zipline', 'retro', 'determined', 'open-webui', 'jax', 'lambdo', 'mindsdb', 'ColossalAI', 'pyqtgraph', 'gensim', 'pebl', 'cortex', 'tensorflow', 'pydantic', 'danswerai', 'pytorch-lightning', 'DeepPavlov', 'pattern', 'rasa', 'bokeh', 'xlearn', 'pandas', 'deepchecks', 'ray', 'DIGITS', 'mars', 'scikit-learn-intelex', 'catboost', 'LightGBM', 'dirty_cat', 'DrQA', 'haystack', 'emcee', 'pytorch', 'chainer', 'skll', 'PyTorchCV', 'lightning-bolts', 'CoreNLP', 'vispy', 'gradio', 'streamlit', 'dash', 'bentoml', 'xgboost', 'pymc', 'transformers', 'pgmpy']"
132,category,864,2011 Top 25 - Insecure Interaction Between Components,60,371,"['mindsdb', 'langflow', 'superset', 'DIGITS', 'face_recognition', 'ViZDoom', 'numpy', 'aim', 'langflow', 'matplotlib', 'Spearmint', 'bigartm', 'DI-engine', 'blaze', 'catalyst', 'typer', 'nilearn', 'mlflow', 'zipline', 'determined', 'retro', 'rep', 'open-webui', 'jax', 'mindsdb', 'deeplake', 'pyqtgraph', 'gensim', 'cortex', 'tensorflow', 'PyStanfordDependencies', 'pydantic', 'mist', 'open-metric-learning', 'neuraltalk', 'danswerai', 'pytorch-lightning', 'shogun', 'rasa', 'loso', 'statsmodels', 'superset', 'bokeh', 'pytorch-image-models', 'ray', 'pynlpl', 'DIGITS', 'mlens', 'scikit-learn-intelex', 'mars', 'catboost', 'colibri-core', 'pytorch', 'deeppy', 'skll', 'gradio', 'streamlit', 'altair', 'bentoml', 'xgboost', 'dash', 'scikit-image', 'transformers', 'detectron2', 'cornac', 'feast', 'mindsdb', 'bowtie', 'PyTorchCV', 'machine-learning', 'deepface', 'mars', 'DIGITS', 'mlflow', 'feast', 'mindsdb', 'deeplake', 'open-webui', 'danswerai', 'DeepPavlov', 'mlflow', 'determined', 'rasa']"
133,category,865,2011 Top 25 - Risky Resource Management,19,7057,"['cornac', 'FEDOT', 'feast', 'aim', 'pyss3', 'matplotlib', 'lab', 'DI-engine', 'dtaidistance', 'seaborn', 'determined', 'retro', 'BioPy', 'CompreFace', 'lambdo', 'mindsdb', 'Metaworld', 'ColossalAI', 'pyqtgraph', 'gensim', 'hebel', 'textacy', 'statsmodels', 'xlearn', 'deepchecks', 'mars', 'NeuroNER', 'PySyft', 'scikit-survival', 'haystack', 'emcee', 'transformers', 'streamlit', 'lightwood', 'prodmodel', 'joliGEN', 'ViZDoom', 'pybrain', 'langflow', 'mlxtend', 'Spearmint', 'bigartm', 'skorch', 'vigra', 'blaze', 'catalyst', 'sktime', 'ggpy', 'python-recsys', 'scikit-learn', 'river', 'tesseract', 'pytorch-lightning', 'shogun', 'spaCy', 'yalign', 'ray', 'pynlpl', 'DIGITS', 'LightGBM', 'pytorch', 'PyTorchCV', 'dash', 'polyglot', 'pymc', 'bentoml', 'pkuseg-python', 'scikit-image', 'Gymnasium', 'numpy', 'jProcessing', 'cltk', 'garage', 'zipline', 'alibi-detect', 'xcessiv', 'neural-style-pt', 'nut', 'langfuse', 'optuna', 'deeplake', 'cortex', 'tensorflow', 'pytorch-frame', 'python-timbl', 'danswerai', 'DeepPavlov', 'rasa', 'igel', 'loso', 'SynapseML', 'machine-learning', 'autogluon', 'mlens', 'scikit-learn-intelex', 'catboost', 'somoclu', 'colibri-core', 'keras-tuner', 'neuropredict', 'dowel', 'DrQA', 'deeppy', 'neuraltalk2', 'altair', 'pgmpy', 'evidently', 'detectron2', 'lightly', 'jieba', 'cleanlab', 'Petrel', 'deepface', 'caffe', 'zpar', 'typer', 'nilearn', 'mlflow', 'open-webui', 'jax', 'stellargraph', 'maze', 'pebl', 'mlx', 'open-metric-learning', 'pytorch_geometric', 'neuraltalk', 'retinaface', 'mljar-supervised', 'superset', 'bokeh', 'pytorch-image-models', 'rosetta', 'recommenders', 'tpot', 'Parris', 'pytensor', 'chainer', 'skll', 'pandas', 'bolt', 'scikit-opt', 'vispy', 'gradio', 'CoreNLP', 'xgboost']"
134,category,866,2011 Top 25 - Porous Defenses,42,15,"['lightly', 'langflow', 'couler', 'gradio', 'streamlit', 'mars', 'open-webui', 'danswerai', 'mlflow', 'determined', 'lightly', 'langflow', 'couler', 'gradio', 'streamlit', 'mars', 'open-webui', 'danswerai', 'mlflow', 'determined', 'lightly', 'langflow', 'couler', 'gradio', 'streamlit', 'mars', 'open-webui', 'danswerai', 'mlflow', 'determined']"
135,category,867,2011 Top 25 - Weaknesses On the Cusp,19,88,"['aim', 'feast', 'PySyft', 'langflow', 'mindsdb', 'ColossalAI', 'superset', 'danswerai', 'blaze', 'machine-learning', 'deepface', 'ray', 'gradio', 'dash', 'open-webui', 'DIGITS', 'mlflow', 'joliGEN']"
136,category,872,CERT C++ Secure Coding Section 04 - Integers (INT),255,91,"['lightly', 'ViZDoom', 'numpy', 'feast', 'langflow', 'mlflow', 'open-webui', 'retro', 'mindsdb', 'pydantic', 'nalp', 'danswerai', 'rasa', 'pattern', 'superset', 'bokeh', 'Auto_ViML', 'fastapi', 'spammy', 'ray', 'PySyft', 'pytensor', 'pytorch', 'gradio', 'streamlit', 'transformers', 'DIGITS', 'AutoViz', 'lightly', 'ViZDoom', 'numpy', 'feast', 'langflow', 'mlflow', 'open-webui', 'retro', 'mindsdb', 'pydantic', 'nalp', 'danswerai', 'rasa', 'pattern', 'superset', 'bokeh', 'Auto_ViML', 'fastapi', 'spammy', 'ray', 'PySyft', 'pytensor', 'pytorch', 'gradio', 'streamlit', 'transformers', 'DIGITS', 'AutoViz', 'lightly', 'ViZDoom', 'numpy', 'feast', 'langflow', 'mlflow', 'open-webui', 'retro', 'mindsdb', 'pydantic', 'nalp', 'danswerai', 'rasa', 'pattern', 'superset', 'bokeh', 'Auto_ViML', 'fastapi', 'spammy', 'ray', 'PySyft', 'pytensor', 'pytorch', 'gradio', 'streamlit', 'transformers', 'DIGITS', 'AutoViz', 'lightly', 'ViZDoom', 'numpy', 'feast', 'langflow', 'mlflow', 'open-webui', 'retro', 'mindsdb', 'pydantic', 'nalp', 'danswerai', 'rasa', 'pattern', 'superset', 'bokeh', 'Auto_ViML', 'fastapi', 'spammy', 'ray', 'PySyft', 'pytensor', 'pytorch', 'gradio', 'streamlit', 'transformers', 'DIGITS', 'AutoViz', 'lightly', 'ViZDoom', 'numpy', 'feast', 'langflow', 'mlflow', 'open-webui', 'retro', 'mindsdb', 'pydantic', 'nalp', 'danswerai', 'rasa', 'pattern', 'superset', 'bokeh', 'Auto_ViML', 'fastapi', 'spammy', 'ray', 'PySyft', 'pytensor', 'pytorch', 'gradio', 'streamlit', 'transformers', 'DIGITS', 'AutoViz']"
137,category,875,CERT C++ Secure Coding Section 07 - Characters and Strings (STR),26,600,"['ViZDoom', 'numpy', 'aim', 'langflow', 'matplotlib', 'Spearmint', 'bigartm', 'DI-engine', 'blaze', 'catalyst', 'typer', 'nilearn', 'mlflow', 'zipline', 'determined', 'retro', 'rep', 'open-webui', 'jax', 'mindsdb', 'deeplake', 'pyqtgraph', 'gensim', 'cortex', 'tensorflow', 'PyStanfordDependencies', 'pydantic', 'mist', 'open-metric-learning', 'neuraltalk', 'danswerai', 'pytorch-lightning', 'shogun', 'rasa', 'loso', 'statsmodels', 'superset', 'bokeh', 'pytorch-image-models', 'ray', 'pynlpl', 'DIGITS', 'mlens', 'scikit-learn-intelex', 'mars', 'catboost', 'colibri-core', 'pytorch', 'deeppy', 'skll', 'gradio', 'streamlit', 'altair', 'bentoml', 'xgboost', 'dash', 'scikit-image', 'transformers', 'detectron2', 'ViZDoom', 'numpy', 'aim', 'langflow', 'matplotlib', 'Spearmint', 'bigartm', 'DI-engine', 'blaze', 'catalyst', 'typer', 'nilearn', 'mlflow', 'zipline', 'determined', 'retro', 'rep', 'open-webui', 'jax', 'mindsdb', 'deeplake', 'pyqtgraph', 'gensim', 'cortex', 'tensorflow', 'PyStanfordDependencies', 'pydantic', 'mist', 'open-metric-learning', 'neuraltalk', 'danswerai', 'pytorch-lightning', 'shogun', 'rasa', 'loso', 'statsmodels', 'superset', 'bokeh', 'pytorch-image-models', 'ray', 'pynlpl', 'DIGITS', 'mlens', 'scikit-learn-intelex', 'mars', 'catboost', 'colibri-core', 'pytorch', 'deeppy', 'skll', 'gradio', 'streamlit', 'altair', 'bentoml', 'xgboost', 'dash', 'scikit-image', 'transformers', 'detectron2']"
138,category,876,CERT C++ Secure Coding Section 08 - Memory Management (MEM),260,91,"['lightly', 'ViZDoom', 'numpy', 'feast', 'langflow', 'mlflow', 'open-webui', 'retro', 'mindsdb', 'pydantic', 'nalp', 'danswerai', 'rasa', 'pattern', 'superset', 'bokeh', 'Auto_ViML', 'fastapi', 'spammy', 'ray', 'PySyft', 'pytensor', 'pytorch', 'gradio', 'streamlit', 'transformers', 'DIGITS', 'AutoViz', 'lightly', 'ViZDoom', 'numpy', 'feast', 'langflow', 'mlflow', 'open-webui', 'retro', 'mindsdb', 'pydantic', 'nalp', 'danswerai', 'rasa', 'pattern', 'superset', 'bokeh', 'Auto_ViML', 'fastapi', 'spammy', 'ray', 'PySyft', 'pytensor', 'pytorch', 'gradio', 'streamlit', 'transformers', 'DIGITS', 'AutoViz', 'lightly', 'ViZDoom', 'numpy', 'feast', 'langflow', 'mlflow', 'open-webui', 'retro', 'mindsdb', 'pydantic', 'nalp', 'danswerai', 'rasa', 'pattern', 'superset', 'bokeh', 'Auto_ViML', 'fastapi', 'spammy', 'ray', 'PySyft', 'pytensor', 'pytorch', 'gradio', 'streamlit', 'transformers', 'DIGITS', 'AutoViz', 'lightly', 'ViZDoom', 'numpy', 'feast', 'langflow', 'mlflow', 'open-webui', 'retro', 'mindsdb', 'pydantic', 'nalp', 'danswerai', 'rasa', 'pattern', 'superset', 'bokeh', 'Auto_ViML', 'fastapi', 'spammy', 'ray', 'PySyft', 'pytensor', 'pytorch', 'gradio', 'streamlit', 'transformers', 'DIGITS', 'AutoViz', 'lightly', 'ViZDoom', 'numpy', 'feast', 'langflow', 'mlflow', 'open-webui', 'retro', 'mindsdb', 'pydantic', 'nalp', 'danswerai', 'rasa', 'pattern', 'superset', 'bokeh', 'Auto_ViML', 'fastapi', 'spammy', 'ray', 'PySyft', 'pytensor', 'pytorch', 'gradio', 'streamlit', 'transformers', 'DIGITS', 'AutoViz']"
139,category,877,CERT C++ Secure Coding Section 09 - Input Output (FIO),33,14114,"['cornac', 'FEDOT', 'feast', 'aim', 'pyss3', 'matplotlib', 'lab', 'DI-engine', 'dtaidistance', 'seaborn', 'determined', 'retro', 'BioPy', 'CompreFace', 'lambdo', 'mindsdb', 'Metaworld', 'ColossalAI', 'pyqtgraph', 'gensim', 'hebel', 'textacy', 'statsmodels', 'xlearn', 'deepchecks', 'mars', 'NeuroNER', 'PySyft', 'scikit-survival', 'haystack', 'emcee', 'transformers', 'streamlit', 'lightwood', 'prodmodel', 'joliGEN', 'ViZDoom', 'pybrain', 'langflow', 'mlxtend', 'Spearmint', 'bigartm', 'skorch', 'vigra', 'blaze', 'catalyst', 'sktime', 'ggpy', 'python-recsys', 'scikit-learn', 'river', 'tesseract', 'pytorch-lightning', 'shogun', 'spaCy', 'yalign', 'ray', 'pynlpl', 'DIGITS', 'LightGBM', 'pytorch', 'PyTorchCV', 'dash', 'polyglot', 'pymc', 'bentoml', 'pkuseg-python', 'scikit-image', 'Gymnasium', 'numpy', 'jProcessing', 'cltk', 'garage', 'zipline', 'alibi-detect', 'xcessiv', 'neural-style-pt', 'nut', 'langfuse', 'optuna', 'deeplake', 'cortex', 'tensorflow', 'pytorch-frame', 'python-timbl', 'danswerai', 'DeepPavlov', 'rasa', 'igel', 'loso', 'SynapseML', 'machine-learning', 'autogluon', 'mlens', 'scikit-learn-intelex', 'catboost', 'somoclu', 'colibri-core', 'keras-tuner', 'neuropredict', 'dowel', 'DrQA', 'deeppy', 'neuraltalk2', 'altair', 'pgmpy', 'evidently', 'detectron2', 'lightly', 'jieba', 'cleanlab', 'Petrel', 'deepface', 'caffe', 'zpar', 'typer', 'nilearn', 'mlflow', 'open-webui', 'jax', 'stellargraph', 'maze', 'pebl', 'mlx', 'open-metric-learning', 'pytorch_geometric', 'neuraltalk', 'retinaface', 'mljar-supervised', 'superset', 'bokeh', 'pytorch-image-models', 'rosetta', 'recommenders', 'tpot', 'Parris', 'pytensor', 'chainer', 'skll', 'pandas', 'bolt', 'scikit-opt', 'vispy', 'gradio', 'CoreNLP', 'xgboost', 'cornac', 'FEDOT', 'feast', 'aim', 'pyss3', 'matplotlib', 'lab', 'DI-engine', 'dtaidistance', 'seaborn', 'determined', 'retro', 'BioPy', 'CompreFace', 'lambdo', 'mindsdb', 'Metaworld', 'ColossalAI', 'pyqtgraph', 'gensim', 'hebel', 'textacy', 'statsmodels', 'xlearn', 'deepchecks', 'mars', 'NeuroNER', 'PySyft', 'scikit-survival', 'haystack', 'emcee', 'transformers', 'streamlit', 'lightwood', 'prodmodel', 'joliGEN', 'ViZDoom', 'pybrain', 'langflow', 'mlxtend', 'Spearmint', 'bigartm', 'skorch', 'vigra', 'blaze', 'catalyst', 'sktime', 'ggpy', 'python-recsys', 'scikit-learn', 'river', 'tesseract', 'pytorch-lightning', 'shogun', 'spaCy', 'yalign', 'ray', 'pynlpl', 'DIGITS', 'LightGBM', 'pytorch', 'PyTorchCV', 'dash', 'polyglot', 'pymc', 'bentoml', 'pkuseg-python', 'scikit-image', 'Gymnasium', 'numpy', 'jProcessing', 'cltk', 'garage', 'zipline', 'alibi-detect', 'xcessiv', 'neural-style-pt', 'nut', 'langfuse', 'optuna', 'deeplake', 'cortex', 'tensorflow', 'pytorch-frame', 'python-timbl', 'danswerai', 'DeepPavlov', 'rasa', 'igel', 'loso', 'SynapseML', 'machine-learning', 'autogluon', 'mlens', 'scikit-learn-intelex', 'catboost', 'somoclu', 'colibri-core', 'keras-tuner', 'neuropredict', 'dowel', 'DrQA', 'deeppy', 'neuraltalk2', 'altair', 'pgmpy', 'evidently', 'detectron2', 'lightly', 'jieba', 'cleanlab', 'Petrel', 'deepface', 'caffe', 'zpar', 'typer', 'nilearn', 'mlflow', 'open-webui', 'jax', 'stellargraph', 'maze', 'pebl', 'mlx', 'open-metric-learning', 'pytorch_geometric', 'neuraltalk', 'retinaface', 'mljar-supervised', 'superset', 'bokeh', 'pytorch-image-models', 'rosetta', 'recommenders', 'tpot', 'Parris', 'pytensor', 'chainer', 'skll', 'pandas', 'bolt', 'scikit-opt', 'vispy', 'gradio', 'CoreNLP', 'xgboost']"
140,category,878,CERT C++ Secure Coding Section 10 - Environment (ENV),28,600,"['ViZDoom', 'numpy', 'aim', 'langflow', 'matplotlib', 'Spearmint', 'bigartm', 'DI-engine', 'blaze', 'catalyst', 'typer', 'nilearn', 'mlflow', 'zipline', 'determined', 'retro', 'rep', 'open-webui', 'jax', 'mindsdb', 'deeplake', 'pyqtgraph', 'gensim', 'cortex', 'tensorflow', 'PyStanfordDependencies', 'pydantic', 'mist', 'open-metric-learning', 'neuraltalk', 'danswerai', 'pytorch-lightning', 'shogun', 'rasa', 'loso', 'statsmodels', 'superset', 'bokeh', 'pytorch-image-models', 'ray', 'pynlpl', 'DIGITS', 'mlens', 'scikit-learn-intelex', 'mars', 'catboost', 'colibri-core', 'pytorch', 'deeppy', 'skll', 'gradio', 'streamlit', 'altair', 'bentoml', 'xgboost', 'dash', 'scikit-image', 'transformers', 'detectron2', 'ViZDoom', 'numpy', 'aim', 'langflow', 'matplotlib', 'Spearmint', 'bigartm', 'DI-engine', 'blaze', 'catalyst', 'typer', 'nilearn', 'mlflow', 'zipline', 'determined', 'retro', 'rep', 'open-webui', 'jax', 'mindsdb', 'deeplake', 'pyqtgraph', 'gensim', 'cortex', 'tensorflow', 'PyStanfordDependencies', 'pydantic', 'mist', 'open-metric-learning', 'neuraltalk', 'danswerai', 'pytorch-lightning', 'shogun', 'rasa', 'loso', 'statsmodels', 'superset', 'bokeh', 'pytorch-image-models', 'ray', 'pynlpl', 'DIGITS', 'mlens', 'scikit-learn-intelex', 'mars', 'catboost', 'colibri-core', 'pytorch', 'deeppy', 'skll', 'gradio', 'streamlit', 'altair', 'bentoml', 'xgboost', 'dash', 'scikit-image', 'transformers', 'detectron2']"
141,category,880,CERT C++ Secure Coding Section 12 - Exceptions and Error Handling (ERR),27,176,"['aim', 'feast', 'PySyft', 'langflow', 'mindsdb', 'ColossalAI', 'superset', 'danswerai', 'blaze', 'machine-learning', 'deepface', 'ray', 'gradio', 'dash', 'open-webui', 'DIGITS', 'mlflow', 'joliGEN', 'aim', 'feast', 'PySyft', 'langflow', 'mindsdb', 'ColossalAI', 'superset', 'danswerai', 'blaze', 'machine-learning', 'deepface', 'ray', 'gradio', 'dash', 'open-webui', 'DIGITS', 'mlflow', 'joliGEN']"
142,category,883,CERT C++ Secure Coding Section 49 - Miscellaneous (MSC),337,271,"['lightly', 'ViZDoom', 'numpy', 'feast', 'langflow', 'mlflow', 'open-webui', 'retro', 'mindsdb', 'pydantic', 'nalp', 'danswerai', 'rasa', 'pattern', 'superset', 'bokeh', 'Auto_ViML', 'fastapi', 'spammy', 'ray', 'PySyft', 'pytensor', 'pytorch', 'gradio', 'streamlit', 'transformers', 'DIGITS', 'AutoViz', 'lightly', 'ViZDoom', 'numpy', 'feast', 'langflow', 'mlflow', 'open-webui', 'retro', 'mindsdb', 'pydantic', 'nalp', 'danswerai', 'rasa', 'pattern', 'superset', 'bokeh', 'Auto_ViML', 'fastapi', 'spammy', 'ray', 'PySyft', 'pytensor', 'pytorch', 'gradio', 'streamlit', 'transformers', 'DIGITS', 'AutoViz', 'cornac', 'FEDOT', 'numpy', 'feast', 'pyod', 'pybrain', 'lifelines', 'cleanlab', 'couler', 'bowtie', 'bigartm', 'DI-engine', 'vigra', 'annoy', 'deepface', 'catalyst', 'scikit-multiflow', 'zpar', 'ggpy', 'seaborn', 'mlflow', 'alibi-detect', 'open-webui', 'notebook', 'gan', 'stellargraph', 'rockpool', 'lambdo', 'mindsdb', 'ColossalAI', 'pyqtgraph', 'pebl', 'tensorflow', 'mist', 'python-timbl', 'metric-learn', 'DeepPavlov', 'statsmodels', 'superset', 'xlearn', 'nupic.studio', 'breze', 'machine-learning', 'rgf', 'imbalanced-ensemble', 'recommenders', 'mars', 'bytehub', 'tpot', 'catboost', 'alibi', 'segmentation_models', 'pytorch', 'chainer', 'deeppy', 'PyTorchCV', 'dash', 'streamlit', 'snips-nlu', 'transformers', 'DIGITS', 'scikit-image', 'lightly', 'ViZDoom', 'numpy', 'feast', 'langflow', 'mlflow', 'open-webui', 'retro', 'mindsdb', 'pydantic', 'nalp', 'danswerai', 'rasa', 'pattern', 'superset', 'bokeh', 'Auto_ViML', 'fastapi', 'spammy', 'ray', 'PySyft', 'pytensor', 'pytorch', 'gradio', 'streamlit', 'transformers', 'DIGITS', 'AutoViz', 'cornac', 'FEDOT', 'numpy', 'feast', 'pyod', 'pybrain', 'lifelines', 'cleanlab', 'couler', 'bowtie', 'bigartm', 'DI-engine', 'vigra', 'annoy', 'deepface', 'catalyst', 'scikit-multiflow', 'zpar', 'ggpy', 'seaborn', 'mlflow', 'alibi-detect', 'open-webui', 'notebook', 'gan', 'stellargraph', 'rockpool', 'lambdo', 'mindsdb', 'ColossalAI', 'pyqtgraph', 'pebl', 'tensorflow', 'mist', 'python-timbl', 'metric-learn', 'DeepPavlov', 'statsmodels', 'superset', 'xlearn', 'nupic.studio', 'breze', 'machine-learning', 'rgf', 'imbalanced-ensemble', 'recommenders', 'mars', 'bytehub', 'tpot', 'catboost', 'alibi', 'segmentation_models', 'pytorch', 'chainer', 'deeppy', 'PyTorchCV', 'dash', 'streamlit', 'snips-nlu', 'transformers', 'DIGITS', 'scikit-image', 'lightly', 'ViZDoom', 'numpy', 'feast', 'langflow', 'mlflow', 'open-webui', 'retro', 'mindsdb', 'pydantic', 'nalp', 'danswerai', 'rasa', 'pattern', 'superset', 'bokeh', 'Auto_ViML', 'fastapi', 'spammy', 'ray', 'PySyft', 'pytensor', 'pytorch', 'gradio', 'streamlit', 'transformers', 'DIGITS', 'AutoViz', 'lightly', 'ViZDoom', 'numpy', 'feast', 'langflow', 'mlflow', 'open-webui', 'retro', 'mindsdb', 'pydantic', 'nalp', 'danswerai', 'rasa', 'pattern', 'superset', 'bokeh', 'Auto_ViML', 'fastapi', 'spammy', 'ray', 'PySyft', 'pytensor', 'pytorch', 'gradio', 'streamlit', 'transformers', 'DIGITS', 'AutoViz', 'cornac', 'FEDOT', 'numpy', 'feast', 'pyod', 'pybrain', 'lifelines', 'cleanlab', 'couler', 'bowtie', 'bigartm', 'DI-engine', 'vigra', 'annoy', 'deepface', 'catalyst', 'scikit-multiflow', 'zpar', 'ggpy', 'seaborn', 'mlflow', 'alibi-detect', 'open-webui', 'notebook', 'gan', 'stellargraph', 'rockpool', 'lambdo', 'mindsdb', 'ColossalAI', 'pyqtgraph', 'pebl', 'tensorflow', 'mist', 'python-timbl', 'metric-learn', 'DeepPavlov', 'statsmodels', 'superset', 'xlearn', 'nupic.studio', 'breze', 'machine-learning', 'rgf', 'imbalanced-ensemble', 'recommenders', 'mars', 'bytehub', 'tpot', 'catboost', 'alibi', 'segmentation_models', 'pytorch', 'chainer', 'deeppy', 'PyTorchCV', 'dash', 'streamlit', 'snips-nlu', 'transformers', 'DIGITS', 'scikit-image', 'lightly', 'langflow', 'couler', 'gradio', 'streamlit', 'mars', 'open-webui', 'danswerai', 'mlflow', 'determined', 'lightly', 'langflow', 'couler', 'gradio', 'streamlit', 'mars', 'open-webui', 'danswerai', 'mlflow', 'determined', 'lightly', 'langflow', 'couler', 'gradio', 'streamlit', 'mars', 'open-webui', 'danswerai', 'mlflow', 'determined']"
143,category,929,OWASP Top Ten 2013 Category A1 - Injection,73,636,"['feast', 'superset', 'DI-engine', 'pandas', 'ray', 'DIGITS', 'dl-translate', 'ViZDoom', 'numpy', 'aim', 'langflow', 'matplotlib', 'Spearmint', 'bigartm', 'DI-engine', 'blaze', 'catalyst', 'typer', 'nilearn', 'mlflow', 'zipline', 'determined', 'retro', 'rep', 'open-webui', 'jax', 'mindsdb', 'deeplake', 'pyqtgraph', 'gensim', 'cortex', 'tensorflow', 'PyStanfordDependencies', 'pydantic', 'mist', 'open-metric-learning', 'neuraltalk', 'danswerai', 'pytorch-lightning', 'shogun', 'rasa', 'loso', 'statsmodels', 'superset', 'bokeh', 'pytorch-image-models', 'ray', 'pynlpl', 'DIGITS', 'mlens', 'scikit-learn-intelex', 'mars', 'catboost', 'colibri-core', 'pytorch', 'deeppy', 'skll', 'gradio', 'streamlit', 'altair', 'bentoml', 'xgboost', 'dash', 'scikit-image', 'transformers', 'detectron2', 'ViZDoom', 'numpy', 'aim', 'langflow', 'matplotlib', 'Spearmint', 'bigartm', 'DI-engine', 'blaze', 'catalyst', 'typer', 'nilearn', 'mlflow', 'zipline', 'determined', 'retro', 'rep', 'open-webui', 'jax', 'mindsdb', 'deeplake', 'pyqtgraph', 'gensim', 'cortex', 'tensorflow', 'PyStanfordDependencies', 'pydantic', 'mist', 'open-metric-learning', 'neuraltalk', 'danswerai', 'pytorch-lightning', 'shogun', 'rasa', 'loso', 'statsmodels', 'superset', 'bokeh', 'pytorch-image-models', 'ray', 'pynlpl', 'DIGITS', 'mlens', 'scikit-learn-intelex', 'mars', 'catboost', 'colibri-core', 'pytorch', 'deeppy', 'skll', 'gradio', 'streamlit', 'altair', 'bentoml', 'xgboost', 'dash', 'scikit-image', 'transformers', 'detectron2', 'feast', 'mindsdb', 'deeplake', 'open-webui', 'danswerai', 'DeepPavlov', 'mlflow', 'determined', 'rasa']"
144,category,931,OWASP Top Ten 2013 Category A3 - Cross-Site Scripting (XSS),24,30,"['cornac', 'feast', 'mindsdb', 'bowtie', 'PyTorchCV', 'machine-learning', 'deepface', 'mars', 'DIGITS', 'mlflow']"
145,category,932,OWASP Top Ten 2013 Category A4 - Insecure Direct Object References,30,14114,"['cornac', 'FEDOT', 'feast', 'aim', 'pyss3', 'matplotlib', 'lab', 'DI-engine', 'dtaidistance', 'seaborn', 'determined', 'retro', 'BioPy', 'CompreFace', 'lambdo', 'mindsdb', 'Metaworld', 'ColossalAI', 'pyqtgraph', 'gensim', 'hebel', 'textacy', 'statsmodels', 'xlearn', 'deepchecks', 'mars', 'NeuroNER', 'PySyft', 'scikit-survival', 'haystack', 'emcee', 'transformers', 'streamlit', 'lightwood', 'prodmodel', 'joliGEN', 'ViZDoom', 'pybrain', 'langflow', 'mlxtend', 'Spearmint', 'bigartm', 'skorch', 'vigra', 'blaze', 'catalyst', 'sktime', 'ggpy', 'python-recsys', 'scikit-learn', 'river', 'tesseract', 'pytorch-lightning', 'shogun', 'spaCy', 'yalign', 'ray', 'pynlpl', 'DIGITS', 'LightGBM', 'pytorch', 'PyTorchCV', 'dash', 'polyglot', 'pymc', 'bentoml', 'pkuseg-python', 'scikit-image', 'Gymnasium', 'numpy', 'jProcessing', 'cltk', 'garage', 'zipline', 'alibi-detect', 'xcessiv', 'neural-style-pt', 'nut', 'langfuse', 'optuna', 'deeplake', 'cortex', 'tensorflow', 'pytorch-frame', 'python-timbl', 'danswerai', 'DeepPavlov', 'rasa', 'igel', 'loso', 'SynapseML', 'machine-learning', 'autogluon', 'mlens', 'scikit-learn-intelex', 'catboost', 'somoclu', 'colibri-core', 'keras-tuner', 'neuropredict', 'dowel', 'DrQA', 'deeppy', 'neuraltalk2', 'altair', 'pgmpy', 'evidently', 'detectron2', 'lightly', 'jieba', 'cleanlab', 'Petrel', 'deepface', 'caffe', 'zpar', 'typer', 'nilearn', 'mlflow', 'open-webui', 'jax', 'stellargraph', 'maze', 'pebl', 'mlx', 'open-metric-learning', 'pytorch_geometric', 'neuraltalk', 'retinaface', 'mljar-supervised', 'superset', 'bokeh', 'pytorch-image-models', 'rosetta', 'recommenders', 'tpot', 'Parris', 'pytensor', 'chainer', 'skll', 'pandas', 'bolt', 'scikit-opt', 'vispy', 'gradio', 'CoreNLP', 'xgboost', 'cornac', 'FEDOT', 'feast', 'aim', 'pyss3', 'matplotlib', 'lab', 'DI-engine', 'dtaidistance', 'seaborn', 'determined', 'retro', 'BioPy', 'CompreFace', 'lambdo', 'mindsdb', 'Metaworld', 'ColossalAI', 'pyqtgraph', 'gensim', 'hebel', 'textacy', 'statsmodels', 'xlearn', 'deepchecks', 'mars', 'NeuroNER', 'PySyft', 'scikit-survival', 'haystack', 'emcee', 'transformers', 'streamlit', 'lightwood', 'prodmodel', 'joliGEN', 'ViZDoom', 'pybrain', 'langflow', 'mlxtend', 'Spearmint', 'bigartm', 'skorch', 'vigra', 'blaze', 'catalyst', 'sktime', 'ggpy', 'python-recsys', 'scikit-learn', 'river', 'tesseract', 'pytorch-lightning', 'shogun', 'spaCy', 'yalign', 'ray', 'pynlpl', 'DIGITS', 'LightGBM', 'pytorch', 'PyTorchCV', 'dash', 'polyglot', 'pymc', 'bentoml', 'pkuseg-python', 'scikit-image', 'Gymnasium', 'numpy', 'jProcessing', 'cltk', 'garage', 'zipline', 'alibi-detect', 'xcessiv', 'neural-style-pt', 'nut', 'langfuse', 'optuna', 'deeplake', 'cortex', 'tensorflow', 'pytorch-frame', 'python-timbl', 'danswerai', 'DeepPavlov', 'rasa', 'igel', 'loso', 'SynapseML', 'machine-learning', 'autogluon', 'mlens', 'scikit-learn-intelex', 'catboost', 'somoclu', 'colibri-core', 'keras-tuner', 'neuropredict', 'dowel', 'DrQA', 'deeppy', 'neuraltalk2', 'altair', 'pgmpy', 'evidently', 'detectron2', 'lightly', 'jieba', 'cleanlab', 'Petrel', 'deepface', 'caffe', 'zpar', 'typer', 'nilearn', 'mlflow', 'open-webui', 'jax', 'stellargraph', 'maze', 'pebl', 'mlx', 'open-metric-learning', 'pytorch_geometric', 'neuraltalk', 'retinaface', 'mljar-supervised', 'superset', 'bokeh', 'pytorch-image-models', 'rosetta', 'recommenders', 'tpot', 'Parris', 'pytensor', 'chainer', 'skll', 'pandas', 'bolt', 'scikit-opt', 'vispy', 'gradio', 'CoreNLP', 'xgboost']"
146,category,933,OWASP Top Ten 2013 Category A5 - Security Misconfiguration,27,94,"['aim', 'feast', 'PySyft', 'langflow', 'mindsdb', 'ColossalAI', 'superset', 'danswerai', 'blaze', 'machine-learning', 'deepface', 'ray', 'gradio', 'dash', 'open-webui', 'DIGITS', 'mlflow', 'joliGEN', 'CompreFace', 'bokeh', 'caffe', 'xcessiv', 'face_recognition']"
147,category,934,OWASP Top Ten 2013 Category A6 - Sensitive Data Exposure,84,97,"['feast', 'mindsdb', 'langflow', 'Neural', 'cortex', 'bokeh', 'danswerai', 'deepface', 'ray', 'gradio', 'open-webui', 'bentoml', 'comet-llm', 'typer', 'mlflow', 'determined', 'pattern', 'feast', 'mindsdb', 'langflow', 'Neural', 'cortex', 'bokeh', 'danswerai', 'deepface', 'ray', 'gradio', 'open-webui', 'bentoml', 'comet-llm', 'typer', 'mlflow', 'determined', 'pattern', 'lightly', 'langflow', 'couler', 'gradio', 'streamlit', 'mars', 'open-webui', 'danswerai', 'mlflow', 'determined', 'langflow', 'couler', 'gradio', 'streamlit', 'mars', 'danswerai', 'mlflow', 'determined', 'lightly', 'langflow', 'couler', 'gradio', 'streamlit', 'mars', 'open-webui', 'danswerai', 'mlflow', 'determined', 'lightly', 'langflow', 'couler', 'gradio', 'streamlit', 'mars', 'open-webui', 'danswerai', 'mlflow', 'determined']"
148,category,938,OWASP Top Ten 2013 Category A10 - Unvalidated Redirects and Forwards,9,14,"['mindsdb', 'langflow', 'superset', 'DIGITS', 'face_recognition']"
149,category,958,SFP Secondary Cluster: Broken Cryptography,60,26,"['lightly', 'langflow', 'couler', 'gradio', 'streamlit', 'mars', 'open-webui', 'danswerai', 'mlflow', 'determined', 'langflow', 'couler', 'gradio', 'streamlit', 'mars', 'danswerai', 'mlflow', 'determined', 'lightly', 'langflow', 'couler', 'gradio', 'streamlit', 'mars', 'open-webui', 'danswerai', 'mlflow', 'determined', 'lightly', 'langflow', 'couler', 'gradio', 'streamlit', 'mars', 'open-webui', 'danswerai', 'mlflow', 'determined']"
150,category,963,SFP Secondary Cluster: Exposed Data,95,383,"['aim', 'pyss3', 'langflow', 'mlflow', 'determined', 'jax', 'gan', 'ColossalAI', 'open-metric-learning', 'pytorch_geometric', 'pytorch-lightning', 'spaCy', 'sinabs', 'bokeh', 'ray', 'catboost', 'LightGBM', 'gradio', 'streamlit', 'transformers', 'bentoml', 'detectron2', 'aim', 'feast', 'PySyft', 'langflow', 'mindsdb', 'ColossalAI', 'superset', 'danswerai', 'blaze', 'machine-learning', 'deepface', 'ray', 'gradio', 'dash', 'open-webui', 'DIGITS', 'mlflow', 'joliGEN', 'aim', 'feast', 'PySyft', 'langflow', 'mindsdb', 'ColossalAI', 'superset', 'danswerai', 'blaze', 'machine-learning', 'deepface', 'ray', 'gradio', 'dash', 'open-webui', 'DIGITS', 'mlflow', 'joliGEN', 'CompreFace', 'bokeh', 'caffe', 'xcessiv', 'face_recognition', 'feast', 'mindsdb', 'langflow', 'Neural', 'cortex', 'bokeh', 'danswerai', 'deepface', 'ray', 'gradio', 'open-webui', 'bentoml', 'comet-llm', 'typer', 'mlflow', 'determined', 'pattern', 'feast', 'mindsdb', 'langflow', 'Neural', 'ray', 'gradio', 'bentoml', 'mlflow', 'feast', 'mindsdb', 'langflow', 'Neural', 'cortex', 'bokeh', 'danswerai', 'deepface', 'ray', 'gradio', 'open-webui', 'bentoml', 'comet-llm', 'typer', 'mlflow', 'determined', 'pattern', 'feast', 'langflow', 'cortex', 'bokeh', 'danswerai', 'deepface', 'ray', 'gradio', 'open-webui', 'comet-llm', 'typer', 'mlflow', 'determined', 'pattern']"
151,category,964,SFP Secondary Cluster: Exposure Temporary File,5,19,"['lightly', 'nut', 'mindsdb', 'pytorch', 'gensim', 'tensorflow', 'DI-engine', 'python-timbl', 'transformers', 'bentoml', 'shogun', 'rasa']"
152,category,966,SFP Secondary Cluster: Other Exposures,1,2,['DIGITS']
153,category,975,SFP Secondary Cluster: Architecture,10,71,"['feast', 'mindsdb', 'langflow', 'Neural', 'cortex', 'bokeh', 'danswerai', 'deepface', 'ray', 'gradio', 'open-webui', 'bentoml', 'comet-llm', 'typer', 'mlflow', 'determined', 'pattern', 'feast', 'mindsdb', 'langflow', 'Neural', 'cortex', 'bokeh', 'danswerai', 'deepface', 'ray', 'gradio', 'open-webui', 'bentoml', 'comet-llm', 'typer', 'mlflow', 'determined', 'pattern']"
154,category,981,SFP Secondary Cluster: Path Traversal,61,28228,"['cornac', 'FEDOT', 'feast', 'aim', 'pyss3', 'matplotlib', 'lab', 'DI-engine', 'dtaidistance', 'seaborn', 'determined', 'retro', 'BioPy', 'CompreFace', 'lambdo', 'mindsdb', 'Metaworld', 'ColossalAI', 'pyqtgraph', 'gensim', 'hebel', 'textacy', 'statsmodels', 'xlearn', 'deepchecks', 'mars', 'NeuroNER', 'PySyft', 'scikit-survival', 'haystack', 'emcee', 'transformers', 'streamlit', 'lightwood', 'prodmodel', 'joliGEN', 'ViZDoom', 'pybrain', 'langflow', 'mlxtend', 'Spearmint', 'bigartm', 'skorch', 'vigra', 'blaze', 'catalyst', 'sktime', 'ggpy', 'python-recsys', 'scikit-learn', 'river', 'tesseract', 'pytorch-lightning', 'shogun', 'spaCy', 'yalign', 'ray', 'pynlpl', 'DIGITS', 'LightGBM', 'pytorch', 'PyTorchCV', 'dash', 'polyglot', 'pymc', 'bentoml', 'pkuseg-python', 'scikit-image', 'Gymnasium', 'numpy', 'jProcessing', 'cltk', 'garage', 'zipline', 'alibi-detect', 'xcessiv', 'neural-style-pt', 'nut', 'langfuse', 'optuna', 'deeplake', 'cortex', 'tensorflow', 'pytorch-frame', 'python-timbl', 'danswerai', 'DeepPavlov', 'rasa', 'igel', 'loso', 'SynapseML', 'machine-learning', 'autogluon', 'mlens', 'scikit-learn-intelex', 'catboost', 'somoclu', 'colibri-core', 'keras-tuner', 'neuropredict', 'dowel', 'DrQA', 'deeppy', 'neuraltalk2', 'altair', 'pgmpy', 'evidently', 'detectron2', 'lightly', 'jieba', 'cleanlab', 'Petrel', 'deepface', 'caffe', 'zpar', 'typer', 'nilearn', 'mlflow', 'open-webui', 'jax', 'stellargraph', 'maze', 'pebl', 'mlx', 'open-metric-learning', 'pytorch_geometric', 'neuraltalk', 'retinaface', 'mljar-supervised', 'superset', 'bokeh', 'pytorch-image-models', 'rosetta', 'recommenders', 'tpot', 'Parris', 'pytensor', 'chainer', 'skll', 'pandas', 'bolt', 'scikit-opt', 'vispy', 'gradio', 'CoreNLP', 'xgboost', 'cornac', 'FEDOT', 'feast', 'aim', 'pyss3', 'matplotlib', 'lab', 'DI-engine', 'dtaidistance', 'seaborn', 'determined', 'retro', 'BioPy', 'CompreFace', 'lambdo', 'mindsdb', 'Metaworld', 'ColossalAI', 'pyqtgraph', 'gensim', 'hebel', 'textacy', 'statsmodels', 'xlearn', 'deepchecks', 'mars', 'NeuroNER', 'PySyft', 'scikit-survival', 'haystack', 'emcee', 'transformers', 'streamlit', 'lightwood', 'prodmodel', 'joliGEN', 'ViZDoom', 'pybrain', 'langflow', 'mlxtend', 'Spearmint', 'bigartm', 'skorch', 'vigra', 'blaze', 'catalyst', 'sktime', 'ggpy', 'python-recsys', 'scikit-learn', 'river', 'tesseract', 'pytorch-lightning', 'shogun', 'spaCy', 'yalign', 'ray', 'pynlpl', 'DIGITS', 'LightGBM', 'pytorch', 'PyTorchCV', 'dash', 'polyglot', 'pymc', 'bentoml', 'pkuseg-python', 'scikit-image', 'Gymnasium', 'numpy', 'jProcessing', 'cltk', 'garage', 'zipline', 'alibi-detect', 'xcessiv', 'neural-style-pt', 'nut', 'langfuse', 'optuna', 'deeplake', 'cortex', 'tensorflow', 'pytorch-frame', 'python-timbl', 'danswerai', 'DeepPavlov', 'rasa', 'igel', 'loso', 'SynapseML', 'machine-learning', 'autogluon', 'mlens', 'scikit-learn-intelex', 'catboost', 'somoclu', 'colibri-core', 'keras-tuner', 'neuropredict', 'dowel', 'DrQA', 'deeppy', 'neuraltalk2', 'altair', 'pgmpy', 'evidently', 'detectron2', 'lightly', 'jieba', 'cleanlab', 'Petrel', 'deepface', 'caffe', 'zpar', 'typer', 'nilearn', 'mlflow', 'open-webui', 'jax', 'stellargraph', 'maze', 'pebl', 'mlx', 'open-metric-learning', 'pytorch_geometric', 'neuraltalk', 'retinaface', 'mljar-supervised', 'superset', 'bokeh', 'pytorch-image-models', 'rosetta', 'recommenders', 'tpot', 'Parris', 'pytensor', 'chainer', 'skll', 'pandas', 'bolt', 'scikit-opt', 'vispy', 'gradio', 'CoreNLP', 'xgboost', 'cornac', 'FEDOT', 'feast', 'aim', 'pyss3', 'matplotlib', 'lab', 'DI-engine', 'dtaidistance', 'seaborn', 'determined', 'retro', 'BioPy', 'CompreFace', 'lambdo', 'mindsdb', 'Metaworld', 'ColossalAI', 'pyqtgraph', 'gensim', 'hebel', 'textacy', 'statsmodels', 'xlearn', 'deepchecks', 'mars', 'NeuroNER', 'PySyft', 'scikit-survival', 'haystack', 'emcee', 'transformers', 'streamlit', 'lightwood', 'prodmodel', 'joliGEN', 'ViZDoom', 'pybrain', 'langflow', 'mlxtend', 'Spearmint', 'bigartm', 'skorch', 'vigra', 'blaze', 'catalyst', 'sktime', 'ggpy', 'python-recsys', 'scikit-learn', 'river', 'tesseract', 'pytorch-lightning', 'shogun', 'spaCy', 'yalign', 'ray', 'pynlpl', 'DIGITS', 'LightGBM', 'pytorch', 'PyTorchCV', 'dash', 'polyglot', 'pymc', 'bentoml', 'pkuseg-python', 'scikit-image', 'Gymnasium', 'numpy', 'jProcessing', 'cltk', 'garage', 'zipline', 'alibi-detect', 'xcessiv', 'neural-style-pt', 'nut', 'langfuse', 'optuna', 'deeplake', 'cortex', 'tensorflow', 'pytorch-frame', 'python-timbl', 'danswerai', 'DeepPavlov', 'rasa', 'igel', 'loso', 'SynapseML', 'machine-learning', 'autogluon', 'mlens', 'scikit-learn-intelex', 'catboost', 'somoclu', 'colibri-core', 'keras-tuner', 'neuropredict', 'dowel', 'DrQA', 'deeppy', 'neuraltalk2', 'altair', 'pgmpy', 'evidently', 'detectron2', 'lightly', 'jieba', 'cleanlab', 'Petrel', 'deepface', 'caffe', 'zpar', 'typer', 'nilearn', 'mlflow', 'open-webui', 'jax', 'stellargraph', 'maze', 'pebl', 'mlx', 'open-metric-learning', 'pytorch_geometric', 'neuraltalk', 'retinaface', 'mljar-supervised', 'superset', 'bokeh', 'pytorch-image-models', 'rosetta', 'recommenders', 'tpot', 'Parris', 'pytensor', 'chainer', 'skll', 'pandas', 'bolt', 'scikit-opt', 'vispy', 'gradio', 'CoreNLP', 'xgboost', 'cornac', 'FEDOT', 'feast', 'aim', 'pyss3', 'matplotlib', 'lab', 'DI-engine', 'dtaidistance', 'seaborn', 'determined', 'retro', 'BioPy', 'CompreFace', 'lambdo', 'mindsdb', 'Metaworld', 'ColossalAI', 'pyqtgraph', 'gensim', 'hebel', 'textacy', 'statsmodels', 'xlearn', 'deepchecks', 'mars', 'NeuroNER', 'PySyft', 'scikit-survival', 'haystack', 'emcee', 'transformers', 'streamlit', 'lightwood', 'prodmodel', 'joliGEN', 'ViZDoom', 'pybrain', 'langflow', 'mlxtend', 'Spearmint', 'bigartm', 'skorch', 'vigra', 'blaze', 'catalyst', 'sktime', 'ggpy', 'python-recsys', 'scikit-learn', 'river', 'tesseract', 'pytorch-lightning', 'shogun', 'spaCy', 'yalign', 'ray', 'pynlpl', 'DIGITS', 'LightGBM', 'pytorch', 'PyTorchCV', 'dash', 'polyglot', 'pymc', 'bentoml', 'pkuseg-python', 'scikit-image', 'Gymnasium', 'numpy', 'jProcessing', 'cltk', 'garage', 'zipline', 'alibi-detect', 'xcessiv', 'neural-style-pt', 'nut', 'langfuse', 'optuna', 'deeplake', 'cortex', 'tensorflow', 'pytorch-frame', 'python-timbl', 'danswerai', 'DeepPavlov', 'rasa', 'igel', 'loso', 'SynapseML', 'machine-learning', 'autogluon', 'mlens', 'scikit-learn-intelex', 'catboost', 'somoclu', 'colibri-core', 'keras-tuner', 'neuropredict', 'dowel', 'DrQA', 'deeppy', 'neuraltalk2', 'altair', 'pgmpy', 'evidently', 'detectron2', 'lightly', 'jieba', 'cleanlab', 'Petrel', 'deepface', 'caffe', 'zpar', 'typer', 'nilearn', 'mlflow', 'open-webui', 'jax', 'stellargraph', 'maze', 'pebl', 'mlx', 'open-metric-learning', 'pytorch_geometric', 'neuraltalk', 'retinaface', 'mljar-supervised', 'superset', 'bokeh', 'pytorch-image-models', 'rosetta', 'recommenders', 'tpot', 'Parris', 'pytensor', 'chainer', 'skll', 'pandas', 'bolt', 'scikit-opt', 'vispy', 'gradio', 'CoreNLP', 'xgboost']"
155,category,985,SFP Secondary Cluster: Unrestricted Consumption,48,355,"['ViZDoom', 'numpy', 'pyss3', 'langflow', 'jProcessing', 'bigartm', 'DI-engine', 'vigra', 'blaze', 'caffe', 'zpar', 'typer', 'mlflow', 'scikit-learn', 'zipline', 'retro', 'determined', 'open-webui', 'jax', 'lambdo', 'mindsdb', 'ColossalAI', 'pyqtgraph', 'gensim', 'pebl', 'cortex', 'tensorflow', 'pydantic', 'danswerai', 'pytorch-lightning', 'DeepPavlov', 'pattern', 'rasa', 'bokeh', 'xlearn', 'pandas', 'deepchecks', 'ray', 'DIGITS', 'mars', 'scikit-learn-intelex', 'catboost', 'LightGBM', 'dirty_cat', 'DrQA', 'haystack', 'emcee', 'pytorch', 'chainer', 'skll', 'PyTorchCV', 'lightning-bolts', 'CoreNLP', 'vispy', 'gradio', 'streamlit', 'dash', 'bentoml', 'xgboost', 'pymc', 'transformers', 'pgmpy', 'ViZDoom', 'numpy', 'pyss3', 'langflow', 'jProcessing', 'bigartm', 'DI-engine', 'vigra', 'blaze', 'caffe', 'zpar', 'typer', 'mlflow', 'scikit-learn', 'zipline', 'retro', 'determined', 'open-webui', 'jax', 'lambdo', 'mindsdb', 'ColossalAI', 'pyqtgraph', 'gensim', 'pebl', 'cortex', 'tensorflow', 'pydantic', 'danswerai', 'pytorch-lightning', 'DeepPavlov', 'pattern', 'rasa', 'bokeh', 'xlearn', 'pandas', 'deepchecks', 'ray', 'DIGITS', 'mars', 'scikit-learn-intelex', 'catboost', 'LightGBM', 'dirty_cat', 'DrQA', 'haystack', 'emcee', 'pytorch', 'chainer', 'skll', 'PyTorchCV', 'lightning-bolts', 'CoreNLP', 'vispy', 'gradio', 'streamlit', 'dash', 'bentoml', 'xgboost', 'pymc', 'transformers', 'pgmpy', 'ViZDoom', 'numpy', 'pyss3', 'langflow', 'jProcessing', 'bigartm', 'DI-engine', 'vigra', 'blaze', 'caffe', 'zpar', 'typer', 'mlflow', 'scikit-learn', 'zipline', 'retro', 'determined', 'open-webui', 'jax', 'lambdo', 'mindsdb', 'ColossalAI', 'pyqtgraph', 'gensim', 'pebl', 'cortex', 'tensorflow', 'pydantic', 'danswerai', 'pytorch-lightning', 'DeepPavlov', 'pattern', 'rasa', 'bokeh', 'xlearn', 'pandas', 'deepchecks', 'ray', 'DIGITS', 'mars', 'scikit-learn-intelex', 'catboost', 'LightGBM', 'dirty_cat', 'DrQA', 'haystack', 'emcee', 'pytorch', 'chainer', 'skll', 'PyTorchCV', 'lightning-bolts', 'CoreNLP', 'vispy', 'gradio', 'streamlit', 'dash', 'bentoml', 'xgboost', 'pymc', 'transformers', 'pgmpy']"
156,category,990,SFP Secondary Cluster: Tainted Input to Command,134,7875,"['mindsdb', 'langflow', 'superset', 'DIGITS', 'face_recognition', 'feast', 'superset', 'DI-engine', 'pandas', 'ray', 'DIGITS', 'dl-translate', 'ViZDoom', 'numpy', 'aim', 'langflow', 'matplotlib', 'Spearmint', 'bigartm', 'DI-engine', 'blaze', 'catalyst', 'typer', 'nilearn', 'mlflow', 'zipline', 'determined', 'retro', 'rep', 'open-webui', 'jax', 'mindsdb', 'deeplake', 'pyqtgraph', 'gensim', 'cortex', 'tensorflow', 'PyStanfordDependencies', 'pydantic', 'mist', 'open-metric-learning', 'neuraltalk', 'danswerai', 'pytorch-lightning', 'shogun', 'rasa', 'loso', 'statsmodels', 'superset', 'bokeh', 'pytorch-image-models', 'ray', 'pynlpl', 'DIGITS', 'mlens', 'scikit-learn-intelex', 'mars', 'catboost', 'colibri-core', 'pytorch', 'deeppy', 'skll', 'gradio', 'streamlit', 'altair', 'bentoml', 'xgboost', 'dash', 'scikit-image', 'transformers', 'detectron2', 'ViZDoom', 'numpy', 'aim', 'langflow', 'matplotlib', 'Spearmint', 'bigartm', 'DI-engine', 'blaze', 'catalyst', 'typer', 'nilearn', 'mlflow', 'zipline', 'determined', 'retro', 'rep', 'open-webui', 'jax', 'mindsdb', 'deeplake', 'pyqtgraph', 'gensim', 'cortex', 'tensorflow', 'PyStanfordDependencies', 'pydantic', 'mist', 'open-metric-learning', 'neuraltalk', 'danswerai', 'pytorch-lightning', 'shogun', 'rasa', 'loso', 'statsmodels', 'superset', 'bokeh', 'pytorch-image-models', 'ray', 'pynlpl', 'DIGITS', 'mlens', 'scikit-learn-intelex', 'mars', 'catboost', 'colibri-core', 'pytorch', 'deeppy', 'skll', 'gradio', 'streamlit', 'altair', 'bentoml', 'xgboost', 'dash', 'scikit-image', 'transformers', 'detectron2', 'cornac', 'FEDOT', 'numpy', 'pyod', 'pybrain', 'lifelines', 'cleanlab', 'couler', 'bigartm', 'DI-engine', 'vigra', 'annoy', 'catalyst', 'scikit-multiflow', 'zpar', 'ggpy', 'seaborn', 'open-webui', 'alibi-detect', 'notebook', 'gan', 'stellargraph', 'rockpool', 'lambdo', 'mindsdb', 'ColossalAI', 'pyqtgraph', 'pebl', 'tensorflow', 'mist', 'python-timbl', 'metric-learn', 'DeepPavlov', 'statsmodels', 'superset', 'xlearn', 'nupic.studio', 'breze', 'rgf', 'imbalanced-ensemble', 'recommenders', 'tpot', 'bytehub', 'catboost', 'alibi', 'segmentation_models', 'pytorch', 'chainer', 'deeppy', 'dash', 'streamlit', 'snips-nlu', 'DIGITS', 'scikit-image', 'superset', 'transformers', 'superset', 'transformers', 'cornac', 'FEDOT', 'feast', 'aim', 'pyss3', 'matplotlib', 'lab', 'DI-engine', 'dtaidistance', 'seaborn', 'determined', 'retro', 'BioPy', 'CompreFace', 'lambdo', 'mindsdb', 'Metaworld', 'ColossalAI', 'pyqtgraph', 'gensim', 'hebel', 'textacy', 'statsmodels', 'xlearn', 'deepchecks', 'mars', 'NeuroNER', 'PySyft', 'scikit-survival', 'haystack', 'emcee', 'transformers', 'streamlit', 'lightwood', 'prodmodel', 'joliGEN', 'ViZDoom', 'pybrain', 'langflow', 'mlxtend', 'Spearmint', 'bigartm', 'skorch', 'vigra', 'blaze', 'catalyst', 'sktime', 'ggpy', 'python-recsys', 'scikit-learn', 'river', 'tesseract', 'pytorch-lightning', 'shogun', 'spaCy', 'yalign', 'ray', 'pynlpl', 'DIGITS', 'LightGBM', 'pytorch', 'PyTorchCV', 'dash', 'polyglot', 'pymc', 'bentoml', 'pkuseg-python', 'scikit-image', 'Gymnasium', 'numpy', 'jProcessing', 'cltk', 'garage', 'zipline', 'alibi-detect', 'xcessiv', 'neural-style-pt', 'nut', 'langfuse', 'optuna', 'deeplake', 'cortex', 'tensorflow', 'pytorch-frame', 'python-timbl', 'danswerai', 'DeepPavlov', 'rasa', 'igel', 'loso', 'SynapseML', 'machine-learning', 'autogluon', 'mlens', 'scikit-learn-intelex', 'catboost', 'somoclu', 'colibri-core', 'keras-tuner', 'neuropredict', 'dowel', 'DrQA', 'deeppy', 'neuraltalk2', 'altair', 'pgmpy', 'evidently', 'detectron2', 'lightly', 'jieba', 'cleanlab', 'Petrel', 'deepface', 'caffe', 'zpar', 'typer', 'nilearn', 'mlflow', 'open-webui', 'jax', 'stellargraph', 'maze', 'pebl', 'mlx', 'open-metric-learning', 'pytorch_geometric', 'neuraltalk', 'retinaface', 'mljar-supervised', 'superset', 'bokeh', 'pytorch-image-models', 'rosetta', 'recommenders', 'tpot', 'Parris', 'pytensor', 'chainer', 'skll', 'pandas', 'bolt', 'scikit-opt', 'vispy', 'gradio', 'CoreNLP', 'xgboost', 'cornac', 'feast', 'mindsdb', 'bowtie', 'PyTorchCV', 'machine-learning', 'deepface', 'mars', 'DIGITS', 'mlflow', 'feast', 'mindsdb', 'deeplake', 'open-webui', 'danswerai', 'DeepPavlov', 'mlflow', 'determined', 'rasa']"
157,category,991,SFP Secondary Cluster: Tainted Input to Environment,12,132,"['cornac', 'FEDOT', 'numpy', 'pyod', 'pybrain', 'lifelines', 'cleanlab', 'couler', 'bigartm', 'DI-engine', 'vigra', 'annoy', 'catalyst', 'scikit-multiflow', 'zpar', 'ggpy', 'seaborn', 'open-webui', 'alibi-detect', 'notebook', 'gan', 'stellargraph', 'rockpool', 'lambdo', 'mindsdb', 'ColossalAI', 'pyqtgraph', 'pebl', 'tensorflow', 'mist', 'python-timbl', 'metric-learn', 'DeepPavlov', 'statsmodels', 'superset', 'xlearn', 'nupic.studio', 'breze', 'rgf', 'imbalanced-ensemble', 'recommenders', 'tpot', 'bytehub', 'catboost', 'alibi', 'segmentation_models', 'pytorch', 'chainer', 'deeppy', 'dash', 'streamlit', 'snips-nlu', 'DIGITS', 'scikit-image']"
158,category,992,SFP Secondary Cluster: Faulty Input Transformation,30,165,"['cornac', 'FEDOT', 'numpy', 'feast', 'pyod', 'pybrain', 'lifelines', 'cleanlab', 'couler', 'bowtie', 'bigartm', 'DI-engine', 'vigra', 'annoy', 'deepface', 'catalyst', 'scikit-multiflow', 'zpar', 'ggpy', 'seaborn', 'mlflow', 'alibi-detect', 'open-webui', 'notebook', 'gan', 'stellargraph', 'rockpool', 'lambdo', 'mindsdb', 'ColossalAI', 'pyqtgraph', 'pebl', 'tensorflow', 'mist', 'python-timbl', 'metric-learn', 'DeepPavlov', 'statsmodels', 'superset', 'xlearn', 'nupic.studio', 'breze', 'machine-learning', 'rgf', 'imbalanced-ensemble', 'recommenders', 'mars', 'bytehub', 'tpot', 'catboost', 'alibi', 'segmentation_models', 'pytorch', 'chainer', 'deeppy', 'PyTorchCV', 'dash', 'streamlit', 'snips-nlu', 'transformers', 'DIGITS', 'scikit-image', 'cornac', 'FEDOT', 'numpy', 'feast', 'pyod', 'pybrain', 'lifelines', 'cleanlab', 'couler', 'bowtie', 'bigartm', 'DI-engine', 'vigra', 'annoy', 'deepface', 'catalyst', 'scikit-multiflow', 'zpar', 'ggpy', 'seaborn', 'mlflow', 'alibi-detect', 'open-webui', 'notebook', 'gan', 'stellargraph', 'rockpool', 'lambdo', 'mindsdb', 'ColossalAI', 'pyqtgraph', 'pebl', 'tensorflow', 'mist', 'python-timbl', 'metric-learn', 'DeepPavlov', 'statsmodels', 'superset', 'xlearn', 'nupic.studio', 'breze', 'machine-learning', 'rgf', 'imbalanced-ensemble', 'recommenders', 'mars', 'bytehub', 'tpot', 'catboost', 'alibi', 'segmentation_models', 'pytorch', 'chainer', 'deeppy', 'PyTorchCV', 'dash', 'streamlit', 'snips-nlu', 'transformers', 'DIGITS', 'scikit-image', 'cornac', 'FEDOT', 'numpy', 'feast', 'pyod', 'pybrain', 'lifelines', 'cleanlab', 'couler', 'bowtie', 'bigartm', 'DI-engine', 'vigra', 'annoy', 'deepface', 'catalyst', 'scikit-multiflow', 'zpar', 'ggpy', 'seaborn', 'mlflow', 'alibi-detect', 'open-webui', 'notebook', 'gan', 'stellargraph', 'rockpool', 'lambdo', 'mindsdb', 'ColossalAI', 'pyqtgraph', 'pebl', 'tensorflow', 'mist', 'python-timbl', 'metric-learn', 'DeepPavlov', 'statsmodels', 'superset', 'xlearn', 'nupic.studio', 'breze', 'machine-learning', 'rgf', 'imbalanced-ensemble', 'recommenders', 'mars', 'bytehub', 'tpot', 'catboost', 'alibi', 'segmentation_models', 'pytorch', 'chainer', 'deeppy', 'PyTorchCV', 'dash', 'streamlit', 'snips-nlu', 'transformers', 'DIGITS', 'scikit-image']"
159,category,994,SFP Secondary Cluster: Tainted Input to Variable,277,791,"['lightly', 'ViZDoom', 'numpy', 'feast', 'langflow', 'mlflow', 'open-webui', 'retro', 'mindsdb', 'pydantic', 'nalp', 'danswerai', 'rasa', 'pattern', 'superset', 'bokeh', 'Auto_ViML', 'fastapi', 'spammy', 'ray', 'PySyft', 'pytensor', 'pytorch', 'gradio', 'streamlit', 'transformers', 'DIGITS', 'AutoViz', 'lightly', 'ViZDoom', 'numpy', 'feast', 'langflow', 'mlflow', 'open-webui', 'retro', 'mindsdb', 'pydantic', 'nalp', 'danswerai', 'rasa', 'pattern', 'superset', 'bokeh', 'Auto_ViML', 'fastapi', 'spammy', 'ray', 'PySyft', 'pytensor', 'pytorch', 'gradio', 'streamlit', 'transformers', 'DIGITS', 'AutoViz', 'cornac', 'FEDOT', 'feast', 'pyod', 'matplotlib', 'DI-engine', 'Sklearn-genetic-opt', 'determined', 'opfython', 'rep', 'lambdo', 'mindsdb', 'ColossalAI', 'pyqtgraph', 'hebel', 'PCV', 'tflearn', 'statsmodels', 'deepchecks', 'backprop', 'mars', 'NeuroNER', 'sentiment-analyzer', 'haystack', 'lightning-bolts', 'transformers', 'streamlit', 'lightwood', 'face_recognition', 'prodmodel', 'joliGEN', 'ViZDoom', 'pybrain', 'mlxtend', 'bigartm', 'skorch', 'catalyst', 'evostra', 'python-recsys', 'dl-translate', 'scikit-learn', 'river', 'pytorch-lightning', 'opytimizer', 'yalign', 'ray', 'DIGITS', 'alibi', 'LightGBM', 'xgboost', 'pytorch', 'PyTorchCV', 'polyglot', 'bentoml', 'pkuseg-python', 'numpy', 'jProcessing', 'cltk', 'miraiml', 'garage', 'zipline', 'alibi-detect', 'neural-style-pt', 'nut', 'tensorflow', 'pytorch-frame', 'DeepPavlov', 'rasa', 'igel', 'loso', 'machine-learning', 'autogluon', 'mlens', 'scikit-learn-intelex', 'catboost', 'keras-tuner', 'shapash', 'eurybia', 'neuropredict', 'DrQA', 'deeppy', 'pytorch_geometric_temporal', 'evidently', 'detectron2', 'lightly', 'jieba', 'cleanlab', 'Petrel', 'deepface', 'caffe', 'zpar', 'mlflow', 'TResNet', 'frouros', 'maze', 'pebl', 'open-metric-learning', 'pytorch_geometric', 'neuraltalk', 'mljar-supervised', 'bokeh', 'pytorch-image-models', 'segmentation_models.pytorch', 'simpleai', 'sentiment_classifier', 'recommenders', 'chefboost', 'snownlp', 'pytensor', 'chainer', 'skll', 'pandas', 'bolt', 'dedupe', 'neurolab', 'lightly', 'ViZDoom', 'numpy', 'feast', 'langflow', 'mlflow', 'open-webui', 'retro', 'mindsdb', 'pydantic', 'nalp', 'danswerai', 'rasa', 'pattern', 'superset', 'bokeh', 'Auto_ViML', 'fastapi', 'spammy', 'ray', 'PySyft', 'pytensor', 'pytorch', 'gradio', 'streamlit', 'transformers', 'DIGITS', 'AutoViz', 'lightly', 'ViZDoom', 'numpy', 'feast', 'langflow', 'mlflow', 'open-webui', 'retro', 'mindsdb', 'pydantic', 'nalp', 'danswerai', 'rasa', 'pattern', 'superset', 'bokeh', 'Auto_ViML', 'fastapi', 'spammy', 'ray', 'PySyft', 'pytensor', 'pytorch', 'gradio', 'streamlit', 'transformers', 'DIGITS', 'AutoViz', 'lightly', 'ViZDoom', 'numpy', 'feast', 'langflow', 'mlflow', 'open-webui', 'retro', 'mindsdb', 'pydantic', 'nalp', 'danswerai', 'rasa', 'pattern', 'superset', 'bokeh', 'Auto_ViML', 'fastapi', 'spammy', 'ray', 'PySyft', 'pytensor', 'pytorch', 'gradio', 'streamlit', 'transformers', 'DIGITS', 'AutoViz']"
160,category,1002,SFP Secondary Cluster: Unexpected Entry Points,6,6,"['CompreFace', 'bokeh', 'caffe', 'xcessiv', 'face_recognition']"
161,category,1005,7PK - Input Validation and Representation,330,7205,"['lightly', 'ViZDoom', 'numpy', 'feast', 'langflow', 'mlflow', 'open-webui', 'retro', 'mindsdb', 'pydantic', 'nalp', 'danswerai', 'rasa', 'pattern', 'superset', 'bokeh', 'Auto_ViML', 'fastapi', 'spammy', 'ray', 'PySyft', 'pytensor', 'pytorch', 'gradio', 'streamlit', 'transformers', 'DIGITS', 'AutoViz', 'lightly', 'ViZDoom', 'numpy', 'feast', 'langflow', 'mlflow', 'open-webui', 'retro', 'mindsdb', 'pydantic', 'nalp', 'danswerai', 'rasa', 'pattern', 'superset', 'bokeh', 'Auto_ViML', 'fastapi', 'spammy', 'ray', 'PySyft', 'pytensor', 'pytorch', 'gradio', 'streamlit', 'transformers', 'DIGITS', 'AutoViz', 'lightly', 'ViZDoom', 'numpy', 'feast', 'langflow', 'mlflow', 'open-webui', 'retro', 'mindsdb', 'pydantic', 'nalp', 'danswerai', 'rasa', 'pattern', 'superset', 'bokeh', 'Auto_ViML', 'fastapi', 'spammy', 'ray', 'PySyft', 'pytensor', 'pytorch', 'gradio', 'streamlit', 'transformers', 'DIGITS', 'AutoViz', 'lightly', 'ViZDoom', 'numpy', 'feast', 'langflow', 'mlflow', 'open-webui', 'retro', 'mindsdb', 'pydantic', 'nalp', 'danswerai', 'rasa', 'pattern', 'superset', 'bokeh', 'Auto_ViML', 'fastapi', 'spammy', 'ray', 'PySyft', 'pytensor', 'pytorch', 'gradio', 'streamlit', 'transformers', 'DIGITS', 'AutoViz', 'lightly', 'ViZDoom', 'numpy', 'feast', 'langflow', 'mlflow', 'open-webui', 'retro', 'mindsdb', 'pydantic', 'nalp', 'danswerai', 'rasa', 'pattern', 'superset', 'bokeh', 'Auto_ViML', 'fastapi', 'spammy', 'ray', 'PySyft', 'pytensor', 'pytorch', 'gradio', 'streamlit', 'transformers', 'DIGITS', 'AutoViz', 'cornac', 'FEDOT', 'feast', 'aim', 'pyss3', 'matplotlib', 'lab', 'DI-engine', 'dtaidistance', 'seaborn', 'determined', 'retro', 'BioPy', 'CompreFace', 'lambdo', 'mindsdb', 'Metaworld', 'ColossalAI', 'pyqtgraph', 'gensim', 'hebel', 'textacy', 'statsmodels', 'xlearn', 'deepchecks', 'mars', 'NeuroNER', 'PySyft', 'scikit-survival', 'haystack', 'emcee', 'transformers', 'streamlit', 'lightwood', 'prodmodel', 'joliGEN', 'ViZDoom', 'pybrain', 'langflow', 'mlxtend', 'Spearmint', 'bigartm', 'skorch', 'vigra', 'blaze', 'catalyst', 'sktime', 'ggpy', 'python-recsys', 'scikit-learn', 'river', 'tesseract', 'pytorch-lightning', 'shogun', 'spaCy', 'yalign', 'ray', 'pynlpl', 'DIGITS', 'LightGBM', 'pytorch', 'PyTorchCV', 'dash', 'polyglot', 'pymc', 'bentoml', 'pkuseg-python', 'scikit-image', 'Gymnasium', 'numpy', 'jProcessing', 'cltk', 'garage', 'zipline', 'alibi-detect', 'xcessiv', 'neural-style-pt', 'nut', 'langfuse', 'optuna', 'deeplake', 'cortex', 'tensorflow', 'pytorch-frame', 'python-timbl', 'danswerai', 'DeepPavlov', 'rasa', 'igel', 'loso', 'SynapseML', 'machine-learning', 'autogluon', 'mlens', 'scikit-learn-intelex', 'catboost', 'somoclu', 'colibri-core', 'keras-tuner', 'neuropredict', 'dowel', 'DrQA', 'deeppy', 'neuraltalk2', 'altair', 'pgmpy', 'evidently', 'detectron2', 'lightly', 'jieba', 'cleanlab', 'Petrel', 'deepface', 'caffe', 'zpar', 'typer', 'nilearn', 'mlflow', 'open-webui', 'jax', 'stellargraph', 'maze', 'pebl', 'mlx', 'open-metric-learning', 'pytorch_geometric', 'neuraltalk', 'retinaface', 'mljar-supervised', 'superset', 'bokeh', 'pytorch-image-models', 'rosetta', 'recommenders', 'tpot', 'Parris', 'pytensor', 'chainer', 'skll', 'pandas', 'bolt', 'scikit-opt', 'vispy', 'gradio', 'CoreNLP', 'xgboost', 'cornac', 'feast', 'mindsdb', 'bowtie', 'PyTorchCV', 'machine-learning', 'deepface', 'mars', 'DIGITS', 'mlflow', 'feast', 'mindsdb', 'deeplake', 'open-webui', 'danswerai', 'DeepPavlov', 'mlflow', 'determined', 'rasa']"
162,category,1006,Bad Coding Practices,3,6,"['CompreFace', 'bokeh', 'caffe', 'xcessiv', 'face_recognition']"
163,category,1009,Audit,2,59,"['feast', 'langflow', 'cortex', 'bokeh', 'danswerai', 'deepface', 'ray', 'gradio', 'open-webui', 'comet-llm', 'typer', 'mlflow', 'determined', 'pattern']"
164,category,1010,Authenticate Actors,6,11,"['langflow', 'couler', 'gradio', 'streamlit', 'mars', 'danswerai', 'mlflow', 'determined']"
165,category,1011,Authorize Actors,4,71,"['feast', 'mindsdb', 'langflow', 'Neural', 'cortex', 'bokeh', 'danswerai', 'deepface', 'ray', 'gradio', 'open-webui', 'bentoml', 'comet-llm', 'typer', 'mlflow', 'determined', 'pattern', 'feast', 'mindsdb', 'langflow', 'Neural', 'cortex', 'bokeh', 'danswerai', 'deepface', 'ray', 'gradio', 'open-webui', 'bentoml', 'comet-llm', 'typer', 'mlflow', 'determined', 'pattern']"
166,category,1013,Encrypt Data,54,109,"['feast', 'mindsdb', 'langflow', 'Neural', 'cortex', 'bokeh', 'danswerai', 'deepface', 'ray', 'gradio', 'open-webui', 'bentoml', 'comet-llm', 'typer', 'mlflow', 'determined', 'pattern', 'feast', 'mindsdb', 'langflow', 'Neural', 'ray', 'gradio', 'bentoml', 'mlflow', 'feast', 'mindsdb', 'langflow', 'Neural', 'cortex', 'bokeh', 'danswerai', 'deepface', 'ray', 'gradio', 'open-webui', 'bentoml', 'comet-llm', 'typer', 'mlflow', 'determined', 'pattern', 'lightly', 'langflow', 'couler', 'gradio', 'streamlit', 'mars', 'open-webui', 'danswerai', 'mlflow', 'determined', 'langflow', 'couler', 'gradio', 'streamlit', 'mars', 'danswerai', 'mlflow', 'determined', 'lightly', 'langflow', 'couler', 'gradio', 'streamlit', 'mars', 'open-webui', 'danswerai', 'mlflow', 'determined', 'lightly', 'langflow', 'couler', 'gradio', 'streamlit', 'mars', 'open-webui', 'danswerai', 'mlflow', 'determined']"
167,category,1014,Identify Actors,9,1,['ray']
168,category,1015,Limit Access,20,7145,"['aim', 'feast', 'PySyft', 'langflow', 'mindsdb', 'ColossalAI', 'superset', 'danswerai', 'blaze', 'machine-learning', 'deepface', 'ray', 'gradio', 'dash', 'open-webui', 'DIGITS', 'mlflow', 'joliGEN', 'cornac', 'FEDOT', 'feast', 'aim', 'pyss3', 'matplotlib', 'lab', 'DI-engine', 'dtaidistance', 'seaborn', 'determined', 'retro', 'BioPy', 'CompreFace', 'lambdo', 'mindsdb', 'Metaworld', 'ColossalAI', 'pyqtgraph', 'gensim', 'hebel', 'textacy', 'statsmodels', 'xlearn', 'deepchecks', 'mars', 'NeuroNER', 'PySyft', 'scikit-survival', 'haystack', 'emcee', 'transformers', 'streamlit', 'lightwood', 'prodmodel', 'joliGEN', 'ViZDoom', 'pybrain', 'langflow', 'mlxtend', 'Spearmint', 'bigartm', 'skorch', 'vigra', 'blaze', 'catalyst', 'sktime', 'ggpy', 'python-recsys', 'scikit-learn', 'river', 'tesseract', 'pytorch-lightning', 'shogun', 'spaCy', 'yalign', 'ray', 'pynlpl', 'DIGITS', 'LightGBM', 'pytorch', 'PyTorchCV', 'dash', 'polyglot', 'pymc', 'bentoml', 'pkuseg-python', 'scikit-image', 'Gymnasium', 'numpy', 'jProcessing', 'cltk', 'garage', 'zipline', 'alibi-detect', 'xcessiv', 'neural-style-pt', 'nut', 'langfuse', 'optuna', 'deeplake', 'cortex', 'tensorflow', 'pytorch-frame', 'python-timbl', 'danswerai', 'DeepPavlov', 'rasa', 'igel', 'loso', 'SynapseML', 'machine-learning', 'autogluon', 'mlens', 'scikit-learn-intelex', 'catboost', 'somoclu', 'colibri-core', 'keras-tuner', 'neuropredict', 'dowel', 'DrQA', 'deeppy', 'neuraltalk2', 'altair', 'pgmpy', 'evidently', 'detectron2', 'lightly', 'jieba', 'cleanlab', 'Petrel', 'deepface', 'caffe', 'zpar', 'typer', 'nilearn', 'mlflow', 'open-webui', 'jax', 'stellargraph', 'maze', 'pebl', 'mlx', 'open-metric-learning', 'pytorch_geometric', 'neuraltalk', 'retinaface', 'mljar-supervised', 'superset', 'bokeh', 'pytorch-image-models', 'rosetta', 'recommenders', 'tpot', 'Parris', 'pytensor', 'chainer', 'skll', 'pandas', 'bolt', 'scikit-opt', 'vispy', 'gradio', 'CoreNLP', 'xgboost']"
169,category,1019,Validate Inputs,169,8794,"['lightly', 'ViZDoom', 'numpy', 'feast', 'langflow', 'mlflow', 'open-webui', 'retro', 'mindsdb', 'pydantic', 'nalp', 'danswerai', 'rasa', 'pattern', 'superset', 'bokeh', 'Auto_ViML', 'fastapi', 'spammy', 'ray', 'PySyft', 'pytensor', 'pytorch', 'gradio', 'streamlit', 'transformers', 'DIGITS', 'AutoViz', 'lightly', 'ViZDoom', 'numpy', 'feast', 'langflow', 'mlflow', 'open-webui', 'retro', 'mindsdb', 'pydantic', 'nalp', 'danswerai', 'rasa', 'pattern', 'superset', 'bokeh', 'Auto_ViML', 'fastapi', 'spammy', 'ray', 'PySyft', 'pytensor', 'pytorch', 'gradio', 'streamlit', 'transformers', 'DIGITS', 'AutoViz', 'mindsdb', 'langflow', 'superset', 'DIGITS', 'face_recognition', 'feast', 'superset', 'DI-engine', 'pandas', 'ray', 'DIGITS', 'dl-translate', 'ViZDoom', 'numpy', 'aim', 'langflow', 'matplotlib', 'Spearmint', 'bigartm', 'DI-engine', 'blaze', 'catalyst', 'typer', 'nilearn', 'mlflow', 'zipline', 'determined', 'retro', 'rep', 'open-webui', 'jax', 'mindsdb', 'deeplake', 'pyqtgraph', 'gensim', 'cortex', 'tensorflow', 'PyStanfordDependencies', 'pydantic', 'mist', 'open-metric-learning', 'neuraltalk', 'danswerai', 'pytorch-lightning', 'shogun', 'rasa', 'loso', 'statsmodels', 'superset', 'bokeh', 'pytorch-image-models', 'ray', 'pynlpl', 'DIGITS', 'mlens', 'scikit-learn-intelex', 'mars', 'catboost', 'colibri-core', 'pytorch', 'deeppy', 'skll', 'gradio', 'streamlit', 'altair', 'bentoml', 'xgboost', 'dash', 'scikit-image', 'transformers', 'detectron2', 'ViZDoom', 'numpy', 'aim', 'langflow', 'matplotlib', 'Spearmint', 'bigartm', 'DI-engine', 'blaze', 'catalyst', 'typer', 'nilearn', 'mlflow', 'zipline', 'determined', 'retro', 'rep', 'open-webui', 'jax', 'mindsdb', 'deeplake', 'pyqtgraph', 'gensim', 'cortex', 'tensorflow', 'PyStanfordDependencies', 'pydantic', 'mist', 'open-metric-learning', 'neuraltalk', 'danswerai', 'pytorch-lightning', 'shogun', 'rasa', 'loso', 'statsmodels', 'superset', 'bokeh', 'pytorch-image-models', 'ray', 'pynlpl', 'DIGITS', 'mlens', 'scikit-learn-intelex', 'mars', 'catboost', 'colibri-core', 'pytorch', 'deeppy', 'skll', 'gradio', 'streamlit', 'altair', 'bentoml', 'xgboost', 'dash', 'scikit-image', 'transformers', 'detectron2', 'cornac', 'FEDOT', 'numpy', 'pyod', 'pybrain', 'lifelines', 'cleanlab', 'couler', 'bigartm', 'DI-engine', 'vigra', 'annoy', 'catalyst', 'scikit-multiflow', 'zpar', 'ggpy', 'seaborn', 'open-webui', 'alibi-detect', 'notebook', 'gan', 'stellargraph', 'rockpool', 'lambdo', 'mindsdb', 'ColossalAI', 'pyqtgraph', 'pebl', 'tensorflow', 'mist', 'python-timbl', 'metric-learn', 'DeepPavlov', 'statsmodels', 'superset', 'xlearn', 'nupic.studio', 'breze', 'rgf', 'imbalanced-ensemble', 'recommenders', 'tpot', 'bytehub', 'catboost', 'alibi', 'segmentation_models', 'pytorch', 'chainer', 'deeppy', 'dash', 'streamlit', 'snips-nlu', 'DIGITS', 'scikit-image', 'cornac', 'FEDOT', 'numpy', 'pyod', 'pybrain', 'lifelines', 'cleanlab', 'couler', 'bigartm', 'DI-engine', 'vigra', 'annoy', 'catalyst', 'scikit-multiflow', 'zpar', 'ggpy', 'seaborn', 'open-webui', 'alibi-detect', 'notebook', 'gan', 'stellargraph', 'rockpool', 'lambdo', 'mindsdb', 'ColossalAI', 'pyqtgraph', 'pebl', 'tensorflow', 'mist', 'python-timbl', 'metric-learn', 'DeepPavlov', 'statsmodels', 'superset', 'xlearn', 'nupic.studio', 'breze', 'rgf', 'imbalanced-ensemble', 'recommenders', 'tpot', 'bytehub', 'catboost', 'alibi', 'segmentation_models', 'pytorch', 'chainer', 'deeppy', 'dash', 'streamlit', 'snips-nlu', 'DIGITS', 'scikit-image', 'cornac', 'FEDOT', 'feast', 'pyod', 'matplotlib', 'DI-engine', 'Sklearn-genetic-opt', 'determined', 'opfython', 'rep', 'lambdo', 'mindsdb', 'ColossalAI', 'pyqtgraph', 'hebel', 'PCV', 'tflearn', 'statsmodels', 'deepchecks', 'backprop', 'mars', 'NeuroNER', 'sentiment-analyzer', 'haystack', 'lightning-bolts', 'transformers', 'streamlit', 'lightwood', 'face_recognition', 'prodmodel', 'joliGEN', 'ViZDoom', 'pybrain', 'mlxtend', 'bigartm', 'skorch', 'catalyst', 'evostra', 'python-recsys', 'dl-translate', 'scikit-learn', 'river', 'pytorch-lightning', 'opytimizer', 'yalign', 'ray', 'DIGITS', 'alibi', 'LightGBM', 'xgboost', 'pytorch', 'PyTorchCV', 'polyglot', 'bentoml', 'pkuseg-python', 'numpy', 'jProcessing', 'cltk', 'miraiml', 'garage', 'zipline', 'alibi-detect', 'neural-style-pt', 'nut', 'tensorflow', 'pytorch-frame', 'DeepPavlov', 'rasa', 'igel', 'loso', 'machine-learning', 'autogluon', 'mlens', 'scikit-learn-intelex', 'catboost', 'keras-tuner', 'shapash', 'eurybia', 'neuropredict', 'DrQA', 'deeppy', 'pytorch_geometric_temporal', 'evidently', 'detectron2', 'lightly', 'jieba', 'cleanlab', 'Petrel', 'deepface', 'caffe', 'zpar', 'mlflow', 'TResNet', 'frouros', 'maze', 'pebl', 'open-metric-learning', 'pytorch_geometric', 'neuraltalk', 'mljar-supervised', 'bokeh', 'pytorch-image-models', 'segmentation_models.pytorch', 'simpleai', 'sentiment_classifier', 'recommenders', 'chefboost', 'snownlp', 'pytensor', 'chainer', 'skll', 'pandas', 'bolt', 'dedupe', 'neurolab', 'lightly', 'ViZDoom', 'numpy', 'feast', 'langflow', 'mlflow', 'open-webui', 'retro', 'mindsdb', 'pydantic', 'nalp', 'danswerai', 'rasa', 'pattern', 'superset', 'bokeh', 'Auto_ViML', 'fastapi', 'spammy', 'ray', 'PySyft', 'pytensor', 'pytorch', 'gradio', 'streamlit', 'transformers', 'DIGITS', 'AutoViz', 'lightly', 'ViZDoom', 'numpy', 'feast', 'langflow', 'mlflow', 'open-webui', 'retro', 'mindsdb', 'pydantic', 'nalp', 'danswerai', 'rasa', 'pattern', 'superset', 'bokeh', 'Auto_ViML', 'fastapi', 'spammy', 'ray', 'PySyft', 'pytensor', 'pytorch', 'gradio', 'streamlit', 'transformers', 'DIGITS', 'AutoViz', 'lightly', 'ViZDoom', 'numpy', 'feast', 'langflow', 'mlflow', 'open-webui', 'retro', 'mindsdb', 'pydantic', 'nalp', 'danswerai', 'rasa', 'pattern', 'superset', 'bokeh', 'Auto_ViML', 'fastapi', 'spammy', 'ray', 'PySyft', 'pytensor', 'pytorch', 'gradio', 'streamlit', 'transformers', 'DIGITS', 'AutoViz', 'cornac', 'FEDOT', 'feast', 'aim', 'pyss3', 'matplotlib', 'lab', 'DI-engine', 'dtaidistance', 'seaborn', 'determined', 'retro', 'BioPy', 'CompreFace', 'lambdo', 'mindsdb', 'Metaworld', 'ColossalAI', 'pyqtgraph', 'gensim', 'hebel', 'textacy', 'statsmodels', 'xlearn', 'deepchecks', 'mars', 'NeuroNER', 'PySyft', 'scikit-survival', 'haystack', 'emcee', 'transformers', 'streamlit', 'lightwood', 'prodmodel', 'joliGEN', 'ViZDoom', 'pybrain', 'langflow', 'mlxtend', 'Spearmint', 'bigartm', 'skorch', 'vigra', 'blaze', 'catalyst', 'sktime', 'ggpy', 'python-recsys', 'scikit-learn', 'river', 'tesseract', 'pytorch-lightning', 'shogun', 'spaCy', 'yalign', 'ray', 'pynlpl', 'DIGITS', 'LightGBM', 'pytorch', 'PyTorchCV', 'dash', 'polyglot', 'pymc', 'bentoml', 'pkuseg-python', 'scikit-image', 'Gymnasium', 'numpy', 'jProcessing', 'cltk', 'garage', 'zipline', 'alibi-detect', 'xcessiv', 'neural-style-pt', 'nut', 'langfuse', 'optuna', 'deeplake', 'cortex', 'tensorflow', 'pytorch-frame', 'python-timbl', 'danswerai', 'DeepPavlov', 'rasa', 'igel', 'loso', 'SynapseML', 'machine-learning', 'autogluon', 'mlens', 'scikit-learn-intelex', 'catboost', 'somoclu', 'colibri-core', 'keras-tuner', 'neuropredict', 'dowel', 'DrQA', 'deeppy', 'neuraltalk2', 'altair', 'pgmpy', 'evidently', 'detectron2', 'lightly', 'jieba', 'cleanlab', 'Petrel', 'deepface', 'caffe', 'zpar', 'typer', 'nilearn', 'mlflow', 'open-webui', 'jax', 'stellargraph', 'maze', 'pebl', 'mlx', 'open-metric-learning', 'pytorch_geometric', 'neuraltalk', 'retinaface', 'mljar-supervised', 'superset', 'bokeh', 'pytorch-image-models', 'rosetta', 'recommenders', 'tpot', 'Parris', 'pytensor', 'chainer', 'skll', 'pandas', 'bolt', 'scikit-opt', 'vispy', 'gradio', 'CoreNLP', 'xgboost', 'cornac', 'feast', 'mindsdb', 'bowtie', 'PyTorchCV', 'machine-learning', 'deepface', 'mars', 'DIGITS', 'mlflow', 'feast', 'mindsdb', 'deeplake', 'open-webui', 'danswerai', 'DeepPavlov', 'mlflow', 'determined', 'rasa', 'machine-learning']"
170,category,1027,OWASP Top Ten 2017 Category A1 - Injection,62,629,"['ViZDoom', 'numpy', 'aim', 'langflow', 'matplotlib', 'Spearmint', 'bigartm', 'DI-engine', 'blaze', 'catalyst', 'typer', 'nilearn', 'mlflow', 'zipline', 'determined', 'retro', 'rep', 'open-webui', 'jax', 'mindsdb', 'deeplake', 'pyqtgraph', 'gensim', 'cortex', 'tensorflow', 'PyStanfordDependencies', 'pydantic', 'mist', 'open-metric-learning', 'neuraltalk', 'danswerai', 'pytorch-lightning', 'shogun', 'rasa', 'loso', 'statsmodels', 'superset', 'bokeh', 'pytorch-image-models', 'ray', 'pynlpl', 'DIGITS', 'mlens', 'scikit-learn-intelex', 'mars', 'catboost', 'colibri-core', 'pytorch', 'deeppy', 'skll', 'gradio', 'streamlit', 'altair', 'bentoml', 'xgboost', 'dash', 'scikit-image', 'transformers', 'detectron2', 'ViZDoom', 'numpy', 'aim', 'langflow', 'matplotlib', 'Spearmint', 'bigartm', 'DI-engine', 'blaze', 'catalyst', 'typer', 'nilearn', 'mlflow', 'zipline', 'determined', 'retro', 'rep', 'open-webui', 'jax', 'mindsdb', 'deeplake', 'pyqtgraph', 'gensim', 'cortex', 'tensorflow', 'PyStanfordDependencies', 'pydantic', 'mist', 'open-metric-learning', 'neuraltalk', 'danswerai', 'pytorch-lightning', 'shogun', 'rasa', 'loso', 'statsmodels', 'superset', 'bokeh', 'pytorch-image-models', 'ray', 'pynlpl', 'DIGITS', 'mlens', 'scikit-learn-intelex', 'mars', 'catboost', 'colibri-core', 'pytorch', 'deeppy', 'skll', 'gradio', 'streamlit', 'altair', 'bentoml', 'xgboost', 'dash', 'scikit-image', 'transformers', 'detectron2', 'feast', 'mindsdb', 'deeplake', 'open-webui', 'danswerai', 'DeepPavlov', 'mlflow', 'determined', 'rasa', 'machine-learning']"
171,category,1029,OWASP Top Ten 2017 Category A3 - Sensitive Data Exposure,119,169,"['ray', 'feast', 'mindsdb', 'langflow', 'Neural', 'cortex', 'bokeh', 'danswerai', 'deepface', 'ray', 'gradio', 'open-webui', 'bentoml', 'comet-llm', 'typer', 'mlflow', 'determined', 'pattern', 'feast', 'mindsdb', 'langflow', 'Neural', 'cortex', 'bokeh', 'danswerai', 'deepface', 'ray', 'gradio', 'open-webui', 'bentoml', 'comet-llm', 'typer', 'mlflow', 'determined', 'pattern', 'feast', 'mindsdb', 'langflow', 'Neural', 'cortex', 'bokeh', 'danswerai', 'deepface', 'ray', 'gradio', 'open-webui', 'bentoml', 'comet-llm', 'typer', 'mlflow', 'determined', 'pattern', 'feast', 'mindsdb', 'langflow', 'Neural', 'cortex', 'bokeh', 'danswerai', 'deepface', 'ray', 'gradio', 'open-webui', 'bentoml', 'comet-llm', 'typer', 'mlflow', 'determined', 'pattern', 'lightly', 'langflow', 'couler', 'gradio', 'streamlit', 'mars', 'open-webui', 'danswerai', 'mlflow', 'determined', 'langflow', 'couler', 'gradio', 'streamlit', 'mars', 'danswerai', 'mlflow', 'determined', 'lightly', 'langflow', 'couler', 'gradio', 'streamlit', 'mars', 'open-webui', 'danswerai', 'mlflow', 'determined', 'lightly', 'langflow', 'couler', 'gradio', 'streamlit', 'mars', 'open-webui', 'danswerai', 'mlflow', 'determined']"
172,category,1031,OWASP Top Ten 2017 Category A5 - Broken Access Control,24,7057,"['cornac', 'FEDOT', 'feast', 'aim', 'pyss3', 'matplotlib', 'lab', 'DI-engine', 'dtaidistance', 'seaborn', 'determined', 'retro', 'BioPy', 'CompreFace', 'lambdo', 'mindsdb', 'Metaworld', 'ColossalAI', 'pyqtgraph', 'gensim', 'hebel', 'textacy', 'statsmodels', 'xlearn', 'deepchecks', 'mars', 'NeuroNER', 'PySyft', 'scikit-survival', 'haystack', 'emcee', 'transformers', 'streamlit', 'lightwood', 'prodmodel', 'joliGEN', 'ViZDoom', 'pybrain', 'langflow', 'mlxtend', 'Spearmint', 'bigartm', 'skorch', 'vigra', 'blaze', 'catalyst', 'sktime', 'ggpy', 'python-recsys', 'scikit-learn', 'river', 'tesseract', 'pytorch-lightning', 'shogun', 'spaCy', 'yalign', 'ray', 'pynlpl', 'DIGITS', 'LightGBM', 'pytorch', 'PyTorchCV', 'dash', 'polyglot', 'pymc', 'bentoml', 'pkuseg-python', 'scikit-image', 'Gymnasium', 'numpy', 'jProcessing', 'cltk', 'garage', 'zipline', 'alibi-detect', 'xcessiv', 'neural-style-pt', 'nut', 'langfuse', 'optuna', 'deeplake', 'cortex', 'tensorflow', 'pytorch-frame', 'python-timbl', 'danswerai', 'DeepPavlov', 'rasa', 'igel', 'loso', 'SynapseML', 'machine-learning', 'autogluon', 'mlens', 'scikit-learn-intelex', 'catboost', 'somoclu', 'colibri-core', 'keras-tuner', 'neuropredict', 'dowel', 'DrQA', 'deeppy', 'neuraltalk2', 'altair', 'pgmpy', 'evidently', 'detectron2', 'lightly', 'jieba', 'cleanlab', 'Petrel', 'deepface', 'caffe', 'zpar', 'typer', 'nilearn', 'mlflow', 'open-webui', 'jax', 'stellargraph', 'maze', 'pebl', 'mlx', 'open-metric-learning', 'pytorch_geometric', 'neuraltalk', 'retinaface', 'mljar-supervised', 'superset', 'bokeh', 'pytorch-image-models', 'rosetta', 'recommenders', 'tpot', 'Parris', 'pytensor', 'chainer', 'skll', 'pandas', 'bolt', 'scikit-opt', 'vispy', 'gradio', 'CoreNLP', 'xgboost']"
173,category,1032,OWASP Top Ten 2017 Category A6 - Security Misconfiguration,24,88,"['aim', 'feast', 'PySyft', 'langflow', 'mindsdb', 'ColossalAI', 'superset', 'danswerai', 'blaze', 'machine-learning', 'deepface', 'ray', 'gradio', 'dash', 'open-webui', 'DIGITS', 'mlflow', 'joliGEN']"
174,category,1033,OWASP Top Ten 2017 Category A7 - Cross-Site Scripting (XSS),27,30,"['cornac', 'feast', 'mindsdb', 'bowtie', 'PyTorchCV', 'machine-learning', 'deepface', 'mars', 'DIGITS', 'mlflow']"
175,category,1034,OWASP Top Ten 2017 Category A8 - Insecure Deserialization,8,700,"['cornac', 'FEDOT', 'feast', 'pyod', 'matplotlib', 'DI-engine', 'Sklearn-genetic-opt', 'determined', 'opfython', 'rep', 'lambdo', 'mindsdb', 'ColossalAI', 'pyqtgraph', 'hebel', 'PCV', 'tflearn', 'statsmodels', 'deepchecks', 'backprop', 'mars', 'NeuroNER', 'sentiment-analyzer', 'haystack', 'lightning-bolts', 'transformers', 'streamlit', 'lightwood', 'face_recognition', 'prodmodel', 'joliGEN', 'ViZDoom', 'pybrain', 'mlxtend', 'bigartm', 'skorch', 'catalyst', 'evostra', 'python-recsys', 'dl-translate', 'scikit-learn', 'river', 'pytorch-lightning', 'opytimizer', 'yalign', 'ray', 'DIGITS', 'alibi', 'LightGBM', 'xgboost', 'pytorch', 'PyTorchCV', 'polyglot', 'bentoml', 'pkuseg-python', 'numpy', 'jProcessing', 'cltk', 'miraiml', 'garage', 'zipline', 'alibi-detect', 'neural-style-pt', 'nut', 'tensorflow', 'pytorch-frame', 'DeepPavlov', 'rasa', 'igel', 'loso', 'machine-learning', 'autogluon', 'mlens', 'scikit-learn-intelex', 'catboost', 'keras-tuner', 'shapash', 'eurybia', 'neuropredict', 'DrQA', 'deeppy', 'pytorch_geometric_temporal', 'evidently', 'detectron2', 'lightly', 'jieba', 'cleanlab', 'Petrel', 'deepface', 'caffe', 'zpar', 'mlflow', 'TResNet', 'frouros', 'maze', 'pebl', 'open-metric-learning', 'pytorch_geometric', 'neuraltalk', 'mljar-supervised', 'bokeh', 'pytorch-image-models', 'segmentation_models.pytorch', 'simpleai', 'sentiment_classifier', 'recommenders', 'chefboost', 'snownlp', 'pytensor', 'chainer', 'skll', 'pandas', 'bolt', 'dedupe', 'neurolab']"
176,category,1131,CISQ Quality Measures (2016) - Security,168,14486,"['ViZDoom', 'numpy', 'aim', 'langflow', 'matplotlib', 'Spearmint', 'bigartm', 'DI-engine', 'blaze', 'catalyst', 'typer', 'nilearn', 'mlflow', 'zipline', 'determined', 'retro', 'rep', 'open-webui', 'jax', 'mindsdb', 'deeplake', 'pyqtgraph', 'gensim', 'cortex', 'tensorflow', 'PyStanfordDependencies', 'pydantic', 'mist', 'open-metric-learning', 'neuraltalk', 'danswerai', 'pytorch-lightning', 'shogun', 'rasa', 'loso', 'statsmodels', 'superset', 'bokeh', 'pytorch-image-models', 'ray', 'pynlpl', 'DIGITS', 'mlens', 'scikit-learn-intelex', 'mars', 'catboost', 'colibri-core', 'pytorch', 'deeppy', 'skll', 'gradio', 'streamlit', 'altair', 'bentoml', 'xgboost', 'dash', 'scikit-image', 'transformers', 'detectron2', 'cornac', 'FEDOT', 'feast', 'aim', 'pyss3', 'matplotlib', 'lab', 'DI-engine', 'dtaidistance', 'seaborn', 'determined', 'retro', 'BioPy', 'CompreFace', 'lambdo', 'mindsdb', 'Metaworld', 'ColossalAI', 'pyqtgraph', 'gensim', 'hebel', 'textacy', 'statsmodels', 'xlearn', 'deepchecks', 'mars', 'NeuroNER', 'PySyft', 'scikit-survival', 'haystack', 'emcee', 'transformers', 'streamlit', 'lightwood', 'prodmodel', 'joliGEN', 'ViZDoom', 'pybrain', 'langflow', 'mlxtend', 'Spearmint', 'bigartm', 'skorch', 'vigra', 'blaze', 'catalyst', 'sktime', 'ggpy', 'python-recsys', 'scikit-learn', 'river', 'tesseract', 'pytorch-lightning', 'shogun', 'spaCy', 'yalign', 'ray', 'pynlpl', 'DIGITS', 'LightGBM', 'pytorch', 'PyTorchCV', 'dash', 'polyglot', 'pymc', 'bentoml', 'pkuseg-python', 'scikit-image', 'Gymnasium', 'numpy', 'jProcessing', 'cltk', 'garage', 'zipline', 'alibi-detect', 'xcessiv', 'neural-style-pt', 'nut', 'langfuse', 'optuna', 'deeplake', 'cortex', 'tensorflow', 'pytorch-frame', 'python-timbl', 'danswerai', 'DeepPavlov', 'rasa', 'igel', 'loso', 'SynapseML', 'machine-learning', 'autogluon', 'mlens', 'scikit-learn-intelex', 'catboost', 'somoclu', 'colibri-core', 'keras-tuner', 'neuropredict', 'dowel', 'DrQA', 'deeppy', 'neuraltalk2', 'altair', 'pgmpy', 'evidently', 'detectron2', 'lightly', 'jieba', 'cleanlab', 'Petrel', 'deepface', 'caffe', 'zpar', 'typer', 'nilearn', 'mlflow', 'open-webui', 'jax', 'stellargraph', 'maze', 'pebl', 'mlx', 'open-metric-learning', 'pytorch_geometric', 'neuraltalk', 'retinaface', 'mljar-supervised', 'superset', 'bokeh', 'pytorch-image-models', 'rosetta', 'recommenders', 'tpot', 'Parris', 'pytensor', 'chainer', 'skll', 'pandas', 'bolt', 'scikit-opt', 'vispy', 'gradio', 'CoreNLP', 'xgboost', 'cornac', 'FEDOT', 'feast', 'aim', 'pyss3', 'matplotlib', 'lab', 'DI-engine', 'dtaidistance', 'seaborn', 'determined', 'retro', 'BioPy', 'CompreFace', 'lambdo', 'mindsdb', 'Metaworld', 'ColossalAI', 'pyqtgraph', 'gensim', 'hebel', 'textacy', 'statsmodels', 'xlearn', 'deepchecks', 'mars', 'NeuroNER', 'PySyft', 'scikit-survival', 'haystack', 'emcee', 'transformers', 'streamlit', 'lightwood', 'prodmodel', 'joliGEN', 'ViZDoom', 'pybrain', 'langflow', 'mlxtend', 'Spearmint', 'bigartm', 'skorch', 'vigra', 'blaze', 'catalyst', 'sktime', 'ggpy', 'python-recsys', 'scikit-learn', 'river', 'tesseract', 'pytorch-lightning', 'shogun', 'spaCy', 'yalign', 'ray', 'pynlpl', 'DIGITS', 'LightGBM', 'pytorch', 'PyTorchCV', 'dash', 'polyglot', 'pymc', 'bentoml', 'pkuseg-python', 'scikit-image', 'Gymnasium', 'numpy', 'jProcessing', 'cltk', 'garage', 'zipline', 'alibi-detect', 'xcessiv', 'neural-style-pt', 'nut', 'langfuse', 'optuna', 'deeplake', 'cortex', 'tensorflow', 'pytorch-frame', 'python-timbl', 'danswerai', 'DeepPavlov', 'rasa', 'igel', 'loso', 'SynapseML', 'machine-learning', 'autogluon', 'mlens', 'scikit-learn-intelex', 'catboost', 'somoclu', 'colibri-core', 'keras-tuner', 'neuropredict', 'dowel', 'DrQA', 'deeppy', 'neuraltalk2', 'altair', 'pgmpy', 'evidently', 'detectron2', 'lightly', 'jieba', 'cleanlab', 'Petrel', 'deepface', 'caffe', 'zpar', 'typer', 'nilearn', 'mlflow', 'open-webui', 'jax', 'stellargraph', 'maze', 'pebl', 'mlx', 'open-metric-learning', 'pytorch_geometric', 'neuraltalk', 'retinaface', 'mljar-supervised', 'superset', 'bokeh', 'pytorch-image-models', 'rosetta', 'recommenders', 'tpot', 'Parris', 'pytensor', 'chainer', 'skll', 'pandas', 'bolt', 'scikit-opt', 'vispy', 'gradio', 'CoreNLP', 'xgboost', 'cornac', 'feast', 'mindsdb', 'bowtie', 'PyTorchCV', 'machine-learning', 'deepface', 'mars', 'DIGITS', 'mlflow', 'feast', 'mindsdb', 'deeplake', 'open-webui', 'danswerai', 'DeepPavlov', 'mlflow', 'determined', 'rasa', 'lightly', 'langflow', 'couler', 'gradio', 'streamlit', 'mars', 'open-webui', 'danswerai', 'mlflow', 'determined', 'lightly', 'langflow', 'couler', 'gradio', 'streamlit', 'mars', 'open-webui', 'danswerai', 'mlflow', 'determined', 'lightly', 'langflow', 'couler', 'gradio', 'streamlit', 'mars', 'open-webui', 'danswerai', 'mlflow', 'determined']"
177,category,1134,SEI CERT Oracle Secure Coding Standard for Java - Guidelines 00. Input Validation and Data Sanitization (IDS),57,465,"['ViZDoom', 'numpy', 'aim', 'langflow', 'matplotlib', 'Spearmint', 'bigartm', 'DI-engine', 'blaze', 'catalyst', 'typer', 'nilearn', 'mlflow', 'zipline', 'determined', 'retro', 'rep', 'open-webui', 'jax', 'mindsdb', 'deeplake', 'pyqtgraph', 'gensim', 'cortex', 'tensorflow', 'PyStanfordDependencies', 'pydantic', 'mist', 'open-metric-learning', 'neuraltalk', 'danswerai', 'pytorch-lightning', 'shogun', 'rasa', 'loso', 'statsmodels', 'superset', 'bokeh', 'pytorch-image-models', 'ray', 'pynlpl', 'DIGITS', 'mlens', 'scikit-learn-intelex', 'mars', 'catboost', 'colibri-core', 'pytorch', 'deeppy', 'skll', 'gradio', 'streamlit', 'altair', 'bentoml', 'xgboost', 'dash', 'scikit-image', 'transformers', 'detectron2', 'cornac', 'FEDOT', 'numpy', 'feast', 'pyod', 'pybrain', 'lifelines', 'cleanlab', 'couler', 'bowtie', 'bigartm', 'DI-engine', 'vigra', 'annoy', 'deepface', 'catalyst', 'scikit-multiflow', 'zpar', 'ggpy', 'seaborn', 'mlflow', 'alibi-detect', 'open-webui', 'notebook', 'gan', 'stellargraph', 'rockpool', 'lambdo', 'mindsdb', 'ColossalAI', 'pyqtgraph', 'pebl', 'tensorflow', 'mist', 'python-timbl', 'metric-learn', 'DeepPavlov', 'statsmodels', 'superset', 'xlearn', 'nupic.studio', 'breze', 'machine-learning', 'rgf', 'imbalanced-ensemble', 'recommenders', 'mars', 'bytehub', 'tpot', 'catboost', 'alibi', 'segmentation_models', 'pytorch', 'chainer', 'deeppy', 'PyTorchCV', 'dash', 'streamlit', 'snips-nlu', 'transformers', 'DIGITS', 'scikit-image', 'cornac', 'FEDOT', 'numpy', 'feast', 'pyod', 'pybrain', 'lifelines', 'cleanlab', 'couler', 'bowtie', 'bigartm', 'DI-engine', 'vigra', 'annoy', 'deepface', 'catalyst', 'scikit-multiflow', 'zpar', 'ggpy', 'seaborn', 'mlflow', 'alibi-detect', 'open-webui', 'notebook', 'gan', 'stellargraph', 'rockpool', 'lambdo', 'mindsdb', 'ColossalAI', 'pyqtgraph', 'pebl', 'tensorflow', 'mist', 'python-timbl', 'metric-learn', 'DeepPavlov', 'statsmodels', 'superset', 'xlearn', 'nupic.studio', 'breze', 'machine-learning', 'rgf', 'imbalanced-ensemble', 'recommenders', 'mars', 'bytehub', 'tpot', 'catboost', 'alibi', 'segmentation_models', 'pytorch', 'chainer', 'deeppy', 'PyTorchCV', 'dash', 'streamlit', 'snips-nlu', 'transformers', 'DIGITS', 'scikit-image', 'cornac', 'FEDOT', 'numpy', 'feast', 'pyod', 'pybrain', 'lifelines', 'cleanlab', 'couler', 'bowtie', 'bigartm', 'DI-engine', 'vigra', 'annoy', 'deepface', 'catalyst', 'scikit-multiflow', 'zpar', 'ggpy', 'seaborn', 'mlflow', 'alibi-detect', 'open-webui', 'notebook', 'gan', 'stellargraph', 'rockpool', 'lambdo', 'mindsdb', 'ColossalAI', 'pyqtgraph', 'pebl', 'tensorflow', 'mist', 'python-timbl', 'metric-learn', 'DeepPavlov', 'statsmodels', 'superset', 'xlearn', 'nupic.studio', 'breze', 'machine-learning', 'rgf', 'imbalanced-ensemble', 'recommenders', 'mars', 'bytehub', 'tpot', 'catboost', 'alibi', 'segmentation_models', 'pytorch', 'chainer', 'deeppy', 'PyTorchCV', 'dash', 'streamlit', 'snips-nlu', 'transformers', 'DIGITS', 'scikit-image']"
178,category,1147,SEI CERT Oracle Secure Coding Standard for Java - Guidelines 13. Input Output (FIO),26,149,"['feast', 'mindsdb', 'langflow', 'Neural', 'cortex', 'bokeh', 'danswerai', 'deepface', 'ray', 'gradio', 'open-webui', 'bentoml', 'comet-llm', 'typer', 'mlflow', 'determined', 'pattern', 'feast', 'mindsdb', 'langflow', 'Neural', 'cortex', 'bokeh', 'danswerai', 'deepface', 'ray', 'gradio', 'open-webui', 'bentoml', 'comet-llm', 'typer', 'mlflow', 'determined', 'pattern', 'feast', 'langflow', 'cortex', 'bokeh', 'danswerai', 'deepface', 'ray', 'gradio', 'open-webui', 'comet-llm', 'typer', 'mlflow', 'determined', 'pattern', 'lightly', 'nut', 'mindsdb', 'pytorch', 'gensim', 'tensorflow', 'DI-engine', 'python-timbl', 'transformers', 'bentoml', 'shogun', 'rasa']"
179,category,1148,SEI CERT Oracle Secure Coding Standard for Java - Guidelines 14. Serialization (SER),60,1055,"['cornac', 'FEDOT', 'feast', 'pyod', 'matplotlib', 'DI-engine', 'Sklearn-genetic-opt', 'determined', 'opfython', 'rep', 'lambdo', 'mindsdb', 'ColossalAI', 'pyqtgraph', 'hebel', 'PCV', 'tflearn', 'statsmodels', 'deepchecks', 'backprop', 'mars', 'NeuroNER', 'sentiment-analyzer', 'haystack', 'lightning-bolts', 'transformers', 'streamlit', 'lightwood', 'face_recognition', 'prodmodel', 'joliGEN', 'ViZDoom', 'pybrain', 'mlxtend', 'bigartm', 'skorch', 'catalyst', 'evostra', 'python-recsys', 'dl-translate', 'scikit-learn', 'river', 'pytorch-lightning', 'opytimizer', 'yalign', 'ray', 'DIGITS', 'alibi', 'LightGBM', 'xgboost', 'pytorch', 'PyTorchCV', 'polyglot', 'bentoml', 'pkuseg-python', 'numpy', 'jProcessing', 'cltk', 'miraiml', 'garage', 'zipline', 'alibi-detect', 'neural-style-pt', 'nut', 'tensorflow', 'pytorch-frame', 'DeepPavlov', 'rasa', 'igel', 'loso', 'machine-learning', 'autogluon', 'mlens', 'scikit-learn-intelex', 'catboost', 'keras-tuner', 'shapash', 'eurybia', 'neuropredict', 'DrQA', 'deeppy', 'pytorch_geometric_temporal', 'evidently', 'detectron2', 'lightly', 'jieba', 'cleanlab', 'Petrel', 'deepface', 'caffe', 'zpar', 'mlflow', 'TResNet', 'frouros', 'maze', 'pebl', 'open-metric-learning', 'pytorch_geometric', 'neuraltalk', 'mljar-supervised', 'bokeh', 'pytorch-image-models', 'segmentation_models.pytorch', 'simpleai', 'sentiment_classifier', 'recommenders', 'chefboost', 'snownlp', 'pytensor', 'chainer', 'skll', 'pandas', 'bolt', 'dedupe', 'neurolab', 'ViZDoom', 'numpy', 'pyss3', 'langflow', 'jProcessing', 'bigartm', 'DI-engine', 'vigra', 'blaze', 'caffe', 'zpar', 'typer', 'mlflow', 'scikit-learn', 'zipline', 'retro', 'determined', 'open-webui', 'jax', 'lambdo', 'mindsdb', 'ColossalAI', 'pyqtgraph', 'gensim', 'pebl', 'cortex', 'tensorflow', 'pydantic', 'danswerai', 'pytorch-lightning', 'DeepPavlov', 'pattern', 'rasa', 'bokeh', 'xlearn', 'pandas', 'deepchecks', 'ray', 'DIGITS', 'mars', 'scikit-learn-intelex', 'catboost', 'LightGBM', 'dirty_cat', 'DrQA', 'haystack', 'emcee', 'pytorch', 'chainer', 'skll', 'PyTorchCV', 'lightning-bolts', 'CoreNLP', 'vispy', 'gradio', 'streamlit', 'dash', 'bentoml', 'xgboost', 'pymc', 'transformers', 'pgmpy', 'ViZDoom', 'numpy', 'pyss3', 'langflow', 'jProcessing', 'bigartm', 'DI-engine', 'vigra', 'blaze', 'caffe', 'zpar', 'typer', 'mlflow', 'scikit-learn', 'zipline', 'retro', 'determined', 'open-webui', 'jax', 'lambdo', 'mindsdb', 'ColossalAI', 'pyqtgraph', 'gensim', 'pebl', 'cortex', 'tensorflow', 'pydantic', 'danswerai', 'pytorch-lightning', 'DeepPavlov', 'pattern', 'rasa', 'bokeh', 'xlearn', 'pandas', 'deepchecks', 'ray', 'DIGITS', 'mars', 'scikit-learn-intelex', 'catboost', 'LightGBM', 'dirty_cat', 'DrQA', 'haystack', 'emcee', 'pytorch', 'chainer', 'skll', 'PyTorchCV', 'lightning-bolts', 'CoreNLP', 'vispy', 'gradio', 'streamlit', 'dash', 'bentoml', 'xgboost', 'pymc', 'transformers', 'pgmpy', 'ViZDoom', 'numpy', 'pyss3', 'langflow', 'jProcessing', 'bigartm', 'DI-engine', 'vigra', 'blaze', 'caffe', 'zpar', 'typer', 'mlflow', 'scikit-learn', 'zipline', 'retro', 'determined', 'open-webui', 'jax', 'lambdo', 'mindsdb', 'ColossalAI', 'pyqtgraph', 'gensim', 'pebl', 'cortex', 'tensorflow', 'pydantic', 'danswerai', 'pytorch-lightning', 'DeepPavlov', 'pattern', 'rasa', 'bokeh', 'xlearn', 'pandas', 'deepchecks', 'ray', 'DIGITS', 'mars', 'scikit-learn-intelex', 'catboost', 'LightGBM', 'dirty_cat', 'DrQA', 'haystack', 'emcee', 'pytorch', 'chainer', 'skll', 'PyTorchCV', 'lightning-bolts', 'CoreNLP', 'vispy', 'gradio', 'streamlit', 'dash', 'bentoml', 'xgboost', 'pymc', 'transformers', 'pgmpy']"
180,category,1152,SEI CERT Oracle Secure Coding Standard for Java - Guidelines 49. Miscellaneous (MSC),117,370,"['ViZDoom', 'numpy', 'pyss3', 'langflow', 'jProcessing', 'bigartm', 'DI-engine', 'vigra', 'blaze', 'caffe', 'zpar', 'typer', 'mlflow', 'scikit-learn', 'zipline', 'retro', 'determined', 'open-webui', 'jax', 'lambdo', 'mindsdb', 'ColossalAI', 'pyqtgraph', 'gensim', 'pebl', 'cortex', 'tensorflow', 'pydantic', 'danswerai', 'pytorch-lightning', 'DeepPavlov', 'pattern', 'rasa', 'bokeh', 'xlearn', 'pandas', 'deepchecks', 'ray', 'DIGITS', 'mars', 'scikit-learn-intelex', 'catboost', 'LightGBM', 'dirty_cat', 'DrQA', 'haystack', 'emcee', 'pytorch', 'chainer', 'skll', 'PyTorchCV', 'lightning-bolts', 'CoreNLP', 'vispy', 'gradio', 'streamlit', 'dash', 'bentoml', 'xgboost', 'pymc', 'transformers', 'pgmpy', 'ViZDoom', 'numpy', 'pyss3', 'langflow', 'jProcessing', 'bigartm', 'DI-engine', 'vigra', 'blaze', 'caffe', 'zpar', 'typer', 'mlflow', 'scikit-learn', 'zipline', 'retro', 'determined', 'open-webui', 'jax', 'lambdo', 'mindsdb', 'ColossalAI', 'pyqtgraph', 'gensim', 'pebl', 'cortex', 'tensorflow', 'pydantic', 'danswerai', 'pytorch-lightning', 'DeepPavlov', 'pattern', 'rasa', 'bokeh', 'xlearn', 'pandas', 'deepchecks', 'ray', 'DIGITS', 'mars', 'scikit-learn-intelex', 'catboost', 'LightGBM', 'dirty_cat', 'DrQA', 'haystack', 'emcee', 'pytorch', 'chainer', 'skll', 'PyTorchCV', 'lightning-bolts', 'CoreNLP', 'vispy', 'gradio', 'streamlit', 'dash', 'bentoml', 'xgboost', 'pymc', 'transformers', 'pgmpy', 'lightly', 'langflow', 'couler', 'gradio', 'streamlit', 'mars', 'open-webui', 'danswerai', 'mlflow', 'determined', 'lightly', 'langflow', 'couler', 'gradio', 'streamlit', 'mars', 'open-webui', 'danswerai', 'mlflow', 'determined', 'lightly', 'langflow', 'couler', 'gradio', 'streamlit', 'mars', 'open-webui', 'danswerai', 'mlflow', 'determined', 'ViZDoom', 'numpy', 'pyss3', 'langflow', 'jProcessing', 'bigartm', 'DI-engine', 'vigra', 'blaze', 'caffe', 'zpar', 'typer', 'mlflow', 'scikit-learn', 'zipline', 'retro', 'determined', 'open-webui', 'jax', 'lambdo', 'mindsdb', 'ColossalAI', 'pyqtgraph', 'gensim', 'pebl', 'cortex', 'tensorflow', 'pydantic', 'danswerai', 'pytorch-lightning', 'DeepPavlov', 'pattern', 'rasa', 'bokeh', 'xlearn', 'pandas', 'deepchecks', 'ray', 'DIGITS', 'mars', 'scikit-learn-intelex', 'catboost', 'LightGBM', 'dirty_cat', 'DrQA', 'haystack', 'emcee', 'pytorch', 'chainer', 'skll', 'PyTorchCV', 'lightning-bolts', 'CoreNLP', 'vispy', 'gradio', 'streamlit', 'dash', 'bentoml', 'xgboost', 'pymc', 'transformers', 'pgmpy']"
181,category,1163,SEI CERT C Coding Standard - Guidelines 09. Input Output (FIO),280,91,"['lightly', 'ViZDoom', 'numpy', 'feast', 'langflow', 'mlflow', 'open-webui', 'retro', 'mindsdb', 'pydantic', 'nalp', 'danswerai', 'rasa', 'pattern', 'superset', 'bokeh', 'Auto_ViML', 'fastapi', 'spammy', 'ray', 'PySyft', 'pytensor', 'pytorch', 'gradio', 'streamlit', 'transformers', 'DIGITS', 'AutoViz', 'lightly', 'ViZDoom', 'numpy', 'feast', 'langflow', 'mlflow', 'open-webui', 'retro', 'mindsdb', 'pydantic', 'nalp', 'danswerai', 'rasa', 'pattern', 'superset', 'bokeh', 'Auto_ViML', 'fastapi', 'spammy', 'ray', 'PySyft', 'pytensor', 'pytorch', 'gradio', 'streamlit', 'transformers', 'DIGITS', 'AutoViz', 'lightly', 'ViZDoom', 'numpy', 'feast', 'langflow', 'mlflow', 'open-webui', 'retro', 'mindsdb', 'pydantic', 'nalp', 'danswerai', 'rasa', 'pattern', 'superset', 'bokeh', 'Auto_ViML', 'fastapi', 'spammy', 'ray', 'PySyft', 'pytensor', 'pytorch', 'gradio', 'streamlit', 'transformers', 'DIGITS', 'AutoViz', 'lightly', 'ViZDoom', 'numpy', 'feast', 'langflow', 'mlflow', 'open-webui', 'retro', 'mindsdb', 'pydantic', 'nalp', 'danswerai', 'rasa', 'pattern', 'superset', 'bokeh', 'Auto_ViML', 'fastapi', 'spammy', 'ray', 'PySyft', 'pytensor', 'pytorch', 'gradio', 'streamlit', 'transformers', 'DIGITS', 'AutoViz', 'lightly', 'ViZDoom', 'numpy', 'feast', 'langflow', 'mlflow', 'open-webui', 'retro', 'mindsdb', 'pydantic', 'nalp', 'danswerai', 'rasa', 'pattern', 'superset', 'bokeh', 'Auto_ViML', 'fastapi', 'spammy', 'ray', 'PySyft', 'pytensor', 'pytorch', 'gradio', 'streamlit', 'transformers', 'DIGITS', 'AutoViz']"
182,category,1165,SEI CERT C Coding Standard - Guidelines 10. Environment (ENV),40,600,"['ViZDoom', 'numpy', 'aim', 'langflow', 'matplotlib', 'Spearmint', 'bigartm', 'DI-engine', 'blaze', 'catalyst', 'typer', 'nilearn', 'mlflow', 'zipline', 'determined', 'retro', 'rep', 'open-webui', 'jax', 'mindsdb', 'deeplake', 'pyqtgraph', 'gensim', 'cortex', 'tensorflow', 'PyStanfordDependencies', 'pydantic', 'mist', 'open-metric-learning', 'neuraltalk', 'danswerai', 'pytorch-lightning', 'shogun', 'rasa', 'loso', 'statsmodels', 'superset', 'bokeh', 'pytorch-image-models', 'ray', 'pynlpl', 'DIGITS', 'mlens', 'scikit-learn-intelex', 'mars', 'catboost', 'colibri-core', 'pytorch', 'deeppy', 'skll', 'gradio', 'streamlit', 'altair', 'bentoml', 'xgboost', 'dash', 'scikit-image', 'transformers', 'detectron2', 'ViZDoom', 'numpy', 'aim', 'langflow', 'matplotlib', 'Spearmint', 'bigartm', 'DI-engine', 'blaze', 'catalyst', 'typer', 'nilearn', 'mlflow', 'zipline', 'determined', 'retro', 'rep', 'open-webui', 'jax', 'mindsdb', 'deeplake', 'pyqtgraph', 'gensim', 'cortex', 'tensorflow', 'PyStanfordDependencies', 'pydantic', 'mist', 'open-metric-learning', 'neuraltalk', 'danswerai', 'pytorch-lightning', 'shogun', 'rasa', 'loso', 'statsmodels', 'superset', 'bokeh', 'pytorch-image-models', 'ray', 'pynlpl', 'DIGITS', 'mlens', 'scikit-learn-intelex', 'mars', 'catboost', 'colibri-core', 'pytorch', 'deeppy', 'skll', 'gradio', 'streamlit', 'altair', 'bentoml', 'xgboost', 'dash', 'scikit-image', 'transformers', 'detectron2']"
183,category,1169,SEI CERT C Coding Standard - Guidelines 14. Concurrency (CON),7,19,"['lightly', 'nut', 'mindsdb', 'pytorch', 'gensim', 'tensorflow', 'DI-engine', 'python-timbl', 'transformers', 'bentoml', 'shogun', 'rasa']"
184,category,1170,SEI CERT C Coding Standard - Guidelines 48. Miscellaneous (MSC),66,15,"['lightly', 'langflow', 'couler', 'gradio', 'streamlit', 'mars', 'open-webui', 'danswerai', 'mlflow', 'determined', 'lightly', 'langflow', 'couler', 'gradio', 'streamlit', 'mars', 'open-webui', 'danswerai', 'mlflow', 'determined', 'lightly', 'langflow', 'couler', 'gradio', 'streamlit', 'mars', 'open-webui', 'danswerai', 'mlflow', 'determined']"
185,category,1179,SEI CERT Perl Coding Standard - Guidelines 01. Input Validation and Data Sanitization (IDS),68,7354,"['cornac', 'FEDOT', 'numpy', 'pyod', 'pybrain', 'lifelines', 'cleanlab', 'couler', 'bigartm', 'DI-engine', 'vigra', 'annoy', 'catalyst', 'scikit-multiflow', 'zpar', 'ggpy', 'seaborn', 'open-webui', 'alibi-detect', 'notebook', 'gan', 'stellargraph', 'rockpool', 'lambdo', 'mindsdb', 'ColossalAI', 'pyqtgraph', 'pebl', 'tensorflow', 'mist', 'python-timbl', 'metric-learn', 'DeepPavlov', 'statsmodels', 'superset', 'xlearn', 'nupic.studio', 'breze', 'rgf', 'imbalanced-ensemble', 'recommenders', 'tpot', 'bytehub', 'catboost', 'alibi', 'segmentation_models', 'pytorch', 'chainer', 'deeppy', 'dash', 'streamlit', 'snips-nlu', 'DIGITS', 'scikit-image', 'cornac', 'FEDOT', 'numpy', 'feast', 'pyod', 'pybrain', 'lifelines', 'cleanlab', 'couler', 'bowtie', 'bigartm', 'DI-engine', 'vigra', 'annoy', 'deepface', 'catalyst', 'scikit-multiflow', 'zpar', 'ggpy', 'seaborn', 'mlflow', 'alibi-detect', 'open-webui', 'notebook', 'gan', 'stellargraph', 'rockpool', 'lambdo', 'mindsdb', 'ColossalAI', 'pyqtgraph', 'pebl', 'tensorflow', 'mist', 'python-timbl', 'metric-learn', 'DeepPavlov', 'statsmodels', 'superset', 'xlearn', 'nupic.studio', 'breze', 'machine-learning', 'rgf', 'imbalanced-ensemble', 'recommenders', 'mars', 'bytehub', 'tpot', 'catboost', 'alibi', 'segmentation_models', 'pytorch', 'chainer', 'deeppy', 'PyTorchCV', 'dash', 'streamlit', 'snips-nlu', 'transformers', 'DIGITS', 'scikit-image', 'cornac', 'FEDOT', 'numpy', 'feast', 'pyod', 'pybrain', 'lifelines', 'cleanlab', 'couler', 'bowtie', 'bigartm', 'DI-engine', 'vigra', 'annoy', 'deepface', 'catalyst', 'scikit-multiflow', 'zpar', 'ggpy', 'seaborn', 'mlflow', 'alibi-detect', 'open-webui', 'notebook', 'gan', 'stellargraph', 'rockpool', 'lambdo', 'mindsdb', 'ColossalAI', 'pyqtgraph', 'pebl', 'tensorflow', 'mist', 'python-timbl', 'metric-learn', 'DeepPavlov', 'statsmodels', 'superset', 'xlearn', 'nupic.studio', 'breze', 'machine-learning', 'rgf', 'imbalanced-ensemble', 'recommenders', 'mars', 'bytehub', 'tpot', 'catboost', 'alibi', 'segmentation_models', 'pytorch', 'chainer', 'deeppy', 'PyTorchCV', 'dash', 'streamlit', 'snips-nlu', 'transformers', 'DIGITS', 'scikit-image', 'cornac', 'FEDOT', 'feast', 'aim', 'pyss3', 'matplotlib', 'lab', 'DI-engine', 'dtaidistance', 'seaborn', 'determined', 'retro', 'BioPy', 'CompreFace', 'lambdo', 'mindsdb', 'Metaworld', 'ColossalAI', 'pyqtgraph', 'gensim', 'hebel', 'textacy', 'statsmodels', 'xlearn', 'deepchecks', 'mars', 'NeuroNER', 'PySyft', 'scikit-survival', 'haystack', 'emcee', 'transformers', 'streamlit', 'lightwood', 'prodmodel', 'joliGEN', 'ViZDoom', 'pybrain', 'langflow', 'mlxtend', 'Spearmint', 'bigartm', 'skorch', 'vigra', 'blaze', 'catalyst', 'sktime', 'ggpy', 'python-recsys', 'scikit-learn', 'river', 'tesseract', 'pytorch-lightning', 'shogun', 'spaCy', 'yalign', 'ray', 'pynlpl', 'DIGITS', 'LightGBM', 'pytorch', 'PyTorchCV', 'dash', 'polyglot', 'pymc', 'bentoml', 'pkuseg-python', 'scikit-image', 'Gymnasium', 'numpy', 'jProcessing', 'cltk', 'garage', 'zipline', 'alibi-detect', 'xcessiv', 'neural-style-pt', 'nut', 'langfuse', 'optuna', 'deeplake', 'cortex', 'tensorflow', 'pytorch-frame', 'python-timbl', 'danswerai', 'DeepPavlov', 'rasa', 'igel', 'loso', 'SynapseML', 'machine-learning', 'autogluon', 'mlens', 'scikit-learn-intelex', 'catboost', 'somoclu', 'colibri-core', 'keras-tuner', 'neuropredict', 'dowel', 'DrQA', 'deeppy', 'neuraltalk2', 'altair', 'pgmpy', 'evidently', 'detectron2', 'lightly', 'jieba', 'cleanlab', 'Petrel', 'deepface', 'caffe', 'zpar', 'typer', 'nilearn', 'mlflow', 'open-webui', 'jax', 'stellargraph', 'maze', 'pebl', 'mlx', 'open-metric-learning', 'pytorch_geometric', 'neuraltalk', 'retinaface', 'mljar-supervised', 'superset', 'bokeh', 'pytorch-image-models', 'rosetta', 'recommenders', 'tpot', 'Parris', 'pytensor', 'chainer', 'skll', 'pandas', 'bolt', 'scikit-opt', 'vispy', 'gradio', 'CoreNLP', 'xgboost', 'cornac', 'FEDOT', 'numpy', 'feast', 'pyod', 'pybrain', 'lifelines', 'cleanlab', 'couler', 'bowtie', 'bigartm', 'DI-engine', 'vigra', 'annoy', 'deepface', 'catalyst', 'scikit-multiflow', 'zpar', 'ggpy', 'seaborn', 'mlflow', 'alibi-detect', 'open-webui', 'notebook', 'gan', 'stellargraph', 'rockpool', 'lambdo', 'mindsdb', 'ColossalAI', 'pyqtgraph', 'pebl', 'tensorflow', 'mist', 'python-timbl', 'metric-learn', 'DeepPavlov', 'statsmodels', 'superset', 'xlearn', 'nupic.studio', 'breze', 'machine-learning', 'rgf', 'imbalanced-ensemble', 'recommenders', 'mars', 'bytehub', 'tpot', 'catboost', 'alibi', 'segmentation_models', 'pytorch', 'chainer', 'deeppy', 'PyTorchCV', 'dash', 'streamlit', 'snips-nlu', 'transformers', 'DIGITS', 'scikit-image']"
186,category,1211,Authentication Errors,7,1,['ray']
187,category,1219,File Handling Issues,7,7057,"['cornac', 'FEDOT', 'feast', 'aim', 'pyss3', 'matplotlib', 'lab', 'DI-engine', 'dtaidistance', 'seaborn', 'determined', 'retro', 'BioPy', 'CompreFace', 'lambdo', 'mindsdb', 'Metaworld', 'ColossalAI', 'pyqtgraph', 'gensim', 'hebel', 'textacy', 'statsmodels', 'xlearn', 'deepchecks', 'mars', 'NeuroNER', 'PySyft', 'scikit-survival', 'haystack', 'emcee', 'transformers', 'streamlit', 'lightwood', 'prodmodel', 'joliGEN', 'ViZDoom', 'pybrain', 'langflow', 'mlxtend', 'Spearmint', 'bigartm', 'skorch', 'vigra', 'blaze', 'catalyst', 'sktime', 'ggpy', 'python-recsys', 'scikit-learn', 'river', 'tesseract', 'pytorch-lightning', 'shogun', 'spaCy', 'yalign', 'ray', 'pynlpl', 'DIGITS', 'LightGBM', 'pytorch', 'PyTorchCV', 'dash', 'polyglot', 'pymc', 'bentoml', 'pkuseg-python', 'scikit-image', 'Gymnasium', 'numpy', 'jProcessing', 'cltk', 'garage', 'zipline', 'alibi-detect', 'xcessiv', 'neural-style-pt', 'nut', 'langfuse', 'optuna', 'deeplake', 'cortex', 'tensorflow', 'pytorch-frame', 'python-timbl', 'danswerai', 'DeepPavlov', 'rasa', 'igel', 'loso', 'SynapseML', 'machine-learning', 'autogluon', 'mlens', 'scikit-learn-intelex', 'catboost', 'somoclu', 'colibri-core', 'keras-tuner', 'neuropredict', 'dowel', 'DrQA', 'deeppy', 'neuraltalk2', 'altair', 'pgmpy', 'evidently', 'detectron2', 'lightly', 'jieba', 'cleanlab', 'Petrel', 'deepface', 'caffe', 'zpar', 'typer', 'nilearn', 'mlflow', 'open-webui', 'jax', 'stellargraph', 'maze', 'pebl', 'mlx', 'open-metric-learning', 'pytorch_geometric', 'neuraltalk', 'retinaface', 'mljar-supervised', 'superset', 'bokeh', 'pytorch-image-models', 'rosetta', 'recommenders', 'tpot', 'Parris', 'pytensor', 'chainer', 'skll', 'pandas', 'bolt', 'scikit-opt', 'vispy', 'gradio', 'CoreNLP', 'xgboost']"
188,category,1226,Complexity Issues,2,297,"['ViZDoom', 'numpy', 'pyss3', 'langflow', 'jProcessing', 'bigartm', 'DI-engine', 'vigra', 'blaze', 'caffe', 'zpar', 'typer', 'mlflow', 'scikit-learn', 'zipline', 'retro', 'determined', 'open-webui', 'jax', 'lambdo', 'mindsdb', 'ColossalAI', 'pyqtgraph', 'gensim', 'pebl', 'cortex', 'tensorflow', 'pydantic', 'danswerai', 'pytorch-lightning', 'DeepPavlov', 'pattern', 'bokeh', 'xlearn', 'deepchecks', 'ray', 'DIGITS', 'mars', 'scikit-learn-intelex', 'catboost', 'LightGBM', 'dirty_cat', 'DrQA', 'haystack', 'emcee', 'pytorch', 'chainer', 'skll', 'PyTorchCV', 'lightning-bolts', 'CoreNLP', 'vispy', 'gradio', 'streamlit', 'dash', 'bentoml', 'xgboost', 'pymc', 'transformers', 'pgmpy', 'ViZDoom', 'numpy', 'pyss3', 'langflow', 'jProcessing', 'bigartm', 'DI-engine', 'vigra', 'blaze', 'caffe', 'zpar', 'typer', 'mlflow', 'scikit-learn', 'zipline', 'retro', 'determined', 'open-webui', 'jax', 'lambdo', 'mindsdb', 'ColossalAI', 'pyqtgraph', 'gensim', 'pebl', 'cortex', 'tensorflow', 'pydantic', 'danswerai', 'pytorch-lightning', 'DeepPavlov', 'pattern', 'bokeh', 'xlearn', 'deepchecks', 'ray', 'DIGITS', 'mars', 'scikit-learn-intelex', 'catboost', 'LightGBM', 'dirty_cat', 'DrQA', 'haystack', 'emcee', 'pytorch', 'chainer', 'skll', 'PyTorchCV', 'lightning-bolts', 'CoreNLP', 'vispy', 'gradio', 'streamlit', 'dash', 'bentoml', 'xgboost', 'pymc', 'transformers', 'pgmpy']"
189,category,1308,CISQ Quality Measures - Security,104,14871,"['cornac', 'FEDOT', 'feast', 'pyod', 'matplotlib', 'DI-engine', 'Sklearn-genetic-opt', 'determined', 'opfython', 'rep', 'lambdo', 'mindsdb', 'ColossalAI', 'pyqtgraph', 'hebel', 'PCV', 'tflearn', 'statsmodels', 'deepchecks', 'backprop', 'mars', 'NeuroNER', 'sentiment-analyzer', 'haystack', 'lightning-bolts', 'transformers', 'streamlit', 'lightwood', 'face_recognition', 'prodmodel', 'joliGEN', 'ViZDoom', 'pybrain', 'mlxtend', 'bigartm', 'skorch', 'catalyst', 'evostra', 'python-recsys', 'dl-translate', 'scikit-learn', 'river', 'pytorch-lightning', 'opytimizer', 'yalign', 'ray', 'DIGITS', 'alibi', 'LightGBM', 'xgboost', 'pytorch', 'PyTorchCV', 'polyglot', 'bentoml', 'pkuseg-python', 'numpy', 'jProcessing', 'cltk', 'miraiml', 'garage', 'zipline', 'alibi-detect', 'neural-style-pt', 'nut', 'tensorflow', 'pytorch-frame', 'DeepPavlov', 'rasa', 'igel', 'loso', 'machine-learning', 'autogluon', 'mlens', 'scikit-learn-intelex', 'catboost', 'keras-tuner', 'shapash', 'eurybia', 'neuropredict', 'DrQA', 'deeppy', 'pytorch_geometric_temporal', 'evidently', 'detectron2', 'lightly', 'jieba', 'cleanlab', 'Petrel', 'deepface', 'caffe', 'zpar', 'mlflow', 'TResNet', 'frouros', 'maze', 'pebl', 'open-metric-learning', 'pytorch_geometric', 'neuraltalk', 'mljar-supervised', 'bokeh', 'pytorch-image-models', 'segmentation_models.pytorch', 'simpleai', 'sentiment_classifier', 'recommenders', 'chefboost', 'snownlp', 'pytensor', 'chainer', 'skll', 'pandas', 'bolt', 'dedupe', 'neurolab', 'cornac', 'FEDOT', 'feast', 'aim', 'pyss3', 'matplotlib', 'lab', 'DI-engine', 'dtaidistance', 'seaborn', 'determined', 'retro', 'BioPy', 'CompreFace', 'lambdo', 'mindsdb', 'Metaworld', 'ColossalAI', 'pyqtgraph', 'gensim', 'hebel', 'textacy', 'statsmodels', 'xlearn', 'deepchecks', 'mars', 'NeuroNER', 'PySyft', 'scikit-survival', 'haystack', 'emcee', 'transformers', 'streamlit', 'lightwood', 'prodmodel', 'joliGEN', 'ViZDoom', 'pybrain', 'langflow', 'mlxtend', 'Spearmint', 'bigartm', 'skorch', 'vigra', 'blaze', 'catalyst', 'sktime', 'ggpy', 'python-recsys', 'scikit-learn', 'river', 'tesseract', 'pytorch-lightning', 'shogun', 'spaCy', 'yalign', 'ray', 'pynlpl', 'DIGITS', 'LightGBM', 'pytorch', 'PyTorchCV', 'dash', 'polyglot', 'pymc', 'bentoml', 'pkuseg-python', 'scikit-image', 'Gymnasium', 'numpy', 'jProcessing', 'cltk', 'garage', 'zipline', 'alibi-detect', 'xcessiv', 'neural-style-pt', 'nut', 'langfuse', 'optuna', 'deeplake', 'cortex', 'tensorflow', 'pytorch-frame', 'python-timbl', 'danswerai', 'DeepPavlov', 'rasa', 'igel', 'loso', 'SynapseML', 'machine-learning', 'autogluon', 'mlens', 'scikit-learn-intelex', 'catboost', 'somoclu', 'colibri-core', 'keras-tuner', 'neuropredict', 'dowel', 'DrQA', 'deeppy', 'neuraltalk2', 'altair', 'pgmpy', 'evidently', 'detectron2', 'lightly', 'jieba', 'cleanlab', 'Petrel', 'deepface', 'caffe', 'zpar', 'typer', 'nilearn', 'mlflow', 'open-webui', 'jax', 'stellargraph', 'maze', 'pebl', 'mlx', 'open-metric-learning', 'pytorch_geometric', 'neuraltalk', 'retinaface', 'mljar-supervised', 'superset', 'bokeh', 'pytorch-image-models', 'rosetta', 'recommenders', 'tpot', 'Parris', 'pytensor', 'chainer', 'skll', 'pandas', 'bolt', 'scikit-opt', 'vispy', 'gradio', 'CoreNLP', 'xgboost', 'cornac', 'FEDOT', 'feast', 'aim', 'pyss3', 'matplotlib', 'lab', 'DI-engine', 'dtaidistance', 'seaborn', 'determined', 'retro', 'BioPy', 'CompreFace', 'lambdo', 'mindsdb', 'Metaworld', 'ColossalAI', 'pyqtgraph', 'gensim', 'hebel', 'textacy', 'statsmodels', 'xlearn', 'deepchecks', 'mars', 'NeuroNER', 'PySyft', 'scikit-survival', 'haystack', 'emcee', 'transformers', 'streamlit', 'lightwood', 'prodmodel', 'joliGEN', 'ViZDoom', 'pybrain', 'langflow', 'mlxtend', 'Spearmint', 'bigartm', 'skorch', 'vigra', 'blaze', 'catalyst', 'sktime', 'ggpy', 'python-recsys', 'scikit-learn', 'river', 'tesseract', 'pytorch-lightning', 'shogun', 'spaCy', 'yalign', 'ray', 'pynlpl', 'DIGITS', 'LightGBM', 'pytorch', 'PyTorchCV', 'dash', 'polyglot', 'pymc', 'bentoml', 'pkuseg-python', 'scikit-image', 'Gymnasium', 'numpy', 'jProcessing', 'cltk', 'garage', 'zipline', 'alibi-detect', 'xcessiv', 'neural-style-pt', 'nut', 'langfuse', 'optuna', 'deeplake', 'cortex', 'tensorflow', 'pytorch-frame', 'python-timbl', 'danswerai', 'DeepPavlov', 'rasa', 'igel', 'loso', 'SynapseML', 'machine-learning', 'autogluon', 'mlens', 'scikit-learn-intelex', 'catboost', 'somoclu', 'colibri-core', 'keras-tuner', 'neuropredict', 'dowel', 'DrQA', 'deeppy', 'neuraltalk2', 'altair', 'pgmpy', 'evidently', 'detectron2', 'lightly', 'jieba', 'cleanlab', 'Petrel', 'deepface', 'caffe', 'zpar', 'typer', 'nilearn', 'mlflow', 'open-webui', 'jax', 'stellargraph', 'maze', 'pebl', 'mlx', 'open-metric-learning', 'pytorch_geometric', 'neuraltalk', 'retinaface', 'mljar-supervised', 'superset', 'bokeh', 'pytorch-image-models', 'rosetta', 'recommenders', 'tpot', 'Parris', 'pytensor', 'chainer', 'skll', 'pandas', 'bolt', 'scikit-opt', 'vispy', 'gradio', 'CoreNLP', 'xgboost', 'cornac', 'feast', 'mindsdb', 'bowtie', 'PyTorchCV', 'machine-learning', 'deepface', 'mars', 'DIGITS', 'mlflow', 'feast', 'mindsdb', 'deeplake', 'open-webui', 'danswerai', 'DeepPavlov', 'mlflow', 'determined', 'rasa']"
190,category,1345,OWASP Top Ten 2021 Category A01:2021 - Broken Access Control,118,14365,"['aim', 'pyss3', 'langflow', 'mlflow', 'determined', 'jax', 'gan', 'ColossalAI', 'open-metric-learning', 'pytorch_geometric', 'pytorch-lightning', 'spaCy', 'sinabs', 'bokeh', 'ray', 'catboost', 'LightGBM', 'gradio', 'streamlit', 'transformers', 'bentoml', 'detectron2', 'aim', 'feast', 'PySyft', 'langflow', 'mindsdb', 'ColossalAI', 'superset', 'danswerai', 'blaze', 'machine-learning', 'deepface', 'ray', 'gradio', 'dash', 'open-webui', 'DIGITS', 'mlflow', 'joliGEN', 'mindsdb', 'langflow', 'superset', 'DIGITS', 'face_recognition', 'cornac', 'FEDOT', 'feast', 'aim', 'pyss3', 'matplotlib', 'lab', 'DI-engine', 'dtaidistance', 'seaborn', 'determined', 'retro', 'BioPy', 'CompreFace', 'lambdo', 'mindsdb', 'Metaworld', 'ColossalAI', 'pyqtgraph', 'gensim', 'hebel', 'textacy', 'statsmodels', 'xlearn', 'deepchecks', 'mars', 'NeuroNER', 'PySyft', 'scikit-survival', 'haystack', 'emcee', 'transformers', 'streamlit', 'lightwood', 'prodmodel', 'joliGEN', 'ViZDoom', 'pybrain', 'langflow', 'mlxtend', 'Spearmint', 'bigartm', 'skorch', 'vigra', 'blaze', 'catalyst', 'sktime', 'ggpy', 'python-recsys', 'scikit-learn', 'river', 'tesseract', 'pytorch-lightning', 'shogun', 'spaCy', 'yalign', 'ray', 'pynlpl', 'DIGITS', 'LightGBM', 'pytorch', 'PyTorchCV', 'dash', 'polyglot', 'pymc', 'bentoml', 'pkuseg-python', 'scikit-image', 'Gymnasium', 'numpy', 'jProcessing', 'cltk', 'garage', 'zipline', 'alibi-detect', 'xcessiv', 'neural-style-pt', 'nut', 'langfuse', 'optuna', 'deeplake', 'cortex', 'tensorflow', 'pytorch-frame', 'python-timbl', 'danswerai', 'DeepPavlov', 'rasa', 'igel', 'loso', 'SynapseML', 'machine-learning', 'autogluon', 'mlens', 'scikit-learn-intelex', 'catboost', 'somoclu', 'colibri-core', 'keras-tuner', 'neuropredict', 'dowel', 'DrQA', 'deeppy', 'neuraltalk2', 'altair', 'pgmpy', 'evidently', 'detectron2', 'lightly', 'jieba', 'cleanlab', 'Petrel', 'deepface', 'caffe', 'zpar', 'typer', 'nilearn', 'mlflow', 'open-webui', 'jax', 'stellargraph', 'maze', 'pebl', 'mlx', 'open-metric-learning', 'pytorch_geometric', 'neuraltalk', 'retinaface', 'mljar-supervised', 'superset', 'bokeh', 'pytorch-image-models', 'rosetta', 'recommenders', 'tpot', 'Parris', 'pytensor', 'chainer', 'skll', 'pandas', 'bolt', 'scikit-opt', 'vispy', 'gradio', 'CoreNLP', 'xgboost', 'cornac', 'FEDOT', 'feast', 'aim', 'pyss3', 'matplotlib', 'lab', 'DI-engine', 'dtaidistance', 'seaborn', 'determined', 'retro', 'BioPy', 'CompreFace', 'lambdo', 'mindsdb', 'Metaworld', 'ColossalAI', 'pyqtgraph', 'gensim', 'hebel', 'textacy', 'statsmodels', 'xlearn', 'deepchecks', 'mars', 'NeuroNER', 'PySyft', 'scikit-survival', 'haystack', 'emcee', 'transformers', 'streamlit', 'lightwood', 'prodmodel', 'joliGEN', 'ViZDoom', 'pybrain', 'langflow', 'mlxtend', 'Spearmint', 'bigartm', 'skorch', 'vigra', 'blaze', 'catalyst', 'sktime', 'ggpy', 'python-recsys', 'scikit-learn', 'river', 'tesseract', 'pytorch-lightning', 'shogun', 'spaCy', 'yalign', 'ray', 'pynlpl', 'DIGITS', 'LightGBM', 'pytorch', 'PyTorchCV', 'dash', 'polyglot', 'pymc', 'bentoml', 'pkuseg-python', 'scikit-image', 'Gymnasium', 'numpy', 'jProcessing', 'cltk', 'garage', 'zipline', 'alibi-detect', 'xcessiv', 'neural-style-pt', 'nut', 'langfuse', 'optuna', 'deeplake', 'cortex', 'tensorflow', 'pytorch-frame', 'python-timbl', 'danswerai', 'DeepPavlov', 'rasa', 'igel', 'loso', 'SynapseML', 'machine-learning', 'autogluon', 'mlens', 'scikit-learn-intelex', 'catboost', 'somoclu', 'colibri-core', 'keras-tuner', 'neuropredict', 'dowel', 'DrQA', 'deeppy', 'neuraltalk2', 'altair', 'pgmpy', 'evidently', 'detectron2', 'lightly', 'jieba', 'cleanlab', 'Petrel', 'deepface', 'caffe', 'zpar', 'typer', 'nilearn', 'mlflow', 'open-webui', 'jax', 'stellargraph', 'maze', 'pebl', 'mlx', 'open-metric-learning', 'pytorch_geometric', 'neuraltalk', 'retinaface', 'mljar-supervised', 'superset', 'bokeh', 'pytorch-image-models', 'rosetta', 'recommenders', 'tpot', 'Parris', 'pytensor', 'chainer', 'skll', 'pandas', 'bolt', 'scikit-opt', 'vispy', 'gradio', 'CoreNLP', 'xgboost', 'feast', 'mindsdb', 'langflow', 'Neural', 'cortex', 'bokeh', 'danswerai', 'deepface', 'ray', 'gradio', 'open-webui', 'bentoml', 'comet-llm', 'typer', 'mlflow', 'determined', 'pattern', 'feast', 'mindsdb', 'langflow', 'Neural', 'cortex', 'bokeh', 'danswerai', 'deepface', 'ray', 'gradio', 'open-webui', 'bentoml', 'comet-llm', 'typer', 'mlflow', 'determined', 'pattern', 'lightly', 'nut', 'mindsdb', 'pytorch', 'gensim', 'tensorflow', 'DI-engine', 'python-timbl', 'transformers', 'bentoml', 'shogun', 'rasa']"
191,category,1346,OWASP Top Ten 2021 Category A02:2021 - Cryptographic Failures,84,37,"['lightly', 'langflow', 'couler', 'gradio', 'streamlit', 'mars', 'open-webui', 'danswerai', 'mlflow', 'determined', 'langflow', 'couler', 'gradio', 'streamlit', 'mars', 'danswerai', 'mlflow', 'determined', 'langflow', 'couler', 'gradio', 'streamlit', 'mars', 'danswerai', 'mlflow', 'determined', 'lightly', 'langflow', 'couler', 'gradio', 'streamlit', 'mars', 'open-webui', 'danswerai', 'mlflow', 'determined', 'lightly', 'langflow', 'couler', 'gradio', 'streamlit', 'mars', 'open-webui', 'danswerai', 'mlflow', 'determined']"
192,category,1347,OWASP Top Ten 2021 Category A03:2021 - Injection,498,8243,"['lightly', 'ViZDoom', 'numpy', 'feast', 'langflow', 'mlflow', 'open-webui', 'retro', 'mindsdb', 'pydantic', 'nalp', 'danswerai', 'rasa', 'pattern', 'superset', 'bokeh', 'Auto_ViML', 'fastapi', 'spammy', 'ray', 'PySyft', 'pytensor', 'pytorch', 'gradio', 'streamlit', 'transformers', 'DIGITS', 'AutoViz', 'lightly', 'ViZDoom', 'numpy', 'feast', 'langflow', 'mlflow', 'open-webui', 'retro', 'mindsdb', 'pydantic', 'nalp', 'danswerai', 'rasa', 'pattern', 'superset', 'bokeh', 'Auto_ViML', 'fastapi', 'spammy', 'ray', 'PySyft', 'pytensor', 'pytorch', 'gradio', 'streamlit', 'transformers', 'DIGITS', 'AutoViz', 'feast', 'superset', 'DI-engine', 'pandas', 'ray', 'DIGITS', 'dl-translate', 'ViZDoom', 'numpy', 'aim', 'langflow', 'matplotlib', 'Spearmint', 'bigartm', 'DI-engine', 'blaze', 'catalyst', 'typer', 'nilearn', 'mlflow', 'zipline', 'determined', 'retro', 'rep', 'open-webui', 'jax', 'mindsdb', 'deeplake', 'pyqtgraph', 'gensim', 'cortex', 'tensorflow', 'PyStanfordDependencies', 'pydantic', 'mist', 'open-metric-learning', 'neuraltalk', 'danswerai', 'pytorch-lightning', 'shogun', 'rasa', 'loso', 'statsmodels', 'superset', 'bokeh', 'pytorch-image-models', 'ray', 'pynlpl', 'DIGITS', 'mlens', 'scikit-learn-intelex', 'mars', 'catboost', 'colibri-core', 'pytorch', 'deeppy', 'skll', 'gradio', 'streamlit', 'altair', 'bentoml', 'xgboost', 'dash', 'scikit-image', 'transformers', 'detectron2', 'ViZDoom', 'numpy', 'aim', 'langflow', 'matplotlib', 'Spearmint', 'bigartm', 'DI-engine', 'blaze', 'catalyst', 'typer', 'nilearn', 'mlflow', 'zipline', 'determined', 'retro', 'rep', 'open-webui', 'jax', 'mindsdb', 'deeplake', 'pyqtgraph', 'gensim', 'cortex', 'tensorflow', 'PyStanfordDependencies', 'pydantic', 'mist', 'open-metric-learning', 'neuraltalk', 'danswerai', 'pytorch-lightning', 'shogun', 'rasa', 'loso', 'statsmodels', 'superset', 'bokeh', 'pytorch-image-models', 'ray', 'pynlpl', 'DIGITS', 'mlens', 'scikit-learn-intelex', 'mars', 'catboost', 'colibri-core', 'pytorch', 'deeppy', 'skll', 'gradio', 'streamlit', 'altair', 'bentoml', 'xgboost', 'dash', 'scikit-image', 'transformers', 'detectron2', 'cornac', 'FEDOT', 'numpy', 'pyod', 'pybrain', 'lifelines', 'cleanlab', 'couler', 'bigartm', 'DI-engine', 'vigra', 'annoy', 'catalyst', 'scikit-multiflow', 'zpar', 'ggpy', 'seaborn', 'open-webui', 'alibi-detect', 'notebook', 'gan', 'stellargraph', 'rockpool', 'lambdo', 'mindsdb', 'ColossalAI', 'pyqtgraph', 'pebl', 'tensorflow', 'mist', 'python-timbl', 'metric-learn', 'DeepPavlov', 'statsmodels', 'superset', 'xlearn', 'nupic.studio', 'breze', 'rgf', 'imbalanced-ensemble', 'recommenders', 'tpot', 'bytehub', 'catboost', 'alibi', 'segmentation_models', 'pytorch', 'chainer', 'deeppy', 'dash', 'streamlit', 'snips-nlu', 'DIGITS', 'scikit-image', 'cornac', 'FEDOT', 'numpy', 'pyod', 'pybrain', 'lifelines', 'cleanlab', 'couler', 'bigartm', 'DI-engine', 'vigra', 'annoy', 'catalyst', 'scikit-multiflow', 'zpar', 'ggpy', 'seaborn', 'open-webui', 'alibi-detect', 'notebook', 'gan', 'stellargraph', 'rockpool', 'lambdo', 'mindsdb', 'ColossalAI', 'pyqtgraph', 'pebl', 'tensorflow', 'mist', 'python-timbl', 'metric-learn', 'DeepPavlov', 'statsmodels', 'superset', 'xlearn', 'nupic.studio', 'breze', 'rgf', 'imbalanced-ensemble', 'recommenders', 'tpot', 'bytehub', 'catboost', 'alibi', 'segmentation_models', 'pytorch', 'chainer', 'deeppy', 'dash', 'streamlit', 'snips-nlu', 'DIGITS', 'scikit-image', 'cornac', 'FEDOT', 'numpy', 'feast', 'pyod', 'pybrain', 'lifelines', 'cleanlab', 'couler', 'bowtie', 'bigartm', 'DI-engine', 'vigra', 'annoy', 'deepface', 'catalyst', 'scikit-multiflow', 'zpar', 'ggpy', 'seaborn', 'mlflow', 'alibi-detect', 'open-webui', 'notebook', 'gan', 'stellargraph', 'rockpool', 'lambdo', 'mindsdb', 'ColossalAI', 'pyqtgraph', 'pebl', 'tensorflow', 'mist', 'python-timbl', 'metric-learn', 'DeepPavlov', 'statsmodels', 'superset', 'xlearn', 'nupic.studio', 'breze', 'machine-learning', 'rgf', 'imbalanced-ensemble', 'recommenders', 'mars', 'bytehub', 'tpot', 'catboost', 'alibi', 'segmentation_models', 'pytorch', 'chainer', 'deeppy', 'PyTorchCV', 'dash', 'streamlit', 'snips-nlu', 'transformers', 'DIGITS', 'scikit-image', 'lightly', 'ViZDoom', 'numpy', 'feast', 'langflow', 'mlflow', 'open-webui', 'retro', 'mindsdb', 'pydantic', 'nalp', 'danswerai', 'rasa', 'pattern', 'superset', 'bokeh', 'Auto_ViML', 'fastapi', 'spammy', 'ray', 'PySyft', 'pytensor', 'pytorch', 'gradio', 'streamlit', 'transformers', 'DIGITS', 'AutoViz', 'cornac', 'FEDOT', 'numpy', 'feast', 'pyod', 'pybrain', 'lifelines', 'cleanlab', 'couler', 'bowtie', 'bigartm', 'DI-engine', 'vigra', 'annoy', 'deepface', 'catalyst', 'scikit-multiflow', 'zpar', 'ggpy', 'seaborn', 'mlflow', 'alibi-detect', 'open-webui', 'notebook', 'gan', 'stellargraph', 'rockpool', 'lambdo', 'mindsdb', 'ColossalAI', 'pyqtgraph', 'pebl', 'tensorflow', 'mist', 'python-timbl', 'metric-learn', 'DeepPavlov', 'statsmodels', 'superset', 'xlearn', 'nupic.studio', 'breze', 'machine-learning', 'rgf', 'imbalanced-ensemble', 'recommenders', 'mars', 'bytehub', 'tpot', 'catboost', 'alibi', 'segmentation_models', 'pytorch', 'chainer', 'deeppy', 'PyTorchCV', 'dash', 'streamlit', 'snips-nlu', 'transformers', 'DIGITS', 'scikit-image', 'lightly', 'ViZDoom', 'numpy', 'feast', 'langflow', 'mlflow', 'open-webui', 'retro', 'mindsdb', 'pydantic', 'nalp', 'danswerai', 'rasa', 'pattern', 'superset', 'bokeh', 'Auto_ViML', 'fastapi', 'spammy', 'ray', 'PySyft', 'pytensor', 'pytorch', 'gradio', 'streamlit', 'transformers', 'DIGITS', 'AutoViz', 'lightly', 'ViZDoom', 'numpy', 'feast', 'langflow', 'mlflow', 'open-webui', 'retro', 'mindsdb', 'pydantic', 'nalp', 'danswerai', 'rasa', 'pattern', 'superset', 'bokeh', 'Auto_ViML', 'fastapi', 'spammy', 'ray', 'PySyft', 'pytensor', 'pytorch', 'gradio', 'streamlit', 'transformers', 'DIGITS', 'AutoViz', 'cornac', 'FEDOT', 'feast', 'aim', 'pyss3', 'matplotlib', 'lab', 'DI-engine', 'dtaidistance', 'seaborn', 'determined', 'retro', 'BioPy', 'CompreFace', 'lambdo', 'mindsdb', 'Metaworld', 'ColossalAI', 'pyqtgraph', 'gensim', 'hebel', 'textacy', 'statsmodels', 'xlearn', 'deepchecks', 'mars', 'NeuroNER', 'PySyft', 'scikit-survival', 'haystack', 'emcee', 'transformers', 'streamlit', 'lightwood', 'prodmodel', 'joliGEN', 'ViZDoom', 'pybrain', 'langflow', 'mlxtend', 'Spearmint', 'bigartm', 'skorch', 'vigra', 'blaze', 'catalyst', 'sktime', 'ggpy', 'python-recsys', 'scikit-learn', 'river', 'tesseract', 'pytorch-lightning', 'shogun', 'spaCy', 'yalign', 'ray', 'pynlpl', 'DIGITS', 'LightGBM', 'pytorch', 'PyTorchCV', 'dash', 'polyglot', 'pymc', 'bentoml', 'pkuseg-python', 'scikit-image', 'Gymnasium', 'numpy', 'jProcessing', 'cltk', 'garage', 'zipline', 'alibi-detect', 'xcessiv', 'neural-style-pt', 'nut', 'langfuse', 'optuna', 'deeplake', 'cortex', 'tensorflow', 'pytorch-frame', 'python-timbl', 'danswerai', 'DeepPavlov', 'rasa', 'igel', 'loso', 'SynapseML', 'machine-learning', 'autogluon', 'mlens', 'scikit-learn-intelex', 'catboost', 'somoclu', 'colibri-core', 'keras-tuner', 'neuropredict', 'dowel', 'DrQA', 'deeppy', 'neuraltalk2', 'altair', 'pgmpy', 'evidently', 'detectron2', 'lightly', 'jieba', 'cleanlab', 'Petrel', 'deepface', 'caffe', 'zpar', 'typer', 'nilearn', 'mlflow', 'open-webui', 'jax', 'stellargraph', 'maze', 'pebl', 'mlx', 'open-metric-learning', 'pytorch_geometric', 'neuraltalk', 'retinaface', 'mljar-supervised', 'superset', 'bokeh', 'pytorch-image-models', 'rosetta', 'recommenders', 'tpot', 'Parris', 'pytensor', 'chainer', 'skll', 'pandas', 'bolt', 'scikit-opt', 'vispy', 'gradio', 'CoreNLP', 'xgboost', 'cornac', 'feast', 'mindsdb', 'bowtie', 'PyTorchCV', 'machine-learning', 'deepface', 'mars', 'DIGITS', 'mlflow', 'cornac', 'FEDOT', 'numpy', 'feast', 'pyod', 'pybrain', 'lifelines', 'cleanlab', 'couler', 'bowtie', 'bigartm', 'DI-engine', 'vigra', 'annoy', 'deepface', 'catalyst', 'scikit-multiflow', 'zpar', 'ggpy', 'seaborn', 'mlflow', 'alibi-detect', 'open-webui', 'notebook', 'gan', 'stellargraph', 'rockpool', 'lambdo', 'mindsdb', 'ColossalAI', 'pyqtgraph', 'pebl', 'tensorflow', 'mist', 'python-timbl', 'metric-learn', 'DeepPavlov', 'statsmodels', 'superset', 'xlearn', 'nupic.studio', 'breze', 'machine-learning', 'rgf', 'imbalanced-ensemble', 'recommenders', 'mars', 'bytehub', 'tpot', 'catboost', 'alibi', 'segmentation_models', 'pytorch', 'chainer', 'deeppy', 'PyTorchCV', 'dash', 'streamlit', 'snips-nlu', 'transformers', 'DIGITS', 'scikit-image', 'feast', 'mindsdb', 'deeplake', 'open-webui', 'danswerai', 'DeepPavlov', 'mlflow', 'determined', 'rasa']"
193,category,1348,OWASP Top Ten 2021 Category A04:2021 - Insecure Design,74,7216,"['aim', 'feast', 'PySyft', 'langflow', 'mindsdb', 'ColossalAI', 'superset', 'danswerai', 'blaze', 'machine-learning', 'deepface', 'ray', 'gradio', 'dash', 'open-webui', 'DIGITS', 'mlflow', 'joliGEN', 'cornac', 'FEDOT', 'feast', 'aim', 'pyss3', 'matplotlib', 'lab', 'DI-engine', 'dtaidistance', 'seaborn', 'determined', 'retro', 'BioPy', 'CompreFace', 'lambdo', 'mindsdb', 'Metaworld', 'ColossalAI', 'pyqtgraph', 'gensim', 'hebel', 'textacy', 'statsmodels', 'xlearn', 'deepchecks', 'mars', 'NeuroNER', 'PySyft', 'scikit-survival', 'haystack', 'emcee', 'transformers', 'streamlit', 'lightwood', 'prodmodel', 'joliGEN', 'ViZDoom', 'pybrain', 'langflow', 'mlxtend', 'Spearmint', 'bigartm', 'skorch', 'vigra', 'blaze', 'catalyst', 'sktime', 'ggpy', 'python-recsys', 'scikit-learn', 'river', 'tesseract', 'pytorch-lightning', 'shogun', 'spaCy', 'yalign', 'ray', 'pynlpl', 'DIGITS', 'LightGBM', 'pytorch', 'PyTorchCV', 'dash', 'polyglot', 'pymc', 'bentoml', 'pkuseg-python', 'scikit-image', 'Gymnasium', 'numpy', 'jProcessing', 'cltk', 'garage', 'zipline', 'alibi-detect', 'xcessiv', 'neural-style-pt', 'nut', 'langfuse', 'optuna', 'deeplake', 'cortex', 'tensorflow', 'pytorch-frame', 'python-timbl', 'danswerai', 'DeepPavlov', 'rasa', 'igel', 'loso', 'SynapseML', 'machine-learning', 'autogluon', 'mlens', 'scikit-learn-intelex', 'catboost', 'somoclu', 'colibri-core', 'keras-tuner', 'neuropredict', 'dowel', 'DrQA', 'deeppy', 'neuraltalk2', 'altair', 'pgmpy', 'evidently', 'detectron2', 'lightly', 'jieba', 'cleanlab', 'Petrel', 'deepface', 'caffe', 'zpar', 'typer', 'nilearn', 'mlflow', 'open-webui', 'jax', 'stellargraph', 'maze', 'pebl', 'mlx', 'open-metric-learning', 'pytorch_geometric', 'neuraltalk', 'retinaface', 'mljar-supervised', 'superset', 'bokeh', 'pytorch-image-models', 'rosetta', 'recommenders', 'tpot', 'Parris', 'pytensor', 'chainer', 'skll', 'pandas', 'bolt', 'scikit-opt', 'vispy', 'gradio', 'CoreNLP', 'xgboost', 'feast', 'mindsdb', 'langflow', 'Neural', 'cortex', 'bokeh', 'danswerai', 'deepface', 'ray', 'gradio', 'open-webui', 'bentoml', 'comet-llm', 'typer', 'mlflow', 'determined', 'pattern', 'feast', 'mindsdb', 'langflow', 'Neural', 'cortex', 'bokeh', 'danswerai', 'deepface', 'ray', 'gradio', 'open-webui', 'bentoml', 'comet-llm', 'typer', 'mlflow', 'determined', 'pattern']"
194,category,1349,OWASP Top Ten 2021 Category A05:2021 - Security Misconfiguration,6,16,"['DIGITS', 'DIGITS', 'feast', 'mindsdb', 'langflow', 'Neural', 'ray', 'gradio', 'bentoml', 'mlflow']"
195,category,1353,OWASP Top Ten 2021 Category A07:2021 - Identification and Authentication Failures,13,1,['ray']
196,category,1354,OWASP Top Ten 2021 Category A08:2021 - Software and Data Integrity Failures,15,700,"['cornac', 'FEDOT', 'feast', 'pyod', 'matplotlib', 'DI-engine', 'Sklearn-genetic-opt', 'determined', 'opfython', 'rep', 'lambdo', 'mindsdb', 'ColossalAI', 'pyqtgraph', 'hebel', 'PCV', 'tflearn', 'statsmodels', 'deepchecks', 'backprop', 'mars', 'NeuroNER', 'sentiment-analyzer', 'haystack', 'lightning-bolts', 'transformers', 'streamlit', 'lightwood', 'face_recognition', 'prodmodel', 'joliGEN', 'ViZDoom', 'pybrain', 'mlxtend', 'bigartm', 'skorch', 'catalyst', 'evostra', 'python-recsys', 'dl-translate', 'scikit-learn', 'river', 'pytorch-lightning', 'opytimizer', 'yalign', 'ray', 'DIGITS', 'alibi', 'LightGBM', 'xgboost', 'pytorch', 'PyTorchCV', 'polyglot', 'bentoml', 'pkuseg-python', 'numpy', 'jProcessing', 'cltk', 'miraiml', 'garage', 'zipline', 'alibi-detect', 'neural-style-pt', 'nut', 'tensorflow', 'pytorch-frame', 'DeepPavlov', 'rasa', 'igel', 'loso', 'machine-learning', 'autogluon', 'mlens', 'scikit-learn-intelex', 'catboost', 'keras-tuner', 'shapash', 'eurybia', 'neuropredict', 'DrQA', 'deeppy', 'pytorch_geometric_temporal', 'evidently', 'detectron2', 'lightly', 'jieba', 'cleanlab', 'Petrel', 'deepface', 'caffe', 'zpar', 'mlflow', 'TResNet', 'frouros', 'maze', 'pebl', 'open-metric-learning', 'pytorch_geometric', 'neuraltalk', 'mljar-supervised', 'bokeh', 'pytorch-image-models', 'segmentation_models.pytorch', 'simpleai', 'sentiment_classifier', 'recommenders', 'chefboost', 'snownlp', 'pytensor', 'chainer', 'skll', 'pandas', 'bolt', 'dedupe', 'neurolab']"
197,category,1355,OWASP Top Ten 2021 Category A09:2021 - Security Logging and Monitoring Failures,7,59,"['feast', 'langflow', 'cortex', 'bokeh', 'danswerai', 'deepface', 'ray', 'gradio', 'open-webui', 'comet-llm', 'typer', 'mlflow', 'determined', 'pattern']"
198,category,1356,OWASP Top Ten 2021 Category A10:2021 - Server-Side Request Forgery (SSRF),4,82,"['lightly', 'numpy', 'langflow', 'matplotlib', 'deepface', 'mlflow', 'open-webui', 'determined', 'rep', 'mindsdb', 'ColossalAI', 'cortex', 'pytorch-frame', 'danswerai', 'DeepPavlov', 'rasa', 'tflearn', 'upgini', 'machine-learning', 'ray', 'keras-tuner', 'pandas', 'gradio', 'streamlit', 'transformers', 'DIGITS', 'scikit-image']"
199,category,1366,ICS Communications: Frail Security in Protocols,117,105,"['feast', 'mindsdb', 'langflow', 'Neural', 'cortex', 'bokeh', 'danswerai', 'deepface', 'ray', 'gradio', 'open-webui', 'bentoml', 'comet-llm', 'typer', 'mlflow', 'determined', 'pattern', 'feast', 'mindsdb', 'langflow', 'Neural', 'cortex', 'bokeh', 'danswerai', 'deepface', 'ray', 'gradio', 'open-webui', 'bentoml', 'comet-llm', 'typer', 'mlflow', 'determined', 'pattern', 'lightly', 'langflow', 'couler', 'gradio', 'streamlit', 'mars', 'open-webui', 'danswerai', 'mlflow', 'determined', 'lightly', 'langflow', 'couler', 'gradio', 'streamlit', 'mars', 'open-webui', 'danswerai', 'mlflow', 'determined', 'lightly', 'langflow', 'couler', 'gradio', 'streamlit', 'mars', 'open-webui', 'danswerai', 'mlflow', 'determined', 'lightly', 'nut', 'mindsdb', 'pytorch', 'gensim', 'tensorflow', 'DI-engine', 'python-timbl', 'transformers', 'bentoml', 'shogun', 'rasa']"
200,category,1368,ICS Dependencies (& Architecture): External Digital Systems,38,71,"['feast', 'mindsdb', 'langflow', 'Neural', 'cortex', 'bokeh', 'danswerai', 'deepface', 'ray', 'gradio', 'open-webui', 'bentoml', 'comet-llm', 'typer', 'mlflow', 'determined', 'pattern', 'feast', 'mindsdb', 'langflow', 'Neural', 'cortex', 'bokeh', 'danswerai', 'deepface', 'ray', 'gradio', 'open-webui', 'bentoml', 'comet-llm', 'typer', 'mlflow', 'determined', 'pattern']"
201,category,1371,ICS Supply Chain: Poorly Documented or Undocumented Features,7,6,"['CompreFace', 'bokeh', 'caffe', 'xcessiv', 'face_recognition']"
202,category,1382,ICS Operations (& Maintenance): Emerging Energy Technologies,331,106,"['lightly', 'ViZDoom', 'numpy', 'feast', 'langflow', 'mlflow', 'open-webui', 'retro', 'mindsdb', 'pydantic', 'nalp', 'danswerai', 'rasa', 'pattern', 'superset', 'bokeh', 'Auto_ViML', 'fastapi', 'spammy', 'ray', 'PySyft', 'pytensor', 'pytorch', 'gradio', 'streamlit', 'transformers', 'DIGITS', 'AutoViz', 'lightly', 'ViZDoom', 'numpy', 'feast', 'langflow', 'mlflow', 'open-webui', 'retro', 'mindsdb', 'pydantic', 'nalp', 'danswerai', 'rasa', 'pattern', 'superset', 'bokeh', 'Auto_ViML', 'fastapi', 'spammy', 'ray', 'PySyft', 'pytensor', 'pytorch', 'gradio', 'streamlit', 'transformers', 'DIGITS', 'AutoViz', 'mindsdb', 'langflow', 'superset', 'DIGITS', 'face_recognition', 'lightly', 'ViZDoom', 'numpy', 'feast', 'langflow', 'mlflow', 'open-webui', 'retro', 'mindsdb', 'pydantic', 'nalp', 'danswerai', 'rasa', 'pattern', 'superset', 'bokeh', 'Auto_ViML', 'fastapi', 'spammy', 'ray', 'PySyft', 'pytensor', 'pytorch', 'gradio', 'streamlit', 'transformers', 'DIGITS', 'AutoViz', 'lightly', 'ViZDoom', 'numpy', 'feast', 'langflow', 'mlflow', 'open-webui', 'retro', 'mindsdb', 'pydantic', 'nalp', 'danswerai', 'rasa', 'pattern', 'superset', 'bokeh', 'Auto_ViML', 'fastapi', 'spammy', 'ray', 'PySyft', 'pytensor', 'pytorch', 'gradio', 'streamlit', 'transformers', 'DIGITS', 'AutoViz', 'lightly', 'ViZDoom', 'numpy', 'feast', 'langflow', 'mlflow', 'open-webui', 'retro', 'mindsdb', 'pydantic', 'nalp', 'danswerai', 'rasa', 'pattern', 'superset', 'bokeh', 'Auto_ViML', 'fastapi', 'spammy', 'ray', 'PySyft', 'pytensor', 'pytorch', 'gradio', 'streamlit', 'transformers', 'DIGITS', 'AutoViz', 'ray']"
203,category,1396,Comprehensive Categorization: Access Control,36,99,"['DIGITS', 'mindsdb', 'langflow', 'superset', 'DIGITS', 'face_recognition', 'lightly', 'numpy', 'langflow', 'matplotlib', 'deepface', 'mlflow', 'open-webui', 'determined', 'rep', 'mindsdb', 'ColossalAI', 'cortex', 'pytorch-frame', 'danswerai', 'DeepPavlov', 'rasa', 'tflearn', 'upgini', 'machine-learning', 'ray', 'keras-tuner', 'pandas', 'gradio', 'streamlit', 'transformers', 'DIGITS', 'scikit-image', 'ray']"
204,category,1397,Comprehensive Categorization: Comparison,10,6,"['superset', 'transformers', 'superset', 'transformers']"
205,category,1402,Comprehensive Categorization: Encryption,139,122,"['DIGITS', 'feast', 'mindsdb', 'langflow', 'Neural', 'cortex', 'bokeh', 'danswerai', 'deepface', 'ray', 'gradio', 'open-webui', 'bentoml', 'comet-llm', 'typer', 'mlflow', 'determined', 'pattern', 'feast', 'mindsdb', 'langflow', 'Neural', 'ray', 'gradio', 'bentoml', 'mlflow', 'feast', 'mindsdb', 'langflow', 'Neural', 'cortex', 'bokeh', 'danswerai', 'deepface', 'ray', 'gradio', 'open-webui', 'bentoml', 'comet-llm', 'typer', 'mlflow', 'determined', 'pattern', 'lightly', 'langflow', 'couler', 'gradio', 'streamlit', 'mars', 'open-webui', 'danswerai', 'mlflow', 'determined', 'langflow', 'couler', 'gradio', 'streamlit', 'mars', 'danswerai', 'mlflow', 'determined', 'langflow', 'couler', 'gradio', 'streamlit', 'mars', 'danswerai', 'mlflow', 'determined', 'lightly', 'langflow', 'couler', 'gradio', 'streamlit', 'mars', 'open-webui', 'danswerai', 'mlflow', 'determined', 'lightly', 'langflow', 'couler', 'gradio', 'streamlit', 'mars', 'open-webui', 'danswerai', 'mlflow', 'determined']"
206,category,1403,Comprehensive Categorization: Exposed Resource,26,7076,"['cornac', 'FEDOT', 'feast', 'aim', 'pyss3', 'matplotlib', 'lab', 'DI-engine', 'dtaidistance', 'seaborn', 'determined', 'retro', 'BioPy', 'CompreFace', 'lambdo', 'mindsdb', 'Metaworld', 'ColossalAI', 'pyqtgraph', 'gensim', 'hebel', 'textacy', 'statsmodels', 'xlearn', 'deepchecks', 'mars', 'NeuroNER', 'PySyft', 'scikit-survival', 'haystack', 'emcee', 'transformers', 'streamlit', 'lightwood', 'prodmodel', 'joliGEN', 'ViZDoom', 'pybrain', 'langflow', 'mlxtend', 'Spearmint', 'bigartm', 'skorch', 'vigra', 'blaze', 'catalyst', 'sktime', 'ggpy', 'python-recsys', 'scikit-learn', 'river', 'tesseract', 'pytorch-lightning', 'shogun', 'spaCy', 'yalign', 'ray', 'pynlpl', 'DIGITS', 'LightGBM', 'pytorch', 'PyTorchCV', 'dash', 'polyglot', 'pymc', 'bentoml', 'pkuseg-python', 'scikit-image', 'Gymnasium', 'numpy', 'jProcessing', 'cltk', 'garage', 'zipline', 'alibi-detect', 'xcessiv', 'neural-style-pt', 'nut', 'langfuse', 'optuna', 'deeplake', 'cortex', 'tensorflow', 'pytorch-frame', 'python-timbl', 'danswerai', 'DeepPavlov', 'rasa', 'igel', 'loso', 'SynapseML', 'machine-learning', 'autogluon', 'mlens', 'scikit-learn-intelex', 'catboost', 'somoclu', 'colibri-core', 'keras-tuner', 'neuropredict', 'dowel', 'DrQA', 'deeppy', 'neuraltalk2', 'altair', 'pgmpy', 'evidently', 'detectron2', 'lightly', 'jieba', 'cleanlab', 'Petrel', 'deepface', 'caffe', 'zpar', 'typer', 'nilearn', 'mlflow', 'open-webui', 'jax', 'stellargraph', 'maze', 'pebl', 'mlx', 'open-metric-learning', 'pytorch_geometric', 'neuraltalk', 'retinaface', 'mljar-supervised', 'superset', 'bokeh', 'pytorch-image-models', 'rosetta', 'recommenders', 'tpot', 'Parris', 'pytensor', 'chainer', 'skll', 'pandas', 'bolt', 'scikit-opt', 'vispy', 'gradio', 'CoreNLP', 'xgboost', 'lightly', 'nut', 'mindsdb', 'pytorch', 'gensim', 'tensorflow', 'DI-engine', 'python-timbl', 'transformers', 'bentoml', 'shogun', 'rasa']"
207,category,1404,Comprehensive Categorization: File Handling,61,21171,"['cornac', 'FEDOT', 'feast', 'aim', 'pyss3', 'matplotlib', 'lab', 'DI-engine', 'dtaidistance', 'seaborn', 'determined', 'retro', 'BioPy', 'CompreFace', 'lambdo', 'mindsdb', 'Metaworld', 'ColossalAI', 'pyqtgraph', 'gensim', 'hebel', 'textacy', 'statsmodels', 'xlearn', 'deepchecks', 'mars', 'NeuroNER', 'PySyft', 'scikit-survival', 'haystack', 'emcee', 'transformers', 'streamlit', 'lightwood', 'prodmodel', 'joliGEN', 'ViZDoom', 'pybrain', 'langflow', 'mlxtend', 'Spearmint', 'bigartm', 'skorch', 'vigra', 'blaze', 'catalyst', 'sktime', 'ggpy', 'python-recsys', 'scikit-learn', 'river', 'tesseract', 'pytorch-lightning', 'shogun', 'spaCy', 'yalign', 'ray', 'pynlpl', 'DIGITS', 'LightGBM', 'pytorch', 'PyTorchCV', 'dash', 'polyglot', 'pymc', 'bentoml', 'pkuseg-python', 'scikit-image', 'Gymnasium', 'numpy', 'jProcessing', 'cltk', 'garage', 'zipline', 'alibi-detect', 'xcessiv', 'neural-style-pt', 'nut', 'langfuse', 'optuna', 'deeplake', 'cortex', 'tensorflow', 'pytorch-frame', 'python-timbl', 'danswerai', 'DeepPavlov', 'rasa', 'igel', 'loso', 'SynapseML', 'machine-learning', 'autogluon', 'mlens', 'scikit-learn-intelex', 'catboost', 'somoclu', 'colibri-core', 'keras-tuner', 'neuropredict', 'dowel', 'DrQA', 'deeppy', 'neuraltalk2', 'altair', 'pgmpy', 'evidently', 'detectron2', 'lightly', 'jieba', 'cleanlab', 'Petrel', 'deepface', 'caffe', 'zpar', 'typer', 'nilearn', 'mlflow', 'open-webui', 'jax', 'stellargraph', 'maze', 'pebl', 'mlx', 'open-metric-learning', 'pytorch_geometric', 'neuraltalk', 'retinaface', 'mljar-supervised', 'superset', 'bokeh', 'pytorch-image-models', 'rosetta', 'recommenders', 'tpot', 'Parris', 'pytensor', 'chainer', 'skll', 'pandas', 'bolt', 'scikit-opt', 'vispy', 'gradio', 'CoreNLP', 'xgboost', 'cornac', 'FEDOT', 'feast', 'aim', 'pyss3', 'matplotlib', 'lab', 'DI-engine', 'dtaidistance', 'seaborn', 'determined', 'retro', 'BioPy', 'CompreFace', 'lambdo', 'mindsdb', 'Metaworld', 'ColossalAI', 'pyqtgraph', 'gensim', 'hebel', 'textacy', 'statsmodels', 'xlearn', 'deepchecks', 'mars', 'NeuroNER', 'PySyft', 'scikit-survival', 'haystack', 'emcee', 'transformers', 'streamlit', 'lightwood', 'prodmodel', 'joliGEN', 'ViZDoom', 'pybrain', 'langflow', 'mlxtend', 'Spearmint', 'bigartm', 'skorch', 'vigra', 'blaze', 'catalyst', 'sktime', 'ggpy', 'python-recsys', 'scikit-learn', 'river', 'tesseract', 'pytorch-lightning', 'shogun', 'spaCy', 'yalign', 'ray', 'pynlpl', 'DIGITS', 'LightGBM', 'pytorch', 'PyTorchCV', 'dash', 'polyglot', 'pymc', 'bentoml', 'pkuseg-python', 'scikit-image', 'Gymnasium', 'numpy', 'jProcessing', 'cltk', 'garage', 'zipline', 'alibi-detect', 'xcessiv', 'neural-style-pt', 'nut', 'langfuse', 'optuna', 'deeplake', 'cortex', 'tensorflow', 'pytorch-frame', 'python-timbl', 'danswerai', 'DeepPavlov', 'rasa', 'igel', 'loso', 'SynapseML', 'machine-learning', 'autogluon', 'mlens', 'scikit-learn-intelex', 'catboost', 'somoclu', 'colibri-core', 'keras-tuner', 'neuropredict', 'dowel', 'DrQA', 'deeppy', 'neuraltalk2', 'altair', 'pgmpy', 'evidently', 'detectron2', 'lightly', 'jieba', 'cleanlab', 'Petrel', 'deepface', 'caffe', 'zpar', 'typer', 'nilearn', 'mlflow', 'open-webui', 'jax', 'stellargraph', 'maze', 'pebl', 'mlx', 'open-metric-learning', 'pytorch_geometric', 'neuraltalk', 'retinaface', 'mljar-supervised', 'superset', 'bokeh', 'pytorch-image-models', 'rosetta', 'recommenders', 'tpot', 'Parris', 'pytensor', 'chainer', 'skll', 'pandas', 'bolt', 'scikit-opt', 'vispy', 'gradio', 'CoreNLP', 'xgboost', 'cornac', 'FEDOT', 'feast', 'aim', 'pyss3', 'matplotlib', 'lab', 'DI-engine', 'dtaidistance', 'seaborn', 'determined', 'retro', 'BioPy', 'CompreFace', 'lambdo', 'mindsdb', 'Metaworld', 'ColossalAI', 'pyqtgraph', 'gensim', 'hebel', 'textacy', 'statsmodels', 'xlearn', 'deepchecks', 'mars', 'NeuroNER', 'PySyft', 'scikit-survival', 'haystack', 'emcee', 'transformers', 'streamlit', 'lightwood', 'prodmodel', 'joliGEN', 'ViZDoom', 'pybrain', 'langflow', 'mlxtend', 'Spearmint', 'bigartm', 'skorch', 'vigra', 'blaze', 'catalyst', 'sktime', 'ggpy', 'python-recsys', 'scikit-learn', 'river', 'tesseract', 'pytorch-lightning', 'shogun', 'spaCy', 'yalign', 'ray', 'pynlpl', 'DIGITS', 'LightGBM', 'pytorch', 'PyTorchCV', 'dash', 'polyglot', 'pymc', 'bentoml', 'pkuseg-python', 'scikit-image', 'Gymnasium', 'numpy', 'jProcessing', 'cltk', 'garage', 'zipline', 'alibi-detect', 'xcessiv', 'neural-style-pt', 'nut', 'langfuse', 'optuna', 'deeplake', 'cortex', 'tensorflow', 'pytorch-frame', 'python-timbl', 'danswerai', 'DeepPavlov', 'rasa', 'igel', 'loso', 'SynapseML', 'machine-learning', 'autogluon', 'mlens', 'scikit-learn-intelex', 'catboost', 'somoclu', 'colibri-core', 'keras-tuner', 'neuropredict', 'dowel', 'DrQA', 'deeppy', 'neuraltalk2', 'altair', 'pgmpy', 'evidently', 'detectron2', 'lightly', 'jieba', 'cleanlab', 'Petrel', 'deepface', 'caffe', 'zpar', 'typer', 'nilearn', 'mlflow', 'open-webui', 'jax', 'stellargraph', 'maze', 'pebl', 'mlx', 'open-metric-learning', 'pytorch_geometric', 'neuraltalk', 'retinaface', 'mljar-supervised', 'superset', 'bokeh', 'pytorch-image-models', 'rosetta', 'recommenders', 'tpot', 'Parris', 'pytensor', 'chainer', 'skll', 'pandas', 'bolt', 'scikit-opt', 'vispy', 'gradio', 'CoreNLP', 'xgboost']"
208,category,1406,Comprehensive Categorization: Improper Input Validation,315,91,"['lightly', 'ViZDoom', 'numpy', 'feast', 'langflow', 'mlflow', 'open-webui', 'retro', 'mindsdb', 'pydantic', 'nalp', 'danswerai', 'rasa', 'pattern', 'superset', 'bokeh', 'Auto_ViML', 'fastapi', 'spammy', 'ray', 'PySyft', 'pytensor', 'pytorch', 'gradio', 'streamlit', 'transformers', 'DIGITS', 'AutoViz', 'lightly', 'ViZDoom', 'numpy', 'feast', 'langflow', 'mlflow', 'open-webui', 'retro', 'mindsdb', 'pydantic', 'nalp', 'danswerai', 'rasa', 'pattern', 'superset', 'bokeh', 'Auto_ViML', 'fastapi', 'spammy', 'ray', 'PySyft', 'pytensor', 'pytorch', 'gradio', 'streamlit', 'transformers', 'DIGITS', 'AutoViz', 'lightly', 'ViZDoom', 'numpy', 'feast', 'langflow', 'mlflow', 'open-webui', 'retro', 'mindsdb', 'pydantic', 'nalp', 'danswerai', 'rasa', 'pattern', 'superset', 'bokeh', 'Auto_ViML', 'fastapi', 'spammy', 'ray', 'PySyft', 'pytensor', 'pytorch', 'gradio', 'streamlit', 'transformers', 'DIGITS', 'AutoViz', 'lightly', 'ViZDoom', 'numpy', 'feast', 'langflow', 'mlflow', 'open-webui', 'retro', 'mindsdb', 'pydantic', 'nalp', 'danswerai', 'rasa', 'pattern', 'superset', 'bokeh', 'Auto_ViML', 'fastapi', 'spammy', 'ray', 'PySyft', 'pytensor', 'pytorch', 'gradio', 'streamlit', 'transformers', 'DIGITS', 'AutoViz', 'lightly', 'ViZDoom', 'numpy', 'feast', 'langflow', 'mlflow', 'open-webui', 'retro', 'mindsdb', 'pydantic', 'nalp', 'danswerai', 'rasa', 'pattern', 'superset', 'bokeh', 'Auto_ViML', 'fastapi', 'spammy', 'ray', 'PySyft', 'pytensor', 'pytorch', 'gradio', 'streamlit', 'transformers', 'DIGITS', 'AutoViz']"
209,category,1407,Comprehensive Categorization: Improper Neutralization,42,165,"['cornac', 'FEDOT', 'numpy', 'feast', 'pyod', 'pybrain', 'lifelines', 'cleanlab', 'couler', 'bowtie', 'bigartm', 'DI-engine', 'vigra', 'annoy', 'deepface', 'catalyst', 'scikit-multiflow', 'zpar', 'ggpy', 'seaborn', 'mlflow', 'alibi-detect', 'open-webui', 'notebook', 'gan', 'stellargraph', 'rockpool', 'lambdo', 'mindsdb', 'ColossalAI', 'pyqtgraph', 'pebl', 'tensorflow', 'mist', 'python-timbl', 'metric-learn', 'DeepPavlov', 'statsmodels', 'superset', 'xlearn', 'nupic.studio', 'breze', 'machine-learning', 'rgf', 'imbalanced-ensemble', 'recommenders', 'mars', 'bytehub', 'tpot', 'catboost', 'alibi', 'segmentation_models', 'pytorch', 'chainer', 'deeppy', 'PyTorchCV', 'dash', 'streamlit', 'snips-nlu', 'transformers', 'DIGITS', 'scikit-image', 'cornac', 'FEDOT', 'numpy', 'feast', 'pyod', 'pybrain', 'lifelines', 'cleanlab', 'couler', 'bowtie', 'bigartm', 'DI-engine', 'vigra', 'annoy', 'deepface', 'catalyst', 'scikit-multiflow', 'zpar', 'ggpy', 'seaborn', 'mlflow', 'alibi-detect', 'open-webui', 'notebook', 'gan', 'stellargraph', 'rockpool', 'lambdo', 'mindsdb', 'ColossalAI', 'pyqtgraph', 'pebl', 'tensorflow', 'mist', 'python-timbl', 'metric-learn', 'DeepPavlov', 'statsmodels', 'superset', 'xlearn', 'nupic.studio', 'breze', 'machine-learning', 'rgf', 'imbalanced-ensemble', 'recommenders', 'mars', 'bytehub', 'tpot', 'catboost', 'alibi', 'segmentation_models', 'pytorch', 'chainer', 'deeppy', 'PyTorchCV', 'dash', 'streamlit', 'snips-nlu', 'transformers', 'DIGITS', 'scikit-image', 'cornac', 'FEDOT', 'numpy', 'feast', 'pyod', 'pybrain', 'lifelines', 'cleanlab', 'couler', 'bowtie', 'bigartm', 'DI-engine', 'vigra', 'annoy', 'deepface', 'catalyst', 'scikit-multiflow', 'zpar', 'ggpy', 'seaborn', 'mlflow', 'alibi-detect', 'open-webui', 'notebook', 'gan', 'stellargraph', 'rockpool', 'lambdo', 'mindsdb', 'ColossalAI', 'pyqtgraph', 'pebl', 'tensorflow', 'mist', 'python-timbl', 'metric-learn', 'DeepPavlov', 'statsmodels', 'superset', 'xlearn', 'nupic.studio', 'breze', 'machine-learning', 'rgf', 'imbalanced-ensemble', 'recommenders', 'mars', 'bytehub', 'tpot', 'catboost', 'alibi', 'segmentation_models', 'pytorch', 'chainer', 'deeppy', 'PyTorchCV', 'dash', 'streamlit', 'snips-nlu', 'transformers', 'DIGITS', 'scikit-image']"
210,category,1409,Comprehensive Categorization: Injection,187,7989,"['feast', 'superset', 'DI-engine', 'pandas', 'ray', 'DIGITS', 'dl-translate', 'ViZDoom', 'numpy', 'aim', 'langflow', 'matplotlib', 'Spearmint', 'bigartm', 'DI-engine', 'blaze', 'catalyst', 'typer', 'nilearn', 'mlflow', 'zipline', 'determined', 'retro', 'rep', 'open-webui', 'jax', 'mindsdb', 'deeplake', 'pyqtgraph', 'gensim', 'cortex', 'tensorflow', 'PyStanfordDependencies', 'pydantic', 'mist', 'open-metric-learning', 'neuraltalk', 'danswerai', 'pytorch-lightning', 'shogun', 'rasa', 'loso', 'statsmodels', 'superset', 'bokeh', 'pytorch-image-models', 'ray', 'pynlpl', 'DIGITS', 'mlens', 'scikit-learn-intelex', 'mars', 'catboost', 'colibri-core', 'pytorch', 'deeppy', 'skll', 'gradio', 'streamlit', 'altair', 'bentoml', 'xgboost', 'dash', 'scikit-image', 'transformers', 'detectron2', 'ViZDoom', 'numpy', 'aim', 'langflow', 'matplotlib', 'Spearmint', 'bigartm', 'DI-engine', 'blaze', 'catalyst', 'typer', 'nilearn', 'mlflow', 'zipline', 'determined', 'retro', 'rep', 'open-webui', 'jax', 'mindsdb', 'deeplake', 'pyqtgraph', 'gensim', 'cortex', 'tensorflow', 'PyStanfordDependencies', 'pydantic', 'mist', 'open-metric-learning', 'neuraltalk', 'danswerai', 'pytorch-lightning', 'shogun', 'rasa', 'loso', 'statsmodels', 'superset', 'bokeh', 'pytorch-image-models', 'ray', 'pynlpl', 'DIGITS', 'mlens', 'scikit-learn-intelex', 'mars', 'catboost', 'colibri-core', 'pytorch', 'deeppy', 'skll', 'gradio', 'streamlit', 'altair', 'bentoml', 'xgboost', 'dash', 'scikit-image', 'transformers', 'detectron2', 'cornac', 'FEDOT', 'numpy', 'pyod', 'pybrain', 'lifelines', 'cleanlab', 'couler', 'bigartm', 'DI-engine', 'vigra', 'annoy', 'catalyst', 'scikit-multiflow', 'zpar', 'ggpy', 'seaborn', 'open-webui', 'alibi-detect', 'notebook', 'gan', 'stellargraph', 'rockpool', 'lambdo', 'mindsdb', 'ColossalAI', 'pyqtgraph', 'pebl', 'tensorflow', 'mist', 'python-timbl', 'metric-learn', 'DeepPavlov', 'statsmodels', 'superset', 'xlearn', 'nupic.studio', 'breze', 'rgf', 'imbalanced-ensemble', 'recommenders', 'tpot', 'bytehub', 'catboost', 'alibi', 'segmentation_models', 'pytorch', 'chainer', 'deeppy', 'dash', 'streamlit', 'snips-nlu', 'DIGITS', 'scikit-image', 'cornac', 'FEDOT', 'numpy', 'pyod', 'pybrain', 'lifelines', 'cleanlab', 'couler', 'bigartm', 'DI-engine', 'vigra', 'annoy', 'catalyst', 'scikit-multiflow', 'zpar', 'ggpy', 'seaborn', 'open-webui', 'alibi-detect', 'notebook', 'gan', 'stellargraph', 'rockpool', 'lambdo', 'mindsdb', 'ColossalAI', 'pyqtgraph', 'pebl', 'tensorflow', 'mist', 'python-timbl', 'metric-learn', 'DeepPavlov', 'statsmodels', 'superset', 'xlearn', 'nupic.studio', 'breze', 'rgf', 'imbalanced-ensemble', 'recommenders', 'tpot', 'bytehub', 'catboost', 'alibi', 'segmentation_models', 'pytorch', 'chainer', 'deeppy', 'dash', 'streamlit', 'snips-nlu', 'DIGITS', 'scikit-image', 'cornac', 'FEDOT', 'feast', 'aim', 'pyss3', 'matplotlib', 'lab', 'DI-engine', 'dtaidistance', 'seaborn', 'determined', 'retro', 'BioPy', 'CompreFace', 'lambdo', 'mindsdb', 'Metaworld', 'ColossalAI', 'pyqtgraph', 'gensim', 'hebel', 'textacy', 'statsmodels', 'xlearn', 'deepchecks', 'mars', 'NeuroNER', 'PySyft', 'scikit-survival', 'haystack', 'emcee', 'transformers', 'streamlit', 'lightwood', 'prodmodel', 'joliGEN', 'ViZDoom', 'pybrain', 'langflow', 'mlxtend', 'Spearmint', 'bigartm', 'skorch', 'vigra', 'blaze', 'catalyst', 'sktime', 'ggpy', 'python-recsys', 'scikit-learn', 'river', 'tesseract', 'pytorch-lightning', 'shogun', 'spaCy', 'yalign', 'ray', 'pynlpl', 'DIGITS', 'LightGBM', 'pytorch', 'PyTorchCV', 'dash', 'polyglot', 'pymc', 'bentoml', 'pkuseg-python', 'scikit-image', 'Gymnasium', 'numpy', 'jProcessing', 'cltk', 'garage', 'zipline', 'alibi-detect', 'xcessiv', 'neural-style-pt', 'nut', 'langfuse', 'optuna', 'deeplake', 'cortex', 'tensorflow', 'pytorch-frame', 'python-timbl', 'danswerai', 'DeepPavlov', 'rasa', 'igel', 'loso', 'SynapseML', 'machine-learning', 'autogluon', 'mlens', 'scikit-learn-intelex', 'catboost', 'somoclu', 'colibri-core', 'keras-tuner', 'neuropredict', 'dowel', 'DrQA', 'deeppy', 'neuraltalk2', 'altair', 'pgmpy', 'evidently', 'detectron2', 'lightly', 'jieba', 'cleanlab', 'Petrel', 'deepface', 'caffe', 'zpar', 'typer', 'nilearn', 'mlflow', 'open-webui', 'jax', 'stellargraph', 'maze', 'pebl', 'mlx', 'open-metric-learning', 'pytorch_geometric', 'neuraltalk', 'retinaface', 'mljar-supervised', 'superset', 'bokeh', 'pytorch-image-models', 'rosetta', 'recommenders', 'tpot', 'Parris', 'pytensor', 'chainer', 'skll', 'pandas', 'bolt', 'scikit-opt', 'vispy', 'gradio', 'CoreNLP', 'xgboost', 'cornac', 'feast', 'mindsdb', 'bowtie', 'PyTorchCV', 'machine-learning', 'deepface', 'mars', 'DIGITS', 'mlflow', 'feast', 'mindsdb', 'deeplake', 'open-webui', 'danswerai', 'DeepPavlov', 'mlflow', 'determined', 'rasa', 'machine-learning']"
211,category,1412,Comprehensive Categorization: Poor Coding Practices,8,6,"['CompreFace', 'bokeh', 'caffe', 'xcessiv', 'face_recognition']"
212,category,1415,Comprehensive Categorization: Resource Control,17,700,"['cornac', 'FEDOT', 'feast', 'pyod', 'matplotlib', 'DI-engine', 'Sklearn-genetic-opt', 'determined', 'opfython', 'rep', 'lambdo', 'mindsdb', 'ColossalAI', 'pyqtgraph', 'hebel', 'PCV', 'tflearn', 'statsmodels', 'deepchecks', 'backprop', 'mars', 'NeuroNER', 'sentiment-analyzer', 'haystack', 'lightning-bolts', 'transformers', 'streamlit', 'lightwood', 'face_recognition', 'prodmodel', 'joliGEN', 'ViZDoom', 'pybrain', 'mlxtend', 'bigartm', 'skorch', 'catalyst', 'evostra', 'python-recsys', 'dl-translate', 'scikit-learn', 'river', 'pytorch-lightning', 'opytimizer', 'yalign', 'ray', 'DIGITS', 'alibi', 'LightGBM', 'xgboost', 'pytorch', 'PyTorchCV', 'polyglot', 'bentoml', 'pkuseg-python', 'numpy', 'jProcessing', 'cltk', 'miraiml', 'garage', 'zipline', 'alibi-detect', 'neural-style-pt', 'nut', 'tensorflow', 'pytorch-frame', 'DeepPavlov', 'rasa', 'igel', 'loso', 'machine-learning', 'autogluon', 'mlens', 'scikit-learn-intelex', 'catboost', 'keras-tuner', 'shapash', 'eurybia', 'neuropredict', 'DrQA', 'deeppy', 'pytorch_geometric_temporal', 'evidently', 'detectron2', 'lightly', 'jieba', 'cleanlab', 'Petrel', 'deepface', 'caffe', 'zpar', 'mlflow', 'TResNet', 'frouros', 'maze', 'pebl', 'open-metric-learning', 'pytorch_geometric', 'neuraltalk', 'mljar-supervised', 'bokeh', 'pytorch-image-models', 'segmentation_models.pytorch', 'simpleai', 'sentiment_classifier', 'recommenders', 'chefboost', 'snownlp', 'pytensor', 'chainer', 'skll', 'pandas', 'bolt', 'dedupe', 'neurolab']"
213,category,1416,Comprehensive Categorization: Resource Lifecycle Management,72,652,"['ViZDoom', 'numpy', 'pyss3', 'langflow', 'jProcessing', 'bigartm', 'DI-engine', 'vigra', 'blaze', 'caffe', 'zpar', 'typer', 'mlflow', 'scikit-learn', 'zipline', 'retro', 'determined', 'open-webui', 'jax', 'lambdo', 'mindsdb', 'ColossalAI', 'pyqtgraph', 'gensim', 'pebl', 'cortex', 'tensorflow', 'pydantic', 'danswerai', 'pytorch-lightning', 'DeepPavlov', 'pattern', 'bokeh', 'xlearn', 'deepchecks', 'ray', 'DIGITS', 'mars', 'scikit-learn-intelex', 'catboost', 'LightGBM', 'dirty_cat', 'DrQA', 'haystack', 'emcee', 'pytorch', 'chainer', 'skll', 'PyTorchCV', 'lightning-bolts', 'CoreNLP', 'vispy', 'gradio', 'streamlit', 'dash', 'bentoml', 'xgboost', 'pymc', 'transformers', 'pgmpy', 'ViZDoom', 'numpy', 'pyss3', 'langflow', 'jProcessing', 'bigartm', 'DI-engine', 'vigra', 'blaze', 'caffe', 'zpar', 'typer', 'mlflow', 'scikit-learn', 'zipline', 'retro', 'determined', 'open-webui', 'jax', 'lambdo', 'mindsdb', 'ColossalAI', 'pyqtgraph', 'gensim', 'pebl', 'cortex', 'tensorflow', 'pydantic', 'danswerai', 'pytorch-lightning', 'DeepPavlov', 'pattern', 'rasa', 'bokeh', 'xlearn', 'pandas', 'deepchecks', 'ray', 'DIGITS', 'mars', 'scikit-learn-intelex', 'catboost', 'LightGBM', 'dirty_cat', 'DrQA', 'haystack', 'emcee', 'pytorch', 'chainer', 'skll', 'PyTorchCV', 'lightning-bolts', 'CoreNLP', 'vispy', 'gradio', 'streamlit', 'dash', 'bentoml', 'xgboost', 'pymc', 'transformers', 'pgmpy', 'ViZDoom', 'numpy', 'pyss3', 'langflow', 'jProcessing', 'bigartm', 'DI-engine', 'vigra', 'blaze', 'caffe', 'zpar', 'typer', 'mlflow', 'scikit-learn', 'zipline', 'retro', 'determined', 'open-webui', 'jax', 'lambdo', 'mindsdb', 'ColossalAI', 'pyqtgraph', 'gensim', 'pebl', 'cortex', 'tensorflow', 'pydantic', 'danswerai', 'pytorch-lightning', 'DeepPavlov', 'pattern', 'bokeh', 'xlearn', 'deepchecks', 'ray', 'DIGITS', 'mars', 'scikit-learn-intelex', 'catboost', 'LightGBM', 'dirty_cat', 'DrQA', 'haystack', 'emcee', 'pytorch', 'chainer', 'skll', 'PyTorchCV', 'lightning-bolts', 'CoreNLP', 'vispy', 'gradio', 'streamlit', 'dash', 'bentoml', 'xgboost', 'pymc', 'transformers', 'pgmpy', 'ViZDoom', 'numpy', 'pyss3', 'langflow', 'jProcessing', 'bigartm', 'DI-engine', 'vigra', 'blaze', 'caffe', 'zpar', 'typer', 'mlflow', 'scikit-learn', 'zipline', 'retro', 'determined', 'open-webui', 'jax', 'lambdo', 'mindsdb', 'ColossalAI', 'pyqtgraph', 'gensim', 'pebl', 'cortex', 'tensorflow', 'pydantic', 'danswerai', 'pytorch-lightning', 'DeepPavlov', 'pattern', 'rasa', 'bokeh', 'xlearn', 'pandas', 'deepchecks', 'ray', 'DIGITS', 'mars', 'scikit-learn-intelex', 'catboost', 'LightGBM', 'dirty_cat', 'DrQA', 'haystack', 'emcee', 'pytorch', 'chainer', 'skll', 'PyTorchCV', 'lightning-bolts', 'CoreNLP', 'vispy', 'gradio', 'streamlit', 'dash', 'bentoml', 'xgboost', 'pymc', 'transformers', 'pgmpy', 'ViZDoom', 'numpy', 'pyss3', 'langflow', 'jProcessing', 'bigartm', 'DI-engine', 'vigra', 'blaze', 'caffe', 'zpar', 'typer', 'mlflow', 'scikit-learn', 'zipline', 'retro', 'determined', 'open-webui', 'jax', 'lambdo', 'mindsdb', 'ColossalAI', 'pyqtgraph', 'gensim', 'pebl', 'cortex', 'tensorflow', 'pydantic', 'danswerai', 'pytorch-lightning', 'DeepPavlov', 'pattern', 'rasa', 'bokeh', 'xlearn', 'pandas', 'deepchecks', 'ray', 'DIGITS', 'mars', 'scikit-learn-intelex', 'catboost', 'LightGBM', 'dirty_cat', 'DrQA', 'haystack', 'emcee', 'pytorch', 'chainer', 'skll', 'PyTorchCV', 'lightning-bolts', 'CoreNLP', 'vispy', 'gradio', 'streamlit', 'dash', 'bentoml', 'xgboost', 'pymc', 'transformers', 'pgmpy']"
214,category,1417,Comprehensive Categorization: Sensitive Information Exposure,97,371,"['aim', 'pyss3', 'langflow', 'mlflow', 'determined', 'jax', 'gan', 'ColossalAI', 'open-metric-learning', 'pytorch_geometric', 'pytorch-lightning', 'spaCy', 'sinabs', 'bokeh', 'ray', 'catboost', 'LightGBM', 'gradio', 'streamlit', 'transformers', 'bentoml', 'detectron2', 'aim', 'feast', 'PySyft', 'langflow', 'mindsdb', 'ColossalAI', 'superset', 'danswerai', 'blaze', 'machine-learning', 'deepface', 'ray', 'gradio', 'dash', 'open-webui', 'DIGITS', 'mlflow', 'joliGEN', 'aim', 'feast', 'PySyft', 'langflow', 'mindsdb', 'ColossalAI', 'superset', 'danswerai', 'blaze', 'machine-learning', 'deepface', 'ray', 'gradio', 'dash', 'open-webui', 'DIGITS', 'mlflow', 'joliGEN', 'CompreFace', 'bokeh', 'caffe', 'xcessiv', 'face_recognition', 'feast', 'mindsdb', 'langflow', 'Neural', 'cortex', 'bokeh', 'danswerai', 'deepface', 'ray', 'gradio', 'open-webui', 'bentoml', 'comet-llm', 'typer', 'mlflow', 'determined', 'pattern', 'feast', 'mindsdb', 'langflow', 'Neural', 'cortex', 'bokeh', 'danswerai', 'deepface', 'ray', 'gradio', 'open-webui', 'bentoml', 'comet-llm', 'typer', 'mlflow', 'determined', 'pattern', 'feast', 'langflow', 'cortex', 'bokeh', 'danswerai', 'deepface', 'ray', 'gradio', 'open-webui', 'comet-llm', 'typer', 'mlflow', 'determined', 'pattern']"
215,category,1436,OWASP Top Ten 2025 Category A01:2025 - Broken Access Control,164,21504,"['aim', 'pyss3', 'langflow', 'mlflow', 'determined', 'jax', 'gan', 'ColossalAI', 'open-metric-learning', 'pytorch_geometric', 'pytorch-lightning', 'spaCy', 'sinabs', 'bokeh', 'ray', 'catboost', 'LightGBM', 'gradio', 'streamlit', 'transformers', 'bentoml', 'detectron2', 'aim', 'feast', 'PySyft', 'langflow', 'mindsdb', 'ColossalAI', 'superset', 'danswerai', 'blaze', 'machine-learning', 'deepface', 'ray', 'gradio', 'dash', 'open-webui', 'DIGITS', 'mlflow', 'joliGEN', 'mindsdb', 'langflow', 'superset', 'DIGITS', 'face_recognition', 'lightly', 'numpy', 'langflow', 'matplotlib', 'deepface', 'mlflow', 'open-webui', 'determined', 'rep', 'mindsdb', 'ColossalAI', 'cortex', 'pytorch-frame', 'danswerai', 'DeepPavlov', 'rasa', 'tflearn', 'upgini', 'machine-learning', 'ray', 'keras-tuner', 'pandas', 'gradio', 'streamlit', 'transformers', 'DIGITS', 'scikit-image', 'cornac', 'FEDOT', 'feast', 'aim', 'pyss3', 'matplotlib', 'lab', 'DI-engine', 'dtaidistance', 'seaborn', 'determined', 'retro', 'BioPy', 'CompreFace', 'lambdo', 'mindsdb', 'Metaworld', 'ColossalAI', 'pyqtgraph', 'gensim', 'hebel', 'textacy', 'statsmodels', 'xlearn', 'deepchecks', 'mars', 'NeuroNER', 'PySyft', 'scikit-survival', 'haystack', 'emcee', 'transformers', 'streamlit', 'lightwood', 'prodmodel', 'joliGEN', 'ViZDoom', 'pybrain', 'langflow', 'mlxtend', 'Spearmint', 'bigartm', 'skorch', 'vigra', 'blaze', 'catalyst', 'sktime', 'ggpy', 'python-recsys', 'scikit-learn', 'river', 'tesseract', 'pytorch-lightning', 'shogun', 'spaCy', 'yalign', 'ray', 'pynlpl', 'DIGITS', 'LightGBM', 'pytorch', 'PyTorchCV', 'dash', 'polyglot', 'pymc', 'bentoml', 'pkuseg-python', 'scikit-image', 'Gymnasium', 'numpy', 'jProcessing', 'cltk', 'garage', 'zipline', 'alibi-detect', 'xcessiv', 'neural-style-pt', 'nut', 'langfuse', 'optuna', 'deeplake', 'cortex', 'tensorflow', 'pytorch-frame', 'python-timbl', 'danswerai', 'DeepPavlov', 'rasa', 'igel', 'loso', 'SynapseML', 'machine-learning', 'autogluon', 'mlens', 'scikit-learn-intelex', 'catboost', 'somoclu', 'colibri-core', 'keras-tuner', 'neuropredict', 'dowel', 'DrQA', 'deeppy', 'neuraltalk2', 'altair', 'pgmpy', 'evidently', 'detectron2', 'lightly', 'jieba', 'cleanlab', 'Petrel', 'deepface', 'caffe', 'zpar', 'typer', 'nilearn', 'mlflow', 'open-webui', 'jax', 'stellargraph', 'maze', 'pebl', 'mlx', 'open-metric-learning', 'pytorch_geometric', 'neuraltalk', 'retinaface', 'mljar-supervised', 'superset', 'bokeh', 'pytorch-image-models', 'rosetta', 'recommenders', 'tpot', 'Parris', 'pytensor', 'chainer', 'skll', 'pandas', 'bolt', 'scikit-opt', 'vispy', 'gradio', 'CoreNLP', 'xgboost', 'cornac', 'FEDOT', 'feast', 'aim', 'pyss3', 'matplotlib', 'lab', 'DI-engine', 'dtaidistance', 'seaborn', 'determined', 'retro', 'BioPy', 'CompreFace', 'lambdo', 'mindsdb', 'Metaworld', 'ColossalAI', 'pyqtgraph', 'gensim', 'hebel', 'textacy', 'statsmodels', 'xlearn', 'deepchecks', 'mars', 'NeuroNER', 'PySyft', 'scikit-survival', 'haystack', 'emcee', 'transformers', 'streamlit', 'lightwood', 'prodmodel', 'joliGEN', 'ViZDoom', 'pybrain', 'langflow', 'mlxtend', 'Spearmint', 'bigartm', 'skorch', 'vigra', 'blaze', 'catalyst', 'sktime', 'ggpy', 'python-recsys', 'scikit-learn', 'river', 'tesseract', 'pytorch-lightning', 'shogun', 'spaCy', 'yalign', 'ray', 'pynlpl', 'DIGITS', 'LightGBM', 'pytorch', 'PyTorchCV', 'dash', 'polyglot', 'pymc', 'bentoml', 'pkuseg-python', 'scikit-image', 'Gymnasium', 'numpy', 'jProcessing', 'cltk', 'garage', 'zipline', 'alibi-detect', 'xcessiv', 'neural-style-pt', 'nut', 'langfuse', 'optuna', 'deeplake', 'cortex', 'tensorflow', 'pytorch-frame', 'python-timbl', 'danswerai', 'DeepPavlov', 'rasa', 'igel', 'loso', 'SynapseML', 'machine-learning', 'autogluon', 'mlens', 'scikit-learn-intelex', 'catboost', 'somoclu', 'colibri-core', 'keras-tuner', 'neuropredict', 'dowel', 'DrQA', 'deeppy', 'neuraltalk2', 'altair', 'pgmpy', 'evidently', 'detectron2', 'lightly', 'jieba', 'cleanlab', 'Petrel', 'deepface', 'caffe', 'zpar', 'typer', 'nilearn', 'mlflow', 'open-webui', 'jax', 'stellargraph', 'maze', 'pebl', 'mlx', 'open-metric-learning', 'pytorch_geometric', 'neuraltalk', 'retinaface', 'mljar-supervised', 'superset', 'bokeh', 'pytorch-image-models', 'rosetta', 'recommenders', 'tpot', 'Parris', 'pytensor', 'chainer', 'skll', 'pandas', 'bolt', 'scikit-opt', 'vispy', 'gradio', 'CoreNLP', 'xgboost', 'cornac', 'FEDOT', 'feast', 'aim', 'pyss3', 'matplotlib', 'lab', 'DI-engine', 'dtaidistance', 'seaborn', 'determined', 'retro', 'BioPy', 'CompreFace', 'lambdo', 'mindsdb', 'Metaworld', 'ColossalAI', 'pyqtgraph', 'gensim', 'hebel', 'textacy', 'statsmodels', 'xlearn', 'deepchecks', 'mars', 'NeuroNER', 'PySyft', 'scikit-survival', 'haystack', 'emcee', 'transformers', 'streamlit', 'lightwood', 'prodmodel', 'joliGEN', 'ViZDoom', 'pybrain', 'langflow', 'mlxtend', 'Spearmint', 'bigartm', 'skorch', 'vigra', 'blaze', 'catalyst', 'sktime', 'ggpy', 'python-recsys', 'scikit-learn', 'river', 'tesseract', 'pytorch-lightning', 'shogun', 'spaCy', 'yalign', 'ray', 'pynlpl', 'DIGITS', 'LightGBM', 'pytorch', 'PyTorchCV', 'dash', 'polyglot', 'pymc', 'bentoml', 'pkuseg-python', 'scikit-image', 'Gymnasium', 'numpy', 'jProcessing', 'cltk', 'garage', 'zipline', 'alibi-detect', 'xcessiv', 'neural-style-pt', 'nut', 'langfuse', 'optuna', 'deeplake', 'cortex', 'tensorflow', 'pytorch-frame', 'python-timbl', 'danswerai', 'DeepPavlov', 'rasa', 'igel', 'loso', 'SynapseML', 'machine-learning', 'autogluon', 'mlens', 'scikit-learn-intelex', 'catboost', 'somoclu', 'colibri-core', 'keras-tuner', 'neuropredict', 'dowel', 'DrQA', 'deeppy', 'neuraltalk2', 'altair', 'pgmpy', 'evidently', 'detectron2', 'lightly', 'jieba', 'cleanlab', 'Petrel', 'deepface', 'caffe', 'zpar', 'typer', 'nilearn', 'mlflow', 'open-webui', 'jax', 'stellargraph', 'maze', 'pebl', 'mlx', 'open-metric-learning', 'pytorch_geometric', 'neuraltalk', 'retinaface', 'mljar-supervised', 'superset', 'bokeh', 'pytorch-image-models', 'rosetta', 'recommenders', 'tpot', 'Parris', 'pytensor', 'chainer', 'skll', 'pandas', 'bolt', 'scikit-opt', 'vispy', 'gradio', 'CoreNLP', 'xgboost', 'feast', 'mindsdb', 'langflow', 'Neural', 'cortex', 'bokeh', 'danswerai', 'deepface', 'ray', 'gradio', 'open-webui', 'bentoml', 'comet-llm', 'typer', 'mlflow', 'determined', 'pattern', 'feast', 'mindsdb', 'langflow', 'Neural', 'cortex', 'bokeh', 'danswerai', 'deepface', 'ray', 'gradio', 'open-webui', 'bentoml', 'comet-llm', 'typer', 'mlflow', 'determined', 'pattern', 'lightly', 'nut', 'mindsdb', 'pytorch', 'gensim', 'tensorflow', 'DI-engine', 'python-timbl', 'transformers', 'bentoml', 'shogun', 'rasa']"
216,category,1437,OWASP Top Ten 2025 Category A02:2025 - Security Misconfiguration,21,22,"['DIGITS', 'DIGITS', 'CompreFace', 'bokeh', 'caffe', 'xcessiv', 'face_recognition', 'feast', 'mindsdb', 'langflow', 'Neural', 'ray', 'gradio', 'bentoml', 'mlflow']"
217,category,1439,OWASP Top Ten 2025 Category A04:2025 - Cryptographic Failures,97,37,"['lightly', 'langflow', 'couler', 'gradio', 'streamlit', 'mars', 'open-webui', 'danswerai', 'mlflow', 'determined', 'langflow', 'couler', 'gradio', 'streamlit', 'mars', 'danswerai', 'mlflow', 'determined', 'langflow', 'couler', 'gradio', 'streamlit', 'mars', 'danswerai', 'mlflow', 'determined', 'lightly', 'langflow', 'couler', 'gradio', 'streamlit', 'mars', 'open-webui', 'danswerai', 'mlflow', 'determined', 'lightly', 'langflow', 'couler', 'gradio', 'streamlit', 'mars', 'open-webui', 'danswerai', 'mlflow', 'determined']"
218,category,1440,OWASP Top Ten 2025 Category A05:2025 - Injection,580,8243,"['lightly', 'ViZDoom', 'numpy', 'feast', 'langflow', 'mlflow', 'open-webui', 'retro', 'mindsdb', 'pydantic', 'nalp', 'danswerai', 'rasa', 'pattern', 'superset', 'bokeh', 'Auto_ViML', 'fastapi', 'spammy', 'ray', 'PySyft', 'pytensor', 'pytorch', 'gradio', 'streamlit', 'transformers', 'DIGITS', 'AutoViz', 'lightly', 'ViZDoom', 'numpy', 'feast', 'langflow', 'mlflow', 'open-webui', 'retro', 'mindsdb', 'pydantic', 'nalp', 'danswerai', 'rasa', 'pattern', 'superset', 'bokeh', 'Auto_ViML', 'fastapi', 'spammy', 'ray', 'PySyft', 'pytensor', 'pytorch', 'gradio', 'streamlit', 'transformers', 'DIGITS', 'AutoViz', 'feast', 'superset', 'DI-engine', 'pandas', 'ray', 'DIGITS', 'dl-translate', 'ViZDoom', 'numpy', 'aim', 'langflow', 'matplotlib', 'Spearmint', 'bigartm', 'DI-engine', 'blaze', 'catalyst', 'typer', 'nilearn', 'mlflow', 'zipline', 'determined', 'retro', 'rep', 'open-webui', 'jax', 'mindsdb', 'deeplake', 'pyqtgraph', 'gensim', 'cortex', 'tensorflow', 'PyStanfordDependencies', 'pydantic', 'mist', 'open-metric-learning', 'neuraltalk', 'danswerai', 'pytorch-lightning', 'shogun', 'rasa', 'loso', 'statsmodels', 'superset', 'bokeh', 'pytorch-image-models', 'ray', 'pynlpl', 'DIGITS', 'mlens', 'scikit-learn-intelex', 'mars', 'catboost', 'colibri-core', 'pytorch', 'deeppy', 'skll', 'gradio', 'streamlit', 'altair', 'bentoml', 'xgboost', 'dash', 'scikit-image', 'transformers', 'detectron2', 'ViZDoom', 'numpy', 'aim', 'langflow', 'matplotlib', 'Spearmint', 'bigartm', 'DI-engine', 'blaze', 'catalyst', 'typer', 'nilearn', 'mlflow', 'zipline', 'determined', 'retro', 'rep', 'open-webui', 'jax', 'mindsdb', 'deeplake', 'pyqtgraph', 'gensim', 'cortex', 'tensorflow', 'PyStanfordDependencies', 'pydantic', 'mist', 'open-metric-learning', 'neuraltalk', 'danswerai', 'pytorch-lightning', 'shogun', 'rasa', 'loso', 'statsmodels', 'superset', 'bokeh', 'pytorch-image-models', 'ray', 'pynlpl', 'DIGITS', 'mlens', 'scikit-learn-intelex', 'mars', 'catboost', 'colibri-core', 'pytorch', 'deeppy', 'skll', 'gradio', 'streamlit', 'altair', 'bentoml', 'xgboost', 'dash', 'scikit-image', 'transformers', 'detectron2', 'cornac', 'FEDOT', 'numpy', 'pyod', 'pybrain', 'lifelines', 'cleanlab', 'couler', 'bigartm', 'DI-engine', 'vigra', 'annoy', 'catalyst', 'scikit-multiflow', 'zpar', 'ggpy', 'seaborn', 'open-webui', 'alibi-detect', 'notebook', 'gan', 'stellargraph', 'rockpool', 'lambdo', 'mindsdb', 'ColossalAI', 'pyqtgraph', 'pebl', 'tensorflow', 'mist', 'python-timbl', 'metric-learn', 'DeepPavlov', 'statsmodels', 'superset', 'xlearn', 'nupic.studio', 'breze', 'rgf', 'imbalanced-ensemble', 'recommenders', 'tpot', 'bytehub', 'catboost', 'alibi', 'segmentation_models', 'pytorch', 'chainer', 'deeppy', 'dash', 'streamlit', 'snips-nlu', 'DIGITS', 'scikit-image', 'cornac', 'FEDOT', 'numpy', 'pyod', 'pybrain', 'lifelines', 'cleanlab', 'couler', 'bigartm', 'DI-engine', 'vigra', 'annoy', 'catalyst', 'scikit-multiflow', 'zpar', 'ggpy', 'seaborn', 'open-webui', 'alibi-detect', 'notebook', 'gan', 'stellargraph', 'rockpool', 'lambdo', 'mindsdb', 'ColossalAI', 'pyqtgraph', 'pebl', 'tensorflow', 'mist', 'python-timbl', 'metric-learn', 'DeepPavlov', 'statsmodels', 'superset', 'xlearn', 'nupic.studio', 'breze', 'rgf', 'imbalanced-ensemble', 'recommenders', 'tpot', 'bytehub', 'catboost', 'alibi', 'segmentation_models', 'pytorch', 'chainer', 'deeppy', 'dash', 'streamlit', 'snips-nlu', 'DIGITS', 'scikit-image', 'cornac', 'FEDOT', 'numpy', 'feast', 'pyod', 'pybrain', 'lifelines', 'cleanlab', 'couler', 'bowtie', 'bigartm', 'DI-engine', 'vigra', 'annoy', 'deepface', 'catalyst', 'scikit-multiflow', 'zpar', 'ggpy', 'seaborn', 'mlflow', 'alibi-detect', 'open-webui', 'notebook', 'gan', 'stellargraph', 'rockpool', 'lambdo', 'mindsdb', 'ColossalAI', 'pyqtgraph', 'pebl', 'tensorflow', 'mist', 'python-timbl', 'metric-learn', 'DeepPavlov', 'statsmodels', 'superset', 'xlearn', 'nupic.studio', 'breze', 'machine-learning', 'rgf', 'imbalanced-ensemble', 'recommenders', 'mars', 'bytehub', 'tpot', 'catboost', 'alibi', 'segmentation_models', 'pytorch', 'chainer', 'deeppy', 'PyTorchCV', 'dash', 'streamlit', 'snips-nlu', 'transformers', 'DIGITS', 'scikit-image', 'lightly', 'ViZDoom', 'numpy', 'feast', 'langflow', 'mlflow', 'open-webui', 'retro', 'mindsdb', 'pydantic', 'nalp', 'danswerai', 'rasa', 'pattern', 'superset', 'bokeh', 'Auto_ViML', 'fastapi', 'spammy', 'ray', 'PySyft', 'pytensor', 'pytorch', 'gradio', 'streamlit', 'transformers', 'DIGITS', 'AutoViz', 'cornac', 'FEDOT', 'numpy', 'feast', 'pyod', 'pybrain', 'lifelines', 'cleanlab', 'couler', 'bowtie', 'bigartm', 'DI-engine', 'vigra', 'annoy', 'deepface', 'catalyst', 'scikit-multiflow', 'zpar', 'ggpy', 'seaborn', 'mlflow', 'alibi-detect', 'open-webui', 'notebook', 'gan', 'stellargraph', 'rockpool', 'lambdo', 'mindsdb', 'ColossalAI', 'pyqtgraph', 'pebl', 'tensorflow', 'mist', 'python-timbl', 'metric-learn', 'DeepPavlov', 'statsmodels', 'superset', 'xlearn', 'nupic.studio', 'breze', 'machine-learning', 'rgf', 'imbalanced-ensemble', 'recommenders', 'mars', 'bytehub', 'tpot', 'catboost', 'alibi', 'segmentation_models', 'pytorch', 'chainer', 'deeppy', 'PyTorchCV', 'dash', 'streamlit', 'snips-nlu', 'transformers', 'DIGITS', 'scikit-image', 'lightly', 'ViZDoom', 'numpy', 'feast', 'langflow', 'mlflow', 'open-webui', 'retro', 'mindsdb', 'pydantic', 'nalp', 'danswerai', 'rasa', 'pattern', 'superset', 'bokeh', 'Auto_ViML', 'fastapi', 'spammy', 'ray', 'PySyft', 'pytensor', 'pytorch', 'gradio', 'streamlit', 'transformers', 'DIGITS', 'AutoViz', 'lightly', 'ViZDoom', 'numpy', 'feast', 'langflow', 'mlflow', 'open-webui', 'retro', 'mindsdb', 'pydantic', 'nalp', 'danswerai', 'rasa', 'pattern', 'superset', 'bokeh', 'Auto_ViML', 'fastapi', 'spammy', 'ray', 'PySyft', 'pytensor', 'pytorch', 'gradio', 'streamlit', 'transformers', 'DIGITS', 'AutoViz', 'cornac', 'FEDOT', 'feast', 'aim', 'pyss3', 'matplotlib', 'lab', 'DI-engine', 'dtaidistance', 'seaborn', 'determined', 'retro', 'BioPy', 'CompreFace', 'lambdo', 'mindsdb', 'Metaworld', 'ColossalAI', 'pyqtgraph', 'gensim', 'hebel', 'textacy', 'statsmodels', 'xlearn', 'deepchecks', 'mars', 'NeuroNER', 'PySyft', 'scikit-survival', 'haystack', 'emcee', 'transformers', 'streamlit', 'lightwood', 'prodmodel', 'joliGEN', 'ViZDoom', 'pybrain', 'langflow', 'mlxtend', 'Spearmint', 'bigartm', 'skorch', 'vigra', 'blaze', 'catalyst', 'sktime', 'ggpy', 'python-recsys', 'scikit-learn', 'river', 'tesseract', 'pytorch-lightning', 'shogun', 'spaCy', 'yalign', 'ray', 'pynlpl', 'DIGITS', 'LightGBM', 'pytorch', 'PyTorchCV', 'dash', 'polyglot', 'pymc', 'bentoml', 'pkuseg-python', 'scikit-image', 'Gymnasium', 'numpy', 'jProcessing', 'cltk', 'garage', 'zipline', 'alibi-detect', 'xcessiv', 'neural-style-pt', 'nut', 'langfuse', 'optuna', 'deeplake', 'cortex', 'tensorflow', 'pytorch-frame', 'python-timbl', 'danswerai', 'DeepPavlov', 'rasa', 'igel', 'loso', 'SynapseML', 'machine-learning', 'autogluon', 'mlens', 'scikit-learn-intelex', 'catboost', 'somoclu', 'colibri-core', 'keras-tuner', 'neuropredict', 'dowel', 'DrQA', 'deeppy', 'neuraltalk2', 'altair', 'pgmpy', 'evidently', 'detectron2', 'lightly', 'jieba', 'cleanlab', 'Petrel', 'deepface', 'caffe', 'zpar', 'typer', 'nilearn', 'mlflow', 'open-webui', 'jax', 'stellargraph', 'maze', 'pebl', 'mlx', 'open-metric-learning', 'pytorch_geometric', 'neuraltalk', 'retinaface', 'mljar-supervised', 'superset', 'bokeh', 'pytorch-image-models', 'rosetta', 'recommenders', 'tpot', 'Parris', 'pytensor', 'chainer', 'skll', 'pandas', 'bolt', 'scikit-opt', 'vispy', 'gradio', 'CoreNLP', 'xgboost', 'cornac', 'feast', 'mindsdb', 'bowtie', 'PyTorchCV', 'machine-learning', 'deepface', 'mars', 'DIGITS', 'mlflow', 'cornac', 'FEDOT', 'numpy', 'feast', 'pyod', 'pybrain', 'lifelines', 'cleanlab', 'couler', 'bowtie', 'bigartm', 'DI-engine', 'vigra', 'annoy', 'deepface', 'catalyst', 'scikit-multiflow', 'zpar', 'ggpy', 'seaborn', 'mlflow', 'alibi-detect', 'open-webui', 'notebook', 'gan', 'stellargraph', 'rockpool', 'lambdo', 'mindsdb', 'ColossalAI', 'pyqtgraph', 'pebl', 'tensorflow', 'mist', 'python-timbl', 'metric-learn', 'DeepPavlov', 'statsmodels', 'superset', 'xlearn', 'nupic.studio', 'breze', 'machine-learning', 'rgf', 'imbalanced-ensemble', 'recommenders', 'mars', 'bytehub', 'tpot', 'catboost', 'alibi', 'segmentation_models', 'pytorch', 'chainer', 'deeppy', 'PyTorchCV', 'dash', 'streamlit', 'snips-nlu', 'transformers', 'DIGITS', 'scikit-image', 'feast', 'mindsdb', 'deeplake', 'open-webui', 'danswerai', 'DeepPavlov', 'mlflow', 'determined', 'rasa']"
219,category,1441,OWASP Top Ten 2025 Category A06:2025 - Insecure Design,59,7128,"['cornac', 'FEDOT', 'feast', 'aim', 'pyss3', 'matplotlib', 'lab', 'DI-engine', 'dtaidistance', 'seaborn', 'determined', 'retro', 'BioPy', 'CompreFace', 'lambdo', 'mindsdb', 'Metaworld', 'ColossalAI', 'pyqtgraph', 'gensim', 'hebel', 'textacy', 'statsmodels', 'xlearn', 'deepchecks', 'mars', 'NeuroNER', 'PySyft', 'scikit-survival', 'haystack', 'emcee', 'transformers', 'streamlit', 'lightwood', 'prodmodel', 'joliGEN', 'ViZDoom', 'pybrain', 'langflow', 'mlxtend', 'Spearmint', 'bigartm', 'skorch', 'vigra', 'blaze', 'catalyst', 'sktime', 'ggpy', 'python-recsys', 'scikit-learn', 'river', 'tesseract', 'pytorch-lightning', 'shogun', 'spaCy', 'yalign', 'ray', 'pynlpl', 'DIGITS', 'LightGBM', 'pytorch', 'PyTorchCV', 'dash', 'polyglot', 'pymc', 'bentoml', 'pkuseg-python', 'scikit-image', 'Gymnasium', 'numpy', 'jProcessing', 'cltk', 'garage', 'zipline', 'alibi-detect', 'xcessiv', 'neural-style-pt', 'nut', 'langfuse', 'optuna', 'deeplake', 'cortex', 'tensorflow', 'pytorch-frame', 'python-timbl', 'danswerai', 'DeepPavlov', 'rasa', 'igel', 'loso', 'SynapseML', 'machine-learning', 'autogluon', 'mlens', 'scikit-learn-intelex', 'catboost', 'somoclu', 'colibri-core', 'keras-tuner', 'neuropredict', 'dowel', 'DrQA', 'deeppy', 'neuraltalk2', 'altair', 'pgmpy', 'evidently', 'detectron2', 'lightly', 'jieba', 'cleanlab', 'Petrel', 'deepface', 'caffe', 'zpar', 'typer', 'nilearn', 'mlflow', 'open-webui', 'jax', 'stellargraph', 'maze', 'pebl', 'mlx', 'open-metric-learning', 'pytorch_geometric', 'neuraltalk', 'retinaface', 'mljar-supervised', 'superset', 'bokeh', 'pytorch-image-models', 'rosetta', 'recommenders', 'tpot', 'Parris', 'pytensor', 'chainer', 'skll', 'pandas', 'bolt', 'scikit-opt', 'vispy', 'gradio', 'CoreNLP', 'xgboost', 'feast', 'mindsdb', 'langflow', 'Neural', 'cortex', 'bokeh', 'danswerai', 'deepface', 'ray', 'gradio', 'open-webui', 'bentoml', 'comet-llm', 'typer', 'mlflow', 'determined', 'pattern', 'feast', 'mindsdb', 'langflow', 'Neural', 'cortex', 'bokeh', 'danswerai', 'deepface', 'ray', 'gradio', 'open-webui', 'bentoml', 'comet-llm', 'typer', 'mlflow', 'determined', 'pattern']"
220,category,1442,OWASP Top Ten 2025 Category A07:2025 - Authentication Failures,16,1,['ray']
221,category,1443,OWASP Top Ten 2025 Category A08:2025 - Software or Data Integrity Failures,21,700,"['cornac', 'FEDOT', 'feast', 'pyod', 'matplotlib', 'DI-engine', 'Sklearn-genetic-opt', 'determined', 'opfython', 'rep', 'lambdo', 'mindsdb', 'ColossalAI', 'pyqtgraph', 'hebel', 'PCV', 'tflearn', 'statsmodels', 'deepchecks', 'backprop', 'mars', 'NeuroNER', 'sentiment-analyzer', 'haystack', 'lightning-bolts', 'transformers', 'streamlit', 'lightwood', 'face_recognition', 'prodmodel', 'joliGEN', 'ViZDoom', 'pybrain', 'mlxtend', 'bigartm', 'skorch', 'catalyst', 'evostra', 'python-recsys', 'dl-translate', 'scikit-learn', 'river', 'pytorch-lightning', 'opytimizer', 'yalign', 'ray', 'DIGITS', 'alibi', 'LightGBM', 'xgboost', 'pytorch', 'PyTorchCV', 'polyglot', 'bentoml', 'pkuseg-python', 'numpy', 'jProcessing', 'cltk', 'miraiml', 'garage', 'zipline', 'alibi-detect', 'neural-style-pt', 'nut', 'tensorflow', 'pytorch-frame', 'DeepPavlov', 'rasa', 'igel', 'loso', 'machine-learning', 'autogluon', 'mlens', 'scikit-learn-intelex', 'catboost', 'keras-tuner', 'shapash', 'eurybia', 'neuropredict', 'DrQA', 'deeppy', 'pytorch_geometric_temporal', 'evidently', 'detectron2', 'lightly', 'jieba', 'cleanlab', 'Petrel', 'deepface', 'caffe', 'zpar', 'mlflow', 'TResNet', 'frouros', 'maze', 'pebl', 'open-metric-learning', 'pytorch_geometric', 'neuraltalk', 'mljar-supervised', 'bokeh', 'pytorch-image-models', 'segmentation_models.pytorch', 'simpleai', 'sentiment_classifier', 'recommenders', 'chefboost', 'snownlp', 'pytensor', 'chainer', 'skll', 'pandas', 'bolt', 'dedupe', 'neurolab']"
222,category,1444,OWASP Top Ten 2025 Category A09:2025 - Logging & Alerting Failures,9,59,"['feast', 'langflow', 'cortex', 'bokeh', 'danswerai', 'deepface', 'ray', 'gradio', 'open-webui', 'comet-llm', 'typer', 'mlflow', 'determined', 'pattern']"
223,category,1445,OWASP Top Ten 2025 Category A10:2025 - Mishandling of Exceptional Conditions,35,94,"['aim', 'feast', 'PySyft', 'langflow', 'mindsdb', 'ColossalAI', 'superset', 'danswerai', 'blaze', 'machine-learning', 'deepface', 'ray', 'gradio', 'dash', 'open-webui', 'DIGITS', 'mlflow', 'joliGEN', 'CompreFace', 'bokeh', 'caffe', 'xcessiv', 'face_recognition']"
224,category,1447,General Software Weaknesses that Appear in Products that Use or Support AI/ML Technology,229,8598,"['ViZDoom', 'numpy', 'aim', 'langflow', 'matplotlib', 'Spearmint', 'bigartm', 'DI-engine', 'blaze', 'catalyst', 'typer', 'nilearn', 'mlflow', 'zipline', 'determined', 'retro', 'rep', 'open-webui', 'jax', 'mindsdb', 'deeplake', 'pyqtgraph', 'gensim', 'cortex', 'tensorflow', 'PyStanfordDependencies', 'pydantic', 'mist', 'open-metric-learning', 'neuraltalk', 'danswerai', 'pytorch-lightning', 'shogun', 'rasa', 'loso', 'statsmodels', 'superset', 'bokeh', 'pytorch-image-models', 'ray', 'pynlpl', 'DIGITS', 'mlens', 'scikit-learn-intelex', 'mars', 'catboost', 'colibri-core', 'pytorch', 'deeppy', 'skll', 'gradio', 'streamlit', 'altair', 'bentoml', 'xgboost', 'dash', 'scikit-image', 'transformers', 'detectron2', 'cornac', 'FEDOT', 'numpy', 'pyod', 'pybrain', 'lifelines', 'cleanlab', 'couler', 'bigartm', 'DI-engine', 'vigra', 'annoy', 'catalyst', 'scikit-multiflow', 'zpar', 'ggpy', 'seaborn', 'open-webui', 'alibi-detect', 'notebook', 'gan', 'stellargraph', 'rockpool', 'lambdo', 'mindsdb', 'ColossalAI', 'pyqtgraph', 'pebl', 'tensorflow', 'mist', 'python-timbl', 'metric-learn', 'DeepPavlov', 'statsmodels', 'superset', 'xlearn', 'nupic.studio', 'breze', 'rgf', 'imbalanced-ensemble', 'recommenders', 'tpot', 'bytehub', 'catboost', 'alibi', 'segmentation_models', 'pytorch', 'chainer', 'deeppy', 'dash', 'streamlit', 'snips-nlu', 'DIGITS', 'scikit-image', 'cornac', 'FEDOT', 'numpy', 'pyod', 'pybrain', 'lifelines', 'cleanlab', 'couler', 'bigartm', 'DI-engine', 'vigra', 'annoy', 'catalyst', 'scikit-multiflow', 'zpar', 'ggpy', 'seaborn', 'open-webui', 'alibi-detect', 'notebook', 'gan', 'stellargraph', 'rockpool', 'lambdo', 'mindsdb', 'ColossalAI', 'pyqtgraph', 'pebl', 'tensorflow', 'mist', 'python-timbl', 'metric-learn', 'DeepPavlov', 'statsmodels', 'superset', 'xlearn', 'nupic.studio', 'breze', 'rgf', 'imbalanced-ensemble', 'recommenders', 'tpot', 'bytehub', 'catboost', 'alibi', 'segmentation_models', 'pytorch', 'chainer', 'deeppy', 'dash', 'streamlit', 'snips-nlu', 'DIGITS', 'scikit-image', 'cornac', 'FEDOT', 'numpy', 'feast', 'pyod', 'pybrain', 'lifelines', 'cleanlab', 'couler', 'bowtie', 'bigartm', 'DI-engine', 'vigra', 'annoy', 'deepface', 'catalyst', 'scikit-multiflow', 'zpar', 'ggpy', 'seaborn', 'mlflow', 'alibi-detect', 'open-webui', 'notebook', 'gan', 'stellargraph', 'rockpool', 'lambdo', 'mindsdb', 'ColossalAI', 'pyqtgraph', 'pebl', 'tensorflow', 'mist', 'python-timbl', 'metric-learn', 'DeepPavlov', 'statsmodels', 'superset', 'xlearn', 'nupic.studio', 'breze', 'machine-learning', 'rgf', 'imbalanced-ensemble', 'recommenders', 'mars', 'bytehub', 'tpot', 'catboost', 'alibi', 'segmentation_models', 'pytorch', 'chainer', 'deeppy', 'PyTorchCV', 'dash', 'streamlit', 'snips-nlu', 'transformers', 'DIGITS', 'scikit-image', 'cornac', 'FEDOT', 'feast', 'pyod', 'matplotlib', 'DI-engine', 'Sklearn-genetic-opt', 'determined', 'opfython', 'rep', 'lambdo', 'mindsdb', 'ColossalAI', 'pyqtgraph', 'hebel', 'PCV', 'tflearn', 'statsmodels', 'deepchecks', 'backprop', 'mars', 'NeuroNER', 'sentiment-analyzer', 'haystack', 'lightning-bolts', 'transformers', 'streamlit', 'lightwood', 'face_recognition', 'prodmodel', 'joliGEN', 'ViZDoom', 'pybrain', 'mlxtend', 'bigartm', 'skorch', 'catalyst', 'evostra', 'python-recsys', 'dl-translate', 'scikit-learn', 'river', 'pytorch-lightning', 'opytimizer', 'yalign', 'ray', 'DIGITS', 'alibi', 'LightGBM', 'xgboost', 'pytorch', 'PyTorchCV', 'polyglot', 'bentoml', 'pkuseg-python', 'numpy', 'jProcessing', 'cltk', 'miraiml', 'garage', 'zipline', 'alibi-detect', 'neural-style-pt', 'nut', 'tensorflow', 'pytorch-frame', 'DeepPavlov', 'rasa', 'igel', 'loso', 'machine-learning', 'autogluon', 'mlens', 'scikit-learn-intelex', 'catboost', 'keras-tuner', 'shapash', 'eurybia', 'neuropredict', 'DrQA', 'deeppy', 'pytorch_geometric_temporal', 'evidently', 'detectron2', 'lightly', 'jieba', 'cleanlab', 'Petrel', 'deepface', 'caffe', 'zpar', 'mlflow', 'TResNet', 'frouros', 'maze', 'pebl', 'open-metric-learning', 'pytorch_geometric', 'neuraltalk', 'mljar-supervised', 'bokeh', 'pytorch-image-models', 'segmentation_models.pytorch', 'simpleai', 'sentiment_classifier', 'recommenders', 'chefboost', 'snownlp', 'pytensor', 'chainer', 'skll', 'pandas', 'bolt', 'dedupe', 'neurolab', 'lightly', 'numpy', 'langflow', 'matplotlib', 'deepface', 'mlflow', 'open-webui', 'determined', 'rep', 'mindsdb', 'ColossalAI', 'cortex', 'pytorch-frame', 'danswerai', 'DeepPavlov', 'rasa', 'tflearn', 'upgini', 'machine-learning', 'ray', 'keras-tuner', 'pandas', 'gradio', 'streamlit', 'transformers', 'DIGITS', 'scikit-image', 'cornac', 'FEDOT', 'numpy', 'feast', 'pyod', 'pybrain', 'lifelines', 'cleanlab', 'couler', 'bowtie', 'bigartm', 'DI-engine', 'vigra', 'annoy', 'deepface', 'catalyst', 'scikit-multiflow', 'zpar', 'ggpy', 'seaborn', 'mlflow', 'alibi-detect', 'open-webui', 'notebook', 'gan', 'stellargraph', 'rockpool', 'lambdo', 'mindsdb', 'ColossalAI', 'pyqtgraph', 'pebl', 'tensorflow', 'mist', 'python-timbl', 'metric-learn', 'DeepPavlov', 'statsmodels', 'superset', 'xlearn', 'nupic.studio', 'breze', 'machine-learning', 'rgf', 'imbalanced-ensemble', 'recommenders', 'mars', 'bytehub', 'tpot', 'catboost', 'alibi', 'segmentation_models', 'pytorch', 'chainer', 'deeppy', 'PyTorchCV', 'dash', 'streamlit', 'snips-nlu', 'transformers', 'DIGITS', 'scikit-image', 'cornac', 'FEDOT', 'feast', 'aim', 'pyss3', 'matplotlib', 'lab', 'DI-engine', 'dtaidistance', 'seaborn', 'determined', 'retro', 'BioPy', 'CompreFace', 'lambdo', 'mindsdb', 'Metaworld', 'ColossalAI', 'pyqtgraph', 'gensim', 'hebel', 'textacy', 'statsmodels', 'xlearn', 'deepchecks', 'mars', 'NeuroNER', 'PySyft', 'scikit-survival', 'haystack', 'emcee', 'transformers', 'streamlit', 'lightwood', 'prodmodel', 'joliGEN', 'ViZDoom', 'pybrain', 'langflow', 'mlxtend', 'Spearmint', 'bigartm', 'skorch', 'vigra', 'blaze', 'catalyst', 'sktime', 'ggpy', 'python-recsys', 'scikit-learn', 'river', 'tesseract', 'pytorch-lightning', 'shogun', 'spaCy', 'yalign', 'ray', 'pynlpl', 'DIGITS', 'LightGBM', 'pytorch', 'PyTorchCV', 'dash', 'polyglot', 'pymc', 'bentoml', 'pkuseg-python', 'scikit-image', 'Gymnasium', 'numpy', 'jProcessing', 'cltk', 'garage', 'zipline', 'alibi-detect', 'xcessiv', 'neural-style-pt', 'nut', 'langfuse', 'optuna', 'deeplake', 'cortex', 'tensorflow', 'pytorch-frame', 'python-timbl', 'danswerai', 'DeepPavlov', 'rasa', 'igel', 'loso', 'SynapseML', 'machine-learning', 'autogluon', 'mlens', 'scikit-learn-intelex', 'catboost', 'somoclu', 'colibri-core', 'keras-tuner', 'neuropredict', 'dowel', 'DrQA', 'deeppy', 'neuraltalk2', 'altair', 'pgmpy', 'evidently', 'detectron2', 'lightly', 'jieba', 'cleanlab', 'Petrel', 'deepface', 'caffe', 'zpar', 'typer', 'nilearn', 'mlflow', 'open-webui', 'jax', 'stellargraph', 'maze', 'pebl', 'mlx', 'open-metric-learning', 'pytorch_geometric', 'neuraltalk', 'retinaface', 'mljar-supervised', 'superset', 'bokeh', 'pytorch-image-models', 'rosetta', 'recommenders', 'tpot', 'Parris', 'pytensor', 'chainer', 'skll', 'pandas', 'bolt', 'scikit-opt', 'vispy', 'gradio', 'CoreNLP', 'xgboost', 'cornac', 'feast', 'mindsdb', 'bowtie', 'PyTorchCV', 'machine-learning', 'deepface', 'mars', 'DIGITS', 'mlflow', 'cornac', 'FEDOT', 'numpy', 'feast', 'pyod', 'pybrain', 'lifelines', 'cleanlab', 'couler', 'bowtie', 'bigartm', 'DI-engine', 'vigra', 'annoy', 'deepface', 'catalyst', 'scikit-multiflow', 'zpar', 'ggpy', 'seaborn', 'mlflow', 'alibi-detect', 'open-webui', 'notebook', 'gan', 'stellargraph', 'rockpool', 'lambdo', 'mindsdb', 'ColossalAI', 'pyqtgraph', 'pebl', 'tensorflow', 'mist', 'python-timbl', 'metric-learn', 'DeepPavlov', 'statsmodels', 'superset', 'xlearn', 'nupic.studio', 'breze', 'machine-learning', 'rgf', 'imbalanced-ensemble', 'recommenders', 'mars', 'bytehub', 'tpot', 'catboost', 'alibi', 'segmentation_models', 'pytorch', 'chainer', 'deeppy', 'PyTorchCV', 'dash', 'streamlit', 'snips-nlu', 'transformers', 'DIGITS', 'scikit-image']"
225,class,20,Improper Input Validation,23,14123,"['feast', 'superset', 'DI-engine', 'pandas', 'ray', 'DIGITS', 'dl-translate', 'cornac', 'FEDOT', 'feast', 'aim', 'pyss3', 'matplotlib', 'lab', 'DI-engine', 'dtaidistance', 'seaborn', 'determined', 'retro', 'BioPy', 'CompreFace', 'lambdo', 'mindsdb', 'Metaworld', 'ColossalAI', 'pyqtgraph', 'gensim', 'hebel', 'textacy', 'statsmodels', 'xlearn', 'deepchecks', 'mars', 'NeuroNER', 'PySyft', 'scikit-survival', 'haystack', 'emcee', 'transformers', 'streamlit', 'lightwood', 'prodmodel', 'joliGEN', 'ViZDoom', 'pybrain', 'langflow', 'mlxtend', 'Spearmint', 'bigartm', 'skorch', 'vigra', 'blaze', 'catalyst', 'sktime', 'ggpy', 'python-recsys', 'scikit-learn', 'river', 'tesseract', 'pytorch-lightning', 'shogun', 'spaCy', 'yalign', 'ray', 'pynlpl', 'DIGITS', 'LightGBM', 'pytorch', 'PyTorchCV', 'dash', 'polyglot', 'pymc', 'bentoml', 'pkuseg-python', 'scikit-image', 'Gymnasium', 'numpy', 'jProcessing', 'cltk', 'garage', 'zipline', 'alibi-detect', 'xcessiv', 'neural-style-pt', 'nut', 'langfuse', 'optuna', 'deeplake', 'cortex', 'tensorflow', 'pytorch-frame', 'python-timbl', 'danswerai', 'DeepPavlov', 'rasa', 'igel', 'loso', 'SynapseML', 'machine-learning', 'autogluon', 'mlens', 'scikit-learn-intelex', 'catboost', 'somoclu', 'colibri-core', 'keras-tuner', 'neuropredict', 'dowel', 'DrQA', 'deeppy', 'neuraltalk2', 'altair', 'pgmpy', 'evidently', 'detectron2', 'lightly', 'jieba', 'cleanlab', 'Petrel', 'deepface', 'caffe', 'zpar', 'typer', 'nilearn', 'mlflow', 'open-webui', 'jax', 'stellargraph', 'maze', 'pebl', 'mlx', 'open-metric-learning', 'pytorch_geometric', 'neuraltalk', 'retinaface', 'mljar-supervised', 'superset', 'bokeh', 'pytorch-image-models', 'rosetta', 'recommenders', 'tpot', 'Parris', 'pytensor', 'chainer', 'skll', 'pandas', 'bolt', 'scikit-opt', 'vispy', 'gradio', 'CoreNLP', 'xgboost', 'cornac', 'FEDOT', 'feast', 'aim', 'pyss3', 'matplotlib', 'lab', 'DI-engine', 'dtaidistance', 'seaborn', 'determined', 'retro', 'BioPy', 'CompreFace', 'lambdo', 'mindsdb', 'Metaworld', 'ColossalAI', 'pyqtgraph', 'gensim', 'hebel', 'textacy', 'statsmodels', 'xlearn', 'deepchecks', 'mars', 'NeuroNER', 'PySyft', 'scikit-survival', 'haystack', 'emcee', 'transformers', 'streamlit', 'lightwood', 'prodmodel', 'joliGEN', 'ViZDoom', 'pybrain', 'langflow', 'mlxtend', 'Spearmint', 'bigartm', 'skorch', 'vigra', 'blaze', 'catalyst', 'sktime', 'ggpy', 'python-recsys', 'scikit-learn', 'river', 'tesseract', 'pytorch-lightning', 'shogun', 'spaCy', 'yalign', 'ray', 'pynlpl', 'DIGITS', 'LightGBM', 'pytorch', 'PyTorchCV', 'dash', 'polyglot', 'pymc', 'bentoml', 'pkuseg-python', 'scikit-image', 'Gymnasium', 'numpy', 'jProcessing', 'cltk', 'garage', 'zipline', 'alibi-detect', 'xcessiv', 'neural-style-pt', 'nut', 'langfuse', 'optuna', 'deeplake', 'cortex', 'tensorflow', 'pytorch-frame', 'python-timbl', 'danswerai', 'DeepPavlov', 'rasa', 'igel', 'loso', 'SynapseML', 'machine-learning', 'autogluon', 'mlens', 'scikit-learn-intelex', 'catboost', 'somoclu', 'colibri-core', 'keras-tuner', 'neuropredict', 'dowel', 'DrQA', 'deeppy', 'neuraltalk2', 'altair', 'pgmpy', 'evidently', 'detectron2', 'lightly', 'jieba', 'cleanlab', 'Petrel', 'deepface', 'caffe', 'zpar', 'typer', 'nilearn', 'mlflow', 'open-webui', 'jax', 'stellargraph', 'maze', 'pebl', 'mlx', 'open-metric-learning', 'pytorch_geometric', 'neuraltalk', 'retinaface', 'mljar-supervised', 'superset', 'bokeh', 'pytorch-image-models', 'rosetta', 'recommenders', 'tpot', 'Parris', 'pytensor', 'chainer', 'skll', 'pandas', 'bolt', 'scikit-opt', 'vispy', 'gradio', 'CoreNLP', 'xgboost']"
226,class,74,Improper Neutralization of Special Elements in Output Used by a Downstream Component ('Injection'),106,8266,"['lightly', 'ViZDoom', 'numpy', 'feast', 'langflow', 'mlflow', 'open-webui', 'retro', 'mindsdb', 'pydantic', 'nalp', 'danswerai', 'rasa', 'pattern', 'superset', 'bokeh', 'Auto_ViML', 'fastapi', 'spammy', 'ray', 'PySyft', 'pytensor', 'pytorch', 'gradio', 'streamlit', 'transformers', 'DIGITS', 'AutoViz', 'lightly', 'ViZDoom', 'numpy', 'feast', 'langflow', 'mlflow', 'open-webui', 'retro', 'mindsdb', 'pydantic', 'nalp', 'danswerai', 'rasa', 'pattern', 'superset', 'bokeh', 'Auto_ViML', 'fastapi', 'spammy', 'ray', 'PySyft', 'pytensor', 'pytorch', 'gradio', 'streamlit', 'transformers', 'DIGITS', 'AutoViz', 'ViZDoom', 'numpy', 'aim', 'langflow', 'matplotlib', 'Spearmint', 'bigartm', 'DI-engine', 'blaze', 'catalyst', 'typer', 'nilearn', 'mlflow', 'zipline', 'determined', 'retro', 'rep', 'open-webui', 'jax', 'mindsdb', 'deeplake', 'pyqtgraph', 'gensim', 'cortex', 'tensorflow', 'PyStanfordDependencies', 'pydantic', 'mist', 'open-metric-learning', 'neuraltalk', 'danswerai', 'pytorch-lightning', 'shogun', 'rasa', 'loso', 'statsmodels', 'superset', 'bokeh', 'pytorch-image-models', 'ray', 'pynlpl', 'DIGITS', 'mlens', 'scikit-learn-intelex', 'mars', 'catboost', 'colibri-core', 'pytorch', 'deeppy', 'skll', 'gradio', 'streamlit', 'altair', 'bentoml', 'xgboost', 'dash', 'scikit-image', 'transformers', 'detectron2', 'ViZDoom', 'numpy', 'aim', 'langflow', 'matplotlib', 'Spearmint', 'bigartm', 'DI-engine', 'blaze', 'catalyst', 'typer', 'nilearn', 'mlflow', 'zipline', 'determined', 'retro', 'rep', 'open-webui', 'jax', 'mindsdb', 'deeplake', 'pyqtgraph', 'gensim', 'cortex', 'tensorflow', 'PyStanfordDependencies', 'pydantic', 'mist', 'open-metric-learning', 'neuraltalk', 'danswerai', 'pytorch-lightning', 'shogun', 'rasa', 'loso', 'statsmodels', 'superset', 'bokeh', 'pytorch-image-models', 'ray', 'pynlpl', 'DIGITS', 'mlens', 'scikit-learn-intelex', 'mars', 'catboost', 'colibri-core', 'pytorch', 'deeppy', 'skll', 'gradio', 'streamlit', 'altair', 'bentoml', 'xgboost', 'dash', 'scikit-image', 'transformers', 'detectron2', 'cornac', 'FEDOT', 'numpy', 'pyod', 'pybrain', 'lifelines', 'cleanlab', 'couler', 'bigartm', 'DI-engine', 'vigra', 'annoy', 'catalyst', 'scikit-multiflow', 'zpar', 'ggpy', 'seaborn', 'open-webui', 'alibi-detect', 'notebook', 'gan', 'stellargraph', 'rockpool', 'lambdo', 'mindsdb', 'ColossalAI', 'pyqtgraph', 'pebl', 'tensorflow', 'mist', 'python-timbl', 'metric-learn', 'DeepPavlov', 'statsmodels', 'superset', 'xlearn', 'nupic.studio', 'breze', 'rgf', 'imbalanced-ensemble', 'recommenders', 'tpot', 'bytehub', 'catboost', 'alibi', 'segmentation_models', 'pytorch', 'chainer', 'deeppy', 'dash', 'streamlit', 'snips-nlu', 'DIGITS', 'scikit-image', 'cornac', 'FEDOT', 'numpy', 'pyod', 'pybrain', 'lifelines', 'cleanlab', 'couler', 'bigartm', 'DI-engine', 'vigra', 'annoy', 'catalyst', 'scikit-multiflow', 'zpar', 'ggpy', 'seaborn', 'open-webui', 'alibi-detect', 'notebook', 'gan', 'stellargraph', 'rockpool', 'lambdo', 'mindsdb', 'ColossalAI', 'pyqtgraph', 'pebl', 'tensorflow', 'mist', 'python-timbl', 'metric-learn', 'DeepPavlov', 'statsmodels', 'superset', 'xlearn', 'nupic.studio', 'breze', 'rgf', 'imbalanced-ensemble', 'recommenders', 'tpot', 'bytehub', 'catboost', 'alibi', 'segmentation_models', 'pytorch', 'chainer', 'deeppy', 'dash', 'streamlit', 'snips-nlu', 'DIGITS', 'scikit-image', 'cornac', 'FEDOT', 'numpy', 'feast', 'pyod', 'pybrain', 'lifelines', 'cleanlab', 'couler', 'bowtie', 'bigartm', 'DI-engine', 'vigra', 'annoy', 'deepface', 'catalyst', 'scikit-multiflow', 'zpar', 'ggpy', 'seaborn', 'mlflow', 'alibi-detect', 'open-webui', 'notebook', 'gan', 'stellargraph', 'rockpool', 'lambdo', 'mindsdb', 'ColossalAI', 'pyqtgraph', 'pebl', 'tensorflow', 'mist', 'python-timbl', 'metric-learn', 'DeepPavlov', 'statsmodels', 'superset', 'xlearn', 'nupic.studio', 'breze', 'machine-learning', 'rgf', 'imbalanced-ensemble', 'recommenders', 'mars', 'bytehub', 'tpot', 'catboost', 'alibi', 'segmentation_models', 'pytorch', 'chainer', 'deeppy', 'PyTorchCV', 'dash', 'streamlit', 'snips-nlu', 'transformers', 'DIGITS', 'scikit-image', 'lightly', 'ViZDoom', 'numpy', 'feast', 'langflow', 'mlflow', 'open-webui', 'retro', 'mindsdb', 'pydantic', 'nalp', 'danswerai', 'rasa', 'pattern', 'superset', 'bokeh', 'Auto_ViML', 'fastapi', 'spammy', 'ray', 'PySyft', 'pytensor', 'pytorch', 'gradio', 'streamlit', 'transformers', 'DIGITS', 'AutoViz', 'cornac', 'FEDOT', 'numpy', 'feast', 'pyod', 'pybrain', 'lifelines', 'cleanlab', 'couler', 'bowtie', 'bigartm', 'DI-engine', 'vigra', 'annoy', 'deepface', 'catalyst', 'scikit-multiflow', 'zpar', 'ggpy', 'seaborn', 'mlflow', 'alibi-detect', 'open-webui', 'notebook', 'gan', 'stellargraph', 'rockpool', 'lambdo', 'mindsdb', 'ColossalAI', 'pyqtgraph', 'pebl', 'tensorflow', 'mist', 'python-timbl', 'metric-learn', 'DeepPavlov', 'statsmodels', 'superset', 'xlearn', 'nupic.studio', 'breze', 'machine-learning', 'rgf', 'imbalanced-ensemble', 'recommenders', 'mars', 'bytehub', 'tpot', 'catboost', 'alibi', 'segmentation_models', 'pytorch', 'chainer', 'deeppy', 'PyTorchCV', 'dash', 'streamlit', 'snips-nlu', 'transformers', 'DIGITS', 'scikit-image', 'lightly', 'ViZDoom', 'numpy', 'feast', 'langflow', 'mlflow', 'open-webui', 'retro', 'mindsdb', 'pydantic', 'nalp', 'danswerai', 'rasa', 'pattern', 'superset', 'bokeh', 'Auto_ViML', 'fastapi', 'spammy', 'ray', 'PySyft', 'pytensor', 'pytorch', 'gradio', 'streamlit', 'transformers', 'DIGITS', 'AutoViz', 'lightly', 'ViZDoom', 'numpy', 'feast', 'langflow', 'mlflow', 'open-webui', 'retro', 'mindsdb', 'pydantic', 'nalp', 'danswerai', 'rasa', 'pattern', 'superset', 'bokeh', 'Auto_ViML', 'fastapi', 'spammy', 'ray', 'PySyft', 'pytensor', 'pytorch', 'gradio', 'streamlit', 'transformers', 'DIGITS', 'AutoViz', 'cornac', 'FEDOT', 'feast', 'aim', 'pyss3', 'matplotlib', 'lab', 'DI-engine', 'dtaidistance', 'seaborn', 'determined', 'retro', 'BioPy', 'CompreFace', 'lambdo', 'mindsdb', 'Metaworld', 'ColossalAI', 'pyqtgraph', 'gensim', 'hebel', 'textacy', 'statsmodels', 'xlearn', 'deepchecks', 'mars', 'NeuroNER', 'PySyft', 'scikit-survival', 'haystack', 'emcee', 'transformers', 'streamlit', 'lightwood', 'prodmodel', 'joliGEN', 'ViZDoom', 'pybrain', 'langflow', 'mlxtend', 'Spearmint', 'bigartm', 'skorch', 'vigra', 'blaze', 'catalyst', 'sktime', 'ggpy', 'python-recsys', 'scikit-learn', 'river', 'tesseract', 'pytorch-lightning', 'shogun', 'spaCy', 'yalign', 'ray', 'pynlpl', 'DIGITS', 'LightGBM', 'pytorch', 'PyTorchCV', 'dash', 'polyglot', 'pymc', 'bentoml', 'pkuseg-python', 'scikit-image', 'Gymnasium', 'numpy', 'jProcessing', 'cltk', 'garage', 'zipline', 'alibi-detect', 'xcessiv', 'neural-style-pt', 'nut', 'langfuse', 'optuna', 'deeplake', 'cortex', 'tensorflow', 'pytorch-frame', 'python-timbl', 'danswerai', 'DeepPavlov', 'rasa', 'igel', 'loso', 'SynapseML', 'machine-learning', 'autogluon', 'mlens', 'scikit-learn-intelex', 'catboost', 'somoclu', 'colibri-core', 'keras-tuner', 'neuropredict', 'dowel', 'DrQA', 'deeppy', 'neuraltalk2', 'altair', 'pgmpy', 'evidently', 'detectron2', 'lightly', 'jieba', 'cleanlab', 'Petrel', 'deepface', 'caffe', 'zpar', 'typer', 'nilearn', 'mlflow', 'open-webui', 'jax', 'stellargraph', 'maze', 'pebl', 'mlx', 'open-metric-learning', 'pytorch_geometric', 'neuraltalk', 'retinaface', 'mljar-supervised', 'superset', 'bokeh', 'pytorch-image-models', 'rosetta', 'recommenders', 'tpot', 'Parris', 'pytensor', 'chainer', 'skll', 'pandas', 'bolt', 'scikit-opt', 'vispy', 'gradio', 'CoreNLP', 'xgboost', 'cornac', 'feast', 'mindsdb', 'bowtie', 'PyTorchCV', 'machine-learning', 'deepface', 'mars', 'DIGITS', 'mlflow', 'cornac', 'feast', 'mindsdb', 'bowtie', 'PyTorchCV', 'machine-learning', 'deepface', 'mars', 'DIGITS', 'mlflow', 'cornac', 'FEDOT', 'numpy', 'feast', 'pyod', 'pybrain', 'lifelines', 'cleanlab', 'couler', 'bowtie', 'bigartm', 'DI-engine', 'vigra', 'annoy', 'deepface', 'catalyst', 'scikit-multiflow', 'zpar', 'ggpy', 'seaborn', 'mlflow', 'alibi-detect', 'open-webui', 'notebook', 'gan', 'stellargraph', 'rockpool', 'lambdo', 'mindsdb', 'ColossalAI', 'pyqtgraph', 'pebl', 'tensorflow', 'mist', 'python-timbl', 'metric-learn', 'DeepPavlov', 'statsmodels', 'superset', 'xlearn', 'nupic.studio', 'breze', 'machine-learning', 'rgf', 'imbalanced-ensemble', 'recommenders', 'mars', 'bytehub', 'tpot', 'catboost', 'alibi', 'segmentation_models', 'pytorch', 'chainer', 'deeppy', 'PyTorchCV', 'dash', 'streamlit', 'snips-nlu', 'transformers', 'DIGITS', 'scikit-image', 'feast', 'mindsdb', 'deeplake', 'open-webui', 'danswerai', 'DeepPavlov', 'mlflow', 'determined', 'rasa', 'machine-learning']"
227,class,75,Failure to Sanitize Special Elements into a Different Plane (Special Element Injection),1,9,"['feast', 'superset', 'DI-engine', 'pandas', 'ray', 'DIGITS', 'dl-translate']"
228,class,77,Improper Neutralization of Special Elements used in a Command ('Command Injection'),35,1818,"['feast', 'superset', 'DI-engine', 'pandas', 'ray', 'DIGITS', 'dl-translate', 'feast', 'superset', 'DI-engine', 'pandas', 'ray', 'DIGITS', 'dl-translate', 'ViZDoom', 'numpy', 'aim', 'langflow', 'matplotlib', 'Spearmint', 'bigartm', 'DI-engine', 'blaze', 'catalyst', 'typer', 'nilearn', 'mlflow', 'zipline', 'determined', 'retro', 'rep', 'open-webui', 'jax', 'mindsdb', 'deeplake', 'pyqtgraph', 'gensim', 'cortex', 'tensorflow', 'PyStanfordDependencies', 'pydantic', 'mist', 'open-metric-learning', 'neuraltalk', 'danswerai', 'pytorch-lightning', 'shogun', 'rasa', 'loso', 'statsmodels', 'superset', 'bokeh', 'pytorch-image-models', 'ray', 'pynlpl', 'DIGITS', 'mlens', 'scikit-learn-intelex', 'mars', 'catboost', 'colibri-core', 'pytorch', 'deeppy', 'skll', 'gradio', 'streamlit', 'altair', 'bentoml', 'xgboost', 'dash', 'scikit-image', 'transformers', 'detectron2', 'ViZDoom', 'numpy', 'aim', 'langflow', 'matplotlib', 'Spearmint', 'bigartm', 'DI-engine', 'blaze', 'catalyst', 'typer', 'nilearn', 'mlflow', 'zipline', 'determined', 'retro', 'rep', 'open-webui', 'jax', 'mindsdb', 'deeplake', 'pyqtgraph', 'gensim', 'cortex', 'tensorflow', 'PyStanfordDependencies', 'pydantic', 'mist', 'open-metric-learning', 'neuraltalk', 'danswerai', 'pytorch-lightning', 'shogun', 'rasa', 'loso', 'statsmodels', 'superset', 'bokeh', 'pytorch-image-models', 'ray', 'pynlpl', 'DIGITS', 'mlens', 'scikit-learn-intelex', 'mars', 'catboost', 'colibri-core', 'pytorch', 'deeppy', 'skll', 'gradio', 'streamlit', 'altair', 'bentoml', 'xgboost', 'dash', 'scikit-image', 'transformers', 'detectron2', 'ViZDoom', 'numpy', 'aim', 'langflow', 'matplotlib', 'Spearmint', 'bigartm', 'DI-engine', 'blaze', 'catalyst', 'typer', 'nilearn', 'mlflow', 'zipline', 'determined', 'retro', 'rep', 'open-webui', 'jax', 'mindsdb', 'deeplake', 'pyqtgraph', 'gensim', 'cortex', 'tensorflow', 'PyStanfordDependencies', 'pydantic', 'mist', 'open-metric-learning', 'neuraltalk', 'danswerai', 'pytorch-lightning', 'shogun', 'rasa', 'loso', 'statsmodels', 'superset', 'bokeh', 'pytorch-image-models', 'ray', 'pynlpl', 'DIGITS', 'mlens', 'scikit-learn-intelex', 'mars', 'catboost', 'colibri-core', 'pytorch', 'deeppy', 'skll', 'gradio', 'streamlit', 'altair', 'bentoml', 'xgboost', 'dash', 'scikit-image', 'transformers', 'detectron2', 'ViZDoom', 'numpy', 'aim', 'langflow', 'matplotlib', 'Spearmint', 'bigartm', 'DI-engine', 'blaze', 'catalyst', 'typer', 'nilearn', 'mlflow', 'zipline', 'determined', 'retro', 'rep', 'open-webui', 'jax', 'mindsdb', 'deeplake', 'pyqtgraph', 'gensim', 'cortex', 'tensorflow', 'PyStanfordDependencies', 'pydantic', 'mist', 'open-metric-learning', 'neuraltalk', 'danswerai', 'pytorch-lightning', 'shogun', 'rasa', 'loso', 'statsmodels', 'superset', 'bokeh', 'pytorch-image-models', 'ray', 'pynlpl', 'DIGITS', 'mlens', 'scikit-learn-intelex', 'mars', 'catboost', 'colibri-core', 'pytorch', 'deeppy', 'skll', 'gradio', 'streamlit', 'altair', 'bentoml', 'xgboost', 'dash', 'scikit-image', 'transformers', 'detectron2', 'ViZDoom', 'numpy', 'aim', 'langflow', 'matplotlib', 'Spearmint', 'bigartm', 'DI-engine', 'blaze', 'catalyst', 'typer', 'nilearn', 'mlflow', 'zipline', 'determined', 'retro', 'rep', 'open-webui', 'jax', 'mindsdb', 'deeplake', 'pyqtgraph', 'gensim', 'cortex', 'tensorflow', 'PyStanfordDependencies', 'pydantic', 'mist', 'open-metric-learning', 'neuraltalk', 'danswerai', 'pytorch-lightning', 'shogun', 'rasa', 'loso', 'statsmodels', 'superset', 'bokeh', 'pytorch-image-models', 'ray', 'pynlpl', 'DIGITS', 'mlens', 'scikit-learn-intelex', 'mars', 'catboost', 'colibri-core', 'pytorch', 'deeppy', 'skll', 'gradio', 'streamlit', 'altair', 'bentoml', 'xgboost', 'dash', 'scikit-image', 'transformers', 'detectron2', 'ViZDoom', 'numpy', 'aim', 'langflow', 'matplotlib', 'Spearmint', 'bigartm', 'DI-engine', 'blaze', 'catalyst', 'typer', 'nilearn', 'mlflow', 'zipline', 'determined', 'retro', 'rep', 'open-webui', 'jax', 'mindsdb', 'deeplake', 'pyqtgraph', 'gensim', 'cortex', 'tensorflow', 'PyStanfordDependencies', 'pydantic', 'mist', 'open-metric-learning', 'neuraltalk', 'danswerai', 'pytorch-lightning', 'shogun', 'rasa', 'loso', 'statsmodels', 'superset', 'bokeh', 'pytorch-image-models', 'ray', 'pynlpl', 'DIGITS', 'mlens', 'scikit-learn-intelex', 'mars', 'catboost', 'colibri-core', 'pytorch', 'deeppy', 'skll', 'gradio', 'streamlit', 'altair', 'bentoml', 'xgboost', 'dash', 'scikit-image', 'transformers', 'detectron2']"
229,class,99,Improper Control of Resource Identifiers ('Resource Injection'),7,9,"['feast', 'superset', 'DI-engine', 'pandas', 'ray', 'DIGITS', 'dl-translate']"
230,class,114,Process Control,172,7148,"['lightly', 'ViZDoom', 'numpy', 'feast', 'langflow', 'mlflow', 'open-webui', 'retro', 'mindsdb', 'pydantic', 'nalp', 'danswerai', 'rasa', 'pattern', 'superset', 'bokeh', 'Auto_ViML', 'fastapi', 'spammy', 'ray', 'PySyft', 'pytensor', 'pytorch', 'gradio', 'streamlit', 'transformers', 'DIGITS', 'AutoViz', 'lightly', 'ViZDoom', 'numpy', 'feast', 'langflow', 'mlflow', 'open-webui', 'retro', 'mindsdb', 'pydantic', 'nalp', 'danswerai', 'rasa', 'pattern', 'superset', 'bokeh', 'Auto_ViML', 'fastapi', 'spammy', 'ray', 'PySyft', 'pytensor', 'pytorch', 'gradio', 'streamlit', 'transformers', 'DIGITS', 'AutoViz', 'lightly', 'ViZDoom', 'numpy', 'feast', 'langflow', 'mlflow', 'open-webui', 'retro', 'mindsdb', 'pydantic', 'nalp', 'danswerai', 'rasa', 'pattern', 'superset', 'bokeh', 'Auto_ViML', 'fastapi', 'spammy', 'ray', 'PySyft', 'pytensor', 'pytorch', 'gradio', 'streamlit', 'transformers', 'DIGITS', 'AutoViz', 'lightly', 'ViZDoom', 'numpy', 'feast', 'langflow', 'mlflow', 'open-webui', 'retro', 'mindsdb', 'pydantic', 'nalp', 'danswerai', 'rasa', 'pattern', 'superset', 'bokeh', 'Auto_ViML', 'fastapi', 'spammy', 'ray', 'PySyft', 'pytensor', 'pytorch', 'gradio', 'streamlit', 'transformers', 'DIGITS', 'AutoViz', 'lightly', 'ViZDoom', 'numpy', 'feast', 'langflow', 'mlflow', 'open-webui', 'retro', 'mindsdb', 'pydantic', 'nalp', 'danswerai', 'rasa', 'pattern', 'superset', 'bokeh', 'Auto_ViML', 'fastapi', 'spammy', 'ray', 'PySyft', 'pytensor', 'pytorch', 'gradio', 'streamlit', 'transformers', 'DIGITS', 'AutoViz', 'cornac', 'FEDOT', 'feast', 'aim', 'pyss3', 'matplotlib', 'lab', 'DI-engine', 'dtaidistance', 'seaborn', 'determined', 'retro', 'BioPy', 'CompreFace', 'lambdo', 'mindsdb', 'Metaworld', 'ColossalAI', 'pyqtgraph', 'gensim', 'hebel', 'textacy', 'statsmodels', 'xlearn', 'deepchecks', 'mars', 'NeuroNER', 'PySyft', 'scikit-survival', 'haystack', 'emcee', 'transformers', 'streamlit', 'lightwood', 'prodmodel', 'joliGEN', 'ViZDoom', 'pybrain', 'langflow', 'mlxtend', 'Spearmint', 'bigartm', 'skorch', 'vigra', 'blaze', 'catalyst', 'sktime', 'ggpy', 'python-recsys', 'scikit-learn', 'river', 'tesseract', 'pytorch-lightning', 'shogun', 'spaCy', 'yalign', 'ray', 'pynlpl', 'DIGITS', 'LightGBM', 'pytorch', 'PyTorchCV', 'dash', 'polyglot', 'pymc', 'bentoml', 'pkuseg-python', 'scikit-image', 'Gymnasium', 'numpy', 'jProcessing', 'cltk', 'garage', 'zipline', 'alibi-detect', 'xcessiv', 'neural-style-pt', 'nut', 'langfuse', 'optuna', 'deeplake', 'cortex', 'tensorflow', 'pytorch-frame', 'python-timbl', 'danswerai', 'DeepPavlov', 'rasa', 'igel', 'loso', 'SynapseML', 'machine-learning', 'autogluon', 'mlens', 'scikit-learn-intelex', 'catboost', 'somoclu', 'colibri-core', 'keras-tuner', 'neuropredict', 'dowel', 'DrQA', 'deeppy', 'neuraltalk2', 'altair', 'pgmpy', 'evidently', 'detectron2', 'lightly', 'jieba', 'cleanlab', 'Petrel', 'deepface', 'caffe', 'zpar', 'typer', 'nilearn', 'mlflow', 'open-webui', 'jax', 'stellargraph', 'maze', 'pebl', 'mlx', 'open-metric-learning', 'pytorch_geometric', 'neuraltalk', 'retinaface', 'mljar-supervised', 'superset', 'bokeh', 'pytorch-image-models', 'rosetta', 'recommenders', 'tpot', 'Parris', 'pytensor', 'chainer', 'skll', 'pandas', 'bolt', 'scikit-opt', 'vispy', 'gradio', 'CoreNLP', 'xgboost']"
231,class,116,Improper Encoding or Escaping of Output,11,9,"['feast', 'superset', 'DI-engine', 'pandas', 'ray', 'DIGITS', 'dl-translate']"
232,class,119,Improper Restriction of Operations within the Bounds of a Memory Buffer,250,182,"['lightly', 'ViZDoom', 'numpy', 'feast', 'langflow', 'mlflow', 'open-webui', 'retro', 'mindsdb', 'pydantic', 'nalp', 'danswerai', 'rasa', 'pattern', 'superset', 'bokeh', 'Auto_ViML', 'fastapi', 'spammy', 'ray', 'PySyft', 'pytensor', 'pytorch', 'gradio', 'streamlit', 'transformers', 'DIGITS', 'AutoViz', 'lightly', 'ViZDoom', 'numpy', 'feast', 'langflow', 'mlflow', 'open-webui', 'retro', 'mindsdb', 'pydantic', 'nalp', 'danswerai', 'rasa', 'pattern', 'superset', 'bokeh', 'Auto_ViML', 'fastapi', 'spammy', 'ray', 'PySyft', 'pytensor', 'pytorch', 'gradio', 'streamlit', 'transformers', 'DIGITS', 'AutoViz', 'lightly', 'ViZDoom', 'numpy', 'feast', 'langflow', 'mlflow', 'open-webui', 'retro', 'mindsdb', 'pydantic', 'nalp', 'danswerai', 'rasa', 'pattern', 'superset', 'bokeh', 'Auto_ViML', 'fastapi', 'spammy', 'ray', 'PySyft', 'pytensor', 'pytorch', 'gradio', 'streamlit', 'transformers', 'DIGITS', 'AutoViz', 'lightly', 'ViZDoom', 'numpy', 'feast', 'langflow', 'mlflow', 'open-webui', 'retro', 'mindsdb', 'pydantic', 'nalp', 'danswerai', 'rasa', 'pattern', 'superset', 'bokeh', 'Auto_ViML', 'fastapi', 'spammy', 'ray', 'PySyft', 'pytensor', 'pytorch', 'gradio', 'streamlit', 'transformers', 'DIGITS', 'AutoViz', 'lightly', 'ViZDoom', 'numpy', 'feast', 'langflow', 'mlflow', 'open-webui', 'retro', 'mindsdb', 'pydantic', 'nalp', 'danswerai', 'rasa', 'pattern', 'superset', 'bokeh', 'Auto_ViML', 'fastapi', 'spammy', 'ray', 'PySyft', 'pytensor', 'pytorch', 'gradio', 'streamlit', 'transformers', 'DIGITS', 'AutoViz', 'lightly', 'ViZDoom', 'numpy', 'feast', 'langflow', 'mlflow', 'open-webui', 'retro', 'mindsdb', 'pydantic', 'nalp', 'danswerai', 'rasa', 'pattern', 'superset', 'bokeh', 'Auto_ViML', 'fastapi', 'spammy', 'ray', 'PySyft', 'pytensor', 'pytorch', 'gradio', 'streamlit', 'transformers', 'DIGITS', 'AutoViz', 'lightly', 'ViZDoom', 'numpy', 'feast', 'langflow', 'mlflow', 'open-webui', 'retro', 'mindsdb', 'pydantic', 'nalp', 'danswerai', 'rasa', 'pattern', 'superset', 'bokeh', 'Auto_ViML', 'fastapi', 'spammy', 'ray', 'PySyft', 'pytensor', 'pytorch', 'gradio', 'streamlit', 'transformers', 'DIGITS', 'AutoViz', 'lightly', 'ViZDoom', 'numpy', 'feast', 'langflow', 'mlflow', 'open-webui', 'retro', 'mindsdb', 'pydantic', 'nalp', 'danswerai', 'rasa', 'pattern', 'superset', 'bokeh', 'Auto_ViML', 'fastapi', 'spammy', 'ray', 'PySyft', 'pytensor', 'pytorch', 'gradio', 'streamlit', 'transformers', 'DIGITS', 'AutoViz', 'lightly', 'ViZDoom', 'numpy', 'feast', 'langflow', 'mlflow', 'open-webui', 'retro', 'mindsdb', 'pydantic', 'nalp', 'danswerai', 'rasa', 'pattern', 'superset', 'bokeh', 'Auto_ViML', 'fastapi', 'spammy', 'ray', 'PySyft', 'pytensor', 'pytorch', 'gradio', 'streamlit', 'transformers', 'DIGITS', 'AutoViz', 'lightly', 'ViZDoom', 'numpy', 'feast', 'langflow', 'mlflow', 'open-webui', 'retro', 'mindsdb', 'pydantic', 'nalp', 'danswerai', 'rasa', 'pattern', 'superset', 'bokeh', 'Auto_ViML', 'fastapi', 'spammy', 'ray', 'PySyft', 'pytensor', 'pytorch', 'gradio', 'streamlit', 'transformers', 'DIGITS', 'AutoViz']"
233,class,172,Encoding Error,5,7057,"['cornac', 'FEDOT', 'feast', 'aim', 'pyss3', 'matplotlib', 'lab', 'DI-engine', 'dtaidistance', 'seaborn', 'determined', 'retro', 'BioPy', 'CompreFace', 'lambdo', 'mindsdb', 'Metaworld', 'ColossalAI', 'pyqtgraph', 'gensim', 'hebel', 'textacy', 'statsmodels', 'xlearn', 'deepchecks', 'mars', 'NeuroNER', 'PySyft', 'scikit-survival', 'haystack', 'emcee', 'transformers', 'streamlit', 'lightwood', 'prodmodel', 'joliGEN', 'ViZDoom', 'pybrain', 'langflow', 'mlxtend', 'Spearmint', 'bigartm', 'skorch', 'vigra', 'blaze', 'catalyst', 'sktime', 'ggpy', 'python-recsys', 'scikit-learn', 'river', 'tesseract', 'pytorch-lightning', 'shogun', 'spaCy', 'yalign', 'ray', 'pynlpl', 'DIGITS', 'LightGBM', 'pytorch', 'PyTorchCV', 'dash', 'polyglot', 'pymc', 'bentoml', 'pkuseg-python', 'scikit-image', 'Gymnasium', 'numpy', 'jProcessing', 'cltk', 'garage', 'zipline', 'alibi-detect', 'xcessiv', 'neural-style-pt', 'nut', 'langfuse', 'optuna', 'deeplake', 'cortex', 'tensorflow', 'pytorch-frame', 'python-timbl', 'danswerai', 'DeepPavlov', 'rasa', 'igel', 'loso', 'SynapseML', 'machine-learning', 'autogluon', 'mlens', 'scikit-learn-intelex', 'catboost', 'somoclu', 'colibri-core', 'keras-tuner', 'neuropredict', 'dowel', 'DrQA', 'deeppy', 'neuraltalk2', 'altair', 'pgmpy', 'evidently', 'detectron2', 'lightly', 'jieba', 'cleanlab', 'Petrel', 'deepface', 'caffe', 'zpar', 'typer', 'nilearn', 'mlflow', 'open-webui', 'jax', 'stellargraph', 'maze', 'pebl', 'mlx', 'open-metric-learning', 'pytorch_geometric', 'neuraltalk', 'retinaface', 'mljar-supervised', 'superset', 'bokeh', 'pytorch-image-models', 'rosetta', 'recommenders', 'tpot', 'Parris', 'pytensor', 'chainer', 'skll', 'pandas', 'bolt', 'scikit-opt', 'vispy', 'gradio', 'CoreNLP', 'xgboost']"
234,class,185,Incorrect Regular Expression,0,3,"['superset', 'transformers']"
235,class,200,Exposure of Sensitive Information to an Unauthorized Actor,11,400,"['aim', 'feast', 'PySyft', 'langflow', 'mindsdb', 'ColossalAI', 'superset', 'danswerai', 'blaze', 'machine-learning', 'deepface', 'ray', 'gradio', 'dash', 'open-webui', 'DIGITS', 'mlflow', 'joliGEN', 'aim', 'feast', 'PySyft', 'langflow', 'mindsdb', 'ColossalAI', 'superset', 'danswerai', 'blaze', 'machine-learning', 'deepface', 'ray', 'gradio', 'dash', 'open-webui', 'DIGITS', 'mlflow', 'joliGEN', 'aim', 'feast', 'PySyft', 'langflow', 'mindsdb', 'ColossalAI', 'superset', 'danswerai', 'blaze', 'machine-learning', 'deepface', 'ray', 'gradio', 'dash', 'open-webui', 'DIGITS', 'mlflow', 'joliGEN', 'CompreFace', 'bokeh', 'caffe', 'xcessiv', 'face_recognition', 'feast', 'mindsdb', 'langflow', 'Neural', 'cortex', 'bokeh', 'danswerai', 'deepface', 'ray', 'gradio', 'open-webui', 'bentoml', 'comet-llm', 'typer', 'mlflow', 'determined', 'pattern', 'feast', 'mindsdb', 'langflow', 'Neural', 'cortex', 'bokeh', 'danswerai', 'deepface', 'ray', 'gradio', 'open-webui', 'bentoml', 'comet-llm', 'typer', 'mlflow', 'determined', 'pattern', 'feast', 'langflow', 'cortex', 'bokeh', 'danswerai', 'deepface', 'ray', 'gradio', 'open-webui', 'comet-llm', 'typer', 'mlflow', 'determined', 'pattern']"
236,class,287,Improper Authentication,8,2,"['ray', 'ray']"
237,class,311,Missing Encryption of Sensitive Data,35,157,"['feast', 'mindsdb', 'langflow', 'Neural', 'cortex', 'bokeh', 'danswerai', 'deepface', 'ray', 'gradio', 'open-webui', 'bentoml', 'comet-llm', 'typer', 'mlflow', 'determined', 'pattern', 'feast', 'mindsdb', 'langflow', 'Neural', 'cortex', 'bokeh', 'danswerai', 'deepface', 'ray', 'gradio', 'open-webui', 'bentoml', 'comet-llm', 'typer', 'mlflow', 'determined', 'pattern', 'feast', 'mindsdb', 'langflow', 'Neural', 'cortex', 'bokeh', 'danswerai', 'deepface', 'ray', 'gradio', 'open-webui', 'bentoml', 'comet-llm', 'typer', 'mlflow', 'determined', 'pattern', 'feast', 'mindsdb', 'langflow', 'Neural', 'cortex', 'bokeh', 'danswerai', 'deepface', 'ray', 'gradio', 'open-webui', 'bentoml', 'comet-llm', 'typer', 'mlflow', 'determined', 'pattern', 'lightly', 'langflow', 'couler', 'gradio', 'streamlit', 'mars', 'open-webui', 'danswerai', 'mlflow', 'determined', 'lightly', 'langflow', 'couler', 'gradio', 'streamlit', 'mars', 'open-webui', 'danswerai', 'mlflow', 'determined', 'lightly', 'langflow', 'couler', 'gradio', 'streamlit', 'mars', 'open-webui', 'danswerai', 'mlflow', 'determined']"
238,class,326,Inadequate Encryption Strength,0,11,"['langflow', 'couler', 'gradio', 'streamlit', 'mars', 'danswerai', 'mlflow', 'determined']"
239,class,327,Use of a Broken or Risky Cryptographic Algorithm,6,22,"['langflow', 'couler', 'gradio', 'streamlit', 'mars', 'danswerai', 'mlflow', 'determined', 'langflow', 'couler', 'gradio', 'streamlit', 'mars', 'danswerai', 'mlflow', 'determined']"
240,class,345,Insufficient Verification of Data Authenticity,50,91,"['lightly', 'ViZDoom', 'numpy', 'feast', 'langflow', 'mlflow', 'open-webui', 'retro', 'mindsdb', 'pydantic', 'nalp', 'danswerai', 'rasa', 'pattern', 'superset', 'bokeh', 'Auto_ViML', 'fastapi', 'spammy', 'ray', 'PySyft', 'pytensor', 'pytorch', 'gradio', 'streamlit', 'transformers', 'DIGITS', 'AutoViz', 'lightly', 'ViZDoom', 'numpy', 'feast', 'langflow', 'mlflow', 'open-webui', 'retro', 'mindsdb', 'pydantic', 'nalp', 'danswerai', 'rasa', 'pattern', 'superset', 'bokeh', 'Auto_ViML', 'fastapi', 'spammy', 'ray', 'PySyft', 'pytensor', 'pytorch', 'gradio', 'streamlit', 'transformers', 'DIGITS', 'AutoViz', 'lightly', 'ViZDoom', 'numpy', 'feast', 'langflow', 'mlflow', 'open-webui', 'retro', 'mindsdb', 'pydantic', 'nalp', 'danswerai', 'rasa', 'pattern', 'superset', 'bokeh', 'Auto_ViML', 'fastapi', 'spammy', 'ray', 'PySyft', 'pytensor', 'pytorch', 'gradio', 'streamlit', 'transformers', 'DIGITS', 'AutoViz', 'lightly', 'ViZDoom', 'numpy', 'feast', 'langflow', 'mlflow', 'open-webui', 'retro', 'mindsdb', 'pydantic', 'nalp', 'danswerai', 'rasa', 'pattern', 'superset', 'bokeh', 'Auto_ViML', 'fastapi', 'spammy', 'ray', 'PySyft', 'pytensor', 'pytorch', 'gradio', 'streamlit', 'transformers', 'DIGITS', 'AutoViz', 'lightly', 'ViZDoom', 'numpy', 'feast', 'langflow', 'mlflow', 'open-webui', 'retro', 'mindsdb', 'pydantic', 'nalp', 'danswerai', 'rasa', 'pattern', 'superset', 'bokeh', 'Auto_ViML', 'fastapi', 'spammy', 'ray', 'PySyft', 'pytensor', 'pytorch', 'gradio', 'streamlit', 'transformers', 'DIGITS', 'AutoViz']"
241,class,405,Asymmetric Resource Consumption (Amplification),3,355,"['ViZDoom', 'numpy', 'pyss3', 'langflow', 'jProcessing', 'bigartm', 'DI-engine', 'vigra', 'blaze', 'caffe', 'zpar', 'typer', 'mlflow', 'scikit-learn', 'zipline', 'retro', 'determined', 'open-webui', 'jax', 'lambdo', 'mindsdb', 'ColossalAI', 'pyqtgraph', 'gensim', 'pebl', 'cortex', 'tensorflow', 'pydantic', 'danswerai', 'pytorch-lightning', 'DeepPavlov', 'pattern', 'rasa', 'bokeh', 'xlearn', 'pandas', 'deepchecks', 'ray', 'DIGITS', 'mars', 'scikit-learn-intelex', 'catboost', 'LightGBM', 'dirty_cat', 'DrQA', 'haystack', 'emcee', 'pytorch', 'chainer', 'skll', 'PyTorchCV', 'lightning-bolts', 'CoreNLP', 'vispy', 'gradio', 'streamlit', 'dash', 'bentoml', 'xgboost', 'pymc', 'transformers', 'pgmpy', 'ViZDoom', 'numpy', 'pyss3', 'langflow', 'jProcessing', 'bigartm', 'DI-engine', 'vigra', 'blaze', 'caffe', 'zpar', 'typer', 'mlflow', 'scikit-learn', 'zipline', 'retro', 'determined', 'open-webui', 'jax', 'lambdo', 'mindsdb', 'ColossalAI', 'pyqtgraph', 'gensim', 'pebl', 'cortex', 'tensorflow', 'pydantic', 'danswerai', 'pytorch-lightning', 'DeepPavlov', 'pattern', 'rasa', 'bokeh', 'xlearn', 'pandas', 'deepchecks', 'ray', 'DIGITS', 'mars', 'scikit-learn-intelex', 'catboost', 'LightGBM', 'dirty_cat', 'DrQA', 'haystack', 'emcee', 'pytorch', 'chainer', 'skll', 'PyTorchCV', 'lightning-bolts', 'CoreNLP', 'vispy', 'gradio', 'streamlit', 'dash', 'bentoml', 'xgboost', 'pymc', 'transformers', 'pgmpy', 'ViZDoom', 'numpy', 'pyss3', 'langflow', 'jProcessing', 'bigartm', 'DI-engine', 'vigra', 'blaze', 'caffe', 'zpar', 'typer', 'mlflow', 'scikit-learn', 'zipline', 'retro', 'determined', 'open-webui', 'jax', 'lambdo', 'mindsdb', 'ColossalAI', 'pyqtgraph', 'gensim', 'pebl', 'cortex', 'tensorflow', 'pydantic', 'danswerai', 'pytorch-lightning', 'DeepPavlov', 'pattern', 'rasa', 'bokeh', 'xlearn', 'pandas', 'deepchecks', 'ray', 'DIGITS', 'mars', 'scikit-learn-intelex', 'catboost', 'LightGBM', 'dirty_cat', 'DrQA', 'haystack', 'emcee', 'pytorch', 'chainer', 'skll', 'PyTorchCV', 'lightning-bolts', 'CoreNLP', 'vispy', 'gradio', 'streamlit', 'dash', 'bentoml', 'xgboost', 'pymc', 'transformers', 'pgmpy']"
242,class,407,Inefficient Algorithmic Complexity,4,594,"['ViZDoom', 'numpy', 'pyss3', 'langflow', 'jProcessing', 'bigartm', 'DI-engine', 'vigra', 'blaze', 'caffe', 'zpar', 'typer', 'mlflow', 'scikit-learn', 'zipline', 'retro', 'determined', 'open-webui', 'jax', 'lambdo', 'mindsdb', 'ColossalAI', 'pyqtgraph', 'gensim', 'pebl', 'cortex', 'tensorflow', 'pydantic', 'danswerai', 'pytorch-lightning', 'DeepPavlov', 'pattern', 'bokeh', 'xlearn', 'deepchecks', 'ray', 'DIGITS', 'mars', 'scikit-learn-intelex', 'catboost', 'LightGBM', 'dirty_cat', 'DrQA', 'haystack', 'emcee', 'pytorch', 'chainer', 'skll', 'PyTorchCV', 'lightning-bolts', 'CoreNLP', 'vispy', 'gradio', 'streamlit', 'dash', 'bentoml', 'xgboost', 'pymc', 'transformers', 'pgmpy', 'ViZDoom', 'numpy', 'pyss3', 'langflow', 'jProcessing', 'bigartm', 'DI-engine', 'vigra', 'blaze', 'caffe', 'zpar', 'typer', 'mlflow', 'scikit-learn', 'zipline', 'retro', 'determined', 'open-webui', 'jax', 'lambdo', 'mindsdb', 'ColossalAI', 'pyqtgraph', 'gensim', 'pebl', 'cortex', 'tensorflow', 'pydantic', 'danswerai', 'pytorch-lightning', 'DeepPavlov', 'pattern', 'bokeh', 'xlearn', 'deepchecks', 'ray', 'DIGITS', 'mars', 'scikit-learn-intelex', 'catboost', 'LightGBM', 'dirty_cat', 'DrQA', 'haystack', 'emcee', 'pytorch', 'chainer', 'skll', 'PyTorchCV', 'lightning-bolts', 'CoreNLP', 'vispy', 'gradio', 'streamlit', 'dash', 'bentoml', 'xgboost', 'pymc', 'transformers', 'pgmpy', 'ViZDoom', 'numpy', 'pyss3', 'langflow', 'jProcessing', 'bigartm', 'DI-engine', 'vigra', 'blaze', 'caffe', 'zpar', 'typer', 'mlflow', 'scikit-learn', 'zipline', 'retro', 'determined', 'open-webui', 'jax', 'lambdo', 'mindsdb', 'ColossalAI', 'pyqtgraph', 'gensim', 'pebl', 'cortex', 'tensorflow', 'pydantic', 'danswerai', 'pytorch-lightning', 'DeepPavlov', 'pattern', 'bokeh', 'xlearn', 'deepchecks', 'ray', 'DIGITS', 'mars', 'scikit-learn-intelex', 'catboost', 'LightGBM', 'dirty_cat', 'DrQA', 'haystack', 'emcee', 'pytorch', 'chainer', 'skll', 'PyTorchCV', 'lightning-bolts', 'CoreNLP', 'vispy', 'gradio', 'streamlit', 'dash', 'bentoml', 'xgboost', 'pymc', 'transformers', 'pgmpy', 'ViZDoom', 'numpy', 'pyss3', 'langflow', 'jProcessing', 'bigartm', 'DI-engine', 'vigra', 'blaze', 'caffe', 'zpar', 'typer', 'mlflow', 'scikit-learn', 'zipline', 'retro', 'determined', 'open-webui', 'jax', 'lambdo', 'mindsdb', 'ColossalAI', 'pyqtgraph', 'gensim', 'pebl', 'cortex', 'tensorflow', 'pydantic', 'danswerai', 'pytorch-lightning', 'DeepPavlov', 'pattern', 'bokeh', 'xlearn', 'deepchecks', 'ray', 'DIGITS', 'mars', 'scikit-learn-intelex', 'catboost', 'LightGBM', 'dirty_cat', 'DrQA', 'haystack', 'emcee', 'pytorch', 'chainer', 'skll', 'PyTorchCV', 'lightning-bolts', 'CoreNLP', 'vispy', 'gradio', 'streamlit', 'dash', 'bentoml', 'xgboost', 'pymc', 'transformers', 'pgmpy']"
243,class,410,Insufficient Resource Pool,24,355,"['ViZDoom', 'numpy', 'pyss3', 'langflow', 'jProcessing', 'bigartm', 'DI-engine', 'vigra', 'blaze', 'caffe', 'zpar', 'typer', 'mlflow', 'scikit-learn', 'zipline', 'retro', 'determined', 'open-webui', 'jax', 'lambdo', 'mindsdb', 'ColossalAI', 'pyqtgraph', 'gensim', 'pebl', 'cortex', 'tensorflow', 'pydantic', 'danswerai', 'pytorch-lightning', 'DeepPavlov', 'pattern', 'rasa', 'bokeh', 'xlearn', 'pandas', 'deepchecks', 'ray', 'DIGITS', 'mars', 'scikit-learn-intelex', 'catboost', 'LightGBM', 'dirty_cat', 'DrQA', 'haystack', 'emcee', 'pytorch', 'chainer', 'skll', 'PyTorchCV', 'lightning-bolts', 'CoreNLP', 'vispy', 'gradio', 'streamlit', 'dash', 'bentoml', 'xgboost', 'pymc', 'transformers', 'pgmpy', 'ViZDoom', 'numpy', 'pyss3', 'langflow', 'jProcessing', 'bigartm', 'DI-engine', 'vigra', 'blaze', 'caffe', 'zpar', 'typer', 'mlflow', 'scikit-learn', 'zipline', 'retro', 'determined', 'open-webui', 'jax', 'lambdo', 'mindsdb', 'ColossalAI', 'pyqtgraph', 'gensim', 'pebl', 'cortex', 'tensorflow', 'pydantic', 'danswerai', 'pytorch-lightning', 'DeepPavlov', 'pattern', 'rasa', 'bokeh', 'xlearn', 'pandas', 'deepchecks', 'ray', 'DIGITS', 'mars', 'scikit-learn-intelex', 'catboost', 'LightGBM', 'dirty_cat', 'DrQA', 'haystack', 'emcee', 'pytorch', 'chainer', 'skll', 'PyTorchCV', 'lightning-bolts', 'CoreNLP', 'vispy', 'gradio', 'streamlit', 'dash', 'bentoml', 'xgboost', 'pymc', 'transformers', 'pgmpy', 'ViZDoom', 'numpy', 'pyss3', 'langflow', 'jProcessing', 'bigartm', 'DI-engine', 'vigra', 'blaze', 'caffe', 'zpar', 'typer', 'mlflow', 'scikit-learn', 'zipline', 'retro', 'determined', 'open-webui', 'jax', 'lambdo', 'mindsdb', 'ColossalAI', 'pyqtgraph', 'gensim', 'pebl', 'cortex', 'tensorflow', 'pydantic', 'danswerai', 'pytorch-lightning', 'DeepPavlov', 'pattern', 'rasa', 'bokeh', 'xlearn', 'pandas', 'deepchecks', 'ray', 'DIGITS', 'mars', 'scikit-learn-intelex', 'catboost', 'LightGBM', 'dirty_cat', 'DrQA', 'haystack', 'emcee', 'pytorch', 'chainer', 'skll', 'PyTorchCV', 'lightning-bolts', 'CoreNLP', 'vispy', 'gradio', 'streamlit', 'dash', 'bentoml', 'xgboost', 'pymc', 'transformers', 'pgmpy']"
244,class,441,Unintended Proxy or Intermediary ('Confused Deputy'),0,82,"['lightly', 'numpy', 'langflow', 'matplotlib', 'deepface', 'mlflow', 'open-webui', 'determined', 'rep', 'mindsdb', 'ColossalAI', 'cortex', 'pytorch-frame', 'danswerai', 'DeepPavlov', 'rasa', 'tflearn', 'upgini', 'machine-learning', 'ray', 'keras-tuner', 'pandas', 'gradio', 'streamlit', 'transformers', 'DIGITS', 'scikit-image']"
245,class,610,Externally Controlled Reference to a Resource in Another Sphere,4,7167,"['mindsdb', 'langflow', 'superset', 'DIGITS', 'face_recognition', 'mindsdb', 'langflow', 'superset', 'DIGITS', 'face_recognition', 'lightly', 'numpy', 'langflow', 'matplotlib', 'deepface', 'mlflow', 'open-webui', 'determined', 'rep', 'mindsdb', 'ColossalAI', 'cortex', 'pytorch-frame', 'danswerai', 'DeepPavlov', 'rasa', 'tflearn', 'upgini', 'machine-learning', 'ray', 'keras-tuner', 'pandas', 'gradio', 'streamlit', 'transformers', 'DIGITS', 'scikit-image', 'cornac', 'FEDOT', 'feast', 'aim', 'pyss3', 'matplotlib', 'lab', 'DI-engine', 'dtaidistance', 'seaborn', 'determined', 'retro', 'BioPy', 'CompreFace', 'lambdo', 'mindsdb', 'Metaworld', 'ColossalAI', 'pyqtgraph', 'gensim', 'hebel', 'textacy', 'statsmodels', 'xlearn', 'deepchecks', 'mars', 'NeuroNER', 'PySyft', 'scikit-survival', 'haystack', 'emcee', 'transformers', 'streamlit', 'lightwood', 'prodmodel', 'joliGEN', 'ViZDoom', 'pybrain', 'langflow', 'mlxtend', 'Spearmint', 'bigartm', 'skorch', 'vigra', 'blaze', 'catalyst', 'sktime', 'ggpy', 'python-recsys', 'scikit-learn', 'river', 'tesseract', 'pytorch-lightning', 'shogun', 'spaCy', 'yalign', 'ray', 'pynlpl', 'DIGITS', 'LightGBM', 'pytorch', 'PyTorchCV', 'dash', 'polyglot', 'pymc', 'bentoml', 'pkuseg-python', 'scikit-image', 'Gymnasium', 'numpy', 'jProcessing', 'cltk', 'garage', 'zipline', 'alibi-detect', 'xcessiv', 'neural-style-pt', 'nut', 'langfuse', 'optuna', 'deeplake', 'cortex', 'tensorflow', 'pytorch-frame', 'python-timbl', 'danswerai', 'DeepPavlov', 'rasa', 'igel', 'loso', 'SynapseML', 'machine-learning', 'autogluon', 'mlens', 'scikit-learn-intelex', 'catboost', 'somoclu', 'colibri-core', 'keras-tuner', 'neuropredict', 'dowel', 'DrQA', 'deeppy', 'neuraltalk2', 'altair', 'pgmpy', 'evidently', 'detectron2', 'lightly', 'jieba', 'cleanlab', 'Petrel', 'deepface', 'caffe', 'zpar', 'typer', 'nilearn', 'mlflow', 'open-webui', 'jax', 'stellargraph', 'maze', 'pebl', 'mlx', 'open-metric-learning', 'pytorch_geometric', 'neuraltalk', 'retinaface', 'mljar-supervised', 'superset', 'bokeh', 'pytorch-image-models', 'rosetta', 'recommenders', 'tpot', 'Parris', 'pytensor', 'chainer', 'skll', 'pandas', 'bolt', 'scikit-opt', 'vispy', 'gradio', 'CoreNLP', 'xgboost']"
246,class,642,External Control of Critical State Data,1,7057,"['cornac', 'FEDOT', 'feast', 'aim', 'pyss3', 'matplotlib', 'lab', 'DI-engine', 'dtaidistance', 'seaborn', 'determined', 'retro', 'BioPy', 'CompreFace', 'lambdo', 'mindsdb', 'Metaworld', 'ColossalAI', 'pyqtgraph', 'gensim', 'hebel', 'textacy', 'statsmodels', 'xlearn', 'deepchecks', 'mars', 'NeuroNER', 'PySyft', 'scikit-survival', 'haystack', 'emcee', 'transformers', 'streamlit', 'lightwood', 'prodmodel', 'joliGEN', 'ViZDoom', 'pybrain', 'langflow', 'mlxtend', 'Spearmint', 'bigartm', 'skorch', 'vigra', 'blaze', 'catalyst', 'sktime', 'ggpy', 'python-recsys', 'scikit-learn', 'river', 'tesseract', 'pytorch-lightning', 'shogun', 'spaCy', 'yalign', 'ray', 'pynlpl', 'DIGITS', 'LightGBM', 'pytorch', 'PyTorchCV', 'dash', 'polyglot', 'pymc', 'bentoml', 'pkuseg-python', 'scikit-image', 'Gymnasium', 'numpy', 'jProcessing', 'cltk', 'garage', 'zipline', 'alibi-detect', 'xcessiv', 'neural-style-pt', 'nut', 'langfuse', 'optuna', 'deeplake', 'cortex', 'tensorflow', 'pytorch-frame', 'python-timbl', 'danswerai', 'DeepPavlov', 'rasa', 'igel', 'loso', 'SynapseML', 'machine-learning', 'autogluon', 'mlens', 'scikit-learn-intelex', 'catboost', 'somoclu', 'colibri-core', 'keras-tuner', 'neuropredict', 'dowel', 'DrQA', 'deeppy', 'neuraltalk2', 'altair', 'pgmpy', 'evidently', 'detectron2', 'lightly', 'jieba', 'cleanlab', 'Petrel', 'deepface', 'caffe', 'zpar', 'typer', 'nilearn', 'mlflow', 'open-webui', 'jax', 'stellargraph', 'maze', 'pebl', 'mlx', 'open-metric-learning', 'pytorch_geometric', 'neuraltalk', 'retinaface', 'mljar-supervised', 'superset', 'bokeh', 'pytorch-image-models', 'rosetta', 'recommenders', 'tpot', 'Parris', 'pytensor', 'chainer', 'skll', 'pandas', 'bolt', 'scikit-opt', 'vispy', 'gradio', 'CoreNLP', 'xgboost']"
247,class,668,Exposure of Resource to Wrong Sphere,6,7135,"['aim', 'pyss3', 'langflow', 'mlflow', 'determined', 'jax', 'gan', 'ColossalAI', 'open-metric-learning', 'pytorch_geometric', 'pytorch-lightning', 'spaCy', 'sinabs', 'bokeh', 'ray', 'catboost', 'LightGBM', 'gradio', 'streamlit', 'transformers', 'bentoml', 'detectron2', 'cornac', 'FEDOT', 'feast', 'aim', 'pyss3', 'matplotlib', 'lab', 'DI-engine', 'dtaidistance', 'seaborn', 'determined', 'retro', 'BioPy', 'CompreFace', 'lambdo', 'mindsdb', 'Metaworld', 'ColossalAI', 'pyqtgraph', 'gensim', 'hebel', 'textacy', 'statsmodels', 'xlearn', 'deepchecks', 'mars', 'NeuroNER', 'PySyft', 'scikit-survival', 'haystack', 'emcee', 'transformers', 'streamlit', 'lightwood', 'prodmodel', 'joliGEN', 'ViZDoom', 'pybrain', 'langflow', 'mlxtend', 'Spearmint', 'bigartm', 'skorch', 'vigra', 'blaze', 'catalyst', 'sktime', 'ggpy', 'python-recsys', 'scikit-learn', 'river', 'tesseract', 'pytorch-lightning', 'shogun', 'spaCy', 'yalign', 'ray', 'pynlpl', 'DIGITS', 'LightGBM', 'pytorch', 'PyTorchCV', 'dash', 'polyglot', 'pymc', 'bentoml', 'pkuseg-python', 'scikit-image', 'Gymnasium', 'numpy', 'jProcessing', 'cltk', 'garage', 'zipline', 'alibi-detect', 'xcessiv', 'neural-style-pt', 'nut', 'langfuse', 'optuna', 'deeplake', 'cortex', 'tensorflow', 'pytorch-frame', 'python-timbl', 'danswerai', 'DeepPavlov', 'rasa', 'igel', 'loso', 'SynapseML', 'machine-learning', 'autogluon', 'mlens', 'scikit-learn-intelex', 'catboost', 'somoclu', 'colibri-core', 'keras-tuner', 'neuropredict', 'dowel', 'DrQA', 'deeppy', 'neuraltalk2', 'altair', 'pgmpy', 'evidently', 'detectron2', 'lightly', 'jieba', 'cleanlab', 'Petrel', 'deepface', 'caffe', 'zpar', 'typer', 'nilearn', 'mlflow', 'open-webui', 'jax', 'stellargraph', 'maze', 'pebl', 'mlx', 'open-metric-learning', 'pytorch_geometric', 'neuraltalk', 'retinaface', 'mljar-supervised', 'superset', 'bokeh', 'pytorch-image-models', 'rosetta', 'recommenders', 'tpot', 'Parris', 'pytensor', 'chainer', 'skll', 'pandas', 'bolt', 'scikit-opt', 'vispy', 'gradio', 'CoreNLP', 'xgboost', 'lightly', 'nut', 'mindsdb', 'pytorch', 'gensim', 'tensorflow', 'DI-engine', 'python-timbl', 'transformers', 'bentoml', 'shogun', 'rasa']"
248,class,706,Use of Incorrectly-Resolved Name or Reference,12,21171,"['cornac', 'FEDOT', 'feast', 'aim', 'pyss3', 'matplotlib', 'lab', 'DI-engine', 'dtaidistance', 'seaborn', 'determined', 'retro', 'BioPy', 'CompreFace', 'lambdo', 'mindsdb', 'Metaworld', 'ColossalAI', 'pyqtgraph', 'gensim', 'hebel', 'textacy', 'statsmodels', 'xlearn', 'deepchecks', 'mars', 'NeuroNER', 'PySyft', 'scikit-survival', 'haystack', 'emcee', 'transformers', 'streamlit', 'lightwood', 'prodmodel', 'joliGEN', 'ViZDoom', 'pybrain', 'langflow', 'mlxtend', 'Spearmint', 'bigartm', 'skorch', 'vigra', 'blaze', 'catalyst', 'sktime', 'ggpy', 'python-recsys', 'scikit-learn', 'river', 'tesseract', 'pytorch-lightning', 'shogun', 'spaCy', 'yalign', 'ray', 'pynlpl', 'DIGITS', 'LightGBM', 'pytorch', 'PyTorchCV', 'dash', 'polyglot', 'pymc', 'bentoml', 'pkuseg-python', 'scikit-image', 'Gymnasium', 'numpy', 'jProcessing', 'cltk', 'garage', 'zipline', 'alibi-detect', 'xcessiv', 'neural-style-pt', 'nut', 'langfuse', 'optuna', 'deeplake', 'cortex', 'tensorflow', 'pytorch-frame', 'python-timbl', 'danswerai', 'DeepPavlov', 'rasa', 'igel', 'loso', 'SynapseML', 'machine-learning', 'autogluon', 'mlens', 'scikit-learn-intelex', 'catboost', 'somoclu', 'colibri-core', 'keras-tuner', 'neuropredict', 'dowel', 'DrQA', 'deeppy', 'neuraltalk2', 'altair', 'pgmpy', 'evidently', 'detectron2', 'lightly', 'jieba', 'cleanlab', 'Petrel', 'deepface', 'caffe', 'zpar', 'typer', 'nilearn', 'mlflow', 'open-webui', 'jax', 'stellargraph', 'maze', 'pebl', 'mlx', 'open-metric-learning', 'pytorch_geometric', 'neuraltalk', 'retinaface', 'mljar-supervised', 'superset', 'bokeh', 'pytorch-image-models', 'rosetta', 'recommenders', 'tpot', 'Parris', 'pytensor', 'chainer', 'skll', 'pandas', 'bolt', 'scikit-opt', 'vispy', 'gradio', 'CoreNLP', 'xgboost', 'cornac', 'FEDOT', 'feast', 'aim', 'pyss3', 'matplotlib', 'lab', 'DI-engine', 'dtaidistance', 'seaborn', 'determined', 'retro', 'BioPy', 'CompreFace', 'lambdo', 'mindsdb', 'Metaworld', 'ColossalAI', 'pyqtgraph', 'gensim', 'hebel', 'textacy', 'statsmodels', 'xlearn', 'deepchecks', 'mars', 'NeuroNER', 'PySyft', 'scikit-survival', 'haystack', 'emcee', 'transformers', 'streamlit', 'lightwood', 'prodmodel', 'joliGEN', 'ViZDoom', 'pybrain', 'langflow', 'mlxtend', 'Spearmint', 'bigartm', 'skorch', 'vigra', 'blaze', 'catalyst', 'sktime', 'ggpy', 'python-recsys', 'scikit-learn', 'river', 'tesseract', 'pytorch-lightning', 'shogun', 'spaCy', 'yalign', 'ray', 'pynlpl', 'DIGITS', 'LightGBM', 'pytorch', 'PyTorchCV', 'dash', 'polyglot', 'pymc', 'bentoml', 'pkuseg-python', 'scikit-image', 'Gymnasium', 'numpy', 'jProcessing', 'cltk', 'garage', 'zipline', 'alibi-detect', 'xcessiv', 'neural-style-pt', 'nut', 'langfuse', 'optuna', 'deeplake', 'cortex', 'tensorflow', 'pytorch-frame', 'python-timbl', 'danswerai', 'DeepPavlov', 'rasa', 'igel', 'loso', 'SynapseML', 'machine-learning', 'autogluon', 'mlens', 'scikit-learn-intelex', 'catboost', 'somoclu', 'colibri-core', 'keras-tuner', 'neuropredict', 'dowel', 'DrQA', 'deeppy', 'neuraltalk2', 'altair', 'pgmpy', 'evidently', 'detectron2', 'lightly', 'jieba', 'cleanlab', 'Petrel', 'deepface', 'caffe', 'zpar', 'typer', 'nilearn', 'mlflow', 'open-webui', 'jax', 'stellargraph', 'maze', 'pebl', 'mlx', 'open-metric-learning', 'pytorch_geometric', 'neuraltalk', 'retinaface', 'mljar-supervised', 'superset', 'bokeh', 'pytorch-image-models', 'rosetta', 'recommenders', 'tpot', 'Parris', 'pytensor', 'chainer', 'skll', 'pandas', 'bolt', 'scikit-opt', 'vispy', 'gradio', 'CoreNLP', 'xgboost', 'cornac', 'FEDOT', 'feast', 'aim', 'pyss3', 'matplotlib', 'lab', 'DI-engine', 'dtaidistance', 'seaborn', 'determined', 'retro', 'BioPy', 'CompreFace', 'lambdo', 'mindsdb', 'Metaworld', 'ColossalAI', 'pyqtgraph', 'gensim', 'hebel', 'textacy', 'statsmodels', 'xlearn', 'deepchecks', 'mars', 'NeuroNER', 'PySyft', 'scikit-survival', 'haystack', 'emcee', 'transformers', 'streamlit', 'lightwood', 'prodmodel', 'joliGEN', 'ViZDoom', 'pybrain', 'langflow', 'mlxtend', 'Spearmint', 'bigartm', 'skorch', 'vigra', 'blaze', 'catalyst', 'sktime', 'ggpy', 'python-recsys', 'scikit-learn', 'river', 'tesseract', 'pytorch-lightning', 'shogun', 'spaCy', 'yalign', 'ray', 'pynlpl', 'DIGITS', 'LightGBM', 'pytorch', 'PyTorchCV', 'dash', 'polyglot', 'pymc', 'bentoml', 'pkuseg-python', 'scikit-image', 'Gymnasium', 'numpy', 'jProcessing', 'cltk', 'garage', 'zipline', 'alibi-detect', 'xcessiv', 'neural-style-pt', 'nut', 'langfuse', 'optuna', 'deeplake', 'cortex', 'tensorflow', 'pytorch-frame', 'python-timbl', 'danswerai', 'DeepPavlov', 'rasa', 'igel', 'loso', 'SynapseML', 'machine-learning', 'autogluon', 'mlens', 'scikit-learn-intelex', 'catboost', 'somoclu', 'colibri-core', 'keras-tuner', 'neuropredict', 'dowel', 'DrQA', 'deeppy', 'neuraltalk2', 'altair', 'pgmpy', 'evidently', 'detectron2', 'lightly', 'jieba', 'cleanlab', 'Petrel', 'deepface', 'caffe', 'zpar', 'typer', 'nilearn', 'mlflow', 'open-webui', 'jax', 'stellargraph', 'maze', 'pebl', 'mlx', 'open-metric-learning', 'pytorch_geometric', 'neuraltalk', 'retinaface', 'mljar-supervised', 'superset', 'bokeh', 'pytorch-image-models', 'rosetta', 'recommenders', 'tpot', 'Parris', 'pytensor', 'chainer', 'skll', 'pandas', 'bolt', 'scikit-opt', 'vispy', 'gradio', 'CoreNLP', 'xgboost']"
249,class,732,Incorrect Permission Assignment for Critical Resource,0,2,['DIGITS']
250,class,755,Improper Handling of Exceptional Conditions,1,88,"['aim', 'feast', 'PySyft', 'langflow', 'mindsdb', 'ColossalAI', 'superset', 'danswerai', 'blaze', 'machine-learning', 'deepface', 'ray', 'gradio', 'dash', 'open-webui', 'DIGITS', 'mlflow', 'joliGEN']"
251,class,913,Improper Control of Dynamically-Managed Code Resources,4,1532,"['cornac', 'FEDOT', 'numpy', 'pyod', 'pybrain', 'lifelines', 'cleanlab', 'couler', 'bigartm', 'DI-engine', 'vigra', 'annoy', 'catalyst', 'scikit-multiflow', 'zpar', 'ggpy', 'seaborn', 'open-webui', 'alibi-detect', 'notebook', 'gan', 'stellargraph', 'rockpool', 'lambdo', 'mindsdb', 'ColossalAI', 'pyqtgraph', 'pebl', 'tensorflow', 'mist', 'python-timbl', 'metric-learn', 'DeepPavlov', 'statsmodels', 'superset', 'xlearn', 'nupic.studio', 'breze', 'rgf', 'imbalanced-ensemble', 'recommenders', 'tpot', 'bytehub', 'catboost', 'alibi', 'segmentation_models', 'pytorch', 'chainer', 'deeppy', 'dash', 'streamlit', 'snips-nlu', 'DIGITS', 'scikit-image', 'cornac', 'FEDOT', 'feast', 'pyod', 'matplotlib', 'DI-engine', 'Sklearn-genetic-opt', 'determined', 'opfython', 'rep', 'lambdo', 'mindsdb', 'ColossalAI', 'pyqtgraph', 'hebel', 'PCV', 'tflearn', 'statsmodels', 'deepchecks', 'backprop', 'mars', 'NeuroNER', 'sentiment-analyzer', 'haystack', 'lightning-bolts', 'transformers', 'streamlit', 'lightwood', 'face_recognition', 'prodmodel', 'joliGEN', 'ViZDoom', 'pybrain', 'mlxtend', 'bigartm', 'skorch', 'catalyst', 'evostra', 'python-recsys', 'dl-translate', 'scikit-learn', 'river', 'pytorch-lightning', 'opytimizer', 'yalign', 'ray', 'DIGITS', 'alibi', 'LightGBM', 'xgboost', 'pytorch', 'PyTorchCV', 'polyglot', 'bentoml', 'pkuseg-python', 'numpy', 'jProcessing', 'cltk', 'miraiml', 'garage', 'zipline', 'alibi-detect', 'neural-style-pt', 'nut', 'tensorflow', 'pytorch-frame', 'DeepPavlov', 'rasa', 'igel', 'loso', 'machine-learning', 'autogluon', 'mlens', 'scikit-learn-intelex', 'catboost', 'keras-tuner', 'shapash', 'eurybia', 'neuropredict', 'DrQA', 'deeppy', 'pytorch_geometric_temporal', 'evidently', 'detectron2', 'lightly', 'jieba', 'cleanlab', 'Petrel', 'deepface', 'caffe', 'zpar', 'mlflow', 'TResNet', 'frouros', 'maze', 'pebl', 'open-metric-learning', 'pytorch_geometric', 'neuraltalk', 'mljar-supervised', 'bokeh', 'pytorch-image-models', 'segmentation_models.pytorch', 'simpleai', 'sentiment_classifier', 'recommenders', 'chefboost', 'snownlp', 'pytensor', 'chainer', 'skll', 'pandas', 'bolt', 'dedupe', 'neurolab', 'cornac', 'FEDOT', 'feast', 'pyod', 'matplotlib', 'DI-engine', 'Sklearn-genetic-opt', 'determined', 'opfython', 'rep', 'lambdo', 'mindsdb', 'ColossalAI', 'pyqtgraph', 'hebel', 'PCV', 'tflearn', 'statsmodels', 'deepchecks', 'backprop', 'mars', 'NeuroNER', 'sentiment-analyzer', 'haystack', 'lightning-bolts', 'transformers', 'streamlit', 'lightwood', 'face_recognition', 'prodmodel', 'joliGEN', 'ViZDoom', 'pybrain', 'mlxtend', 'bigartm', 'skorch', 'catalyst', 'evostra', 'python-recsys', 'dl-translate', 'scikit-learn', 'river', 'pytorch-lightning', 'opytimizer', 'yalign', 'ray', 'DIGITS', 'alibi', 'LightGBM', 'xgboost', 'pytorch', 'PyTorchCV', 'polyglot', 'bentoml', 'pkuseg-python', 'numpy', 'jProcessing', 'cltk', 'miraiml', 'garage', 'zipline', 'alibi-detect', 'neural-style-pt', 'nut', 'tensorflow', 'pytorch-frame', 'DeepPavlov', 'rasa', 'igel', 'loso', 'machine-learning', 'autogluon', 'mlens', 'scikit-learn-intelex', 'catboost', 'keras-tuner', 'shapash', 'eurybia', 'neuropredict', 'DrQA', 'deeppy', 'pytorch_geometric_temporal', 'evidently', 'detectron2', 'lightly', 'jieba', 'cleanlab', 'Petrel', 'deepface', 'caffe', 'zpar', 'mlflow', 'TResNet', 'frouros', 'maze', 'pebl', 'open-metric-learning', 'pytorch_geometric', 'neuraltalk', 'mljar-supervised', 'bokeh', 'pytorch-image-models', 'segmentation_models.pytorch', 'simpleai', 'sentiment_classifier', 'recommenders', 'chefboost', 'snownlp', 'pytensor', 'chainer', 'skll', 'pandas', 'bolt', 'dedupe', 'neurolab']"
252,class,922,Insecure Storage of Sensitive Information,2,71,"['feast', 'mindsdb', 'langflow', 'Neural', 'cortex', 'bokeh', 'danswerai', 'deepface', 'ray', 'gradio', 'open-webui', 'bentoml', 'comet-llm', 'typer', 'mlflow', 'determined', 'pattern', 'feast', 'mindsdb', 'langflow', 'Neural', 'cortex', 'bokeh', 'danswerai', 'deepface', 'ray', 'gradio', 'open-webui', 'bentoml', 'comet-llm', 'typer', 'mlflow', 'determined', 'pattern']"
253,class,943,Improper Neutralization of Special Elements in Data Query Logic,8,36,"['feast', 'superset', 'DI-engine', 'pandas', 'ray', 'DIGITS', 'dl-translate', 'feast', 'mindsdb', 'deeplake', 'open-webui', 'danswerai', 'DeepPavlov', 'mlflow', 'determined', 'rasa']"
254,composite,352,Cross-Site Request Forgery (CSRF),8,30,"['cornac', 'feast', 'mindsdb', 'bowtie', 'PyTorchCV', 'machine-learning', 'deepface', 'mars', 'DIGITS', 'mlflow']"
255,pillar,664,Improper Control of a Resource Through its Lifetime,0,355,"['ViZDoom', 'numpy', 'pyss3', 'langflow', 'jProcessing', 'bigartm', 'DI-engine', 'vigra', 'blaze', 'caffe', 'zpar', 'typer', 'mlflow', 'scikit-learn', 'zipline', 'retro', 'determined', 'open-webui', 'jax', 'lambdo', 'mindsdb', 'ColossalAI', 'pyqtgraph', 'gensim', 'pebl', 'cortex', 'tensorflow', 'pydantic', 'danswerai', 'pytorch-lightning', 'DeepPavlov', 'pattern', 'rasa', 'bokeh', 'xlearn', 'pandas', 'deepchecks', 'ray', 'DIGITS', 'mars', 'scikit-learn-intelex', 'catboost', 'LightGBM', 'dirty_cat', 'DrQA', 'haystack', 'emcee', 'pytorch', 'chainer', 'skll', 'PyTorchCV', 'lightning-bolts', 'CoreNLP', 'vispy', 'gradio', 'streamlit', 'dash', 'bentoml', 'xgboost', 'pymc', 'transformers', 'pgmpy', 'ViZDoom', 'numpy', 'pyss3', 'langflow', 'jProcessing', 'bigartm', 'DI-engine', 'vigra', 'blaze', 'caffe', 'zpar', 'typer', 'mlflow', 'scikit-learn', 'zipline', 'retro', 'determined', 'open-webui', 'jax', 'lambdo', 'mindsdb', 'ColossalAI', 'pyqtgraph', 'gensim', 'pebl', 'cortex', 'tensorflow', 'pydantic', 'danswerai', 'pytorch-lightning', 'DeepPavlov', 'pattern', 'rasa', 'bokeh', 'xlearn', 'pandas', 'deepchecks', 'ray', 'DIGITS', 'mars', 'scikit-learn-intelex', 'catboost', 'LightGBM', 'dirty_cat', 'DrQA', 'haystack', 'emcee', 'pytorch', 'chainer', 'skll', 'PyTorchCV', 'lightning-bolts', 'CoreNLP', 'vispy', 'gradio', 'streamlit', 'dash', 'bentoml', 'xgboost', 'pymc', 'transformers', 'pgmpy', 'ViZDoom', 'numpy', 'pyss3', 'langflow', 'jProcessing', 'bigartm', 'DI-engine', 'vigra', 'blaze', 'caffe', 'zpar', 'typer', 'mlflow', 'scikit-learn', 'zipline', 'retro', 'determined', 'open-webui', 'jax', 'lambdo', 'mindsdb', 'ColossalAI', 'pyqtgraph', 'gensim', 'pebl', 'cortex', 'tensorflow', 'pydantic', 'danswerai', 'pytorch-lightning', 'DeepPavlov', 'pattern', 'rasa', 'bokeh', 'xlearn', 'pandas', 'deepchecks', 'ray', 'DIGITS', 'mars', 'scikit-learn-intelex', 'catboost', 'LightGBM', 'dirty_cat', 'DrQA', 'haystack', 'emcee', 'pytorch', 'chainer', 'skll', 'PyTorchCV', 'lightning-bolts', 'CoreNLP', 'vispy', 'gradio', 'streamlit', 'dash', 'bentoml', 'xgboost', 'pymc', 'transformers', 'pgmpy']"
256,pillar,693,Protection Mechanism Failure,0,15,"['lightly', 'langflow', 'couler', 'gradio', 'streamlit', 'mars', 'open-webui', 'danswerai', 'mlflow', 'determined', 'lightly', 'langflow', 'couler', 'gradio', 'streamlit', 'mars', 'open-webui', 'danswerai', 'mlflow', 'determined', 'lightly', 'langflow', 'couler', 'gradio', 'streamlit', 'mars', 'open-webui', 'danswerai', 'mlflow', 'determined']"
257,pillar,697,Incorrect Comparison,0,3,"['superset', 'transformers']"
258,pillar,707,Improper Neutralization,0,265,"['lightly', 'ViZDoom', 'numpy', 'feast', 'langflow', 'mlflow', 'open-webui', 'retro', 'mindsdb', 'pydantic', 'nalp', 'danswerai', 'rasa', 'pattern', 'superset', 'bokeh', 'Auto_ViML', 'fastapi', 'spammy', 'ray', 'PySyft', 'pytensor', 'pytorch', 'gradio', 'streamlit', 'transformers', 'DIGITS', 'AutoViz', 'lightly', 'ViZDoom', 'numpy', 'feast', 'langflow', 'mlflow', 'open-webui', 'retro', 'mindsdb', 'pydantic', 'nalp', 'danswerai', 'rasa', 'pattern', 'superset', 'bokeh', 'Auto_ViML', 'fastapi', 'spammy', 'ray', 'PySyft', 'pytensor', 'pytorch', 'gradio', 'streamlit', 'transformers', 'DIGITS', 'AutoViz', 'feast', 'superset', 'DI-engine', 'pandas', 'ray', 'DIGITS', 'dl-translate', 'cornac', 'FEDOT', 'numpy', 'feast', 'pyod', 'pybrain', 'lifelines', 'cleanlab', 'couler', 'bowtie', 'bigartm', 'DI-engine', 'vigra', 'annoy', 'deepface', 'catalyst', 'scikit-multiflow', 'zpar', 'ggpy', 'seaborn', 'mlflow', 'alibi-detect', 'open-webui', 'notebook', 'gan', 'stellargraph', 'rockpool', 'lambdo', 'mindsdb', 'ColossalAI', 'pyqtgraph', 'pebl', 'tensorflow', 'mist', 'python-timbl', 'metric-learn', 'DeepPavlov', 'statsmodels', 'superset', 'xlearn', 'nupic.studio', 'breze', 'machine-learning', 'rgf', 'imbalanced-ensemble', 'recommenders', 'mars', 'bytehub', 'tpot', 'catboost', 'alibi', 'segmentation_models', 'pytorch', 'chainer', 'deeppy', 'PyTorchCV', 'dash', 'streamlit', 'snips-nlu', 'transformers', 'DIGITS', 'scikit-image', 'lightly', 'ViZDoom', 'numpy', 'feast', 'langflow', 'mlflow', 'open-webui', 'retro', 'mindsdb', 'pydantic', 'nalp', 'danswerai', 'rasa', 'pattern', 'superset', 'bokeh', 'Auto_ViML', 'fastapi', 'spammy', 'ray', 'PySyft', 'pytensor', 'pytorch', 'gradio', 'streamlit', 'transformers', 'DIGITS', 'AutoViz', 'cornac', 'FEDOT', 'numpy', 'feast', 'pyod', 'pybrain', 'lifelines', 'cleanlab', 'couler', 'bowtie', 'bigartm', 'DI-engine', 'vigra', 'annoy', 'deepface', 'catalyst', 'scikit-multiflow', 'zpar', 'ggpy', 'seaborn', 'mlflow', 'alibi-detect', 'open-webui', 'notebook', 'gan', 'stellargraph', 'rockpool', 'lambdo', 'mindsdb', 'ColossalAI', 'pyqtgraph', 'pebl', 'tensorflow', 'mist', 'python-timbl', 'metric-learn', 'DeepPavlov', 'statsmodels', 'superset', 'xlearn', 'nupic.studio', 'breze', 'machine-learning', 'rgf', 'imbalanced-ensemble', 'recommenders', 'mars', 'bytehub', 'tpot', 'catboost', 'alibi', 'segmentation_models', 'pytorch', 'chainer', 'deeppy', 'PyTorchCV', 'dash', 'streamlit', 'snips-nlu', 'transformers', 'DIGITS', 'scikit-image', 'lightly', 'ViZDoom', 'numpy', 'feast', 'langflow', 'mlflow', 'open-webui', 'retro', 'mindsdb', 'pydantic', 'nalp', 'danswerai', 'rasa', 'pattern', 'superset', 'bokeh', 'Auto_ViML', 'fastapi', 'spammy', 'ray', 'PySyft', 'pytensor', 'pytorch', 'gradio', 'streamlit', 'transformers', 'DIGITS', 'AutoViz', 'lightly', 'ViZDoom', 'numpy', 'feast', 'langflow', 'mlflow', 'open-webui', 'retro', 'mindsdb', 'pydantic', 'nalp', 'danswerai', 'rasa', 'pattern', 'superset', 'bokeh', 'Auto_ViML', 'fastapi', 'spammy', 'ray', 'PySyft', 'pytensor', 'pytorch', 'gradio', 'streamlit', 'transformers', 'DIGITS', 'AutoViz', 'cornac', 'FEDOT', 'numpy', 'feast', 'pyod', 'pybrain', 'lifelines', 'cleanlab', 'couler', 'bowtie', 'bigartm', 'DI-engine', 'vigra', 'annoy', 'deepface', 'catalyst', 'scikit-multiflow', 'zpar', 'ggpy', 'seaborn', 'mlflow', 'alibi-detect', 'open-webui', 'notebook', 'gan', 'stellargraph', 'rockpool', 'lambdo', 'mindsdb', 'ColossalAI', 'pyqtgraph', 'pebl', 'tensorflow', 'mist', 'python-timbl', 'metric-learn', 'DeepPavlov', 'statsmodels', 'superset', 'xlearn', 'nupic.studio', 'breze', 'machine-learning', 'rgf', 'imbalanced-ensemble', 'recommenders', 'mars', 'bytehub', 'tpot', 'catboost', 'alibi', 'segmentation_models', 'pytorch', 'chainer', 'deeppy', 'PyTorchCV', 'dash', 'streamlit', 'snips-nlu', 'transformers', 'DIGITS', 'scikit-image']"
259,pillar,710,Improper Adherence to Coding Standards,0,6,"['CompreFace', 'bokeh', 'caffe', 'xcessiv', 'face_recognition']"
260,variant,11,ASP.NET Misconfiguration: Creating Debug Binary,1,6,"['CompreFace', 'bokeh', 'caffe', 'xcessiv', 'face_recognition']"
261,variant,24,Path Traversal: '../filedir',1,7057,"['cornac', 'FEDOT', 'feast', 'aim', 'pyss3', 'matplotlib', 'lab', 'DI-engine', 'dtaidistance', 'seaborn', 'determined', 'retro', 'BioPy', 'CompreFace', 'lambdo', 'mindsdb', 'Metaworld', 'ColossalAI', 'pyqtgraph', 'gensim', 'hebel', 'textacy', 'statsmodels', 'xlearn', 'deepchecks', 'mars', 'NeuroNER', 'PySyft', 'scikit-survival', 'haystack', 'emcee', 'transformers', 'streamlit', 'lightwood', 'prodmodel', 'joliGEN', 'ViZDoom', 'pybrain', 'langflow', 'mlxtend', 'Spearmint', 'bigartm', 'skorch', 'vigra', 'blaze', 'catalyst', 'sktime', 'ggpy', 'python-recsys', 'scikit-learn', 'river', 'tesseract', 'pytorch-lightning', 'shogun', 'spaCy', 'yalign', 'ray', 'pynlpl', 'DIGITS', 'LightGBM', 'pytorch', 'PyTorchCV', 'dash', 'polyglot', 'pymc', 'bentoml', 'pkuseg-python', 'scikit-image', 'Gymnasium', 'numpy', 'jProcessing', 'cltk', 'garage', 'zipline', 'alibi-detect', 'xcessiv', 'neural-style-pt', 'nut', 'langfuse', 'optuna', 'deeplake', 'cortex', 'tensorflow', 'pytorch-frame', 'python-timbl', 'danswerai', 'DeepPavlov', 'rasa', 'igel', 'loso', 'SynapseML', 'machine-learning', 'autogluon', 'mlens', 'scikit-learn-intelex', 'catboost', 'somoclu', 'colibri-core', 'keras-tuner', 'neuropredict', 'dowel', 'DrQA', 'deeppy', 'neuraltalk2', 'altair', 'pgmpy', 'evidently', 'detectron2', 'lightly', 'jieba', 'cleanlab', 'Petrel', 'deepface', 'caffe', 'zpar', 'typer', 'nilearn', 'mlflow', 'open-webui', 'jax', 'stellargraph', 'maze', 'pebl', 'mlx', 'open-metric-learning', 'pytorch_geometric', 'neuraltalk', 'retinaface', 'mljar-supervised', 'superset', 'bokeh', 'pytorch-image-models', 'rosetta', 'recommenders', 'tpot', 'Parris', 'pytensor', 'chainer', 'skll', 'pandas', 'bolt', 'scikit-opt', 'vispy', 'gradio', 'CoreNLP', 'xgboost']"
262,variant,25,Path Traversal: '/../filedir',2,7057,"['cornac', 'FEDOT', 'feast', 'aim', 'pyss3', 'matplotlib', 'lab', 'DI-engine', 'dtaidistance', 'seaborn', 'determined', 'retro', 'BioPy', 'CompreFace', 'lambdo', 'mindsdb', 'Metaworld', 'ColossalAI', 'pyqtgraph', 'gensim', 'hebel', 'textacy', 'statsmodels', 'xlearn', 'deepchecks', 'mars', 'NeuroNER', 'PySyft', 'scikit-survival', 'haystack', 'emcee', 'transformers', 'streamlit', 'lightwood', 'prodmodel', 'joliGEN', 'ViZDoom', 'pybrain', 'langflow', 'mlxtend', 'Spearmint', 'bigartm', 'skorch', 'vigra', 'blaze', 'catalyst', 'sktime', 'ggpy', 'python-recsys', 'scikit-learn', 'river', 'tesseract', 'pytorch-lightning', 'shogun', 'spaCy', 'yalign', 'ray', 'pynlpl', 'DIGITS', 'LightGBM', 'pytorch', 'PyTorchCV', 'dash', 'polyglot', 'pymc', 'bentoml', 'pkuseg-python', 'scikit-image', 'Gymnasium', 'numpy', 'jProcessing', 'cltk', 'garage', 'zipline', 'alibi-detect', 'xcessiv', 'neural-style-pt', 'nut', 'langfuse', 'optuna', 'deeplake', 'cortex', 'tensorflow', 'pytorch-frame', 'python-timbl', 'danswerai', 'DeepPavlov', 'rasa', 'igel', 'loso', 'SynapseML', 'machine-learning', 'autogluon', 'mlens', 'scikit-learn-intelex', 'catboost', 'somoclu', 'colibri-core', 'keras-tuner', 'neuropredict', 'dowel', 'DrQA', 'deeppy', 'neuraltalk2', 'altair', 'pgmpy', 'evidently', 'detectron2', 'lightly', 'jieba', 'cleanlab', 'Petrel', 'deepface', 'caffe', 'zpar', 'typer', 'nilearn', 'mlflow', 'open-webui', 'jax', 'stellargraph', 'maze', 'pebl', 'mlx', 'open-metric-learning', 'pytorch_geometric', 'neuraltalk', 'retinaface', 'mljar-supervised', 'superset', 'bokeh', 'pytorch-image-models', 'rosetta', 'recommenders', 'tpot', 'Parris', 'pytensor', 'chainer', 'skll', 'pandas', 'bolt', 'scikit-opt', 'vispy', 'gradio', 'CoreNLP', 'xgboost']"
263,variant,26,Path Traversal: '/dir/../filename',3,7057,"['cornac', 'FEDOT', 'feast', 'aim', 'pyss3', 'matplotlib', 'lab', 'DI-engine', 'dtaidistance', 'seaborn', 'determined', 'retro', 'BioPy', 'CompreFace', 'lambdo', 'mindsdb', 'Metaworld', 'ColossalAI', 'pyqtgraph', 'gensim', 'hebel', 'textacy', 'statsmodels', 'xlearn', 'deepchecks', 'mars', 'NeuroNER', 'PySyft', 'scikit-survival', 'haystack', 'emcee', 'transformers', 'streamlit', 'lightwood', 'prodmodel', 'joliGEN', 'ViZDoom', 'pybrain', 'langflow', 'mlxtend', 'Spearmint', 'bigartm', 'skorch', 'vigra', 'blaze', 'catalyst', 'sktime', 'ggpy', 'python-recsys', 'scikit-learn', 'river', 'tesseract', 'pytorch-lightning', 'shogun', 'spaCy', 'yalign', 'ray', 'pynlpl', 'DIGITS', 'LightGBM', 'pytorch', 'PyTorchCV', 'dash', 'polyglot', 'pymc', 'bentoml', 'pkuseg-python', 'scikit-image', 'Gymnasium', 'numpy', 'jProcessing', 'cltk', 'garage', 'zipline', 'alibi-detect', 'xcessiv', 'neural-style-pt', 'nut', 'langfuse', 'optuna', 'deeplake', 'cortex', 'tensorflow', 'pytorch-frame', 'python-timbl', 'danswerai', 'DeepPavlov', 'rasa', 'igel', 'loso', 'SynapseML', 'machine-learning', 'autogluon', 'mlens', 'scikit-learn-intelex', 'catboost', 'somoclu', 'colibri-core', 'keras-tuner', 'neuropredict', 'dowel', 'DrQA', 'deeppy', 'neuraltalk2', 'altair', 'pgmpy', 'evidently', 'detectron2', 'lightly', 'jieba', 'cleanlab', 'Petrel', 'deepface', 'caffe', 'zpar', 'typer', 'nilearn', 'mlflow', 'open-webui', 'jax', 'stellargraph', 'maze', 'pebl', 'mlx', 'open-metric-learning', 'pytorch_geometric', 'neuraltalk', 'retinaface', 'mljar-supervised', 'superset', 'bokeh', 'pytorch-image-models', 'rosetta', 'recommenders', 'tpot', 'Parris', 'pytensor', 'chainer', 'skll', 'pandas', 'bolt', 'scikit-opt', 'vispy', 'gradio', 'CoreNLP', 'xgboost']"
264,variant,27,Path Traversal: 'dir/../../filename',4,7057,"['cornac', 'FEDOT', 'feast', 'aim', 'pyss3', 'matplotlib', 'lab', 'DI-engine', 'dtaidistance', 'seaborn', 'determined', 'retro', 'BioPy', 'CompreFace', 'lambdo', 'mindsdb', 'Metaworld', 'ColossalAI', 'pyqtgraph', 'gensim', 'hebel', 'textacy', 'statsmodels', 'xlearn', 'deepchecks', 'mars', 'NeuroNER', 'PySyft', 'scikit-survival', 'haystack', 'emcee', 'transformers', 'streamlit', 'lightwood', 'prodmodel', 'joliGEN', 'ViZDoom', 'pybrain', 'langflow', 'mlxtend', 'Spearmint', 'bigartm', 'skorch', 'vigra', 'blaze', 'catalyst', 'sktime', 'ggpy', 'python-recsys', 'scikit-learn', 'river', 'tesseract', 'pytorch-lightning', 'shogun', 'spaCy', 'yalign', 'ray', 'pynlpl', 'DIGITS', 'LightGBM', 'pytorch', 'PyTorchCV', 'dash', 'polyglot', 'pymc', 'bentoml', 'pkuseg-python', 'scikit-image', 'Gymnasium', 'numpy', 'jProcessing', 'cltk', 'garage', 'zipline', 'alibi-detect', 'xcessiv', 'neural-style-pt', 'nut', 'langfuse', 'optuna', 'deeplake', 'cortex', 'tensorflow', 'pytorch-frame', 'python-timbl', 'danswerai', 'DeepPavlov', 'rasa', 'igel', 'loso', 'SynapseML', 'machine-learning', 'autogluon', 'mlens', 'scikit-learn-intelex', 'catboost', 'somoclu', 'colibri-core', 'keras-tuner', 'neuropredict', 'dowel', 'DrQA', 'deeppy', 'neuraltalk2', 'altair', 'pgmpy', 'evidently', 'detectron2', 'lightly', 'jieba', 'cleanlab', 'Petrel', 'deepface', 'caffe', 'zpar', 'typer', 'nilearn', 'mlflow', 'open-webui', 'jax', 'stellargraph', 'maze', 'pebl', 'mlx', 'open-metric-learning', 'pytorch_geometric', 'neuraltalk', 'retinaface', 'mljar-supervised', 'superset', 'bokeh', 'pytorch-image-models', 'rosetta', 'recommenders', 'tpot', 'Parris', 'pytensor', 'chainer', 'skll', 'pandas', 'bolt', 'scikit-opt', 'vispy', 'gradio', 'CoreNLP', 'xgboost']"
265,variant,28,Path Traversal: '..\filedir',5,7057,"['cornac', 'FEDOT', 'feast', 'aim', 'pyss3', 'matplotlib', 'lab', 'DI-engine', 'dtaidistance', 'seaborn', 'determined', 'retro', 'BioPy', 'CompreFace', 'lambdo', 'mindsdb', 'Metaworld', 'ColossalAI', 'pyqtgraph', 'gensim', 'hebel', 'textacy', 'statsmodels', 'xlearn', 'deepchecks', 'mars', 'NeuroNER', 'PySyft', 'scikit-survival', 'haystack', 'emcee', 'transformers', 'streamlit', 'lightwood', 'prodmodel', 'joliGEN', 'ViZDoom', 'pybrain', 'langflow', 'mlxtend', 'Spearmint', 'bigartm', 'skorch', 'vigra', 'blaze', 'catalyst', 'sktime', 'ggpy', 'python-recsys', 'scikit-learn', 'river', 'tesseract', 'pytorch-lightning', 'shogun', 'spaCy', 'yalign', 'ray', 'pynlpl', 'DIGITS', 'LightGBM', 'pytorch', 'PyTorchCV', 'dash', 'polyglot', 'pymc', 'bentoml', 'pkuseg-python', 'scikit-image', 'Gymnasium', 'numpy', 'jProcessing', 'cltk', 'garage', 'zipline', 'alibi-detect', 'xcessiv', 'neural-style-pt', 'nut', 'langfuse', 'optuna', 'deeplake', 'cortex', 'tensorflow', 'pytorch-frame', 'python-timbl', 'danswerai', 'DeepPavlov', 'rasa', 'igel', 'loso', 'SynapseML', 'machine-learning', 'autogluon', 'mlens', 'scikit-learn-intelex', 'catboost', 'somoclu', 'colibri-core', 'keras-tuner', 'neuropredict', 'dowel', 'DrQA', 'deeppy', 'neuraltalk2', 'altair', 'pgmpy', 'evidently', 'detectron2', 'lightly', 'jieba', 'cleanlab', 'Petrel', 'deepface', 'caffe', 'zpar', 'typer', 'nilearn', 'mlflow', 'open-webui', 'jax', 'stellargraph', 'maze', 'pebl', 'mlx', 'open-metric-learning', 'pytorch_geometric', 'neuraltalk', 'retinaface', 'mljar-supervised', 'superset', 'bokeh', 'pytorch-image-models', 'rosetta', 'recommenders', 'tpot', 'Parris', 'pytensor', 'chainer', 'skll', 'pandas', 'bolt', 'scikit-opt', 'vispy', 'gradio', 'CoreNLP', 'xgboost']"
266,variant,29,Path Traversal: '\..\filename',6,7057,"['cornac', 'FEDOT', 'feast', 'aim', 'pyss3', 'matplotlib', 'lab', 'DI-engine', 'dtaidistance', 'seaborn', 'determined', 'retro', 'BioPy', 'CompreFace', 'lambdo', 'mindsdb', 'Metaworld', 'ColossalAI', 'pyqtgraph', 'gensim', 'hebel', 'textacy', 'statsmodels', 'xlearn', 'deepchecks', 'mars', 'NeuroNER', 'PySyft', 'scikit-survival', 'haystack', 'emcee', 'transformers', 'streamlit', 'lightwood', 'prodmodel', 'joliGEN', 'ViZDoom', 'pybrain', 'langflow', 'mlxtend', 'Spearmint', 'bigartm', 'skorch', 'vigra', 'blaze', 'catalyst', 'sktime', 'ggpy', 'python-recsys', 'scikit-learn', 'river', 'tesseract', 'pytorch-lightning', 'shogun', 'spaCy', 'yalign', 'ray', 'pynlpl', 'DIGITS', 'LightGBM', 'pytorch', 'PyTorchCV', 'dash', 'polyglot', 'pymc', 'bentoml', 'pkuseg-python', 'scikit-image', 'Gymnasium', 'numpy', 'jProcessing', 'cltk', 'garage', 'zipline', 'alibi-detect', 'xcessiv', 'neural-style-pt', 'nut', 'langfuse', 'optuna', 'deeplake', 'cortex', 'tensorflow', 'pytorch-frame', 'python-timbl', 'danswerai', 'DeepPavlov', 'rasa', 'igel', 'loso', 'SynapseML', 'machine-learning', 'autogluon', 'mlens', 'scikit-learn-intelex', 'catboost', 'somoclu', 'colibri-core', 'keras-tuner', 'neuropredict', 'dowel', 'DrQA', 'deeppy', 'neuraltalk2', 'altair', 'pgmpy', 'evidently', 'detectron2', 'lightly', 'jieba', 'cleanlab', 'Petrel', 'deepface', 'caffe', 'zpar', 'typer', 'nilearn', 'mlflow', 'open-webui', 'jax', 'stellargraph', 'maze', 'pebl', 'mlx', 'open-metric-learning', 'pytorch_geometric', 'neuraltalk', 'retinaface', 'mljar-supervised', 'superset', 'bokeh', 'pytorch-image-models', 'rosetta', 'recommenders', 'tpot', 'Parris', 'pytensor', 'chainer', 'skll', 'pandas', 'bolt', 'scikit-opt', 'vispy', 'gradio', 'CoreNLP', 'xgboost']"
267,variant,30,Path Traversal: '\dir\..\filename',7,7057,"['cornac', 'FEDOT', 'feast', 'aim', 'pyss3', 'matplotlib', 'lab', 'DI-engine', 'dtaidistance', 'seaborn', 'determined', 'retro', 'BioPy', 'CompreFace', 'lambdo', 'mindsdb', 'Metaworld', 'ColossalAI', 'pyqtgraph', 'gensim', 'hebel', 'textacy', 'statsmodels', 'xlearn', 'deepchecks', 'mars', 'NeuroNER', 'PySyft', 'scikit-survival', 'haystack', 'emcee', 'transformers', 'streamlit', 'lightwood', 'prodmodel', 'joliGEN', 'ViZDoom', 'pybrain', 'langflow', 'mlxtend', 'Spearmint', 'bigartm', 'skorch', 'vigra', 'blaze', 'catalyst', 'sktime', 'ggpy', 'python-recsys', 'scikit-learn', 'river', 'tesseract', 'pytorch-lightning', 'shogun', 'spaCy', 'yalign', 'ray', 'pynlpl', 'DIGITS', 'LightGBM', 'pytorch', 'PyTorchCV', 'dash', 'polyglot', 'pymc', 'bentoml', 'pkuseg-python', 'scikit-image', 'Gymnasium', 'numpy', 'jProcessing', 'cltk', 'garage', 'zipline', 'alibi-detect', 'xcessiv', 'neural-style-pt', 'nut', 'langfuse', 'optuna', 'deeplake', 'cortex', 'tensorflow', 'pytorch-frame', 'python-timbl', 'danswerai', 'DeepPavlov', 'rasa', 'igel', 'loso', 'SynapseML', 'machine-learning', 'autogluon', 'mlens', 'scikit-learn-intelex', 'catboost', 'somoclu', 'colibri-core', 'keras-tuner', 'neuropredict', 'dowel', 'DrQA', 'deeppy', 'neuraltalk2', 'altair', 'pgmpy', 'evidently', 'detectron2', 'lightly', 'jieba', 'cleanlab', 'Petrel', 'deepface', 'caffe', 'zpar', 'typer', 'nilearn', 'mlflow', 'open-webui', 'jax', 'stellargraph', 'maze', 'pebl', 'mlx', 'open-metric-learning', 'pytorch_geometric', 'neuraltalk', 'retinaface', 'mljar-supervised', 'superset', 'bokeh', 'pytorch-image-models', 'rosetta', 'recommenders', 'tpot', 'Parris', 'pytensor', 'chainer', 'skll', 'pandas', 'bolt', 'scikit-opt', 'vispy', 'gradio', 'CoreNLP', 'xgboost']"
268,variant,31,Path Traversal: 'dir\..\..\filename',8,7057,"['cornac', 'FEDOT', 'feast', 'aim', 'pyss3', 'matplotlib', 'lab', 'DI-engine', 'dtaidistance', 'seaborn', 'determined', 'retro', 'BioPy', 'CompreFace', 'lambdo', 'mindsdb', 'Metaworld', 'ColossalAI', 'pyqtgraph', 'gensim', 'hebel', 'textacy', 'statsmodels', 'xlearn', 'deepchecks', 'mars', 'NeuroNER', 'PySyft', 'scikit-survival', 'haystack', 'emcee', 'transformers', 'streamlit', 'lightwood', 'prodmodel', 'joliGEN', 'ViZDoom', 'pybrain', 'langflow', 'mlxtend', 'Spearmint', 'bigartm', 'skorch', 'vigra', 'blaze', 'catalyst', 'sktime', 'ggpy', 'python-recsys', 'scikit-learn', 'river', 'tesseract', 'pytorch-lightning', 'shogun', 'spaCy', 'yalign', 'ray', 'pynlpl', 'DIGITS', 'LightGBM', 'pytorch', 'PyTorchCV', 'dash', 'polyglot', 'pymc', 'bentoml', 'pkuseg-python', 'scikit-image', 'Gymnasium', 'numpy', 'jProcessing', 'cltk', 'garage', 'zipline', 'alibi-detect', 'xcessiv', 'neural-style-pt', 'nut', 'langfuse', 'optuna', 'deeplake', 'cortex', 'tensorflow', 'pytorch-frame', 'python-timbl', 'danswerai', 'DeepPavlov', 'rasa', 'igel', 'loso', 'SynapseML', 'machine-learning', 'autogluon', 'mlens', 'scikit-learn-intelex', 'catboost', 'somoclu', 'colibri-core', 'keras-tuner', 'neuropredict', 'dowel', 'DrQA', 'deeppy', 'neuraltalk2', 'altair', 'pgmpy', 'evidently', 'detectron2', 'lightly', 'jieba', 'cleanlab', 'Petrel', 'deepface', 'caffe', 'zpar', 'typer', 'nilearn', 'mlflow', 'open-webui', 'jax', 'stellargraph', 'maze', 'pebl', 'mlx', 'open-metric-learning', 'pytorch_geometric', 'neuraltalk', 'retinaface', 'mljar-supervised', 'superset', 'bokeh', 'pytorch-image-models', 'rosetta', 'recommenders', 'tpot', 'Parris', 'pytensor', 'chainer', 'skll', 'pandas', 'bolt', 'scikit-opt', 'vispy', 'gradio', 'CoreNLP', 'xgboost']"
269,variant,32,Path Traversal: '...' (Triple Dot),9,7057,"['cornac', 'FEDOT', 'feast', 'aim', 'pyss3', 'matplotlib', 'lab', 'DI-engine', 'dtaidistance', 'seaborn', 'determined', 'retro', 'BioPy', 'CompreFace', 'lambdo', 'mindsdb', 'Metaworld', 'ColossalAI', 'pyqtgraph', 'gensim', 'hebel', 'textacy', 'statsmodels', 'xlearn', 'deepchecks', 'mars', 'NeuroNER', 'PySyft', 'scikit-survival', 'haystack', 'emcee', 'transformers', 'streamlit', 'lightwood', 'prodmodel', 'joliGEN', 'ViZDoom', 'pybrain', 'langflow', 'mlxtend', 'Spearmint', 'bigartm', 'skorch', 'vigra', 'blaze', 'catalyst', 'sktime', 'ggpy', 'python-recsys', 'scikit-learn', 'river', 'tesseract', 'pytorch-lightning', 'shogun', 'spaCy', 'yalign', 'ray', 'pynlpl', 'DIGITS', 'LightGBM', 'pytorch', 'PyTorchCV', 'dash', 'polyglot', 'pymc', 'bentoml', 'pkuseg-python', 'scikit-image', 'Gymnasium', 'numpy', 'jProcessing', 'cltk', 'garage', 'zipline', 'alibi-detect', 'xcessiv', 'neural-style-pt', 'nut', 'langfuse', 'optuna', 'deeplake', 'cortex', 'tensorflow', 'pytorch-frame', 'python-timbl', 'danswerai', 'DeepPavlov', 'rasa', 'igel', 'loso', 'SynapseML', 'machine-learning', 'autogluon', 'mlens', 'scikit-learn-intelex', 'catboost', 'somoclu', 'colibri-core', 'keras-tuner', 'neuropredict', 'dowel', 'DrQA', 'deeppy', 'neuraltalk2', 'altair', 'pgmpy', 'evidently', 'detectron2', 'lightly', 'jieba', 'cleanlab', 'Petrel', 'deepface', 'caffe', 'zpar', 'typer', 'nilearn', 'mlflow', 'open-webui', 'jax', 'stellargraph', 'maze', 'pebl', 'mlx', 'open-metric-learning', 'pytorch_geometric', 'neuraltalk', 'retinaface', 'mljar-supervised', 'superset', 'bokeh', 'pytorch-image-models', 'rosetta', 'recommenders', 'tpot', 'Parris', 'pytensor', 'chainer', 'skll', 'pandas', 'bolt', 'scikit-opt', 'vispy', 'gradio', 'CoreNLP', 'xgboost']"
270,variant,33,Path Traversal: '....' (Multiple Dot),10,7057,"['cornac', 'FEDOT', 'feast', 'aim', 'pyss3', 'matplotlib', 'lab', 'DI-engine', 'dtaidistance', 'seaborn', 'determined', 'retro', 'BioPy', 'CompreFace', 'lambdo', 'mindsdb', 'Metaworld', 'ColossalAI', 'pyqtgraph', 'gensim', 'hebel', 'textacy', 'statsmodels', 'xlearn', 'deepchecks', 'mars', 'NeuroNER', 'PySyft', 'scikit-survival', 'haystack', 'emcee', 'transformers', 'streamlit', 'lightwood', 'prodmodel', 'joliGEN', 'ViZDoom', 'pybrain', 'langflow', 'mlxtend', 'Spearmint', 'bigartm', 'skorch', 'vigra', 'blaze', 'catalyst', 'sktime', 'ggpy', 'python-recsys', 'scikit-learn', 'river', 'tesseract', 'pytorch-lightning', 'shogun', 'spaCy', 'yalign', 'ray', 'pynlpl', 'DIGITS', 'LightGBM', 'pytorch', 'PyTorchCV', 'dash', 'polyglot', 'pymc', 'bentoml', 'pkuseg-python', 'scikit-image', 'Gymnasium', 'numpy', 'jProcessing', 'cltk', 'garage', 'zipline', 'alibi-detect', 'xcessiv', 'neural-style-pt', 'nut', 'langfuse', 'optuna', 'deeplake', 'cortex', 'tensorflow', 'pytorch-frame', 'python-timbl', 'danswerai', 'DeepPavlov', 'rasa', 'igel', 'loso', 'SynapseML', 'machine-learning', 'autogluon', 'mlens', 'scikit-learn-intelex', 'catboost', 'somoclu', 'colibri-core', 'keras-tuner', 'neuropredict', 'dowel', 'DrQA', 'deeppy', 'neuraltalk2', 'altair', 'pgmpy', 'evidently', 'detectron2', 'lightly', 'jieba', 'cleanlab', 'Petrel', 'deepface', 'caffe', 'zpar', 'typer', 'nilearn', 'mlflow', 'open-webui', 'jax', 'stellargraph', 'maze', 'pebl', 'mlx', 'open-metric-learning', 'pytorch_geometric', 'neuraltalk', 'retinaface', 'mljar-supervised', 'superset', 'bokeh', 'pytorch-image-models', 'rosetta', 'recommenders', 'tpot', 'Parris', 'pytensor', 'chainer', 'skll', 'pandas', 'bolt', 'scikit-opt', 'vispy', 'gradio', 'CoreNLP', 'xgboost']"
271,variant,34,Path Traversal: '....//',11,7057,"['cornac', 'FEDOT', 'feast', 'aim', 'pyss3', 'matplotlib', 'lab', 'DI-engine', 'dtaidistance', 'seaborn', 'determined', 'retro', 'BioPy', 'CompreFace', 'lambdo', 'mindsdb', 'Metaworld', 'ColossalAI', 'pyqtgraph', 'gensim', 'hebel', 'textacy', 'statsmodels', 'xlearn', 'deepchecks', 'mars', 'NeuroNER', 'PySyft', 'scikit-survival', 'haystack', 'emcee', 'transformers', 'streamlit', 'lightwood', 'prodmodel', 'joliGEN', 'ViZDoom', 'pybrain', 'langflow', 'mlxtend', 'Spearmint', 'bigartm', 'skorch', 'vigra', 'blaze', 'catalyst', 'sktime', 'ggpy', 'python-recsys', 'scikit-learn', 'river', 'tesseract', 'pytorch-lightning', 'shogun', 'spaCy', 'yalign', 'ray', 'pynlpl', 'DIGITS', 'LightGBM', 'pytorch', 'PyTorchCV', 'dash', 'polyglot', 'pymc', 'bentoml', 'pkuseg-python', 'scikit-image', 'Gymnasium', 'numpy', 'jProcessing', 'cltk', 'garage', 'zipline', 'alibi-detect', 'xcessiv', 'neural-style-pt', 'nut', 'langfuse', 'optuna', 'deeplake', 'cortex', 'tensorflow', 'pytorch-frame', 'python-timbl', 'danswerai', 'DeepPavlov', 'rasa', 'igel', 'loso', 'SynapseML', 'machine-learning', 'autogluon', 'mlens', 'scikit-learn-intelex', 'catboost', 'somoclu', 'colibri-core', 'keras-tuner', 'neuropredict', 'dowel', 'DrQA', 'deeppy', 'neuraltalk2', 'altair', 'pgmpy', 'evidently', 'detectron2', 'lightly', 'jieba', 'cleanlab', 'Petrel', 'deepface', 'caffe', 'zpar', 'typer', 'nilearn', 'mlflow', 'open-webui', 'jax', 'stellargraph', 'maze', 'pebl', 'mlx', 'open-metric-learning', 'pytorch_geometric', 'neuraltalk', 'retinaface', 'mljar-supervised', 'superset', 'bokeh', 'pytorch-image-models', 'rosetta', 'recommenders', 'tpot', 'Parris', 'pytensor', 'chainer', 'skll', 'pandas', 'bolt', 'scikit-opt', 'vispy', 'gradio', 'CoreNLP', 'xgboost']"
272,variant,35,Path Traversal: '.../...//',12,7057,"['cornac', 'FEDOT', 'feast', 'aim', 'pyss3', 'matplotlib', 'lab', 'DI-engine', 'dtaidistance', 'seaborn', 'determined', 'retro', 'BioPy', 'CompreFace', 'lambdo', 'mindsdb', 'Metaworld', 'ColossalAI', 'pyqtgraph', 'gensim', 'hebel', 'textacy', 'statsmodels', 'xlearn', 'deepchecks', 'mars', 'NeuroNER', 'PySyft', 'scikit-survival', 'haystack', 'emcee', 'transformers', 'streamlit', 'lightwood', 'prodmodel', 'joliGEN', 'ViZDoom', 'pybrain', 'langflow', 'mlxtend', 'Spearmint', 'bigartm', 'skorch', 'vigra', 'blaze', 'catalyst', 'sktime', 'ggpy', 'python-recsys', 'scikit-learn', 'river', 'tesseract', 'pytorch-lightning', 'shogun', 'spaCy', 'yalign', 'ray', 'pynlpl', 'DIGITS', 'LightGBM', 'pytorch', 'PyTorchCV', 'dash', 'polyglot', 'pymc', 'bentoml', 'pkuseg-python', 'scikit-image', 'Gymnasium', 'numpy', 'jProcessing', 'cltk', 'garage', 'zipline', 'alibi-detect', 'xcessiv', 'neural-style-pt', 'nut', 'langfuse', 'optuna', 'deeplake', 'cortex', 'tensorflow', 'pytorch-frame', 'python-timbl', 'danswerai', 'DeepPavlov', 'rasa', 'igel', 'loso', 'SynapseML', 'machine-learning', 'autogluon', 'mlens', 'scikit-learn-intelex', 'catboost', 'somoclu', 'colibri-core', 'keras-tuner', 'neuropredict', 'dowel', 'DrQA', 'deeppy', 'neuraltalk2', 'altair', 'pgmpy', 'evidently', 'detectron2', 'lightly', 'jieba', 'cleanlab', 'Petrel', 'deepface', 'caffe', 'zpar', 'typer', 'nilearn', 'mlflow', 'open-webui', 'jax', 'stellargraph', 'maze', 'pebl', 'mlx', 'open-metric-learning', 'pytorch_geometric', 'neuraltalk', 'retinaface', 'mljar-supervised', 'superset', 'bokeh', 'pytorch-image-models', 'rosetta', 'recommenders', 'tpot', 'Parris', 'pytensor', 'chainer', 'skll', 'pandas', 'bolt', 'scikit-opt', 'vispy', 'gradio', 'CoreNLP', 'xgboost']"
273,variant,37,Path Traversal: '/absolute/pathname/here',1,7057,"['cornac', 'FEDOT', 'feast', 'aim', 'pyss3', 'matplotlib', 'lab', 'DI-engine', 'dtaidistance', 'seaborn', 'determined', 'retro', 'BioPy', 'CompreFace', 'lambdo', 'mindsdb', 'Metaworld', 'ColossalAI', 'pyqtgraph', 'gensim', 'hebel', 'textacy', 'statsmodels', 'xlearn', 'deepchecks', 'mars', 'NeuroNER', 'PySyft', 'scikit-survival', 'haystack', 'emcee', 'transformers', 'streamlit', 'lightwood', 'prodmodel', 'joliGEN', 'ViZDoom', 'pybrain', 'langflow', 'mlxtend', 'Spearmint', 'bigartm', 'skorch', 'vigra', 'blaze', 'catalyst', 'sktime', 'ggpy', 'python-recsys', 'scikit-learn', 'river', 'tesseract', 'pytorch-lightning', 'shogun', 'spaCy', 'yalign', 'ray', 'pynlpl', 'DIGITS', 'LightGBM', 'pytorch', 'PyTorchCV', 'dash', 'polyglot', 'pymc', 'bentoml', 'pkuseg-python', 'scikit-image', 'Gymnasium', 'numpy', 'jProcessing', 'cltk', 'garage', 'zipline', 'alibi-detect', 'xcessiv', 'neural-style-pt', 'nut', 'langfuse', 'optuna', 'deeplake', 'cortex', 'tensorflow', 'pytorch-frame', 'python-timbl', 'danswerai', 'DeepPavlov', 'rasa', 'igel', 'loso', 'SynapseML', 'machine-learning', 'autogluon', 'mlens', 'scikit-learn-intelex', 'catboost', 'somoclu', 'colibri-core', 'keras-tuner', 'neuropredict', 'dowel', 'DrQA', 'deeppy', 'neuraltalk2', 'altair', 'pgmpy', 'evidently', 'detectron2', 'lightly', 'jieba', 'cleanlab', 'Petrel', 'deepface', 'caffe', 'zpar', 'typer', 'nilearn', 'mlflow', 'open-webui', 'jax', 'stellargraph', 'maze', 'pebl', 'mlx', 'open-metric-learning', 'pytorch_geometric', 'neuraltalk', 'retinaface', 'mljar-supervised', 'superset', 'bokeh', 'pytorch-image-models', 'rosetta', 'recommenders', 'tpot', 'Parris', 'pytensor', 'chainer', 'skll', 'pandas', 'bolt', 'scikit-opt', 'vispy', 'gradio', 'CoreNLP', 'xgboost']"
274,variant,38,Path Traversal: '\absolute\pathname\here',2,7057,"['cornac', 'FEDOT', 'feast', 'aim', 'pyss3', 'matplotlib', 'lab', 'DI-engine', 'dtaidistance', 'seaborn', 'determined', 'retro', 'BioPy', 'CompreFace', 'lambdo', 'mindsdb', 'Metaworld', 'ColossalAI', 'pyqtgraph', 'gensim', 'hebel', 'textacy', 'statsmodels', 'xlearn', 'deepchecks', 'mars', 'NeuroNER', 'PySyft', 'scikit-survival', 'haystack', 'emcee', 'transformers', 'streamlit', 'lightwood', 'prodmodel', 'joliGEN', 'ViZDoom', 'pybrain', 'langflow', 'mlxtend', 'Spearmint', 'bigartm', 'skorch', 'vigra', 'blaze', 'catalyst', 'sktime', 'ggpy', 'python-recsys', 'scikit-learn', 'river', 'tesseract', 'pytorch-lightning', 'shogun', 'spaCy', 'yalign', 'ray', 'pynlpl', 'DIGITS', 'LightGBM', 'pytorch', 'PyTorchCV', 'dash', 'polyglot', 'pymc', 'bentoml', 'pkuseg-python', 'scikit-image', 'Gymnasium', 'numpy', 'jProcessing', 'cltk', 'garage', 'zipline', 'alibi-detect', 'xcessiv', 'neural-style-pt', 'nut', 'langfuse', 'optuna', 'deeplake', 'cortex', 'tensorflow', 'pytorch-frame', 'python-timbl', 'danswerai', 'DeepPavlov', 'rasa', 'igel', 'loso', 'SynapseML', 'machine-learning', 'autogluon', 'mlens', 'scikit-learn-intelex', 'catboost', 'somoclu', 'colibri-core', 'keras-tuner', 'neuropredict', 'dowel', 'DrQA', 'deeppy', 'neuraltalk2', 'altair', 'pgmpy', 'evidently', 'detectron2', 'lightly', 'jieba', 'cleanlab', 'Petrel', 'deepface', 'caffe', 'zpar', 'typer', 'nilearn', 'mlflow', 'open-webui', 'jax', 'stellargraph', 'maze', 'pebl', 'mlx', 'open-metric-learning', 'pytorch_geometric', 'neuraltalk', 'retinaface', 'mljar-supervised', 'superset', 'bokeh', 'pytorch-image-models', 'rosetta', 'recommenders', 'tpot', 'Parris', 'pytensor', 'chainer', 'skll', 'pandas', 'bolt', 'scikit-opt', 'vispy', 'gradio', 'CoreNLP', 'xgboost']"
275,variant,39,Path Traversal: 'C:dirname',3,7057,"['cornac', 'FEDOT', 'feast', 'aim', 'pyss3', 'matplotlib', 'lab', 'DI-engine', 'dtaidistance', 'seaborn', 'determined', 'retro', 'BioPy', 'CompreFace', 'lambdo', 'mindsdb', 'Metaworld', 'ColossalAI', 'pyqtgraph', 'gensim', 'hebel', 'textacy', 'statsmodels', 'xlearn', 'deepchecks', 'mars', 'NeuroNER', 'PySyft', 'scikit-survival', 'haystack', 'emcee', 'transformers', 'streamlit', 'lightwood', 'prodmodel', 'joliGEN', 'ViZDoom', 'pybrain', 'langflow', 'mlxtend', 'Spearmint', 'bigartm', 'skorch', 'vigra', 'blaze', 'catalyst', 'sktime', 'ggpy', 'python-recsys', 'scikit-learn', 'river', 'tesseract', 'pytorch-lightning', 'shogun', 'spaCy', 'yalign', 'ray', 'pynlpl', 'DIGITS', 'LightGBM', 'pytorch', 'PyTorchCV', 'dash', 'polyglot', 'pymc', 'bentoml', 'pkuseg-python', 'scikit-image', 'Gymnasium', 'numpy', 'jProcessing', 'cltk', 'garage', 'zipline', 'alibi-detect', 'xcessiv', 'neural-style-pt', 'nut', 'langfuse', 'optuna', 'deeplake', 'cortex', 'tensorflow', 'pytorch-frame', 'python-timbl', 'danswerai', 'DeepPavlov', 'rasa', 'igel', 'loso', 'SynapseML', 'machine-learning', 'autogluon', 'mlens', 'scikit-learn-intelex', 'catboost', 'somoclu', 'colibri-core', 'keras-tuner', 'neuropredict', 'dowel', 'DrQA', 'deeppy', 'neuraltalk2', 'altair', 'pgmpy', 'evidently', 'detectron2', 'lightly', 'jieba', 'cleanlab', 'Petrel', 'deepface', 'caffe', 'zpar', 'typer', 'nilearn', 'mlflow', 'open-webui', 'jax', 'stellargraph', 'maze', 'pebl', 'mlx', 'open-metric-learning', 'pytorch_geometric', 'neuraltalk', 'retinaface', 'mljar-supervised', 'superset', 'bokeh', 'pytorch-image-models', 'rosetta', 'recommenders', 'tpot', 'Parris', 'pytensor', 'chainer', 'skll', 'pandas', 'bolt', 'scikit-opt', 'vispy', 'gradio', 'CoreNLP', 'xgboost']"
276,variant,40,Path Traversal: '\\UNC\share\name\' (Windows UNC Share),4,7057,"['cornac', 'FEDOT', 'feast', 'aim', 'pyss3', 'matplotlib', 'lab', 'DI-engine', 'dtaidistance', 'seaborn', 'determined', 'retro', 'BioPy', 'CompreFace', 'lambdo', 'mindsdb', 'Metaworld', 'ColossalAI', 'pyqtgraph', 'gensim', 'hebel', 'textacy', 'statsmodels', 'xlearn', 'deepchecks', 'mars', 'NeuroNER', 'PySyft', 'scikit-survival', 'haystack', 'emcee', 'transformers', 'streamlit', 'lightwood', 'prodmodel', 'joliGEN', 'ViZDoom', 'pybrain', 'langflow', 'mlxtend', 'Spearmint', 'bigartm', 'skorch', 'vigra', 'blaze', 'catalyst', 'sktime', 'ggpy', 'python-recsys', 'scikit-learn', 'river', 'tesseract', 'pytorch-lightning', 'shogun', 'spaCy', 'yalign', 'ray', 'pynlpl', 'DIGITS', 'LightGBM', 'pytorch', 'PyTorchCV', 'dash', 'polyglot', 'pymc', 'bentoml', 'pkuseg-python', 'scikit-image', 'Gymnasium', 'numpy', 'jProcessing', 'cltk', 'garage', 'zipline', 'alibi-detect', 'xcessiv', 'neural-style-pt', 'nut', 'langfuse', 'optuna', 'deeplake', 'cortex', 'tensorflow', 'pytorch-frame', 'python-timbl', 'danswerai', 'DeepPavlov', 'rasa', 'igel', 'loso', 'SynapseML', 'machine-learning', 'autogluon', 'mlens', 'scikit-learn-intelex', 'catboost', 'somoclu', 'colibri-core', 'keras-tuner', 'neuropredict', 'dowel', 'DrQA', 'deeppy', 'neuraltalk2', 'altair', 'pgmpy', 'evidently', 'detectron2', 'lightly', 'jieba', 'cleanlab', 'Petrel', 'deepface', 'caffe', 'zpar', 'typer', 'nilearn', 'mlflow', 'open-webui', 'jax', 'stellargraph', 'maze', 'pebl', 'mlx', 'open-metric-learning', 'pytorch_geometric', 'neuraltalk', 'retinaface', 'mljar-supervised', 'superset', 'bokeh', 'pytorch-image-models', 'rosetta', 'recommenders', 'tpot', 'Parris', 'pytensor', 'chainer', 'skll', 'pandas', 'bolt', 'scikit-opt', 'vispy', 'gradio', 'CoreNLP', 'xgboost']"
277,variant,80,Improper Neutralization of Script-Related HTML Tags in a Web Page (Basic XSS),1,30,"['cornac', 'feast', 'mindsdb', 'bowtie', 'PyTorchCV', 'machine-learning', 'deepface', 'mars', 'DIGITS', 'mlflow']"
278,variant,81,Improper Neutralization of Script in an Error Message Web Page,2,30,"['cornac', 'feast', 'mindsdb', 'bowtie', 'PyTorchCV', 'machine-learning', 'deepface', 'mars', 'DIGITS', 'mlflow']"
279,variant,83,Improper Neutralization of Script in Attributes in a Web Page,3,30,"['cornac', 'feast', 'mindsdb', 'bowtie', 'PyTorchCV', 'machine-learning', 'deepface', 'mars', 'DIGITS', 'mlflow']"
280,variant,84,Improper Neutralization of Encoded URI Schemes in a Web Page,4,30,"['cornac', 'feast', 'mindsdb', 'bowtie', 'PyTorchCV', 'machine-learning', 'deepface', 'mars', 'DIGITS', 'mlflow']"
281,variant,85,Doubled Character XSS Manipulations,5,30,"['cornac', 'feast', 'mindsdb', 'bowtie', 'PyTorchCV', 'machine-learning', 'deepface', 'mars', 'DIGITS', 'mlflow']"
282,variant,86,Improper Neutralization of Invalid Characters in Identifiers in Web Pages,6,30,"['cornac', 'feast', 'mindsdb', 'bowtie', 'PyTorchCV', 'machine-learning', 'deepface', 'mars', 'DIGITS', 'mlflow']"
283,variant,87,Improper Neutralization of Alternate XSS Syntax,7,30,"['cornac', 'feast', 'mindsdb', 'bowtie', 'PyTorchCV', 'machine-learning', 'deepface', 'mars', 'DIGITS', 'mlflow']"
284,variant,95,Improper Neutralization of Directives in Dynamically Evaluated Code ('Eval Injection'),2,132,"['cornac', 'FEDOT', 'numpy', 'pyod', 'pybrain', 'lifelines', 'cleanlab', 'couler', 'bigartm', 'DI-engine', 'vigra', 'annoy', 'catalyst', 'scikit-multiflow', 'zpar', 'ggpy', 'seaborn', 'open-webui', 'alibi-detect', 'notebook', 'gan', 'stellargraph', 'rockpool', 'lambdo', 'mindsdb', 'ColossalAI', 'pyqtgraph', 'pebl', 'tensorflow', 'mist', 'python-timbl', 'metric-learn', 'DeepPavlov', 'statsmodels', 'superset', 'xlearn', 'nupic.studio', 'breze', 'rgf', 'imbalanced-ensemble', 'recommenders', 'tpot', 'bytehub', 'catboost', 'alibi', 'segmentation_models', 'pytorch', 'chainer', 'deeppy', 'dash', 'streamlit', 'snips-nlu', 'DIGITS', 'scikit-image']"
285,variant,98,Improper Control of Filename for Include/Require Statement in PHP Program ('PHP Remote File Inclusion'),11,7189,"['cornac', 'FEDOT', 'numpy', 'pyod', 'pybrain', 'lifelines', 'cleanlab', 'couler', 'bigartm', 'DI-engine', 'vigra', 'annoy', 'catalyst', 'scikit-multiflow', 'zpar', 'ggpy', 'seaborn', 'open-webui', 'alibi-detect', 'notebook', 'gan', 'stellargraph', 'rockpool', 'lambdo', 'mindsdb', 'ColossalAI', 'pyqtgraph', 'pebl', 'tensorflow', 'mist', 'python-timbl', 'metric-learn', 'DeepPavlov', 'statsmodels', 'superset', 'xlearn', 'nupic.studio', 'breze', 'rgf', 'imbalanced-ensemble', 'recommenders', 'tpot', 'bytehub', 'catboost', 'alibi', 'segmentation_models', 'pytorch', 'chainer', 'deeppy', 'dash', 'streamlit', 'snips-nlu', 'DIGITS', 'scikit-image', 'cornac', 'FEDOT', 'feast', 'aim', 'pyss3', 'matplotlib', 'lab', 'DI-engine', 'dtaidistance', 'seaborn', 'determined', 'retro', 'BioPy', 'CompreFace', 'lambdo', 'mindsdb', 'Metaworld', 'ColossalAI', 'pyqtgraph', 'gensim', 'hebel', 'textacy', 'statsmodels', 'xlearn', 'deepchecks', 'mars', 'NeuroNER', 'PySyft', 'scikit-survival', 'haystack', 'emcee', 'transformers', 'streamlit', 'lightwood', 'prodmodel', 'joliGEN', 'ViZDoom', 'pybrain', 'langflow', 'mlxtend', 'Spearmint', 'bigartm', 'skorch', 'vigra', 'blaze', 'catalyst', 'sktime', 'ggpy', 'python-recsys', 'scikit-learn', 'river', 'tesseract', 'pytorch-lightning', 'shogun', 'spaCy', 'yalign', 'ray', 'pynlpl', 'DIGITS', 'LightGBM', 'pytorch', 'PyTorchCV', 'dash', 'polyglot', 'pymc', 'bentoml', 'pkuseg-python', 'scikit-image', 'Gymnasium', 'numpy', 'jProcessing', 'cltk', 'garage', 'zipline', 'alibi-detect', 'xcessiv', 'neural-style-pt', 'nut', 'langfuse', 'optuna', 'deeplake', 'cortex', 'tensorflow', 'pytorch-frame', 'python-timbl', 'danswerai', 'DeepPavlov', 'rasa', 'igel', 'loso', 'SynapseML', 'machine-learning', 'autogluon', 'mlens', 'scikit-learn-intelex', 'catboost', 'somoclu', 'colibri-core', 'keras-tuner', 'neuropredict', 'dowel', 'DrQA', 'deeppy', 'neuraltalk2', 'altair', 'pgmpy', 'evidently', 'detectron2', 'lightly', 'jieba', 'cleanlab', 'Petrel', 'deepface', 'caffe', 'zpar', 'typer', 'nilearn', 'mlflow', 'open-webui', 'jax', 'stellargraph', 'maze', 'pebl', 'mlx', 'open-metric-learning', 'pytorch_geometric', 'neuraltalk', 'retinaface', 'mljar-supervised', 'superset', 'bokeh', 'pytorch-image-models', 'rosetta', 'recommenders', 'tpot', 'Parris', 'pytensor', 'chainer', 'skll', 'pandas', 'bolt', 'scikit-opt', 'vispy', 'gradio', 'CoreNLP', 'xgboost']"
286,variant,102,Struts: Duplicate Validation Forms,110,91,"['lightly', 'ViZDoom', 'numpy', 'feast', 'langflow', 'mlflow', 'open-webui', 'retro', 'mindsdb', 'pydantic', 'nalp', 'danswerai', 'rasa', 'pattern', 'superset', 'bokeh', 'Auto_ViML', 'fastapi', 'spammy', 'ray', 'PySyft', 'pytensor', 'pytorch', 'gradio', 'streamlit', 'transformers', 'DIGITS', 'AutoViz', 'lightly', 'ViZDoom', 'numpy', 'feast', 'langflow', 'mlflow', 'open-webui', 'retro', 'mindsdb', 'pydantic', 'nalp', 'danswerai', 'rasa', 'pattern', 'superset', 'bokeh', 'Auto_ViML', 'fastapi', 'spammy', 'ray', 'PySyft', 'pytensor', 'pytorch', 'gradio', 'streamlit', 'transformers', 'DIGITS', 'AutoViz', 'lightly', 'ViZDoom', 'numpy', 'feast', 'langflow', 'mlflow', 'open-webui', 'retro', 'mindsdb', 'pydantic', 'nalp', 'danswerai', 'rasa', 'pattern', 'superset', 'bokeh', 'Auto_ViML', 'fastapi', 'spammy', 'ray', 'PySyft', 'pytensor', 'pytorch', 'gradio', 'streamlit', 'transformers', 'DIGITS', 'AutoViz', 'lightly', 'ViZDoom', 'numpy', 'feast', 'langflow', 'mlflow', 'open-webui', 'retro', 'mindsdb', 'pydantic', 'nalp', 'danswerai', 'rasa', 'pattern', 'superset', 'bokeh', 'Auto_ViML', 'fastapi', 'spammy', 'ray', 'PySyft', 'pytensor', 'pytorch', 'gradio', 'streamlit', 'transformers', 'DIGITS', 'AutoViz', 'lightly', 'ViZDoom', 'numpy', 'feast', 'langflow', 'mlflow', 'open-webui', 'retro', 'mindsdb', 'pydantic', 'nalp', 'danswerai', 'rasa', 'pattern', 'superset', 'bokeh', 'Auto_ViML', 'fastapi', 'spammy', 'ray', 'PySyft', 'pytensor', 'pytorch', 'gradio', 'streamlit', 'transformers', 'DIGITS', 'AutoViz']"
287,variant,103,Struts: Incomplete validate() Method Definition,115,91,"['lightly', 'ViZDoom', 'numpy', 'feast', 'langflow', 'mlflow', 'open-webui', 'retro', 'mindsdb', 'pydantic', 'nalp', 'danswerai', 'rasa', 'pattern', 'superset', 'bokeh', 'Auto_ViML', 'fastapi', 'spammy', 'ray', 'PySyft', 'pytensor', 'pytorch', 'gradio', 'streamlit', 'transformers', 'DIGITS', 'AutoViz', 'lightly', 'ViZDoom', 'numpy', 'feast', 'langflow', 'mlflow', 'open-webui', 'retro', 'mindsdb', 'pydantic', 'nalp', 'danswerai', 'rasa', 'pattern', 'superset', 'bokeh', 'Auto_ViML', 'fastapi', 'spammy', 'ray', 'PySyft', 'pytensor', 'pytorch', 'gradio', 'streamlit', 'transformers', 'DIGITS', 'AutoViz', 'lightly', 'ViZDoom', 'numpy', 'feast', 'langflow', 'mlflow', 'open-webui', 'retro', 'mindsdb', 'pydantic', 'nalp', 'danswerai', 'rasa', 'pattern', 'superset', 'bokeh', 'Auto_ViML', 'fastapi', 'spammy', 'ray', 'PySyft', 'pytensor', 'pytorch', 'gradio', 'streamlit', 'transformers', 'DIGITS', 'AutoViz', 'lightly', 'ViZDoom', 'numpy', 'feast', 'langflow', 'mlflow', 'open-webui', 'retro', 'mindsdb', 'pydantic', 'nalp', 'danswerai', 'rasa', 'pattern', 'superset', 'bokeh', 'Auto_ViML', 'fastapi', 'spammy', 'ray', 'PySyft', 'pytensor', 'pytorch', 'gradio', 'streamlit', 'transformers', 'DIGITS', 'AutoViz', 'lightly', 'ViZDoom', 'numpy', 'feast', 'langflow', 'mlflow', 'open-webui', 'retro', 'mindsdb', 'pydantic', 'nalp', 'danswerai', 'rasa', 'pattern', 'superset', 'bokeh', 'Auto_ViML', 'fastapi', 'spammy', 'ray', 'PySyft', 'pytensor', 'pytorch', 'gradio', 'streamlit', 'transformers', 'DIGITS', 'AutoViz']"
288,variant,104,Struts: Form Bean Does Not Extend Validation Class,120,91,"['lightly', 'ViZDoom', 'numpy', 'feast', 'langflow', 'mlflow', 'open-webui', 'retro', 'mindsdb', 'pydantic', 'nalp', 'danswerai', 'rasa', 'pattern', 'superset', 'bokeh', 'Auto_ViML', 'fastapi', 'spammy', 'ray', 'PySyft', 'pytensor', 'pytorch', 'gradio', 'streamlit', 'transformers', 'DIGITS', 'AutoViz', 'lightly', 'ViZDoom', 'numpy', 'feast', 'langflow', 'mlflow', 'open-webui', 'retro', 'mindsdb', 'pydantic', 'nalp', 'danswerai', 'rasa', 'pattern', 'superset', 'bokeh', 'Auto_ViML', 'fastapi', 'spammy', 'ray', 'PySyft', 'pytensor', 'pytorch', 'gradio', 'streamlit', 'transformers', 'DIGITS', 'AutoViz', 'lightly', 'ViZDoom', 'numpy', 'feast', 'langflow', 'mlflow', 'open-webui', 'retro', 'mindsdb', 'pydantic', 'nalp', 'danswerai', 'rasa', 'pattern', 'superset', 'bokeh', 'Auto_ViML', 'fastapi', 'spammy', 'ray', 'PySyft', 'pytensor', 'pytorch', 'gradio', 'streamlit', 'transformers', 'DIGITS', 'AutoViz', 'lightly', 'ViZDoom', 'numpy', 'feast', 'langflow', 'mlflow', 'open-webui', 'retro', 'mindsdb', 'pydantic', 'nalp', 'danswerai', 'rasa', 'pattern', 'superset', 'bokeh', 'Auto_ViML', 'fastapi', 'spammy', 'ray', 'PySyft', 'pytensor', 'pytorch', 'gradio', 'streamlit', 'transformers', 'DIGITS', 'AutoViz', 'lightly', 'ViZDoom', 'numpy', 'feast', 'langflow', 'mlflow', 'open-webui', 'retro', 'mindsdb', 'pydantic', 'nalp', 'danswerai', 'rasa', 'pattern', 'superset', 'bokeh', 'Auto_ViML', 'fastapi', 'spammy', 'ray', 'PySyft', 'pytensor', 'pytorch', 'gradio', 'streamlit', 'transformers', 'DIGITS', 'AutoViz']"
289,variant,105,Struts: Form Field Without Validator,125,91,"['lightly', 'ViZDoom', 'numpy', 'feast', 'langflow', 'mlflow', 'open-webui', 'retro', 'mindsdb', 'pydantic', 'nalp', 'danswerai', 'rasa', 'pattern', 'superset', 'bokeh', 'Auto_ViML', 'fastapi', 'spammy', 'ray', 'PySyft', 'pytensor', 'pytorch', 'gradio', 'streamlit', 'transformers', 'DIGITS', 'AutoViz', 'lightly', 'ViZDoom', 'numpy', 'feast', 'langflow', 'mlflow', 'open-webui', 'retro', 'mindsdb', 'pydantic', 'nalp', 'danswerai', 'rasa', 'pattern', 'superset', 'bokeh', 'Auto_ViML', 'fastapi', 'spammy', 'ray', 'PySyft', 'pytensor', 'pytorch', 'gradio', 'streamlit', 'transformers', 'DIGITS', 'AutoViz', 'lightly', 'ViZDoom', 'numpy', 'feast', 'langflow', 'mlflow', 'open-webui', 'retro', 'mindsdb', 'pydantic', 'nalp', 'danswerai', 'rasa', 'pattern', 'superset', 'bokeh', 'Auto_ViML', 'fastapi', 'spammy', 'ray', 'PySyft', 'pytensor', 'pytorch', 'gradio', 'streamlit', 'transformers', 'DIGITS', 'AutoViz', 'lightly', 'ViZDoom', 'numpy', 'feast', 'langflow', 'mlflow', 'open-webui', 'retro', 'mindsdb', 'pydantic', 'nalp', 'danswerai', 'rasa', 'pattern', 'superset', 'bokeh', 'Auto_ViML', 'fastapi', 'spammy', 'ray', 'PySyft', 'pytensor', 'pytorch', 'gradio', 'streamlit', 'transformers', 'DIGITS', 'AutoViz', 'lightly', 'ViZDoom', 'numpy', 'feast', 'langflow', 'mlflow', 'open-webui', 'retro', 'mindsdb', 'pydantic', 'nalp', 'danswerai', 'rasa', 'pattern', 'superset', 'bokeh', 'Auto_ViML', 'fastapi', 'spammy', 'ray', 'PySyft', 'pytensor', 'pytorch', 'gradio', 'streamlit', 'transformers', 'DIGITS', 'AutoViz']"
290,variant,106,Struts: Plug-in Framework not in Use,130,91,"['lightly', 'ViZDoom', 'numpy', 'feast', 'langflow', 'mlflow', 'open-webui', 'retro', 'mindsdb', 'pydantic', 'nalp', 'danswerai', 'rasa', 'pattern', 'superset', 'bokeh', 'Auto_ViML', 'fastapi', 'spammy', 'ray', 'PySyft', 'pytensor', 'pytorch', 'gradio', 'streamlit', 'transformers', 'DIGITS', 'AutoViz', 'lightly', 'ViZDoom', 'numpy', 'feast', 'langflow', 'mlflow', 'open-webui', 'retro', 'mindsdb', 'pydantic', 'nalp', 'danswerai', 'rasa', 'pattern', 'superset', 'bokeh', 'Auto_ViML', 'fastapi', 'spammy', 'ray', 'PySyft', 'pytensor', 'pytorch', 'gradio', 'streamlit', 'transformers', 'DIGITS', 'AutoViz', 'lightly', 'ViZDoom', 'numpy', 'feast', 'langflow', 'mlflow', 'open-webui', 'retro', 'mindsdb', 'pydantic', 'nalp', 'danswerai', 'rasa', 'pattern', 'superset', 'bokeh', 'Auto_ViML', 'fastapi', 'spammy', 'ray', 'PySyft', 'pytensor', 'pytorch', 'gradio', 'streamlit', 'transformers', 'DIGITS', 'AutoViz', 'lightly', 'ViZDoom', 'numpy', 'feast', 'langflow', 'mlflow', 'open-webui', 'retro', 'mindsdb', 'pydantic', 'nalp', 'danswerai', 'rasa', 'pattern', 'superset', 'bokeh', 'Auto_ViML', 'fastapi', 'spammy', 'ray', 'PySyft', 'pytensor', 'pytorch', 'gradio', 'streamlit', 'transformers', 'DIGITS', 'AutoViz', 'lightly', 'ViZDoom', 'numpy', 'feast', 'langflow', 'mlflow', 'open-webui', 'retro', 'mindsdb', 'pydantic', 'nalp', 'danswerai', 'rasa', 'pattern', 'superset', 'bokeh', 'Auto_ViML', 'fastapi', 'spammy', 'ray', 'PySyft', 'pytensor', 'pytorch', 'gradio', 'streamlit', 'transformers', 'DIGITS', 'AutoViz']"
291,variant,107,Struts: Unused Validation Form,135,91,"['lightly', 'ViZDoom', 'numpy', 'feast', 'langflow', 'mlflow', 'open-webui', 'retro', 'mindsdb', 'pydantic', 'nalp', 'danswerai', 'rasa', 'pattern', 'superset', 'bokeh', 'Auto_ViML', 'fastapi', 'spammy', 'ray', 'PySyft', 'pytensor', 'pytorch', 'gradio', 'streamlit', 'transformers', 'DIGITS', 'AutoViz', 'lightly', 'ViZDoom', 'numpy', 'feast', 'langflow', 'mlflow', 'open-webui', 'retro', 'mindsdb', 'pydantic', 'nalp', 'danswerai', 'rasa', 'pattern', 'superset', 'bokeh', 'Auto_ViML', 'fastapi', 'spammy', 'ray', 'PySyft', 'pytensor', 'pytorch', 'gradio', 'streamlit', 'transformers', 'DIGITS', 'AutoViz', 'lightly', 'ViZDoom', 'numpy', 'feast', 'langflow', 'mlflow', 'open-webui', 'retro', 'mindsdb', 'pydantic', 'nalp', 'danswerai', 'rasa', 'pattern', 'superset', 'bokeh', 'Auto_ViML', 'fastapi', 'spammy', 'ray', 'PySyft', 'pytensor', 'pytorch', 'gradio', 'streamlit', 'transformers', 'DIGITS', 'AutoViz', 'lightly', 'ViZDoom', 'numpy', 'feast', 'langflow', 'mlflow', 'open-webui', 'retro', 'mindsdb', 'pydantic', 'nalp', 'danswerai', 'rasa', 'pattern', 'superset', 'bokeh', 'Auto_ViML', 'fastapi', 'spammy', 'ray', 'PySyft', 'pytensor', 'pytorch', 'gradio', 'streamlit', 'transformers', 'DIGITS', 'AutoViz', 'lightly', 'ViZDoom', 'numpy', 'feast', 'langflow', 'mlflow', 'open-webui', 'retro', 'mindsdb', 'pydantic', 'nalp', 'danswerai', 'rasa', 'pattern', 'superset', 'bokeh', 'Auto_ViML', 'fastapi', 'spammy', 'ray', 'PySyft', 'pytensor', 'pytorch', 'gradio', 'streamlit', 'transformers', 'DIGITS', 'AutoViz']"
292,variant,108,Struts: Unvalidated Action Form,140,91,"['lightly', 'ViZDoom', 'numpy', 'feast', 'langflow', 'mlflow', 'open-webui', 'retro', 'mindsdb', 'pydantic', 'nalp', 'danswerai', 'rasa', 'pattern', 'superset', 'bokeh', 'Auto_ViML', 'fastapi', 'spammy', 'ray', 'PySyft', 'pytensor', 'pytorch', 'gradio', 'streamlit', 'transformers', 'DIGITS', 'AutoViz', 'lightly', 'ViZDoom', 'numpy', 'feast', 'langflow', 'mlflow', 'open-webui', 'retro', 'mindsdb', 'pydantic', 'nalp', 'danswerai', 'rasa', 'pattern', 'superset', 'bokeh', 'Auto_ViML', 'fastapi', 'spammy', 'ray', 'PySyft', 'pytensor', 'pytorch', 'gradio', 'streamlit', 'transformers', 'DIGITS', 'AutoViz', 'lightly', 'ViZDoom', 'numpy', 'feast', 'langflow', 'mlflow', 'open-webui', 'retro', 'mindsdb', 'pydantic', 'nalp', 'danswerai', 'rasa', 'pattern', 'superset', 'bokeh', 'Auto_ViML', 'fastapi', 'spammy', 'ray', 'PySyft', 'pytensor', 'pytorch', 'gradio', 'streamlit', 'transformers', 'DIGITS', 'AutoViz', 'lightly', 'ViZDoom', 'numpy', 'feast', 'langflow', 'mlflow', 'open-webui', 'retro', 'mindsdb', 'pydantic', 'nalp', 'danswerai', 'rasa', 'pattern', 'superset', 'bokeh', 'Auto_ViML', 'fastapi', 'spammy', 'ray', 'PySyft', 'pytensor', 'pytorch', 'gradio', 'streamlit', 'transformers', 'DIGITS', 'AutoViz', 'lightly', 'ViZDoom', 'numpy', 'feast', 'langflow', 'mlflow', 'open-webui', 'retro', 'mindsdb', 'pydantic', 'nalp', 'danswerai', 'rasa', 'pattern', 'superset', 'bokeh', 'Auto_ViML', 'fastapi', 'spammy', 'ray', 'PySyft', 'pytensor', 'pytorch', 'gradio', 'streamlit', 'transformers', 'DIGITS', 'AutoViz']"
293,variant,109,Struts: Validator Turned Off,145,91,"['lightly', 'ViZDoom', 'numpy', 'feast', 'langflow', 'mlflow', 'open-webui', 'retro', 'mindsdb', 'pydantic', 'nalp', 'danswerai', 'rasa', 'pattern', 'superset', 'bokeh', 'Auto_ViML', 'fastapi', 'spammy', 'ray', 'PySyft', 'pytensor', 'pytorch', 'gradio', 'streamlit', 'transformers', 'DIGITS', 'AutoViz', 'lightly', 'ViZDoom', 'numpy', 'feast', 'langflow', 'mlflow', 'open-webui', 'retro', 'mindsdb', 'pydantic', 'nalp', 'danswerai', 'rasa', 'pattern', 'superset', 'bokeh', 'Auto_ViML', 'fastapi', 'spammy', 'ray', 'PySyft', 'pytensor', 'pytorch', 'gradio', 'streamlit', 'transformers', 'DIGITS', 'AutoViz', 'lightly', 'ViZDoom', 'numpy', 'feast', 'langflow', 'mlflow', 'open-webui', 'retro', 'mindsdb', 'pydantic', 'nalp', 'danswerai', 'rasa', 'pattern', 'superset', 'bokeh', 'Auto_ViML', 'fastapi', 'spammy', 'ray', 'PySyft', 'pytensor', 'pytorch', 'gradio', 'streamlit', 'transformers', 'DIGITS', 'AutoViz', 'lightly', 'ViZDoom', 'numpy', 'feast', 'langflow', 'mlflow', 'open-webui', 'retro', 'mindsdb', 'pydantic', 'nalp', 'danswerai', 'rasa', 'pattern', 'superset', 'bokeh', 'Auto_ViML', 'fastapi', 'spammy', 'ray', 'PySyft', 'pytensor', 'pytorch', 'gradio', 'streamlit', 'transformers', 'DIGITS', 'AutoViz', 'lightly', 'ViZDoom', 'numpy', 'feast', 'langflow', 'mlflow', 'open-webui', 'retro', 'mindsdb', 'pydantic', 'nalp', 'danswerai', 'rasa', 'pattern', 'superset', 'bokeh', 'Auto_ViML', 'fastapi', 'spammy', 'ray', 'PySyft', 'pytensor', 'pytorch', 'gradio', 'streamlit', 'transformers', 'DIGITS', 'AutoViz']"
294,variant,110,Struts: Validator Without Form Field,150,91,"['lightly', 'ViZDoom', 'numpy', 'feast', 'langflow', 'mlflow', 'open-webui', 'retro', 'mindsdb', 'pydantic', 'nalp', 'danswerai', 'rasa', 'pattern', 'superset', 'bokeh', 'Auto_ViML', 'fastapi', 'spammy', 'ray', 'PySyft', 'pytensor', 'pytorch', 'gradio', 'streamlit', 'transformers', 'DIGITS', 'AutoViz', 'lightly', 'ViZDoom', 'numpy', 'feast', 'langflow', 'mlflow', 'open-webui', 'retro', 'mindsdb', 'pydantic', 'nalp', 'danswerai', 'rasa', 'pattern', 'superset', 'bokeh', 'Auto_ViML', 'fastapi', 'spammy', 'ray', 'PySyft', 'pytensor', 'pytorch', 'gradio', 'streamlit', 'transformers', 'DIGITS', 'AutoViz', 'lightly', 'ViZDoom', 'numpy', 'feast', 'langflow', 'mlflow', 'open-webui', 'retro', 'mindsdb', 'pydantic', 'nalp', 'danswerai', 'rasa', 'pattern', 'superset', 'bokeh', 'Auto_ViML', 'fastapi', 'spammy', 'ray', 'PySyft', 'pytensor', 'pytorch', 'gradio', 'streamlit', 'transformers', 'DIGITS', 'AutoViz', 'lightly', 'ViZDoom', 'numpy', 'feast', 'langflow', 'mlflow', 'open-webui', 'retro', 'mindsdb', 'pydantic', 'nalp', 'danswerai', 'rasa', 'pattern', 'superset', 'bokeh', 'Auto_ViML', 'fastapi', 'spammy', 'ray', 'PySyft', 'pytensor', 'pytorch', 'gradio', 'streamlit', 'transformers', 'DIGITS', 'AutoViz', 'lightly', 'ViZDoom', 'numpy', 'feast', 'langflow', 'mlflow', 'open-webui', 'retro', 'mindsdb', 'pydantic', 'nalp', 'danswerai', 'rasa', 'pattern', 'superset', 'bokeh', 'Auto_ViML', 'fastapi', 'spammy', 'ray', 'PySyft', 'pytensor', 'pytorch', 'gradio', 'streamlit', 'transformers', 'DIGITS', 'AutoViz']"
295,variant,111,Direct Use of Unsafe JNI,155,91,"['lightly', 'ViZDoom', 'numpy', 'feast', 'langflow', 'mlflow', 'open-webui', 'retro', 'mindsdb', 'pydantic', 'nalp', 'danswerai', 'rasa', 'pattern', 'superset', 'bokeh', 'Auto_ViML', 'fastapi', 'spammy', 'ray', 'PySyft', 'pytensor', 'pytorch', 'gradio', 'streamlit', 'transformers', 'DIGITS', 'AutoViz', 'lightly', 'ViZDoom', 'numpy', 'feast', 'langflow', 'mlflow', 'open-webui', 'retro', 'mindsdb', 'pydantic', 'nalp', 'danswerai', 'rasa', 'pattern', 'superset', 'bokeh', 'Auto_ViML', 'fastapi', 'spammy', 'ray', 'PySyft', 'pytensor', 'pytorch', 'gradio', 'streamlit', 'transformers', 'DIGITS', 'AutoViz', 'lightly', 'ViZDoom', 'numpy', 'feast', 'langflow', 'mlflow', 'open-webui', 'retro', 'mindsdb', 'pydantic', 'nalp', 'danswerai', 'rasa', 'pattern', 'superset', 'bokeh', 'Auto_ViML', 'fastapi', 'spammy', 'ray', 'PySyft', 'pytensor', 'pytorch', 'gradio', 'streamlit', 'transformers', 'DIGITS', 'AutoViz', 'lightly', 'ViZDoom', 'numpy', 'feast', 'langflow', 'mlflow', 'open-webui', 'retro', 'mindsdb', 'pydantic', 'nalp', 'danswerai', 'rasa', 'pattern', 'superset', 'bokeh', 'Auto_ViML', 'fastapi', 'spammy', 'ray', 'PySyft', 'pytensor', 'pytorch', 'gradio', 'streamlit', 'transformers', 'DIGITS', 'AutoViz', 'lightly', 'ViZDoom', 'numpy', 'feast', 'langflow', 'mlflow', 'open-webui', 'retro', 'mindsdb', 'pydantic', 'nalp', 'danswerai', 'rasa', 'pattern', 'superset', 'bokeh', 'Auto_ViML', 'fastapi', 'spammy', 'ray', 'PySyft', 'pytensor', 'pytorch', 'gradio', 'streamlit', 'transformers', 'DIGITS', 'AutoViz']"
296,variant,113,Improper Neutralization of CRLF Sequences in HTTP Headers ('HTTP Request/Response Splitting'),174,121,"['lightly', 'ViZDoom', 'numpy', 'feast', 'langflow', 'mlflow', 'open-webui', 'retro', 'mindsdb', 'pydantic', 'nalp', 'danswerai', 'rasa', 'pattern', 'superset', 'bokeh', 'Auto_ViML', 'fastapi', 'spammy', 'ray', 'PySyft', 'pytensor', 'pytorch', 'gradio', 'streamlit', 'transformers', 'DIGITS', 'AutoViz', 'lightly', 'ViZDoom', 'numpy', 'feast', 'langflow', 'mlflow', 'open-webui', 'retro', 'mindsdb', 'pydantic', 'nalp', 'danswerai', 'rasa', 'pattern', 'superset', 'bokeh', 'Auto_ViML', 'fastapi', 'spammy', 'ray', 'PySyft', 'pytensor', 'pytorch', 'gradio', 'streamlit', 'transformers', 'DIGITS', 'AutoViz', 'lightly', 'ViZDoom', 'numpy', 'feast', 'langflow', 'mlflow', 'open-webui', 'retro', 'mindsdb', 'pydantic', 'nalp', 'danswerai', 'rasa', 'pattern', 'superset', 'bokeh', 'Auto_ViML', 'fastapi', 'spammy', 'ray', 'PySyft', 'pytensor', 'pytorch', 'gradio', 'streamlit', 'transformers', 'DIGITS', 'AutoViz', 'lightly', 'ViZDoom', 'numpy', 'feast', 'langflow', 'mlflow', 'open-webui', 'retro', 'mindsdb', 'pydantic', 'nalp', 'danswerai', 'rasa', 'pattern', 'superset', 'bokeh', 'Auto_ViML', 'fastapi', 'spammy', 'ray', 'PySyft', 'pytensor', 'pytorch', 'gradio', 'streamlit', 'transformers', 'DIGITS', 'AutoViz', 'lightly', 'ViZDoom', 'numpy', 'feast', 'langflow', 'mlflow', 'open-webui', 'retro', 'mindsdb', 'pydantic', 'nalp', 'danswerai', 'rasa', 'pattern', 'superset', 'bokeh', 'Auto_ViML', 'fastapi', 'spammy', 'ray', 'PySyft', 'pytensor', 'pytorch', 'gradio', 'streamlit', 'transformers', 'DIGITS', 'AutoViz', 'cornac', 'feast', 'mindsdb', 'bowtie', 'PyTorchCV', 'machine-learning', 'deepface', 'mars', 'DIGITS', 'mlflow']"
297,variant,129,Improper Validation of Array Index,85,91,"['lightly', 'ViZDoom', 'numpy', 'feast', 'langflow', 'mlflow', 'open-webui', 'retro', 'mindsdb', 'pydantic', 'nalp', 'danswerai', 'rasa', 'pattern', 'superset', 'bokeh', 'Auto_ViML', 'fastapi', 'spammy', 'ray', 'PySyft', 'pytensor', 'pytorch', 'gradio', 'streamlit', 'transformers', 'DIGITS', 'AutoViz', 'lightly', 'ViZDoom', 'numpy', 'feast', 'langflow', 'mlflow', 'open-webui', 'retro', 'mindsdb', 'pydantic', 'nalp', 'danswerai', 'rasa', 'pattern', 'superset', 'bokeh', 'Auto_ViML', 'fastapi', 'spammy', 'ray', 'PySyft', 'pytensor', 'pytorch', 'gradio', 'streamlit', 'transformers', 'DIGITS', 'AutoViz', 'lightly', 'ViZDoom', 'numpy', 'feast', 'langflow', 'mlflow', 'open-webui', 'retro', 'mindsdb', 'pydantic', 'nalp', 'danswerai', 'rasa', 'pattern', 'superset', 'bokeh', 'Auto_ViML', 'fastapi', 'spammy', 'ray', 'PySyft', 'pytensor', 'pytorch', 'gradio', 'streamlit', 'transformers', 'DIGITS', 'AutoViz', 'lightly', 'ViZDoom', 'numpy', 'feast', 'langflow', 'mlflow', 'open-webui', 'retro', 'mindsdb', 'pydantic', 'nalp', 'danswerai', 'rasa', 'pattern', 'superset', 'bokeh', 'Auto_ViML', 'fastapi', 'spammy', 'ray', 'PySyft', 'pytensor', 'pytorch', 'gradio', 'streamlit', 'transformers', 'DIGITS', 'AutoViz', 'lightly', 'ViZDoom', 'numpy', 'feast', 'langflow', 'mlflow', 'open-webui', 'retro', 'mindsdb', 'pydantic', 'nalp', 'danswerai', 'rasa', 'pattern', 'superset', 'bokeh', 'Auto_ViML', 'fastapi', 'spammy', 'ray', 'PySyft', 'pytensor', 'pytorch', 'gradio', 'streamlit', 'transformers', 'DIGITS', 'AutoViz']"
298,variant,187,Partial String Comparison,4,3,"['superset', 'transformers']"
299,variant,297,Improper Validation of Certificate with Host Mismatch,2,1,['ray']
300,variant,298,Improper Validation of Certificate Expiration,3,1,['ray']
301,variant,313,Cleartext Storage in a File or on Disk,4,71,"['feast', 'mindsdb', 'langflow', 'Neural', 'cortex', 'bokeh', 'danswerai', 'deepface', 'ray', 'gradio', 'open-webui', 'bentoml', 'comet-llm', 'typer', 'mlflow', 'determined', 'pattern', 'feast', 'mindsdb', 'langflow', 'Neural', 'cortex', 'bokeh', 'danswerai', 'deepface', 'ray', 'gradio', 'open-webui', 'bentoml', 'comet-llm', 'typer', 'mlflow', 'determined', 'pattern']"
302,variant,314,Cleartext Storage in the Registry,6,71,"['feast', 'mindsdb', 'langflow', 'Neural', 'cortex', 'bokeh', 'danswerai', 'deepface', 'ray', 'gradio', 'open-webui', 'bentoml', 'comet-llm', 'typer', 'mlflow', 'determined', 'pattern', 'feast', 'mindsdb', 'langflow', 'Neural', 'cortex', 'bokeh', 'danswerai', 'deepface', 'ray', 'gradio', 'open-webui', 'bentoml', 'comet-llm', 'typer', 'mlflow', 'determined', 'pattern']"
303,variant,315,Cleartext Storage of Sensitive Information in a Cookie,8,71,"['feast', 'mindsdb', 'langflow', 'Neural', 'cortex', 'bokeh', 'danswerai', 'deepface', 'ray', 'gradio', 'open-webui', 'bentoml', 'comet-llm', 'typer', 'mlflow', 'determined', 'pattern', 'feast', 'mindsdb', 'langflow', 'Neural', 'cortex', 'bokeh', 'danswerai', 'deepface', 'ray', 'gradio', 'open-webui', 'bentoml', 'comet-llm', 'typer', 'mlflow', 'determined', 'pattern']"
304,variant,316,Cleartext Storage of Sensitive Information in Memory,10,71,"['feast', 'mindsdb', 'langflow', 'Neural', 'cortex', 'bokeh', 'danswerai', 'deepface', 'ray', 'gradio', 'open-webui', 'bentoml', 'comet-llm', 'typer', 'mlflow', 'determined', 'pattern', 'feast', 'mindsdb', 'langflow', 'Neural', 'cortex', 'bokeh', 'danswerai', 'deepface', 'ray', 'gradio', 'open-webui', 'bentoml', 'comet-llm', 'typer', 'mlflow', 'determined', 'pattern']"
305,variant,317,Cleartext Storage of Sensitive Information in GUI,12,71,"['feast', 'mindsdb', 'langflow', 'Neural', 'cortex', 'bokeh', 'danswerai', 'deepface', 'ray', 'gradio', 'open-webui', 'bentoml', 'comet-llm', 'typer', 'mlflow', 'determined', 'pattern', 'feast', 'mindsdb', 'langflow', 'Neural', 'cortex', 'bokeh', 'danswerai', 'deepface', 'ray', 'gradio', 'open-webui', 'bentoml', 'comet-llm', 'typer', 'mlflow', 'determined', 'pattern']"
306,variant,318,Cleartext Storage of Sensitive Information in Executable,14,71,"['feast', 'mindsdb', 'langflow', 'Neural', 'cortex', 'bokeh', 'danswerai', 'deepface', 'ray', 'gradio', 'open-webui', 'bentoml', 'comet-llm', 'typer', 'mlflow', 'determined', 'pattern', 'feast', 'mindsdb', 'langflow', 'Neural', 'cortex', 'bokeh', 'danswerai', 'deepface', 'ray', 'gradio', 'open-webui', 'bentoml', 'comet-llm', 'typer', 'mlflow', 'determined', 'pattern']"
307,variant,456,Missing Initialization of a Variable,2,27,"['feast', 'mindsdb', 'deeplake', 'open-webui', 'danswerai', 'DeepPavlov', 'mlflow', 'determined', 'rasa']"
308,variant,498,Cloneable Class Containing Sensitive Information,12,59,"['aim', 'pyss3', 'langflow', 'mlflow', 'determined', 'jax', 'gan', 'ColossalAI', 'open-metric-learning', 'pytorch_geometric', 'pytorch-lightning', 'spaCy', 'sinabs', 'bokeh', 'ray', 'catboost', 'LightGBM', 'gradio', 'streamlit', 'transformers', 'bentoml', 'detectron2']"
309,variant,499,Serializable Class Containing Sensitive Data,13,59,"['aim', 'pyss3', 'langflow', 'mlflow', 'determined', 'jax', 'gan', 'ColossalAI', 'open-metric-learning', 'pytorch_geometric', 'pytorch-lightning', 'spaCy', 'sinabs', 'bokeh', 'ray', 'catboost', 'LightGBM', 'gradio', 'streamlit', 'transformers', 'bentoml', 'detectron2']"
310,variant,526,Cleartext Storage of Sensitive Information in an Environment Variable,16,71,"['feast', 'mindsdb', 'langflow', 'Neural', 'cortex', 'bokeh', 'danswerai', 'deepface', 'ray', 'gradio', 'open-webui', 'bentoml', 'comet-llm', 'typer', 'mlflow', 'determined', 'pattern', 'feast', 'mindsdb', 'langflow', 'Neural', 'cortex', 'bokeh', 'danswerai', 'deepface', 'ray', 'gradio', 'open-webui', 'bentoml', 'comet-llm', 'typer', 'mlflow', 'determined', 'pattern']"
311,variant,548,Exposure of Information Through Directory Listing,2,88,"['aim', 'feast', 'PySyft', 'langflow', 'mindsdb', 'ColossalAI', 'superset', 'danswerai', 'blaze', 'machine-learning', 'deepface', 'ray', 'gradio', 'dash', 'open-webui', 'DIGITS', 'mlflow', 'joliGEN']"
312,variant,550,Server-generated Error Message Containing Sensitive Information,4,88,"['aim', 'feast', 'PySyft', 'langflow', 'mindsdb', 'ColossalAI', 'superset', 'danswerai', 'blaze', 'machine-learning', 'deepface', 'ray', 'gradio', 'dash', 'open-webui', 'DIGITS', 'mlflow', 'joliGEN']"
313,variant,564,SQL Injection: Hibernate,14,81,"['feast', 'mindsdb', 'deeplake', 'open-webui', 'danswerai', 'DeepPavlov', 'mlflow', 'determined', 'rasa', 'feast', 'mindsdb', 'deeplake', 'open-webui', 'danswerai', 'DeepPavlov', 'mlflow', 'determined', 'rasa', 'feast', 'mindsdb', 'deeplake', 'open-webui', 'danswerai', 'DeepPavlov', 'mlflow', 'determined', 'rasa']"
314,variant,599,Missing Validation of OpenSSL Certificate,5,1,['ray']
315,variant,600,Uncaught Exception in Servlet,6,88,"['aim', 'feast', 'PySyft', 'langflow', 'mindsdb', 'ColossalAI', 'superset', 'danswerai', 'blaze', 'machine-learning', 'deepface', 'ray', 'gradio', 'dash', 'open-webui', 'DIGITS', 'mlflow', 'joliGEN']"
316,variant,622,Improper Validation of Function Hook Arguments,10,91,"['lightly', 'ViZDoom', 'numpy', 'feast', 'langflow', 'mlflow', 'open-webui', 'retro', 'mindsdb', 'pydantic', 'nalp', 'danswerai', 'rasa', 'pattern', 'superset', 'bokeh', 'Auto_ViML', 'fastapi', 'spammy', 'ray', 'PySyft', 'pytensor', 'pytorch', 'gradio', 'streamlit', 'transformers', 'DIGITS', 'AutoViz', 'lightly', 'ViZDoom', 'numpy', 'feast', 'langflow', 'mlflow', 'open-webui', 'retro', 'mindsdb', 'pydantic', 'nalp', 'danswerai', 'rasa', 'pattern', 'superset', 'bokeh', 'Auto_ViML', 'fastapi', 'spammy', 'ray', 'PySyft', 'pytensor', 'pytorch', 'gradio', 'streamlit', 'transformers', 'DIGITS', 'AutoViz', 'lightly', 'ViZDoom', 'numpy', 'feast', 'langflow', 'mlflow', 'open-webui', 'retro', 'mindsdb', 'pydantic', 'nalp', 'danswerai', 'rasa', 'pattern', 'superset', 'bokeh', 'Auto_ViML', 'fastapi', 'spammy', 'ray', 'PySyft', 'pytensor', 'pytorch', 'gradio', 'streamlit', 'transformers', 'DIGITS', 'AutoViz', 'lightly', 'ViZDoom', 'numpy', 'feast', 'langflow', 'mlflow', 'open-webui', 'retro', 'mindsdb', 'pydantic', 'nalp', 'danswerai', 'rasa', 'pattern', 'superset', 'bokeh', 'Auto_ViML', 'fastapi', 'spammy', 'ray', 'PySyft', 'pytensor', 'pytorch', 'gradio', 'streamlit', 'transformers', 'DIGITS', 'AutoViz', 'lightly', 'ViZDoom', 'numpy', 'feast', 'langflow', 'mlflow', 'open-webui', 'retro', 'mindsdb', 'pydantic', 'nalp', 'danswerai', 'rasa', 'pattern', 'superset', 'bokeh', 'Auto_ViML', 'fastapi', 'spammy', 'ray', 'PySyft', 'pytensor', 'pytorch', 'gradio', 'streamlit', 'transformers', 'DIGITS', 'AutoViz']"
317,variant,644,Improper Neutralization of HTTP Headers for Scripting Syntax,6,165,"['cornac', 'FEDOT', 'numpy', 'feast', 'pyod', 'pybrain', 'lifelines', 'cleanlab', 'couler', 'bowtie', 'bigartm', 'DI-engine', 'vigra', 'annoy', 'deepface', 'catalyst', 'scikit-multiflow', 'zpar', 'ggpy', 'seaborn', 'mlflow', 'alibi-detect', 'open-webui', 'notebook', 'gan', 'stellargraph', 'rockpool', 'lambdo', 'mindsdb', 'ColossalAI', 'pyqtgraph', 'pebl', 'tensorflow', 'mist', 'python-timbl', 'metric-learn', 'DeepPavlov', 'statsmodels', 'superset', 'xlearn', 'nupic.studio', 'breze', 'machine-learning', 'rgf', 'imbalanced-ensemble', 'recommenders', 'mars', 'bytehub', 'tpot', 'catboost', 'alibi', 'segmentation_models', 'pytorch', 'chainer', 'deeppy', 'PyTorchCV', 'dash', 'streamlit', 'snips-nlu', 'transformers', 'DIGITS', 'scikit-image', 'cornac', 'FEDOT', 'numpy', 'feast', 'pyod', 'pybrain', 'lifelines', 'cleanlab', 'couler', 'bowtie', 'bigartm', 'DI-engine', 'vigra', 'annoy', 'deepface', 'catalyst', 'scikit-multiflow', 'zpar', 'ggpy', 'seaborn', 'mlflow', 'alibi-detect', 'open-webui', 'notebook', 'gan', 'stellargraph', 'rockpool', 'lambdo', 'mindsdb', 'ColossalAI', 'pyqtgraph', 'pebl', 'tensorflow', 'mist', 'python-timbl', 'metric-learn', 'DeepPavlov', 'statsmodels', 'superset', 'xlearn', 'nupic.studio', 'breze', 'machine-learning', 'rgf', 'imbalanced-ensemble', 'recommenders', 'mars', 'bytehub', 'tpot', 'catboost', 'alibi', 'segmentation_models', 'pytorch', 'chainer', 'deeppy', 'PyTorchCV', 'dash', 'streamlit', 'snips-nlu', 'transformers', 'DIGITS', 'scikit-image', 'cornac', 'FEDOT', 'numpy', 'feast', 'pyod', 'pybrain', 'lifelines', 'cleanlab', 'couler', 'bowtie', 'bigartm', 'DI-engine', 'vigra', 'annoy', 'deepface', 'catalyst', 'scikit-multiflow', 'zpar', 'ggpy', 'seaborn', 'mlflow', 'alibi-detect', 'open-webui', 'notebook', 'gan', 'stellargraph', 'rockpool', 'lambdo', 'mindsdb', 'ColossalAI', 'pyqtgraph', 'pebl', 'tensorflow', 'mist', 'python-timbl', 'metric-learn', 'DeepPavlov', 'statsmodels', 'superset', 'xlearn', 'nupic.studio', 'breze', 'machine-learning', 'rgf', 'imbalanced-ensemble', 'recommenders', 'mars', 'bytehub', 'tpot', 'catboost', 'alibi', 'segmentation_models', 'pytorch', 'chainer', 'deeppy', 'PyTorchCV', 'dash', 'streamlit', 'snips-nlu', 'transformers', 'DIGITS', 'scikit-image']"
318,variant,759,Use of a One-Way Hash without a Salt,1,11,"['langflow', 'couler', 'gradio', 'streamlit', 'mars', 'danswerai', 'mlflow', 'determined']"
319,variant,760,Use of a One-Way Hash with a Predictable Salt,2,11,"['langflow', 'couler', 'gradio', 'streamlit', 'mars', 'danswerai', 'mlflow', 'determined']"
320,variant,780,Use of RSA Algorithm without OAEP,6,15,"['lightly', 'langflow', 'couler', 'gradio', 'streamlit', 'mars', 'open-webui', 'danswerai', 'mlflow', 'determined', 'lightly', 'langflow', 'couler', 'gradio', 'streamlit', 'mars', 'open-webui', 'danswerai', 'mlflow', 'determined', 'lightly', 'langflow', 'couler', 'gradio', 'streamlit', 'mars', 'open-webui', 'danswerai', 'mlflow', 'determined']"
321,variant,785,Use of Path Manipulation Function without Maximum-sized Buffer,215,91,"['lightly', 'ViZDoom', 'numpy', 'feast', 'langflow', 'mlflow', 'open-webui', 'retro', 'mindsdb', 'pydantic', 'nalp', 'danswerai', 'rasa', 'pattern', 'superset', 'bokeh', 'Auto_ViML', 'fastapi', 'spammy', 'ray', 'PySyft', 'pytensor', 'pytorch', 'gradio', 'streamlit', 'transformers', 'DIGITS', 'AutoViz', 'lightly', 'ViZDoom', 'numpy', 'feast', 'langflow', 'mlflow', 'open-webui', 'retro', 'mindsdb', 'pydantic', 'nalp', 'danswerai', 'rasa', 'pattern', 'superset', 'bokeh', 'Auto_ViML', 'fastapi', 'spammy', 'ray', 'PySyft', 'pytensor', 'pytorch', 'gradio', 'streamlit', 'transformers', 'DIGITS', 'AutoViz', 'lightly', 'ViZDoom', 'numpy', 'feast', 'langflow', 'mlflow', 'open-webui', 'retro', 'mindsdb', 'pydantic', 'nalp', 'danswerai', 'rasa', 'pattern', 'superset', 'bokeh', 'Auto_ViML', 'fastapi', 'spammy', 'ray', 'PySyft', 'pytensor', 'pytorch', 'gradio', 'streamlit', 'transformers', 'DIGITS', 'AutoViz', 'lightly', 'ViZDoom', 'numpy', 'feast', 'langflow', 'mlflow', 'open-webui', 'retro', 'mindsdb', 'pydantic', 'nalp', 'danswerai', 'rasa', 'pattern', 'superset', 'bokeh', 'Auto_ViML', 'fastapi', 'spammy', 'ray', 'PySyft', 'pytensor', 'pytorch', 'gradio', 'streamlit', 'transformers', 'DIGITS', 'AutoViz', 'lightly', 'ViZDoom', 'numpy', 'feast', 'langflow', 'mlflow', 'open-webui', 'retro', 'mindsdb', 'pydantic', 'nalp', 'danswerai', 'rasa', 'pattern', 'superset', 'bokeh', 'Auto_ViML', 'fastapi', 'spammy', 'ray', 'PySyft', 'pytensor', 'pytorch', 'gradio', 'streamlit', 'transformers', 'DIGITS', 'AutoViz']"
322,view,635,Weaknesses Originally Used by NVD from 2008 to 2016,291,7696,"['lightly', 'ViZDoom', 'numpy', 'feast', 'langflow', 'mlflow', 'open-webui', 'retro', 'mindsdb', 'pydantic', 'nalp', 'danswerai', 'rasa', 'pattern', 'superset', 'bokeh', 'Auto_ViML', 'fastapi', 'spammy', 'ray', 'PySyft', 'pytensor', 'pytorch', 'gradio', 'streamlit', 'transformers', 'DIGITS', 'AutoViz', 'lightly', 'ViZDoom', 'numpy', 'feast', 'langflow', 'mlflow', 'open-webui', 'retro', 'mindsdb', 'pydantic', 'nalp', 'danswerai', 'rasa', 'pattern', 'superset', 'bokeh', 'Auto_ViML', 'fastapi', 'spammy', 'ray', 'PySyft', 'pytensor', 'pytorch', 'gradio', 'streamlit', 'transformers', 'DIGITS', 'AutoViz', 'aim', 'pyss3', 'langflow', 'mlflow', 'determined', 'jax', 'gan', 'ColossalAI', 'open-metric-learning', 'pytorch_geometric', 'pytorch-lightning', 'spaCy', 'sinabs', 'bokeh', 'ray', 'catboost', 'LightGBM', 'gradio', 'streamlit', 'transformers', 'bentoml', 'detectron2', 'ViZDoom', 'numpy', 'aim', 'langflow', 'matplotlib', 'Spearmint', 'bigartm', 'DI-engine', 'blaze', 'catalyst', 'typer', 'nilearn', 'mlflow', 'zipline', 'determined', 'retro', 'rep', 'open-webui', 'jax', 'mindsdb', 'deeplake', 'pyqtgraph', 'gensim', 'cortex', 'tensorflow', 'PyStanfordDependencies', 'pydantic', 'mist', 'open-metric-learning', 'neuraltalk', 'danswerai', 'pytorch-lightning', 'shogun', 'rasa', 'loso', 'statsmodels', 'superset', 'bokeh', 'pytorch-image-models', 'ray', 'pynlpl', 'DIGITS', 'mlens', 'scikit-learn-intelex', 'mars', 'catboost', 'colibri-core', 'pytorch', 'deeppy', 'skll', 'gradio', 'streamlit', 'altair', 'bentoml', 'xgboost', 'dash', 'scikit-image', 'transformers', 'detectron2', 'cornac', 'FEDOT', 'numpy', 'pyod', 'pybrain', 'lifelines', 'cleanlab', 'couler', 'bigartm', 'DI-engine', 'vigra', 'annoy', 'catalyst', 'scikit-multiflow', 'zpar', 'ggpy', 'seaborn', 'open-webui', 'alibi-detect', 'notebook', 'gan', 'stellargraph', 'rockpool', 'lambdo', 'mindsdb', 'ColossalAI', 'pyqtgraph', 'pebl', 'tensorflow', 'mist', 'python-timbl', 'metric-learn', 'DeepPavlov', 'statsmodels', 'superset', 'xlearn', 'nupic.studio', 'breze', 'rgf', 'imbalanced-ensemble', 'recommenders', 'tpot', 'bytehub', 'catboost', 'alibi', 'segmentation_models', 'pytorch', 'chainer', 'deeppy', 'dash', 'streamlit', 'snips-nlu', 'DIGITS', 'scikit-image', 'lightly', 'ViZDoom', 'numpy', 'feast', 'langflow', 'mlflow', 'open-webui', 'retro', 'mindsdb', 'pydantic', 'nalp', 'danswerai', 'rasa', 'pattern', 'superset', 'bokeh', 'Auto_ViML', 'fastapi', 'spammy', 'ray', 'PySyft', 'pytensor', 'pytorch', 'gradio', 'streamlit', 'transformers', 'DIGITS', 'AutoViz', 'lightly', 'ViZDoom', 'numpy', 'feast', 'langflow', 'mlflow', 'open-webui', 'retro', 'mindsdb', 'pydantic', 'nalp', 'danswerai', 'rasa', 'pattern', 'superset', 'bokeh', 'Auto_ViML', 'fastapi', 'spammy', 'ray', 'PySyft', 'pytensor', 'pytorch', 'gradio', 'streamlit', 'transformers', 'DIGITS', 'AutoViz', 'lightly', 'ViZDoom', 'numpy', 'feast', 'langflow', 'mlflow', 'open-webui', 'retro', 'mindsdb', 'pydantic', 'nalp', 'danswerai', 'rasa', 'pattern', 'superset', 'bokeh', 'Auto_ViML', 'fastapi', 'spammy', 'ray', 'PySyft', 'pytensor', 'pytorch', 'gradio', 'streamlit', 'transformers', 'DIGITS', 'AutoViz', 'cornac', 'FEDOT', 'feast', 'aim', 'pyss3', 'matplotlib', 'lab', 'DI-engine', 'dtaidistance', 'seaborn', 'determined', 'retro', 'BioPy', 'CompreFace', 'lambdo', 'mindsdb', 'Metaworld', 'ColossalAI', 'pyqtgraph', 'gensim', 'hebel', 'textacy', 'statsmodels', 'xlearn', 'deepchecks', 'mars', 'NeuroNER', 'PySyft', 'scikit-survival', 'haystack', 'emcee', 'transformers', 'streamlit', 'lightwood', 'prodmodel', 'joliGEN', 'ViZDoom', 'pybrain', 'langflow', 'mlxtend', 'Spearmint', 'bigartm', 'skorch', 'vigra', 'blaze', 'catalyst', 'sktime', 'ggpy', 'python-recsys', 'scikit-learn', 'river', 'tesseract', 'pytorch-lightning', 'shogun', 'spaCy', 'yalign', 'ray', 'pynlpl', 'DIGITS', 'LightGBM', 'pytorch', 'PyTorchCV', 'dash', 'polyglot', 'pymc', 'bentoml', 'pkuseg-python', 'scikit-image', 'Gymnasium', 'numpy', 'jProcessing', 'cltk', 'garage', 'zipline', 'alibi-detect', 'xcessiv', 'neural-style-pt', 'nut', 'langfuse', 'optuna', 'deeplake', 'cortex', 'tensorflow', 'pytorch-frame', 'python-timbl', 'danswerai', 'DeepPavlov', 'rasa', 'igel', 'loso', 'SynapseML', 'machine-learning', 'autogluon', 'mlens', 'scikit-learn-intelex', 'catboost', 'somoclu', 'colibri-core', 'keras-tuner', 'neuropredict', 'dowel', 'DrQA', 'deeppy', 'neuraltalk2', 'altair', 'pgmpy', 'evidently', 'detectron2', 'lightly', 'jieba', 'cleanlab', 'Petrel', 'deepface', 'caffe', 'zpar', 'typer', 'nilearn', 'mlflow', 'open-webui', 'jax', 'stellargraph', 'maze', 'pebl', 'mlx', 'open-metric-learning', 'pytorch_geometric', 'neuraltalk', 'retinaface', 'mljar-supervised', 'superset', 'bokeh', 'pytorch-image-models', 'rosetta', 'recommenders', 'tpot', 'Parris', 'pytensor', 'chainer', 'skll', 'pandas', 'bolt', 'scikit-opt', 'vispy', 'gradio', 'CoreNLP', 'xgboost', 'cornac', 'feast', 'mindsdb', 'bowtie', 'PyTorchCV', 'machine-learning', 'deepface', 'mars', 'DIGITS', 'mlflow', 'feast', 'mindsdb', 'deeplake', 'open-webui', 'danswerai', 'DeepPavlov', 'mlflow', 'determined', 'rasa']"
323,view,884,CWE Cross-section,293,30395,"['aim', 'feast', 'PySyft', 'langflow', 'mindsdb', 'ColossalAI', 'superset', 'danswerai', 'blaze', 'machine-learning', 'deepface', 'ray', 'gradio', 'dash', 'open-webui', 'DIGITS', 'mlflow', 'joliGEN', 'mindsdb', 'langflow', 'superset', 'DIGITS', 'face_recognition', 'ViZDoom', 'numpy', 'aim', 'langflow', 'matplotlib', 'Spearmint', 'bigartm', 'DI-engine', 'blaze', 'catalyst', 'typer', 'nilearn', 'mlflow', 'zipline', 'determined', 'retro', 'rep', 'open-webui', 'jax', 'mindsdb', 'deeplake', 'pyqtgraph', 'gensim', 'cortex', 'tensorflow', 'PyStanfordDependencies', 'pydantic', 'mist', 'open-metric-learning', 'neuraltalk', 'danswerai', 'pytorch-lightning', 'shogun', 'rasa', 'loso', 'statsmodels', 'superset', 'bokeh', 'pytorch-image-models', 'ray', 'pynlpl', 'DIGITS', 'mlens', 'scikit-learn-intelex', 'mars', 'catboost', 'colibri-core', 'pytorch', 'deeppy', 'skll', 'gradio', 'streamlit', 'altair', 'bentoml', 'xgboost', 'dash', 'scikit-image', 'transformers', 'detectron2', 'ViZDoom', 'numpy', 'aim', 'langflow', 'matplotlib', 'Spearmint', 'bigartm', 'DI-engine', 'blaze', 'catalyst', 'typer', 'nilearn', 'mlflow', 'zipline', 'determined', 'retro', 'rep', 'open-webui', 'jax', 'mindsdb', 'deeplake', 'pyqtgraph', 'gensim', 'cortex', 'tensorflow', 'PyStanfordDependencies', 'pydantic', 'mist', 'open-metric-learning', 'neuraltalk', 'danswerai', 'pytorch-lightning', 'shogun', 'rasa', 'loso', 'statsmodels', 'superset', 'bokeh', 'pytorch-image-models', 'ray', 'pynlpl', 'DIGITS', 'mlens', 'scikit-learn-intelex', 'mars', 'catboost', 'colibri-core', 'pytorch', 'deeppy', 'skll', 'gradio', 'streamlit', 'altair', 'bentoml', 'xgboost', 'dash', 'scikit-image', 'transformers', 'detectron2', 'cornac', 'FEDOT', 'numpy', 'pyod', 'pybrain', 'lifelines', 'cleanlab', 'couler', 'bigartm', 'DI-engine', 'vigra', 'annoy', 'catalyst', 'scikit-multiflow', 'zpar', 'ggpy', 'seaborn', 'open-webui', 'alibi-detect', 'notebook', 'gan', 'stellargraph', 'rockpool', 'lambdo', 'mindsdb', 'ColossalAI', 'pyqtgraph', 'pebl', 'tensorflow', 'mist', 'python-timbl', 'metric-learn', 'DeepPavlov', 'statsmodels', 'superset', 'xlearn', 'nupic.studio', 'breze', 'rgf', 'imbalanced-ensemble', 'recommenders', 'tpot', 'bytehub', 'catboost', 'alibi', 'segmentation_models', 'pytorch', 'chainer', 'deeppy', 'dash', 'streamlit', 'snips-nlu', 'DIGITS', 'scikit-image', 'cornac', 'FEDOT', 'numpy', 'pyod', 'pybrain', 'lifelines', 'cleanlab', 'couler', 'bigartm', 'DI-engine', 'vigra', 'annoy', 'catalyst', 'scikit-multiflow', 'zpar', 'ggpy', 'seaborn', 'open-webui', 'alibi-detect', 'notebook', 'gan', 'stellargraph', 'rockpool', 'lambdo', 'mindsdb', 'ColossalAI', 'pyqtgraph', 'pebl', 'tensorflow', 'mist', 'python-timbl', 'metric-learn', 'DeepPavlov', 'statsmodels', 'superset', 'xlearn', 'nupic.studio', 'breze', 'rgf', 'imbalanced-ensemble', 'recommenders', 'tpot', 'bytehub', 'catboost', 'alibi', 'segmentation_models', 'pytorch', 'chainer', 'deeppy', 'dash', 'streamlit', 'snips-nlu', 'DIGITS', 'scikit-image', 'cornac', 'FEDOT', 'feast', 'pyod', 'matplotlib', 'DI-engine', 'Sklearn-genetic-opt', 'determined', 'opfython', 'rep', 'lambdo', 'mindsdb', 'ColossalAI', 'pyqtgraph', 'hebel', 'PCV', 'tflearn', 'statsmodels', 'deepchecks', 'backprop', 'mars', 'NeuroNER', 'sentiment-analyzer', 'haystack', 'lightning-bolts', 'transformers', 'streamlit', 'lightwood', 'face_recognition', 'prodmodel', 'joliGEN', 'ViZDoom', 'pybrain', 'mlxtend', 'bigartm', 'skorch', 'catalyst', 'evostra', 'python-recsys', 'dl-translate', 'scikit-learn', 'river', 'pytorch-lightning', 'opytimizer', 'yalign', 'ray', 'DIGITS', 'alibi', 'LightGBM', 'xgboost', 'pytorch', 'PyTorchCV', 'polyglot', 'bentoml', 'pkuseg-python', 'numpy', 'jProcessing', 'cltk', 'miraiml', 'garage', 'zipline', 'alibi-detect', 'neural-style-pt', 'nut', 'tensorflow', 'pytorch-frame', 'DeepPavlov', 'rasa', 'igel', 'loso', 'machine-learning', 'autogluon', 'mlens', 'scikit-learn-intelex', 'catboost', 'keras-tuner', 'shapash', 'eurybia', 'neuropredict', 'DrQA', 'deeppy', 'pytorch_geometric_temporal', 'evidently', 'detectron2', 'lightly', 'jieba', 'cleanlab', 'Petrel', 'deepface', 'caffe', 'zpar', 'mlflow', 'TResNet', 'frouros', 'maze', 'pebl', 'open-metric-learning', 'pytorch_geometric', 'neuraltalk', 'mljar-supervised', 'bokeh', 'pytorch-image-models', 'segmentation_models.pytorch', 'simpleai', 'sentiment_classifier', 'recommenders', 'chefboost', 'snownlp', 'pytensor', 'chainer', 'skll', 'pandas', 'bolt', 'dedupe', 'neurolab', 'superset', 'transformers', 'cornac', 'FEDOT', 'feast', 'aim', 'pyss3', 'matplotlib', 'lab', 'DI-engine', 'dtaidistance', 'seaborn', 'determined', 'retro', 'BioPy', 'CompreFace', 'lambdo', 'mindsdb', 'Metaworld', 'ColossalAI', 'pyqtgraph', 'gensim', 'hebel', 'textacy', 'statsmodels', 'xlearn', 'deepchecks', 'mars', 'NeuroNER', 'PySyft', 'scikit-survival', 'haystack', 'emcee', 'transformers', 'streamlit', 'lightwood', 'prodmodel', 'joliGEN', 'ViZDoom', 'pybrain', 'langflow', 'mlxtend', 'Spearmint', 'bigartm', 'skorch', 'vigra', 'blaze', 'catalyst', 'sktime', 'ggpy', 'python-recsys', 'scikit-learn', 'river', 'tesseract', 'pytorch-lightning', 'shogun', 'spaCy', 'yalign', 'ray', 'pynlpl', 'DIGITS', 'LightGBM', 'pytorch', 'PyTorchCV', 'dash', 'polyglot', 'pymc', 'bentoml', 'pkuseg-python', 'scikit-image', 'Gymnasium', 'numpy', 'jProcessing', 'cltk', 'garage', 'zipline', 'alibi-detect', 'xcessiv', 'neural-style-pt', 'nut', 'langfuse', 'optuna', 'deeplake', 'cortex', 'tensorflow', 'pytorch-frame', 'python-timbl', 'danswerai', 'DeepPavlov', 'rasa', 'igel', 'loso', 'SynapseML', 'machine-learning', 'autogluon', 'mlens', 'scikit-learn-intelex', 'catboost', 'somoclu', 'colibri-core', 'keras-tuner', 'neuropredict', 'dowel', 'DrQA', 'deeppy', 'neuraltalk2', 'altair', 'pgmpy', 'evidently', 'detectron2', 'lightly', 'jieba', 'cleanlab', 'Petrel', 'deepface', 'caffe', 'zpar', 'typer', 'nilearn', 'mlflow', 'open-webui', 'jax', 'stellargraph', 'maze', 'pebl', 'mlx', 'open-metric-learning', 'pytorch_geometric', 'neuraltalk', 'retinaface', 'mljar-supervised', 'superset', 'bokeh', 'pytorch-image-models', 'rosetta', 'recommenders', 'tpot', 'Parris', 'pytensor', 'chainer', 'skll', 'pandas', 'bolt', 'scikit-opt', 'vispy', 'gradio', 'CoreNLP', 'xgboost', 'cornac', 'FEDOT', 'feast', 'aim', 'pyss3', 'matplotlib', 'lab', 'DI-engine', 'dtaidistance', 'seaborn', 'determined', 'retro', 'BioPy', 'CompreFace', 'lambdo', 'mindsdb', 'Metaworld', 'ColossalAI', 'pyqtgraph', 'gensim', 'hebel', 'textacy', 'statsmodels', 'xlearn', 'deepchecks', 'mars', 'NeuroNER', 'PySyft', 'scikit-survival', 'haystack', 'emcee', 'transformers', 'streamlit', 'lightwood', 'prodmodel', 'joliGEN', 'ViZDoom', 'pybrain', 'langflow', 'mlxtend', 'Spearmint', 'bigartm', 'skorch', 'vigra', 'blaze', 'catalyst', 'sktime', 'ggpy', 'python-recsys', 'scikit-learn', 'river', 'tesseract', 'pytorch-lightning', 'shogun', 'spaCy', 'yalign', 'ray', 'pynlpl', 'DIGITS', 'LightGBM', 'pytorch', 'PyTorchCV', 'dash', 'polyglot', 'pymc', 'bentoml', 'pkuseg-python', 'scikit-image', 'Gymnasium', 'numpy', 'jProcessing', 'cltk', 'garage', 'zipline', 'alibi-detect', 'xcessiv', 'neural-style-pt', 'nut', 'langfuse', 'optuna', 'deeplake', 'cortex', 'tensorflow', 'pytorch-frame', 'python-timbl', 'danswerai', 'DeepPavlov', 'rasa', 'igel', 'loso', 'SynapseML', 'machine-learning', 'autogluon', 'mlens', 'scikit-learn-intelex', 'catboost', 'somoclu', 'colibri-core', 'keras-tuner', 'neuropredict', 'dowel', 'DrQA', 'deeppy', 'neuraltalk2', 'altair', 'pgmpy', 'evidently', 'detectron2', 'lightly', 'jieba', 'cleanlab', 'Petrel', 'deepface', 'caffe', 'zpar', 'typer', 'nilearn', 'mlflow', 'open-webui', 'jax', 'stellargraph', 'maze', 'pebl', 'mlx', 'open-metric-learning', 'pytorch_geometric', 'neuraltalk', 'retinaface', 'mljar-supervised', 'superset', 'bokeh', 'pytorch-image-models', 'rosetta', 'recommenders', 'tpot', 'Parris', 'pytensor', 'chainer', 'skll', 'pandas', 'bolt', 'scikit-opt', 'vispy', 'gradio', 'CoreNLP', 'xgboost', 'cornac', 'FEDOT', 'feast', 'aim', 'pyss3', 'matplotlib', 'lab', 'DI-engine', 'dtaidistance', 'seaborn', 'determined', 'retro', 'BioPy', 'CompreFace', 'lambdo', 'mindsdb', 'Metaworld', 'ColossalAI', 'pyqtgraph', 'gensim', 'hebel', 'textacy', 'statsmodels', 'xlearn', 'deepchecks', 'mars', 'NeuroNER', 'PySyft', 'scikit-survival', 'haystack', 'emcee', 'transformers', 'streamlit', 'lightwood', 'prodmodel', 'joliGEN', 'ViZDoom', 'pybrain', 'langflow', 'mlxtend', 'Spearmint', 'bigartm', 'skorch', 'vigra', 'blaze', 'catalyst', 'sktime', 'ggpy', 'python-recsys', 'scikit-learn', 'river', 'tesseract', 'pytorch-lightning', 'shogun', 'spaCy', 'yalign', 'ray', 'pynlpl', 'DIGITS', 'LightGBM', 'pytorch', 'PyTorchCV', 'dash', 'polyglot', 'pymc', 'bentoml', 'pkuseg-python', 'scikit-image', 'Gymnasium', 'numpy', 'jProcessing', 'cltk', 'garage', 'zipline', 'alibi-detect', 'xcessiv', 'neural-style-pt', 'nut', 'langfuse', 'optuna', 'deeplake', 'cortex', 'tensorflow', 'pytorch-frame', 'python-timbl', 'danswerai', 'DeepPavlov', 'rasa', 'igel', 'loso', 'SynapseML', 'machine-learning', 'autogluon', 'mlens', 'scikit-learn-intelex', 'catboost', 'somoclu', 'colibri-core', 'keras-tuner', 'neuropredict', 'dowel', 'DrQA', 'deeppy', 'neuraltalk2', 'altair', 'pgmpy', 'evidently', 'detectron2', 'lightly', 'jieba', 'cleanlab', 'Petrel', 'deepface', 'caffe', 'zpar', 'typer', 'nilearn', 'mlflow', 'open-webui', 'jax', 'stellargraph', 'maze', 'pebl', 'mlx', 'open-metric-learning', 'pytorch_geometric', 'neuraltalk', 'retinaface', 'mljar-supervised', 'superset', 'bokeh', 'pytorch-image-models', 'rosetta', 'recommenders', 'tpot', 'Parris', 'pytensor', 'chainer', 'skll', 'pandas', 'bolt', 'scikit-opt', 'vispy', 'gradio', 'CoreNLP', 'xgboost', 'cornac', 'FEDOT', 'feast', 'aim', 'pyss3', 'matplotlib', 'lab', 'DI-engine', 'dtaidistance', 'seaborn', 'determined', 'retro', 'BioPy', 'CompreFace', 'lambdo', 'mindsdb', 'Metaworld', 'ColossalAI', 'pyqtgraph', 'gensim', 'hebel', 'textacy', 'statsmodels', 'xlearn', 'deepchecks', 'mars', 'NeuroNER', 'PySyft', 'scikit-survival', 'haystack', 'emcee', 'transformers', 'streamlit', 'lightwood', 'prodmodel', 'joliGEN', 'ViZDoom', 'pybrain', 'langflow', 'mlxtend', 'Spearmint', 'bigartm', 'skorch', 'vigra', 'blaze', 'catalyst', 'sktime', 'ggpy', 'python-recsys', 'scikit-learn', 'river', 'tesseract', 'pytorch-lightning', 'shogun', 'spaCy', 'yalign', 'ray', 'pynlpl', 'DIGITS', 'LightGBM', 'pytorch', 'PyTorchCV', 'dash', 'polyglot', 'pymc', 'bentoml', 'pkuseg-python', 'scikit-image', 'Gymnasium', 'numpy', 'jProcessing', 'cltk', 'garage', 'zipline', 'alibi-detect', 'xcessiv', 'neural-style-pt', 'nut', 'langfuse', 'optuna', 'deeplake', 'cortex', 'tensorflow', 'pytorch-frame', 'python-timbl', 'danswerai', 'DeepPavlov', 'rasa', 'igel', 'loso', 'SynapseML', 'machine-learning', 'autogluon', 'mlens', 'scikit-learn-intelex', 'catboost', 'somoclu', 'colibri-core', 'keras-tuner', 'neuropredict', 'dowel', 'DrQA', 'deeppy', 'neuraltalk2', 'altair', 'pgmpy', 'evidently', 'detectron2', 'lightly', 'jieba', 'cleanlab', 'Petrel', 'deepface', 'caffe', 'zpar', 'typer', 'nilearn', 'mlflow', 'open-webui', 'jax', 'stellargraph', 'maze', 'pebl', 'mlx', 'open-metric-learning', 'pytorch_geometric', 'neuraltalk', 'retinaface', 'mljar-supervised', 'superset', 'bokeh', 'pytorch-image-models', 'rosetta', 'recommenders', 'tpot', 'Parris', 'pytensor', 'chainer', 'skll', 'pandas', 'bolt', 'scikit-opt', 'vispy', 'gradio', 'CoreNLP', 'xgboost', 'cornac', 'feast', 'mindsdb', 'bowtie', 'PyTorchCV', 'machine-learning', 'deepface', 'mars', 'DIGITS', 'mlflow', 'feast', 'mindsdb', 'deeplake', 'open-webui', 'danswerai', 'DeepPavlov', 'mlflow', 'determined', 'rasa', 'ViZDoom', 'numpy', 'pyss3', 'langflow', 'jProcessing', 'bigartm', 'DI-engine', 'vigra', 'blaze', 'caffe', 'zpar', 'typer', 'mlflow', 'scikit-learn', 'zipline', 'retro', 'determined', 'open-webui', 'jax', 'lambdo', 'mindsdb', 'ColossalAI', 'pyqtgraph', 'gensim', 'pebl', 'cortex', 'tensorflow', 'pydantic', 'danswerai', 'pytorch-lightning', 'DeepPavlov', 'pattern', 'rasa', 'bokeh', 'xlearn', 'pandas', 'deepchecks', 'ray', 'DIGITS', 'mars', 'scikit-learn-intelex', 'catboost', 'LightGBM', 'dirty_cat', 'DrQA', 'haystack', 'emcee', 'pytorch', 'chainer', 'skll', 'PyTorchCV', 'lightning-bolts', 'CoreNLP', 'vispy', 'gradio', 'streamlit', 'dash', 'bentoml', 'xgboost', 'pymc', 'transformers', 'pgmpy', 'ViZDoom', 'numpy', 'pyss3', 'langflow', 'jProcessing', 'bigartm', 'DI-engine', 'vigra', 'blaze', 'caffe', 'zpar', 'typer', 'mlflow', 'scikit-learn', 'zipline', 'retro', 'determined', 'open-webui', 'jax', 'lambdo', 'mindsdb', 'ColossalAI', 'pyqtgraph', 'gensim', 'pebl', 'cortex', 'tensorflow', 'pydantic', 'danswerai', 'pytorch-lightning', 'DeepPavlov', 'pattern', 'rasa', 'bokeh', 'xlearn', 'pandas', 'deepchecks', 'ray', 'DIGITS', 'mars', 'scikit-learn-intelex', 'catboost', 'LightGBM', 'dirty_cat', 'DrQA', 'haystack', 'emcee', 'pytorch', 'chainer', 'skll', 'PyTorchCV', 'lightning-bolts', 'CoreNLP', 'vispy', 'gradio', 'streamlit', 'dash', 'bentoml', 'xgboost', 'pymc', 'transformers', 'pgmpy', 'feast', 'mindsdb', 'langflow', 'Neural', 'cortex', 'bokeh', 'danswerai', 'deepface', 'ray', 'gradio', 'open-webui', 'bentoml', 'comet-llm', 'typer', 'mlflow', 'determined', 'pattern', 'feast', 'mindsdb', 'langflow', 'Neural', 'cortex', 'bokeh', 'danswerai', 'deepface', 'ray', 'gradio', 'open-webui', 'bentoml', 'comet-llm', 'typer', 'mlflow', 'determined', 'pattern', 'lightly', 'langflow', 'couler', 'gradio', 'streamlit', 'mars', 'open-webui', 'danswerai', 'mlflow', 'determined', 'lightly', 'langflow', 'couler', 'gradio', 'streamlit', 'mars', 'open-webui', 'danswerai', 'mlflow', 'determined', 'lightly', 'langflow', 'couler', 'gradio', 'streamlit', 'mars', 'open-webui', 'danswerai', 'mlflow', 'determined', 'ViZDoom', 'numpy', 'pyss3', 'langflow', 'jProcessing', 'bigartm', 'DI-engine', 'vigra', 'blaze', 'caffe', 'zpar', 'typer', 'mlflow', 'scikit-learn', 'zipline', 'retro', 'determined', 'open-webui', 'jax', 'lambdo', 'mindsdb', 'ColossalAI', 'pyqtgraph', 'gensim', 'pebl', 'cortex', 'tensorflow', 'pydantic', 'danswerai', 'pytorch-lightning', 'DeepPavlov', 'pattern', 'rasa', 'bokeh', 'xlearn', 'pandas', 'deepchecks', 'ray', 'DIGITS', 'mars', 'scikit-learn-intelex', 'catboost', 'LightGBM', 'dirty_cat', 'DrQA', 'haystack', 'emcee', 'pytorch', 'chainer', 'skll', 'PyTorchCV', 'lightning-bolts', 'CoreNLP', 'vispy', 'gradio', 'streamlit', 'dash', 'bentoml', 'xgboost', 'pymc', 'transformers', 'pgmpy']"
324,view,1003,Weaknesses for Simplified Mapping of Published Vulnerabilities,170,694,"['lightly', 'ViZDoom', 'numpy', 'feast', 'langflow', 'mlflow', 'open-webui', 'retro', 'mindsdb', 'pydantic', 'nalp', 'danswerai', 'rasa', 'pattern', 'superset', 'bokeh', 'Auto_ViML', 'fastapi', 'spammy', 'ray', 'PySyft', 'pytensor', 'pytorch', 'gradio', 'streamlit', 'transformers', 'DIGITS', 'AutoViz', 'lightly', 'ViZDoom', 'numpy', 'feast', 'langflow', 'mlflow', 'open-webui', 'retro', 'mindsdb', 'pydantic', 'nalp', 'danswerai', 'rasa', 'pattern', 'superset', 'bokeh', 'Auto_ViML', 'fastapi', 'spammy', 'ray', 'PySyft', 'pytensor', 'pytorch', 'gradio', 'streamlit', 'transformers', 'DIGITS', 'AutoViz', 'aim', 'pyss3', 'langflow', 'mlflow', 'determined', 'jax', 'gan', 'ColossalAI', 'open-metric-learning', 'pytorch_geometric', 'pytorch-lightning', 'spaCy', 'sinabs', 'bokeh', 'ray', 'catboost', 'LightGBM', 'gradio', 'streamlit', 'transformers', 'bentoml', 'detectron2', 'feast', 'superset', 'DI-engine', 'pandas', 'ray', 'DIGITS', 'dl-translate', 'cornac', 'FEDOT', 'numpy', 'feast', 'pyod', 'pybrain', 'lifelines', 'cleanlab', 'couler', 'bowtie', 'bigartm', 'DI-engine', 'vigra', 'annoy', 'deepface', 'catalyst', 'scikit-multiflow', 'zpar', 'ggpy', 'seaborn', 'mlflow', 'alibi-detect', 'open-webui', 'notebook', 'gan', 'stellargraph', 'rockpool', 'lambdo', 'mindsdb', 'ColossalAI', 'pyqtgraph', 'pebl', 'tensorflow', 'mist', 'python-timbl', 'metric-learn', 'DeepPavlov', 'statsmodels', 'superset', 'xlearn', 'nupic.studio', 'breze', 'machine-learning', 'rgf', 'imbalanced-ensemble', 'recommenders', 'mars', 'bytehub', 'tpot', 'catboost', 'alibi', 'segmentation_models', 'pytorch', 'chainer', 'deeppy', 'PyTorchCV', 'dash', 'streamlit', 'snips-nlu', 'transformers', 'DIGITS', 'scikit-image', 'lightly', 'ViZDoom', 'numpy', 'feast', 'langflow', 'mlflow', 'open-webui', 'retro', 'mindsdb', 'pydantic', 'nalp', 'danswerai', 'rasa', 'pattern', 'superset', 'bokeh', 'Auto_ViML', 'fastapi', 'spammy', 'ray', 'PySyft', 'pytensor', 'pytorch', 'gradio', 'streamlit', 'transformers', 'DIGITS', 'AutoViz', 'cornac', 'FEDOT', 'numpy', 'feast', 'pyod', 'pybrain', 'lifelines', 'cleanlab', 'couler', 'bowtie', 'bigartm', 'DI-engine', 'vigra', 'annoy', 'deepface', 'catalyst', 'scikit-multiflow', 'zpar', 'ggpy', 'seaborn', 'mlflow', 'alibi-detect', 'open-webui', 'notebook', 'gan', 'stellargraph', 'rockpool', 'lambdo', 'mindsdb', 'ColossalAI', 'pyqtgraph', 'pebl', 'tensorflow', 'mist', 'python-timbl', 'metric-learn', 'DeepPavlov', 'statsmodels', 'superset', 'xlearn', 'nupic.studio', 'breze', 'machine-learning', 'rgf', 'imbalanced-ensemble', 'recommenders', 'mars', 'bytehub', 'tpot', 'catboost', 'alibi', 'segmentation_models', 'pytorch', 'chainer', 'deeppy', 'PyTorchCV', 'dash', 'streamlit', 'snips-nlu', 'transformers', 'DIGITS', 'scikit-image', 'lightly', 'ViZDoom', 'numpy', 'feast', 'langflow', 'mlflow', 'open-webui', 'retro', 'mindsdb', 'pydantic', 'nalp', 'danswerai', 'rasa', 'pattern', 'superset', 'bokeh', 'Auto_ViML', 'fastapi', 'spammy', 'ray', 'PySyft', 'pytensor', 'pytorch', 'gradio', 'streamlit', 'transformers', 'DIGITS', 'AutoViz', 'lightly', 'ViZDoom', 'numpy', 'feast', 'langflow', 'mlflow', 'open-webui', 'retro', 'mindsdb', 'pydantic', 'nalp', 'danswerai', 'rasa', 'pattern', 'superset', 'bokeh', 'Auto_ViML', 'fastapi', 'spammy', 'ray', 'PySyft', 'pytensor', 'pytorch', 'gradio', 'streamlit', 'transformers', 'DIGITS', 'AutoViz', 'cornac', 'FEDOT', 'numpy', 'feast', 'pyod', 'pybrain', 'lifelines', 'cleanlab', 'couler', 'bowtie', 'bigartm', 'DI-engine', 'vigra', 'annoy', 'deepface', 'catalyst', 'scikit-multiflow', 'zpar', 'ggpy', 'seaborn', 'mlflow', 'alibi-detect', 'open-webui', 'notebook', 'gan', 'stellargraph', 'rockpool', 'lambdo', 'mindsdb', 'ColossalAI', 'pyqtgraph', 'pebl', 'tensorflow', 'mist', 'python-timbl', 'metric-learn', 'DeepPavlov', 'statsmodels', 'superset', 'xlearn', 'nupic.studio', 'breze', 'machine-learning', 'rgf', 'imbalanced-ensemble', 'recommenders', 'mars', 'bytehub', 'tpot', 'catboost', 'alibi', 'segmentation_models', 'pytorch', 'chainer', 'deeppy', 'PyTorchCV', 'dash', 'streamlit', 'snips-nlu', 'transformers', 'DIGITS', 'scikit-image', 'ViZDoom', 'numpy', 'pyss3', 'langflow', 'jProcessing', 'bigartm', 'DI-engine', 'vigra', 'blaze', 'caffe', 'zpar', 'typer', 'mlflow', 'scikit-learn', 'zipline', 'retro', 'determined', 'open-webui', 'jax', 'lambdo', 'mindsdb', 'ColossalAI', 'pyqtgraph', 'gensim', 'pebl', 'cortex', 'tensorflow', 'pydantic', 'danswerai', 'pytorch-lightning', 'DeepPavlov', 'pattern', 'rasa', 'bokeh', 'xlearn', 'pandas', 'deepchecks', 'ray', 'DIGITS', 'mars', 'scikit-learn-intelex', 'catboost', 'LightGBM', 'dirty_cat', 'DrQA', 'haystack', 'emcee', 'pytorch', 'chainer', 'skll', 'PyTorchCV', 'lightning-bolts', 'CoreNLP', 'vispy', 'gradio', 'streamlit', 'dash', 'bentoml', 'xgboost', 'pymc', 'transformers', 'pgmpy', 'ViZDoom', 'numpy', 'pyss3', 'langflow', 'jProcessing', 'bigartm', 'DI-engine', 'vigra', 'blaze', 'caffe', 'zpar', 'typer', 'mlflow', 'scikit-learn', 'zipline', 'retro', 'determined', 'open-webui', 'jax', 'lambdo', 'mindsdb', 'ColossalAI', 'pyqtgraph', 'gensim', 'pebl', 'cortex', 'tensorflow', 'pydantic', 'danswerai', 'pytorch-lightning', 'DeepPavlov', 'pattern', 'rasa', 'bokeh', 'xlearn', 'pandas', 'deepchecks', 'ray', 'DIGITS', 'mars', 'scikit-learn-intelex', 'catboost', 'LightGBM', 'dirty_cat', 'DrQA', 'haystack', 'emcee', 'pytorch', 'chainer', 'skll', 'PyTorchCV', 'lightning-bolts', 'CoreNLP', 'vispy', 'gradio', 'streamlit', 'dash', 'bentoml', 'xgboost', 'pymc', 'transformers', 'pgmpy', 'lightly', 'langflow', 'couler', 'gradio', 'streamlit', 'mars', 'open-webui', 'danswerai', 'mlflow', 'determined', 'lightly', 'langflow', 'couler', 'gradio', 'streamlit', 'mars', 'open-webui', 'danswerai', 'mlflow', 'determined', 'lightly', 'langflow', 'couler', 'gradio', 'streamlit', 'mars', 'open-webui', 'danswerai', 'mlflow', 'determined', 'ViZDoom', 'numpy', 'pyss3', 'langflow', 'jProcessing', 'bigartm', 'DI-engine', 'vigra', 'blaze', 'caffe', 'zpar', 'typer', 'mlflow', 'scikit-learn', 'zipline', 'retro', 'determined', 'open-webui', 'jax', 'lambdo', 'mindsdb', 'ColossalAI', 'pyqtgraph', 'gensim', 'pebl', 'cortex', 'tensorflow', 'pydantic', 'danswerai', 'pytorch-lightning', 'DeepPavlov', 'pattern', 'rasa', 'bokeh', 'xlearn', 'pandas', 'deepchecks', 'ray', 'DIGITS', 'mars', 'scikit-learn-intelex', 'catboost', 'LightGBM', 'dirty_cat', 'DrQA', 'haystack', 'emcee', 'pytorch', 'chainer', 'skll', 'PyTorchCV', 'lightning-bolts', 'CoreNLP', 'vispy', 'gradio', 'streamlit', 'dash', 'bentoml', 'xgboost', 'pymc', 'transformers', 'pgmpy']"
325,view,1200,Weaknesses in the 2019 CWE Top 25 Most Dangerous Software Errors,503,8752,"['lightly', 'ViZDoom', 'numpy', 'feast', 'langflow', 'mlflow', 'open-webui', 'retro', 'mindsdb', 'pydantic', 'nalp', 'danswerai', 'rasa', 'pattern', 'superset', 'bokeh', 'Auto_ViML', 'fastapi', 'spammy', 'ray', 'PySyft', 'pytensor', 'pytorch', 'gradio', 'streamlit', 'transformers', 'DIGITS', 'AutoViz', 'lightly', 'ViZDoom', 'numpy', 'feast', 'langflow', 'mlflow', 'open-webui', 'retro', 'mindsdb', 'pydantic', 'nalp', 'danswerai', 'rasa', 'pattern', 'superset', 'bokeh', 'Auto_ViML', 'fastapi', 'spammy', 'ray', 'PySyft', 'pytensor', 'pytorch', 'gradio', 'streamlit', 'transformers', 'DIGITS', 'AutoViz', 'aim', 'pyss3', 'langflow', 'mlflow', 'determined', 'jax', 'gan', 'ColossalAI', 'open-metric-learning', 'pytorch_geometric', 'pytorch-lightning', 'spaCy', 'sinabs', 'bokeh', 'ray', 'catboost', 'LightGBM', 'gradio', 'streamlit', 'transformers', 'bentoml', 'detectron2', 'ViZDoom', 'numpy', 'aim', 'langflow', 'matplotlib', 'Spearmint', 'bigartm', 'DI-engine', 'blaze', 'catalyst', 'typer', 'nilearn', 'mlflow', 'zipline', 'determined', 'retro', 'rep', 'open-webui', 'jax', 'mindsdb', 'deeplake', 'pyqtgraph', 'gensim', 'cortex', 'tensorflow', 'PyStanfordDependencies', 'pydantic', 'mist', 'open-metric-learning', 'neuraltalk', 'danswerai', 'pytorch-lightning', 'shogun', 'rasa', 'loso', 'statsmodels', 'superset', 'bokeh', 'pytorch-image-models', 'ray', 'pynlpl', 'DIGITS', 'mlens', 'scikit-learn-intelex', 'mars', 'catboost', 'colibri-core', 'pytorch', 'deeppy', 'skll', 'gradio', 'streamlit', 'altair', 'bentoml', 'xgboost', 'dash', 'scikit-image', 'transformers', 'detectron2', 'cornac', 'FEDOT', 'numpy', 'pyod', 'pybrain', 'lifelines', 'cleanlab', 'couler', 'bigartm', 'DI-engine', 'vigra', 'annoy', 'catalyst', 'scikit-multiflow', 'zpar', 'ggpy', 'seaborn', 'open-webui', 'alibi-detect', 'notebook', 'gan', 'stellargraph', 'rockpool', 'lambdo', 'mindsdb', 'ColossalAI', 'pyqtgraph', 'pebl', 'tensorflow', 'mist', 'python-timbl', 'metric-learn', 'DeepPavlov', 'statsmodels', 'superset', 'xlearn', 'nupic.studio', 'breze', 'rgf', 'imbalanced-ensemble', 'recommenders', 'tpot', 'bytehub', 'catboost', 'alibi', 'segmentation_models', 'pytorch', 'chainer', 'deeppy', 'dash', 'streamlit', 'snips-nlu', 'DIGITS', 'scikit-image', 'cornac', 'FEDOT', 'feast', 'pyod', 'matplotlib', 'DI-engine', 'Sklearn-genetic-opt', 'determined', 'opfython', 'rep', 'lambdo', 'mindsdb', 'ColossalAI', 'pyqtgraph', 'hebel', 'PCV', 'tflearn', 'statsmodels', 'deepchecks', 'backprop', 'mars', 'NeuroNER', 'sentiment-analyzer', 'haystack', 'lightning-bolts', 'transformers', 'streamlit', 'lightwood', 'face_recognition', 'prodmodel', 'joliGEN', 'ViZDoom', 'pybrain', 'mlxtend', 'bigartm', 'skorch', 'catalyst', 'evostra', 'python-recsys', 'dl-translate', 'scikit-learn', 'river', 'pytorch-lightning', 'opytimizer', 'yalign', 'ray', 'DIGITS', 'alibi', 'LightGBM', 'xgboost', 'pytorch', 'PyTorchCV', 'polyglot', 'bentoml', 'pkuseg-python', 'numpy', 'jProcessing', 'cltk', 'miraiml', 'garage', 'zipline', 'alibi-detect', 'neural-style-pt', 'nut', 'tensorflow', 'pytorch-frame', 'DeepPavlov', 'rasa', 'igel', 'loso', 'machine-learning', 'autogluon', 'mlens', 'scikit-learn-intelex', 'catboost', 'keras-tuner', 'shapash', 'eurybia', 'neuropredict', 'DrQA', 'deeppy', 'pytorch_geometric_temporal', 'evidently', 'detectron2', 'lightly', 'jieba', 'cleanlab', 'Petrel', 'deepface', 'caffe', 'zpar', 'mlflow', 'TResNet', 'frouros', 'maze', 'pebl', 'open-metric-learning', 'pytorch_geometric', 'neuraltalk', 'mljar-supervised', 'bokeh', 'pytorch-image-models', 'segmentation_models.pytorch', 'simpleai', 'sentiment_classifier', 'recommenders', 'chefboost', 'snownlp', 'pytensor', 'chainer', 'skll', 'pandas', 'bolt', 'dedupe', 'neurolab', 'lightly', 'ViZDoom', 'numpy', 'feast', 'langflow', 'mlflow', 'open-webui', 'retro', 'mindsdb', 'pydantic', 'nalp', 'danswerai', 'rasa', 'pattern', 'superset', 'bokeh', 'Auto_ViML', 'fastapi', 'spammy', 'ray', 'PySyft', 'pytensor', 'pytorch', 'gradio', 'streamlit', 'transformers', 'DIGITS', 'AutoViz', 'lightly', 'ViZDoom', 'numpy', 'feast', 'langflow', 'mlflow', 'open-webui', 'retro', 'mindsdb', 'pydantic', 'nalp', 'danswerai', 'rasa', 'pattern', 'superset', 'bokeh', 'Auto_ViML', 'fastapi', 'spammy', 'ray', 'PySyft', 'pytensor', 'pytorch', 'gradio', 'streamlit', 'transformers', 'DIGITS', 'AutoViz', 'lightly', 'ViZDoom', 'numpy', 'feast', 'langflow', 'mlflow', 'open-webui', 'retro', 'mindsdb', 'pydantic', 'nalp', 'danswerai', 'rasa', 'pattern', 'superset', 'bokeh', 'Auto_ViML', 'fastapi', 'spammy', 'ray', 'PySyft', 'pytensor', 'pytorch', 'gradio', 'streamlit', 'transformers', 'DIGITS', 'AutoViz', 'cornac', 'FEDOT', 'feast', 'aim', 'pyss3', 'matplotlib', 'lab', 'DI-engine', 'dtaidistance', 'seaborn', 'determined', 'retro', 'BioPy', 'CompreFace', 'lambdo', 'mindsdb', 'Metaworld', 'ColossalAI', 'pyqtgraph', 'gensim', 'hebel', 'textacy', 'statsmodels', 'xlearn', 'deepchecks', 'mars', 'NeuroNER', 'PySyft', 'scikit-survival', 'haystack', 'emcee', 'transformers', 'streamlit', 'lightwood', 'prodmodel', 'joliGEN', 'ViZDoom', 'pybrain', 'langflow', 'mlxtend', 'Spearmint', 'bigartm', 'skorch', 'vigra', 'blaze', 'catalyst', 'sktime', 'ggpy', 'python-recsys', 'scikit-learn', 'river', 'tesseract', 'pytorch-lightning', 'shogun', 'spaCy', 'yalign', 'ray', 'pynlpl', 'DIGITS', 'LightGBM', 'pytorch', 'PyTorchCV', 'dash', 'polyglot', 'pymc', 'bentoml', 'pkuseg-python', 'scikit-image', 'Gymnasium', 'numpy', 'jProcessing', 'cltk', 'garage', 'zipline', 'alibi-detect', 'xcessiv', 'neural-style-pt', 'nut', 'langfuse', 'optuna', 'deeplake', 'cortex', 'tensorflow', 'pytorch-frame', 'python-timbl', 'danswerai', 'DeepPavlov', 'rasa', 'igel', 'loso', 'SynapseML', 'machine-learning', 'autogluon', 'mlens', 'scikit-learn-intelex', 'catboost', 'somoclu', 'colibri-core', 'keras-tuner', 'neuropredict', 'dowel', 'DrQA', 'deeppy', 'neuraltalk2', 'altair', 'pgmpy', 'evidently', 'detectron2', 'lightly', 'jieba', 'cleanlab', 'Petrel', 'deepface', 'caffe', 'zpar', 'typer', 'nilearn', 'mlflow', 'open-webui', 'jax', 'stellargraph', 'maze', 'pebl', 'mlx', 'open-metric-learning', 'pytorch_geometric', 'neuraltalk', 'retinaface', 'mljar-supervised', 'superset', 'bokeh', 'pytorch-image-models', 'rosetta', 'recommenders', 'tpot', 'Parris', 'pytensor', 'chainer', 'skll', 'pandas', 'bolt', 'scikit-opt', 'vispy', 'gradio', 'CoreNLP', 'xgboost', 'cornac', 'feast', 'mindsdb', 'bowtie', 'PyTorchCV', 'machine-learning', 'deepface', 'mars', 'DIGITS', 'mlflow', 'feast', 'mindsdb', 'deeplake', 'open-webui', 'danswerai', 'DeepPavlov', 'mlflow', 'determined', 'rasa', 'ViZDoom', 'numpy', 'pyss3', 'langflow', 'jProcessing', 'bigartm', 'DI-engine', 'vigra', 'blaze', 'caffe', 'zpar', 'typer', 'mlflow', 'scikit-learn', 'zipline', 'retro', 'determined', 'open-webui', 'jax', 'lambdo', 'mindsdb', 'ColossalAI', 'pyqtgraph', 'gensim', 'pebl', 'cortex', 'tensorflow', 'pydantic', 'danswerai', 'pytorch-lightning', 'DeepPavlov', 'pattern', 'rasa', 'bokeh', 'xlearn', 'pandas', 'deepchecks', 'ray', 'DIGITS', 'mars', 'scikit-learn-intelex', 'catboost', 'LightGBM', 'dirty_cat', 'DrQA', 'haystack', 'emcee', 'pytorch', 'chainer', 'skll', 'PyTorchCV', 'lightning-bolts', 'CoreNLP', 'vispy', 'gradio', 'streamlit', 'dash', 'bentoml', 'xgboost', 'pymc', 'transformers', 'pgmpy', 'ViZDoom', 'numpy', 'pyss3', 'langflow', 'jProcessing', 'bigartm', 'DI-engine', 'vigra', 'blaze', 'caffe', 'zpar', 'typer', 'mlflow', 'scikit-learn', 'zipline', 'retro', 'determined', 'open-webui', 'jax', 'lambdo', 'mindsdb', 'ColossalAI', 'pyqtgraph', 'gensim', 'pebl', 'cortex', 'tensorflow', 'pydantic', 'danswerai', 'pytorch-lightning', 'DeepPavlov', 'pattern', 'rasa', 'bokeh', 'xlearn', 'pandas', 'deepchecks', 'ray', 'DIGITS', 'mars', 'scikit-learn-intelex', 'catboost', 'LightGBM', 'dirty_cat', 'DrQA', 'haystack', 'emcee', 'pytorch', 'chainer', 'skll', 'PyTorchCV', 'lightning-bolts', 'CoreNLP', 'vispy', 'gradio', 'streamlit', 'dash', 'bentoml', 'xgboost', 'pymc', 'transformers', 'pgmpy', 'ray', 'ViZDoom', 'numpy', 'pyss3', 'langflow', 'jProcessing', 'bigartm', 'DI-engine', 'vigra', 'blaze', 'caffe', 'zpar', 'typer', 'mlflow', 'scikit-learn', 'zipline', 'retro', 'determined', 'open-webui', 'jax', 'lambdo', 'mindsdb', 'ColossalAI', 'pyqtgraph', 'gensim', 'pebl', 'cortex', 'tensorflow', 'pydantic', 'danswerai', 'pytorch-lightning', 'DeepPavlov', 'pattern', 'rasa', 'bokeh', 'xlearn', 'pandas', 'deepchecks', 'ray', 'DIGITS', 'mars', 'scikit-learn-intelex', 'catboost', 'LightGBM', 'dirty_cat', 'DrQA', 'haystack', 'emcee', 'pytorch', 'chainer', 'skll', 'PyTorchCV', 'lightning-bolts', 'CoreNLP', 'vispy', 'gradio', 'streamlit', 'dash', 'bentoml', 'xgboost', 'pymc', 'transformers', 'pgmpy']"
326,view,1337,Weaknesses in the 2021 CWE Top 25 Most Dangerous Software Weaknesses,439,8346,"['lightly', 'ViZDoom', 'numpy', 'feast', 'langflow', 'mlflow', 'open-webui', 'retro', 'mindsdb', 'pydantic', 'nalp', 'danswerai', 'rasa', 'pattern', 'superset', 'bokeh', 'Auto_ViML', 'fastapi', 'spammy', 'ray', 'PySyft', 'pytensor', 'pytorch', 'gradio', 'streamlit', 'transformers', 'DIGITS', 'AutoViz', 'lightly', 'ViZDoom', 'numpy', 'feast', 'langflow', 'mlflow', 'open-webui', 'retro', 'mindsdb', 'pydantic', 'nalp', 'danswerai', 'rasa', 'pattern', 'superset', 'bokeh', 'Auto_ViML', 'fastapi', 'spammy', 'ray', 'PySyft', 'pytensor', 'pytorch', 'gradio', 'streamlit', 'transformers', 'DIGITS', 'AutoViz', 'aim', 'pyss3', 'langflow', 'mlflow', 'determined', 'jax', 'gan', 'ColossalAI', 'open-metric-learning', 'pytorch_geometric', 'pytorch-lightning', 'spaCy', 'sinabs', 'bokeh', 'ray', 'catboost', 'LightGBM', 'gradio', 'streamlit', 'transformers', 'bentoml', 'detectron2', 'ViZDoom', 'numpy', 'aim', 'langflow', 'matplotlib', 'Spearmint', 'bigartm', 'DI-engine', 'blaze', 'catalyst', 'typer', 'nilearn', 'mlflow', 'zipline', 'determined', 'retro', 'rep', 'open-webui', 'jax', 'mindsdb', 'deeplake', 'pyqtgraph', 'gensim', 'cortex', 'tensorflow', 'PyStanfordDependencies', 'pydantic', 'mist', 'open-metric-learning', 'neuraltalk', 'danswerai', 'pytorch-lightning', 'shogun', 'rasa', 'loso', 'statsmodels', 'superset', 'bokeh', 'pytorch-image-models', 'ray', 'pynlpl', 'DIGITS', 'mlens', 'scikit-learn-intelex', 'mars', 'catboost', 'colibri-core', 'pytorch', 'deeppy', 'skll', 'gradio', 'streamlit', 'altair', 'bentoml', 'xgboost', 'dash', 'scikit-image', 'transformers', 'detectron2', 'cornac', 'FEDOT', 'feast', 'pyod', 'matplotlib', 'DI-engine', 'Sklearn-genetic-opt', 'determined', 'opfython', 'rep', 'lambdo', 'mindsdb', 'ColossalAI', 'pyqtgraph', 'hebel', 'PCV', 'tflearn', 'statsmodels', 'deepchecks', 'backprop', 'mars', 'NeuroNER', 'sentiment-analyzer', 'haystack', 'lightning-bolts', 'transformers', 'streamlit', 'lightwood', 'face_recognition', 'prodmodel', 'joliGEN', 'ViZDoom', 'pybrain', 'mlxtend', 'bigartm', 'skorch', 'catalyst', 'evostra', 'python-recsys', 'dl-translate', 'scikit-learn', 'river', 'pytorch-lightning', 'opytimizer', 'yalign', 'ray', 'DIGITS', 'alibi', 'LightGBM', 'xgboost', 'pytorch', 'PyTorchCV', 'polyglot', 'bentoml', 'pkuseg-python', 'numpy', 'jProcessing', 'cltk', 'miraiml', 'garage', 'zipline', 'alibi-detect', 'neural-style-pt', 'nut', 'tensorflow', 'pytorch-frame', 'DeepPavlov', 'rasa', 'igel', 'loso', 'machine-learning', 'autogluon', 'mlens', 'scikit-learn-intelex', 'catboost', 'keras-tuner', 'shapash', 'eurybia', 'neuropredict', 'DrQA', 'deeppy', 'pytorch_geometric_temporal', 'evidently', 'detectron2', 'lightly', 'jieba', 'cleanlab', 'Petrel', 'deepface', 'caffe', 'zpar', 'mlflow', 'TResNet', 'frouros', 'maze', 'pebl', 'open-metric-learning', 'pytorch_geometric', 'neuraltalk', 'mljar-supervised', 'bokeh', 'pytorch-image-models', 'segmentation_models.pytorch', 'simpleai', 'sentiment_classifier', 'recommenders', 'chefboost', 'snownlp', 'pytensor', 'chainer', 'skll', 'pandas', 'bolt', 'dedupe', 'neurolab', 'lightly', 'numpy', 'langflow', 'matplotlib', 'deepface', 'mlflow', 'open-webui', 'determined', 'rep', 'mindsdb', 'ColossalAI', 'cortex', 'pytorch-frame', 'danswerai', 'DeepPavlov', 'rasa', 'tflearn', 'upgini', 'machine-learning', 'ray', 'keras-tuner', 'pandas', 'gradio', 'streamlit', 'transformers', 'DIGITS', 'scikit-image', 'lightly', 'ViZDoom', 'numpy', 'feast', 'langflow', 'mlflow', 'open-webui', 'retro', 'mindsdb', 'pydantic', 'nalp', 'danswerai', 'rasa', 'pattern', 'superset', 'bokeh', 'Auto_ViML', 'fastapi', 'spammy', 'ray', 'PySyft', 'pytensor', 'pytorch', 'gradio', 'streamlit', 'transformers', 'DIGITS', 'AutoViz', 'lightly', 'ViZDoom', 'numpy', 'feast', 'langflow', 'mlflow', 'open-webui', 'retro', 'mindsdb', 'pydantic', 'nalp', 'danswerai', 'rasa', 'pattern', 'superset', 'bokeh', 'Auto_ViML', 'fastapi', 'spammy', 'ray', 'PySyft', 'pytensor', 'pytorch', 'gradio', 'streamlit', 'transformers', 'DIGITS', 'AutoViz', 'lightly', 'ViZDoom', 'numpy', 'feast', 'langflow', 'mlflow', 'open-webui', 'retro', 'mindsdb', 'pydantic', 'nalp', 'danswerai', 'rasa', 'pattern', 'superset', 'bokeh', 'Auto_ViML', 'fastapi', 'spammy', 'ray', 'PySyft', 'pytensor', 'pytorch', 'gradio', 'streamlit', 'transformers', 'DIGITS', 'AutoViz', 'cornac', 'FEDOT', 'feast', 'aim', 'pyss3', 'matplotlib', 'lab', 'DI-engine', 'dtaidistance', 'seaborn', 'determined', 'retro', 'BioPy', 'CompreFace', 'lambdo', 'mindsdb', 'Metaworld', 'ColossalAI', 'pyqtgraph', 'gensim', 'hebel', 'textacy', 'statsmodels', 'xlearn', 'deepchecks', 'mars', 'NeuroNER', 'PySyft', 'scikit-survival', 'haystack', 'emcee', 'transformers', 'streamlit', 'lightwood', 'prodmodel', 'joliGEN', 'ViZDoom', 'pybrain', 'langflow', 'mlxtend', 'Spearmint', 'bigartm', 'skorch', 'vigra', 'blaze', 'catalyst', 'sktime', 'ggpy', 'python-recsys', 'scikit-learn', 'river', 'tesseract', 'pytorch-lightning', 'shogun', 'spaCy', 'yalign', 'ray', 'pynlpl', 'DIGITS', 'LightGBM', 'pytorch', 'PyTorchCV', 'dash', 'polyglot', 'pymc', 'bentoml', 'pkuseg-python', 'scikit-image', 'Gymnasium', 'numpy', 'jProcessing', 'cltk', 'garage', 'zipline', 'alibi-detect', 'xcessiv', 'neural-style-pt', 'nut', 'langfuse', 'optuna', 'deeplake', 'cortex', 'tensorflow', 'pytorch-frame', 'python-timbl', 'danswerai', 'DeepPavlov', 'rasa', 'igel', 'loso', 'SynapseML', 'machine-learning', 'autogluon', 'mlens', 'scikit-learn-intelex', 'catboost', 'somoclu', 'colibri-core', 'keras-tuner', 'neuropredict', 'dowel', 'DrQA', 'deeppy', 'neuraltalk2', 'altair', 'pgmpy', 'evidently', 'detectron2', 'lightly', 'jieba', 'cleanlab', 'Petrel', 'deepface', 'caffe', 'zpar', 'typer', 'nilearn', 'mlflow', 'open-webui', 'jax', 'stellargraph', 'maze', 'pebl', 'mlx', 'open-metric-learning', 'pytorch_geometric', 'neuraltalk', 'retinaface', 'mljar-supervised', 'superset', 'bokeh', 'pytorch-image-models', 'rosetta', 'recommenders', 'tpot', 'Parris', 'pytensor', 'chainer', 'skll', 'pandas', 'bolt', 'scikit-opt', 'vispy', 'gradio', 'CoreNLP', 'xgboost', 'cornac', 'feast', 'mindsdb', 'bowtie', 'PyTorchCV', 'machine-learning', 'deepface', 'mars', 'DIGITS', 'mlflow', 'feast', 'mindsdb', 'deeplake', 'open-webui', 'danswerai', 'DeepPavlov', 'mlflow', 'determined', 'rasa']"
327,view,1340,CISQ Data Protection Measures,129,14942,"['cornac', 'FEDOT', 'feast', 'pyod', 'matplotlib', 'DI-engine', 'Sklearn-genetic-opt', 'determined', 'opfython', 'rep', 'lambdo', 'mindsdb', 'ColossalAI', 'pyqtgraph', 'hebel', 'PCV', 'tflearn', 'statsmodels', 'deepchecks', 'backprop', 'mars', 'NeuroNER', 'sentiment-analyzer', 'haystack', 'lightning-bolts', 'transformers', 'streamlit', 'lightwood', 'face_recognition', 'prodmodel', 'joliGEN', 'ViZDoom', 'pybrain', 'mlxtend', 'bigartm', 'skorch', 'catalyst', 'evostra', 'python-recsys', 'dl-translate', 'scikit-learn', 'river', 'pytorch-lightning', 'opytimizer', 'yalign', 'ray', 'DIGITS', 'alibi', 'LightGBM', 'xgboost', 'pytorch', 'PyTorchCV', 'polyglot', 'bentoml', 'pkuseg-python', 'numpy', 'jProcessing', 'cltk', 'miraiml', 'garage', 'zipline', 'alibi-detect', 'neural-style-pt', 'nut', 'tensorflow', 'pytorch-frame', 'DeepPavlov', 'rasa', 'igel', 'loso', 'machine-learning', 'autogluon', 'mlens', 'scikit-learn-intelex', 'catboost', 'keras-tuner', 'shapash', 'eurybia', 'neuropredict', 'DrQA', 'deeppy', 'pytorch_geometric_temporal', 'evidently', 'detectron2', 'lightly', 'jieba', 'cleanlab', 'Petrel', 'deepface', 'caffe', 'zpar', 'mlflow', 'TResNet', 'frouros', 'maze', 'pebl', 'open-metric-learning', 'pytorch_geometric', 'neuraltalk', 'mljar-supervised', 'bokeh', 'pytorch-image-models', 'segmentation_models.pytorch', 'simpleai', 'sentiment_classifier', 'recommenders', 'chefboost', 'snownlp', 'pytensor', 'chainer', 'skll', 'pandas', 'bolt', 'dedupe', 'neurolab', 'cornac', 'FEDOT', 'feast', 'aim', 'pyss3', 'matplotlib', 'lab', 'DI-engine', 'dtaidistance', 'seaborn', 'determined', 'retro', 'BioPy', 'CompreFace', 'lambdo', 'mindsdb', 'Metaworld', 'ColossalAI', 'pyqtgraph', 'gensim', 'hebel', 'textacy', 'statsmodels', 'xlearn', 'deepchecks', 'mars', 'NeuroNER', 'PySyft', 'scikit-survival', 'haystack', 'emcee', 'transformers', 'streamlit', 'lightwood', 'prodmodel', 'joliGEN', 'ViZDoom', 'pybrain', 'langflow', 'mlxtend', 'Spearmint', 'bigartm', 'skorch', 'vigra', 'blaze', 'catalyst', 'sktime', 'ggpy', 'python-recsys', 'scikit-learn', 'river', 'tesseract', 'pytorch-lightning', 'shogun', 'spaCy', 'yalign', 'ray', 'pynlpl', 'DIGITS', 'LightGBM', 'pytorch', 'PyTorchCV', 'dash', 'polyglot', 'pymc', 'bentoml', 'pkuseg-python', 'scikit-image', 'Gymnasium', 'numpy', 'jProcessing', 'cltk', 'garage', 'zipline', 'alibi-detect', 'xcessiv', 'neural-style-pt', 'nut', 'langfuse', 'optuna', 'deeplake', 'cortex', 'tensorflow', 'pytorch-frame', 'python-timbl', 'danswerai', 'DeepPavlov', 'rasa', 'igel', 'loso', 'SynapseML', 'machine-learning', 'autogluon', 'mlens', 'scikit-learn-intelex', 'catboost', 'somoclu', 'colibri-core', 'keras-tuner', 'neuropredict', 'dowel', 'DrQA', 'deeppy', 'neuraltalk2', 'altair', 'pgmpy', 'evidently', 'detectron2', 'lightly', 'jieba', 'cleanlab', 'Petrel', 'deepface', 'caffe', 'zpar', 'typer', 'nilearn', 'mlflow', 'open-webui', 'jax', 'stellargraph', 'maze', 'pebl', 'mlx', 'open-metric-learning', 'pytorch_geometric', 'neuraltalk', 'retinaface', 'mljar-supervised', 'superset', 'bokeh', 'pytorch-image-models', 'rosetta', 'recommenders', 'tpot', 'Parris', 'pytensor', 'chainer', 'skll', 'pandas', 'bolt', 'scikit-opt', 'vispy', 'gradio', 'CoreNLP', 'xgboost', 'cornac', 'FEDOT', 'feast', 'aim', 'pyss3', 'matplotlib', 'lab', 'DI-engine', 'dtaidistance', 'seaborn', 'determined', 'retro', 'BioPy', 'CompreFace', 'lambdo', 'mindsdb', 'Metaworld', 'ColossalAI', 'pyqtgraph', 'gensim', 'hebel', 'textacy', 'statsmodels', 'xlearn', 'deepchecks', 'mars', 'NeuroNER', 'PySyft', 'scikit-survival', 'haystack', 'emcee', 'transformers', 'streamlit', 'lightwood', 'prodmodel', 'joliGEN', 'ViZDoom', 'pybrain', 'langflow', 'mlxtend', 'Spearmint', 'bigartm', 'skorch', 'vigra', 'blaze', 'catalyst', 'sktime', 'ggpy', 'python-recsys', 'scikit-learn', 'river', 'tesseract', 'pytorch-lightning', 'shogun', 'spaCy', 'yalign', 'ray', 'pynlpl', 'DIGITS', 'LightGBM', 'pytorch', 'PyTorchCV', 'dash', 'polyglot', 'pymc', 'bentoml', 'pkuseg-python', 'scikit-image', 'Gymnasium', 'numpy', 'jProcessing', 'cltk', 'garage', 'zipline', 'alibi-detect', 'xcessiv', 'neural-style-pt', 'nut', 'langfuse', 'optuna', 'deeplake', 'cortex', 'tensorflow', 'pytorch-frame', 'python-timbl', 'danswerai', 'DeepPavlov', 'rasa', 'igel', 'loso', 'SynapseML', 'machine-learning', 'autogluon', 'mlens', 'scikit-learn-intelex', 'catboost', 'somoclu', 'colibri-core', 'keras-tuner', 'neuropredict', 'dowel', 'DrQA', 'deeppy', 'neuraltalk2', 'altair', 'pgmpy', 'evidently', 'detectron2', 'lightly', 'jieba', 'cleanlab', 'Petrel', 'deepface', 'caffe', 'zpar', 'typer', 'nilearn', 'mlflow', 'open-webui', 'jax', 'stellargraph', 'maze', 'pebl', 'mlx', 'open-metric-learning', 'pytorch_geometric', 'neuraltalk', 'retinaface', 'mljar-supervised', 'superset', 'bokeh', 'pytorch-image-models', 'rosetta', 'recommenders', 'tpot', 'Parris', 'pytensor', 'chainer', 'skll', 'pandas', 'bolt', 'scikit-opt', 'vispy', 'gradio', 'CoreNLP', 'xgboost', 'cornac', 'feast', 'mindsdb', 'bowtie', 'PyTorchCV', 'machine-learning', 'deepface', 'mars', 'DIGITS', 'mlflow', 'feast', 'mindsdb', 'deeplake', 'open-webui', 'danswerai', 'DeepPavlov', 'mlflow', 'determined', 'rasa', 'feast', 'mindsdb', 'langflow', 'Neural', 'cortex', 'bokeh', 'danswerai', 'deepface', 'ray', 'gradio', 'open-webui', 'bentoml', 'comet-llm', 'typer', 'mlflow', 'determined', 'pattern', 'feast', 'mindsdb', 'langflow', 'Neural', 'cortex', 'bokeh', 'danswerai', 'deepface', 'ray', 'gradio', 'open-webui', 'bentoml', 'comet-llm', 'typer', 'mlflow', 'determined', 'pattern']"
328,view,1350,Weaknesses in the 2020 CWE Top 25 Most Dangerous Software Weaknesses,536,8751,"['lightly', 'ViZDoom', 'numpy', 'feast', 'langflow', 'mlflow', 'open-webui', 'retro', 'mindsdb', 'pydantic', 'nalp', 'danswerai', 'rasa', 'pattern', 'superset', 'bokeh', 'Auto_ViML', 'fastapi', 'spammy', 'ray', 'PySyft', 'pytensor', 'pytorch', 'gradio', 'streamlit', 'transformers', 'DIGITS', 'AutoViz', 'lightly', 'ViZDoom', 'numpy', 'feast', 'langflow', 'mlflow', 'open-webui', 'retro', 'mindsdb', 'pydantic', 'nalp', 'danswerai', 'rasa', 'pattern', 'superset', 'bokeh', 'Auto_ViML', 'fastapi', 'spammy', 'ray', 'PySyft', 'pytensor', 'pytorch', 'gradio', 'streamlit', 'transformers', 'DIGITS', 'AutoViz', 'aim', 'pyss3', 'langflow', 'mlflow', 'determined', 'jax', 'gan', 'ColossalAI', 'open-metric-learning', 'pytorch_geometric', 'pytorch-lightning', 'spaCy', 'sinabs', 'bokeh', 'ray', 'catboost', 'LightGBM', 'gradio', 'streamlit', 'transformers', 'bentoml', 'detectron2', 'ViZDoom', 'numpy', 'aim', 'langflow', 'matplotlib', 'Spearmint', 'bigartm', 'DI-engine', 'blaze', 'catalyst', 'typer', 'nilearn', 'mlflow', 'zipline', 'determined', 'retro', 'rep', 'open-webui', 'jax', 'mindsdb', 'deeplake', 'pyqtgraph', 'gensim', 'cortex', 'tensorflow', 'PyStanfordDependencies', 'pydantic', 'mist', 'open-metric-learning', 'neuraltalk', 'danswerai', 'pytorch-lightning', 'shogun', 'rasa', 'loso', 'statsmodels', 'superset', 'bokeh', 'pytorch-image-models', 'ray', 'pynlpl', 'DIGITS', 'mlens', 'scikit-learn-intelex', 'mars', 'catboost', 'colibri-core', 'pytorch', 'deeppy', 'skll', 'gradio', 'streamlit', 'altair', 'bentoml', 'xgboost', 'dash', 'scikit-image', 'transformers', 'detectron2', 'cornac', 'FEDOT', 'numpy', 'pyod', 'pybrain', 'lifelines', 'cleanlab', 'couler', 'bigartm', 'DI-engine', 'vigra', 'annoy', 'catalyst', 'scikit-multiflow', 'zpar', 'ggpy', 'seaborn', 'open-webui', 'alibi-detect', 'notebook', 'gan', 'stellargraph', 'rockpool', 'lambdo', 'mindsdb', 'ColossalAI', 'pyqtgraph', 'pebl', 'tensorflow', 'mist', 'python-timbl', 'metric-learn', 'DeepPavlov', 'statsmodels', 'superset', 'xlearn', 'nupic.studio', 'breze', 'rgf', 'imbalanced-ensemble', 'recommenders', 'tpot', 'bytehub', 'catboost', 'alibi', 'segmentation_models', 'pytorch', 'chainer', 'deeppy', 'dash', 'streamlit', 'snips-nlu', 'DIGITS', 'scikit-image', 'cornac', 'FEDOT', 'feast', 'pyod', 'matplotlib', 'DI-engine', 'Sklearn-genetic-opt', 'determined', 'opfython', 'rep', 'lambdo', 'mindsdb', 'ColossalAI', 'pyqtgraph', 'hebel', 'PCV', 'tflearn', 'statsmodels', 'deepchecks', 'backprop', 'mars', 'NeuroNER', 'sentiment-analyzer', 'haystack', 'lightning-bolts', 'transformers', 'streamlit', 'lightwood', 'face_recognition', 'prodmodel', 'joliGEN', 'ViZDoom', 'pybrain', 'mlxtend', 'bigartm', 'skorch', 'catalyst', 'evostra', 'python-recsys', 'dl-translate', 'scikit-learn', 'river', 'pytorch-lightning', 'opytimizer', 'yalign', 'ray', 'DIGITS', 'alibi', 'LightGBM', 'xgboost', 'pytorch', 'PyTorchCV', 'polyglot', 'bentoml', 'pkuseg-python', 'numpy', 'jProcessing', 'cltk', 'miraiml', 'garage', 'zipline', 'alibi-detect', 'neural-style-pt', 'nut', 'tensorflow', 'pytorch-frame', 'DeepPavlov', 'rasa', 'igel', 'loso', 'machine-learning', 'autogluon', 'mlens', 'scikit-learn-intelex', 'catboost', 'keras-tuner', 'shapash', 'eurybia', 'neuropredict', 'DrQA', 'deeppy', 'pytorch_geometric_temporal', 'evidently', 'detectron2', 'lightly', 'jieba', 'cleanlab', 'Petrel', 'deepface', 'caffe', 'zpar', 'mlflow', 'TResNet', 'frouros', 'maze', 'pebl', 'open-metric-learning', 'pytorch_geometric', 'neuraltalk', 'mljar-supervised', 'bokeh', 'pytorch-image-models', 'segmentation_models.pytorch', 'simpleai', 'sentiment_classifier', 'recommenders', 'chefboost', 'snownlp', 'pytensor', 'chainer', 'skll', 'pandas', 'bolt', 'dedupe', 'neurolab', 'lightly', 'ViZDoom', 'numpy', 'feast', 'langflow', 'mlflow', 'open-webui', 'retro', 'mindsdb', 'pydantic', 'nalp', 'danswerai', 'rasa', 'pattern', 'superset', 'bokeh', 'Auto_ViML', 'fastapi', 'spammy', 'ray', 'PySyft', 'pytensor', 'pytorch', 'gradio', 'streamlit', 'transformers', 'DIGITS', 'AutoViz', 'lightly', 'ViZDoom', 'numpy', 'feast', 'langflow', 'mlflow', 'open-webui', 'retro', 'mindsdb', 'pydantic', 'nalp', 'danswerai', 'rasa', 'pattern', 'superset', 'bokeh', 'Auto_ViML', 'fastapi', 'spammy', 'ray', 'PySyft', 'pytensor', 'pytorch', 'gradio', 'streamlit', 'transformers', 'DIGITS', 'AutoViz', 'lightly', 'ViZDoom', 'numpy', 'feast', 'langflow', 'mlflow', 'open-webui', 'retro', 'mindsdb', 'pydantic', 'nalp', 'danswerai', 'rasa', 'pattern', 'superset', 'bokeh', 'Auto_ViML', 'fastapi', 'spammy', 'ray', 'PySyft', 'pytensor', 'pytorch', 'gradio', 'streamlit', 'transformers', 'DIGITS', 'AutoViz', 'cornac', 'FEDOT', 'feast', 'aim', 'pyss3', 'matplotlib', 'lab', 'DI-engine', 'dtaidistance', 'seaborn', 'determined', 'retro', 'BioPy', 'CompreFace', 'lambdo', 'mindsdb', 'Metaworld', 'ColossalAI', 'pyqtgraph', 'gensim', 'hebel', 'textacy', 'statsmodels', 'xlearn', 'deepchecks', 'mars', 'NeuroNER', 'PySyft', 'scikit-survival', 'haystack', 'emcee', 'transformers', 'streamlit', 'lightwood', 'prodmodel', 'joliGEN', 'ViZDoom', 'pybrain', 'langflow', 'mlxtend', 'Spearmint', 'bigartm', 'skorch', 'vigra', 'blaze', 'catalyst', 'sktime', 'ggpy', 'python-recsys', 'scikit-learn', 'river', 'tesseract', 'pytorch-lightning', 'shogun', 'spaCy', 'yalign', 'ray', 'pynlpl', 'DIGITS', 'LightGBM', 'pytorch', 'PyTorchCV', 'dash', 'polyglot', 'pymc', 'bentoml', 'pkuseg-python', 'scikit-image', 'Gymnasium', 'numpy', 'jProcessing', 'cltk', 'garage', 'zipline', 'alibi-detect', 'xcessiv', 'neural-style-pt', 'nut', 'langfuse', 'optuna', 'deeplake', 'cortex', 'tensorflow', 'pytorch-frame', 'python-timbl', 'danswerai', 'DeepPavlov', 'rasa', 'igel', 'loso', 'SynapseML', 'machine-learning', 'autogluon', 'mlens', 'scikit-learn-intelex', 'catboost', 'somoclu', 'colibri-core', 'keras-tuner', 'neuropredict', 'dowel', 'DrQA', 'deeppy', 'neuraltalk2', 'altair', 'pgmpy', 'evidently', 'detectron2', 'lightly', 'jieba', 'cleanlab', 'Petrel', 'deepface', 'caffe', 'zpar', 'typer', 'nilearn', 'mlflow', 'open-webui', 'jax', 'stellargraph', 'maze', 'pebl', 'mlx', 'open-metric-learning', 'pytorch_geometric', 'neuraltalk', 'retinaface', 'mljar-supervised', 'superset', 'bokeh', 'pytorch-image-models', 'rosetta', 'recommenders', 'tpot', 'Parris', 'pytensor', 'chainer', 'skll', 'pandas', 'bolt', 'scikit-opt', 'vispy', 'gradio', 'CoreNLP', 'xgboost', 'cornac', 'feast', 'mindsdb', 'bowtie', 'PyTorchCV', 'machine-learning', 'deepface', 'mars', 'DIGITS', 'mlflow', 'feast', 'mindsdb', 'deeplake', 'open-webui', 'danswerai', 'DeepPavlov', 'mlflow', 'determined', 'rasa', 'ViZDoom', 'numpy', 'pyss3', 'langflow', 'jProcessing', 'bigartm', 'DI-engine', 'vigra', 'blaze', 'caffe', 'zpar', 'typer', 'mlflow', 'scikit-learn', 'zipline', 'retro', 'determined', 'open-webui', 'jax', 'lambdo', 'mindsdb', 'ColossalAI', 'pyqtgraph', 'gensim', 'pebl', 'cortex', 'tensorflow', 'pydantic', 'danswerai', 'pytorch-lightning', 'DeepPavlov', 'pattern', 'rasa', 'bokeh', 'xlearn', 'pandas', 'deepchecks', 'ray', 'DIGITS', 'mars', 'scikit-learn-intelex', 'catboost', 'LightGBM', 'dirty_cat', 'DrQA', 'haystack', 'emcee', 'pytorch', 'chainer', 'skll', 'PyTorchCV', 'lightning-bolts', 'CoreNLP', 'vispy', 'gradio', 'streamlit', 'dash', 'bentoml', 'xgboost', 'pymc', 'transformers', 'pgmpy', 'ViZDoom', 'numpy', 'pyss3', 'langflow', 'jProcessing', 'bigartm', 'DI-engine', 'vigra', 'blaze', 'caffe', 'zpar', 'typer', 'mlflow', 'scikit-learn', 'zipline', 'retro', 'determined', 'open-webui', 'jax', 'lambdo', 'mindsdb', 'ColossalAI', 'pyqtgraph', 'gensim', 'pebl', 'cortex', 'tensorflow', 'pydantic', 'danswerai', 'pytorch-lightning', 'DeepPavlov', 'pattern', 'rasa', 'bokeh', 'xlearn', 'pandas', 'deepchecks', 'ray', 'DIGITS', 'mars', 'scikit-learn-intelex', 'catboost', 'LightGBM', 'dirty_cat', 'DrQA', 'haystack', 'emcee', 'pytorch', 'chainer', 'skll', 'PyTorchCV', 'lightning-bolts', 'CoreNLP', 'vispy', 'gradio', 'streamlit', 'dash', 'bentoml', 'xgboost', 'pymc', 'transformers', 'pgmpy', 'ViZDoom', 'numpy', 'pyss3', 'langflow', 'jProcessing', 'bigartm', 'DI-engine', 'vigra', 'blaze', 'caffe', 'zpar', 'typer', 'mlflow', 'scikit-learn', 'zipline', 'retro', 'determined', 'open-webui', 'jax', 'lambdo', 'mindsdb', 'ColossalAI', 'pyqtgraph', 'gensim', 'pebl', 'cortex', 'tensorflow', 'pydantic', 'danswerai', 'pytorch-lightning', 'DeepPavlov', 'pattern', 'rasa', 'bokeh', 'xlearn', 'pandas', 'deepchecks', 'ray', 'DIGITS', 'mars', 'scikit-learn-intelex', 'catboost', 'LightGBM', 'dirty_cat', 'DrQA', 'haystack', 'emcee', 'pytorch', 'chainer', 'skll', 'PyTorchCV', 'lightning-bolts', 'CoreNLP', 'vispy', 'gradio', 'streamlit', 'dash', 'bentoml', 'xgboost', 'pymc', 'transformers', 'pgmpy']"
329,view,1387,Weaknesses in the 2022 CWE Top 25 Most Dangerous Software Weaknesses,536,8774,"['lightly', 'ViZDoom', 'numpy', 'feast', 'langflow', 'mlflow', 'open-webui', 'retro', 'mindsdb', 'pydantic', 'nalp', 'danswerai', 'rasa', 'pattern', 'superset', 'bokeh', 'Auto_ViML', 'fastapi', 'spammy', 'ray', 'PySyft', 'pytensor', 'pytorch', 'gradio', 'streamlit', 'transformers', 'DIGITS', 'AutoViz', 'lightly', 'ViZDoom', 'numpy', 'feast', 'langflow', 'mlflow', 'open-webui', 'retro', 'mindsdb', 'pydantic', 'nalp', 'danswerai', 'rasa', 'pattern', 'superset', 'bokeh', 'Auto_ViML', 'fastapi', 'spammy', 'ray', 'PySyft', 'pytensor', 'pytorch', 'gradio', 'streamlit', 'transformers', 'DIGITS', 'AutoViz', 'ViZDoom', 'numpy', 'aim', 'langflow', 'matplotlib', 'Spearmint', 'bigartm', 'DI-engine', 'blaze', 'catalyst', 'typer', 'nilearn', 'mlflow', 'zipline', 'determined', 'retro', 'rep', 'open-webui', 'jax', 'mindsdb', 'deeplake', 'pyqtgraph', 'gensim', 'cortex', 'tensorflow', 'PyStanfordDependencies', 'pydantic', 'mist', 'open-metric-learning', 'neuraltalk', 'danswerai', 'pytorch-lightning', 'shogun', 'rasa', 'loso', 'statsmodels', 'superset', 'bokeh', 'pytorch-image-models', 'ray', 'pynlpl', 'DIGITS', 'mlens', 'scikit-learn-intelex', 'mars', 'catboost', 'colibri-core', 'pytorch', 'deeppy', 'skll', 'gradio', 'streamlit', 'altair', 'bentoml', 'xgboost', 'dash', 'scikit-image', 'transformers', 'detectron2', 'cornac', 'FEDOT', 'numpy', 'pyod', 'pybrain', 'lifelines', 'cleanlab', 'couler', 'bigartm', 'DI-engine', 'vigra', 'annoy', 'catalyst', 'scikit-multiflow', 'zpar', 'ggpy', 'seaborn', 'open-webui', 'alibi-detect', 'notebook', 'gan', 'stellargraph', 'rockpool', 'lambdo', 'mindsdb', 'ColossalAI', 'pyqtgraph', 'pebl', 'tensorflow', 'mist', 'python-timbl', 'metric-learn', 'DeepPavlov', 'statsmodels', 'superset', 'xlearn', 'nupic.studio', 'breze', 'rgf', 'imbalanced-ensemble', 'recommenders', 'tpot', 'bytehub', 'catboost', 'alibi', 'segmentation_models', 'pytorch', 'chainer', 'deeppy', 'dash', 'streamlit', 'snips-nlu', 'DIGITS', 'scikit-image', 'cornac', 'FEDOT', 'feast', 'pyod', 'matplotlib', 'DI-engine', 'Sklearn-genetic-opt', 'determined', 'opfython', 'rep', 'lambdo', 'mindsdb', 'ColossalAI', 'pyqtgraph', 'hebel', 'PCV', 'tflearn', 'statsmodels', 'deepchecks', 'backprop', 'mars', 'NeuroNER', 'sentiment-analyzer', 'haystack', 'lightning-bolts', 'transformers', 'streamlit', 'lightwood', 'face_recognition', 'prodmodel', 'joliGEN', 'ViZDoom', 'pybrain', 'mlxtend', 'bigartm', 'skorch', 'catalyst', 'evostra', 'python-recsys', 'dl-translate', 'scikit-learn', 'river', 'pytorch-lightning', 'opytimizer', 'yalign', 'ray', 'DIGITS', 'alibi', 'LightGBM', 'xgboost', 'pytorch', 'PyTorchCV', 'polyglot', 'bentoml', 'pkuseg-python', 'numpy', 'jProcessing', 'cltk', 'miraiml', 'garage', 'zipline', 'alibi-detect', 'neural-style-pt', 'nut', 'tensorflow', 'pytorch-frame', 'DeepPavlov', 'rasa', 'igel', 'loso', 'machine-learning', 'autogluon', 'mlens', 'scikit-learn-intelex', 'catboost', 'keras-tuner', 'shapash', 'eurybia', 'neuropredict', 'DrQA', 'deeppy', 'pytorch_geometric_temporal', 'evidently', 'detectron2', 'lightly', 'jieba', 'cleanlab', 'Petrel', 'deepface', 'caffe', 'zpar', 'mlflow', 'TResNet', 'frouros', 'maze', 'pebl', 'open-metric-learning', 'pytorch_geometric', 'neuraltalk', 'mljar-supervised', 'bokeh', 'pytorch-image-models', 'segmentation_models.pytorch', 'simpleai', 'sentiment_classifier', 'recommenders', 'chefboost', 'snownlp', 'pytensor', 'chainer', 'skll', 'pandas', 'bolt', 'dedupe', 'neurolab', 'lightly', 'numpy', 'langflow', 'matplotlib', 'deepface', 'mlflow', 'open-webui', 'determined', 'rep', 'mindsdb', 'ColossalAI', 'cortex', 'pytorch-frame', 'danswerai', 'DeepPavlov', 'rasa', 'tflearn', 'upgini', 'machine-learning', 'ray', 'keras-tuner', 'pandas', 'gradio', 'streamlit', 'transformers', 'DIGITS', 'scikit-image', 'lightly', 'ViZDoom', 'numpy', 'feast', 'langflow', 'mlflow', 'open-webui', 'retro', 'mindsdb', 'pydantic', 'nalp', 'danswerai', 'rasa', 'pattern', 'superset', 'bokeh', 'Auto_ViML', 'fastapi', 'spammy', 'ray', 'PySyft', 'pytensor', 'pytorch', 'gradio', 'streamlit', 'transformers', 'DIGITS', 'AutoViz', 'lightly', 'ViZDoom', 'numpy', 'feast', 'langflow', 'mlflow', 'open-webui', 'retro', 'mindsdb', 'pydantic', 'nalp', 'danswerai', 'rasa', 'pattern', 'superset', 'bokeh', 'Auto_ViML', 'fastapi', 'spammy', 'ray', 'PySyft', 'pytensor', 'pytorch', 'gradio', 'streamlit', 'transformers', 'DIGITS', 'AutoViz', 'lightly', 'ViZDoom', 'numpy', 'feast', 'langflow', 'mlflow', 'open-webui', 'retro', 'mindsdb', 'pydantic', 'nalp', 'danswerai', 'rasa', 'pattern', 'superset', 'bokeh', 'Auto_ViML', 'fastapi', 'spammy', 'ray', 'PySyft', 'pytensor', 'pytorch', 'gradio', 'streamlit', 'transformers', 'DIGITS', 'AutoViz', 'cornac', 'FEDOT', 'feast', 'aim', 'pyss3', 'matplotlib', 'lab', 'DI-engine', 'dtaidistance', 'seaborn', 'determined', 'retro', 'BioPy', 'CompreFace', 'lambdo', 'mindsdb', 'Metaworld', 'ColossalAI', 'pyqtgraph', 'gensim', 'hebel', 'textacy', 'statsmodels', 'xlearn', 'deepchecks', 'mars', 'NeuroNER', 'PySyft', 'scikit-survival', 'haystack', 'emcee', 'transformers', 'streamlit', 'lightwood', 'prodmodel', 'joliGEN', 'ViZDoom', 'pybrain', 'langflow', 'mlxtend', 'Spearmint', 'bigartm', 'skorch', 'vigra', 'blaze', 'catalyst', 'sktime', 'ggpy', 'python-recsys', 'scikit-learn', 'river', 'tesseract', 'pytorch-lightning', 'shogun', 'spaCy', 'yalign', 'ray', 'pynlpl', 'DIGITS', 'LightGBM', 'pytorch', 'PyTorchCV', 'dash', 'polyglot', 'pymc', 'bentoml', 'pkuseg-python', 'scikit-image', 'Gymnasium', 'numpy', 'jProcessing', 'cltk', 'garage', 'zipline', 'alibi-detect', 'xcessiv', 'neural-style-pt', 'nut', 'langfuse', 'optuna', 'deeplake', 'cortex', 'tensorflow', 'pytorch-frame', 'python-timbl', 'danswerai', 'DeepPavlov', 'rasa', 'igel', 'loso', 'SynapseML', 'machine-learning', 'autogluon', 'mlens', 'scikit-learn-intelex', 'catboost', 'somoclu', 'colibri-core', 'keras-tuner', 'neuropredict', 'dowel', 'DrQA', 'deeppy', 'neuraltalk2', 'altair', 'pgmpy', 'evidently', 'detectron2', 'lightly', 'jieba', 'cleanlab', 'Petrel', 'deepface', 'caffe', 'zpar', 'typer', 'nilearn', 'mlflow', 'open-webui', 'jax', 'stellargraph', 'maze', 'pebl', 'mlx', 'open-metric-learning', 'pytorch_geometric', 'neuraltalk', 'retinaface', 'mljar-supervised', 'superset', 'bokeh', 'pytorch-image-models', 'rosetta', 'recommenders', 'tpot', 'Parris', 'pytensor', 'chainer', 'skll', 'pandas', 'bolt', 'scikit-opt', 'vispy', 'gradio', 'CoreNLP', 'xgboost', 'cornac', 'feast', 'mindsdb', 'bowtie', 'PyTorchCV', 'machine-learning', 'deepface', 'mars', 'DIGITS', 'mlflow', 'feast', 'mindsdb', 'deeplake', 'open-webui', 'danswerai', 'DeepPavlov', 'mlflow', 'determined', 'rasa', 'ViZDoom', 'numpy', 'pyss3', 'langflow', 'jProcessing', 'bigartm', 'DI-engine', 'vigra', 'blaze', 'caffe', 'zpar', 'typer', 'mlflow', 'scikit-learn', 'zipline', 'retro', 'determined', 'open-webui', 'jax', 'lambdo', 'mindsdb', 'ColossalAI', 'pyqtgraph', 'gensim', 'pebl', 'cortex', 'tensorflow', 'pydantic', 'danswerai', 'pytorch-lightning', 'DeepPavlov', 'pattern', 'rasa', 'bokeh', 'xlearn', 'pandas', 'deepchecks', 'ray', 'DIGITS', 'mars', 'scikit-learn-intelex', 'catboost', 'LightGBM', 'dirty_cat', 'DrQA', 'haystack', 'emcee', 'pytorch', 'chainer', 'skll', 'PyTorchCV', 'lightning-bolts', 'CoreNLP', 'vispy', 'gradio', 'streamlit', 'dash', 'bentoml', 'xgboost', 'pymc', 'transformers', 'pgmpy', 'ViZDoom', 'numpy', 'pyss3', 'langflow', 'jProcessing', 'bigartm', 'DI-engine', 'vigra', 'blaze', 'caffe', 'zpar', 'typer', 'mlflow', 'scikit-learn', 'zipline', 'retro', 'determined', 'open-webui', 'jax', 'lambdo', 'mindsdb', 'ColossalAI', 'pyqtgraph', 'gensim', 'pebl', 'cortex', 'tensorflow', 'pydantic', 'danswerai', 'pytorch-lightning', 'DeepPavlov', 'pattern', 'rasa', 'bokeh', 'xlearn', 'pandas', 'deepchecks', 'ray', 'DIGITS', 'mars', 'scikit-learn-intelex', 'catboost', 'LightGBM', 'dirty_cat', 'DrQA', 'haystack', 'emcee', 'pytorch', 'chainer', 'skll', 'PyTorchCV', 'lightning-bolts', 'CoreNLP', 'vispy', 'gradio', 'streamlit', 'dash', 'bentoml', 'xgboost', 'pymc', 'transformers', 'pgmpy', 'ViZDoom', 'numpy', 'pyss3', 'langflow', 'jProcessing', 'bigartm', 'DI-engine', 'vigra', 'blaze', 'caffe', 'zpar', 'typer', 'mlflow', 'scikit-learn', 'zipline', 'retro', 'determined', 'open-webui', 'jax', 'lambdo', 'mindsdb', 'ColossalAI', 'pyqtgraph', 'gensim', 'pebl', 'cortex', 'tensorflow', 'pydantic', 'danswerai', 'pytorch-lightning', 'DeepPavlov', 'pattern', 'rasa', 'bokeh', 'xlearn', 'pandas', 'deepchecks', 'ray', 'DIGITS', 'mars', 'scikit-learn-intelex', 'catboost', 'LightGBM', 'dirty_cat', 'DrQA', 'haystack', 'emcee', 'pytorch', 'chainer', 'skll', 'PyTorchCV', 'lightning-bolts', 'CoreNLP', 'vispy', 'gradio', 'streamlit', 'dash', 'bentoml', 'xgboost', 'pymc', 'transformers', 'pgmpy']"
330,view,1425,Weaknesses in the 2023 CWE Top 25 Most Dangerous Software Weaknesses,497,8419,"['lightly', 'ViZDoom', 'numpy', 'feast', 'langflow', 'mlflow', 'open-webui', 'retro', 'mindsdb', 'pydantic', 'nalp', 'danswerai', 'rasa', 'pattern', 'superset', 'bokeh', 'Auto_ViML', 'fastapi', 'spammy', 'ray', 'PySyft', 'pytensor', 'pytorch', 'gradio', 'streamlit', 'transformers', 'DIGITS', 'AutoViz', 'lightly', 'ViZDoom', 'numpy', 'feast', 'langflow', 'mlflow', 'open-webui', 'retro', 'mindsdb', 'pydantic', 'nalp', 'danswerai', 'rasa', 'pattern', 'superset', 'bokeh', 'Auto_ViML', 'fastapi', 'spammy', 'ray', 'PySyft', 'pytensor', 'pytorch', 'gradio', 'streamlit', 'transformers', 'DIGITS', 'AutoViz', 'ViZDoom', 'numpy', 'aim', 'langflow', 'matplotlib', 'Spearmint', 'bigartm', 'DI-engine', 'blaze', 'catalyst', 'typer', 'nilearn', 'mlflow', 'zipline', 'determined', 'retro', 'rep', 'open-webui', 'jax', 'mindsdb', 'deeplake', 'pyqtgraph', 'gensim', 'cortex', 'tensorflow', 'PyStanfordDependencies', 'pydantic', 'mist', 'open-metric-learning', 'neuraltalk', 'danswerai', 'pytorch-lightning', 'shogun', 'rasa', 'loso', 'statsmodels', 'superset', 'bokeh', 'pytorch-image-models', 'ray', 'pynlpl', 'DIGITS', 'mlens', 'scikit-learn-intelex', 'mars', 'catboost', 'colibri-core', 'pytorch', 'deeppy', 'skll', 'gradio', 'streamlit', 'altair', 'bentoml', 'xgboost', 'dash', 'scikit-image', 'transformers', 'detectron2', 'cornac', 'FEDOT', 'numpy', 'pyod', 'pybrain', 'lifelines', 'cleanlab', 'couler', 'bigartm', 'DI-engine', 'vigra', 'annoy', 'catalyst', 'scikit-multiflow', 'zpar', 'ggpy', 'seaborn', 'open-webui', 'alibi-detect', 'notebook', 'gan', 'stellargraph', 'rockpool', 'lambdo', 'mindsdb', 'ColossalAI', 'pyqtgraph', 'pebl', 'tensorflow', 'mist', 'python-timbl', 'metric-learn', 'DeepPavlov', 'statsmodels', 'superset', 'xlearn', 'nupic.studio', 'breze', 'rgf', 'imbalanced-ensemble', 'recommenders', 'tpot', 'bytehub', 'catboost', 'alibi', 'segmentation_models', 'pytorch', 'chainer', 'deeppy', 'dash', 'streamlit', 'snips-nlu', 'DIGITS', 'scikit-image', 'cornac', 'FEDOT', 'feast', 'pyod', 'matplotlib', 'DI-engine', 'Sklearn-genetic-opt', 'determined', 'opfython', 'rep', 'lambdo', 'mindsdb', 'ColossalAI', 'pyqtgraph', 'hebel', 'PCV', 'tflearn', 'statsmodels', 'deepchecks', 'backprop', 'mars', 'NeuroNER', 'sentiment-analyzer', 'haystack', 'lightning-bolts', 'transformers', 'streamlit', 'lightwood', 'face_recognition', 'prodmodel', 'joliGEN', 'ViZDoom', 'pybrain', 'mlxtend', 'bigartm', 'skorch', 'catalyst', 'evostra', 'python-recsys', 'dl-translate', 'scikit-learn', 'river', 'pytorch-lightning', 'opytimizer', 'yalign', 'ray', 'DIGITS', 'alibi', 'LightGBM', 'xgboost', 'pytorch', 'PyTorchCV', 'polyglot', 'bentoml', 'pkuseg-python', 'numpy', 'jProcessing', 'cltk', 'miraiml', 'garage', 'zipline', 'alibi-detect', 'neural-style-pt', 'nut', 'tensorflow', 'pytorch-frame', 'DeepPavlov', 'rasa', 'igel', 'loso', 'machine-learning', 'autogluon', 'mlens', 'scikit-learn-intelex', 'catboost', 'keras-tuner', 'shapash', 'eurybia', 'neuropredict', 'DrQA', 'deeppy', 'pytorch_geometric_temporal', 'evidently', 'detectron2', 'lightly', 'jieba', 'cleanlab', 'Petrel', 'deepface', 'caffe', 'zpar', 'mlflow', 'TResNet', 'frouros', 'maze', 'pebl', 'open-metric-learning', 'pytorch_geometric', 'neuraltalk', 'mljar-supervised', 'bokeh', 'pytorch-image-models', 'segmentation_models.pytorch', 'simpleai', 'sentiment_classifier', 'recommenders', 'chefboost', 'snownlp', 'pytensor', 'chainer', 'skll', 'pandas', 'bolt', 'dedupe', 'neurolab', 'lightly', 'numpy', 'langflow', 'matplotlib', 'deepface', 'mlflow', 'open-webui', 'determined', 'rep', 'mindsdb', 'ColossalAI', 'cortex', 'pytorch-frame', 'danswerai', 'DeepPavlov', 'rasa', 'tflearn', 'upgini', 'machine-learning', 'ray', 'keras-tuner', 'pandas', 'gradio', 'streamlit', 'transformers', 'DIGITS', 'scikit-image', 'lightly', 'ViZDoom', 'numpy', 'feast', 'langflow', 'mlflow', 'open-webui', 'retro', 'mindsdb', 'pydantic', 'nalp', 'danswerai', 'rasa', 'pattern', 'superset', 'bokeh', 'Auto_ViML', 'fastapi', 'spammy', 'ray', 'PySyft', 'pytensor', 'pytorch', 'gradio', 'streamlit', 'transformers', 'DIGITS', 'AutoViz', 'lightly', 'ViZDoom', 'numpy', 'feast', 'langflow', 'mlflow', 'open-webui', 'retro', 'mindsdb', 'pydantic', 'nalp', 'danswerai', 'rasa', 'pattern', 'superset', 'bokeh', 'Auto_ViML', 'fastapi', 'spammy', 'ray', 'PySyft', 'pytensor', 'pytorch', 'gradio', 'streamlit', 'transformers', 'DIGITS', 'AutoViz', 'lightly', 'ViZDoom', 'numpy', 'feast', 'langflow', 'mlflow', 'open-webui', 'retro', 'mindsdb', 'pydantic', 'nalp', 'danswerai', 'rasa', 'pattern', 'superset', 'bokeh', 'Auto_ViML', 'fastapi', 'spammy', 'ray', 'PySyft', 'pytensor', 'pytorch', 'gradio', 'streamlit', 'transformers', 'DIGITS', 'AutoViz', 'cornac', 'FEDOT', 'feast', 'aim', 'pyss3', 'matplotlib', 'lab', 'DI-engine', 'dtaidistance', 'seaborn', 'determined', 'retro', 'BioPy', 'CompreFace', 'lambdo', 'mindsdb', 'Metaworld', 'ColossalAI', 'pyqtgraph', 'gensim', 'hebel', 'textacy', 'statsmodels', 'xlearn', 'deepchecks', 'mars', 'NeuroNER', 'PySyft', 'scikit-survival', 'haystack', 'emcee', 'transformers', 'streamlit', 'lightwood', 'prodmodel', 'joliGEN', 'ViZDoom', 'pybrain', 'langflow', 'mlxtend', 'Spearmint', 'bigartm', 'skorch', 'vigra', 'blaze', 'catalyst', 'sktime', 'ggpy', 'python-recsys', 'scikit-learn', 'river', 'tesseract', 'pytorch-lightning', 'shogun', 'spaCy', 'yalign', 'ray', 'pynlpl', 'DIGITS', 'LightGBM', 'pytorch', 'PyTorchCV', 'dash', 'polyglot', 'pymc', 'bentoml', 'pkuseg-python', 'scikit-image', 'Gymnasium', 'numpy', 'jProcessing', 'cltk', 'garage', 'zipline', 'alibi-detect', 'xcessiv', 'neural-style-pt', 'nut', 'langfuse', 'optuna', 'deeplake', 'cortex', 'tensorflow', 'pytorch-frame', 'python-timbl', 'danswerai', 'DeepPavlov', 'rasa', 'igel', 'loso', 'SynapseML', 'machine-learning', 'autogluon', 'mlens', 'scikit-learn-intelex', 'catboost', 'somoclu', 'colibri-core', 'keras-tuner', 'neuropredict', 'dowel', 'DrQA', 'deeppy', 'neuraltalk2', 'altair', 'pgmpy', 'evidently', 'detectron2', 'lightly', 'jieba', 'cleanlab', 'Petrel', 'deepface', 'caffe', 'zpar', 'typer', 'nilearn', 'mlflow', 'open-webui', 'jax', 'stellargraph', 'maze', 'pebl', 'mlx', 'open-metric-learning', 'pytorch_geometric', 'neuraltalk', 'retinaface', 'mljar-supervised', 'superset', 'bokeh', 'pytorch-image-models', 'rosetta', 'recommenders', 'tpot', 'Parris', 'pytensor', 'chainer', 'skll', 'pandas', 'bolt', 'scikit-opt', 'vispy', 'gradio', 'CoreNLP', 'xgboost', 'cornac', 'feast', 'mindsdb', 'bowtie', 'PyTorchCV', 'machine-learning', 'deepface', 'mars', 'DIGITS', 'mlflow', 'feast', 'mindsdb', 'deeplake', 'open-webui', 'danswerai', 'DeepPavlov', 'mlflow', 'determined', 'rasa']"
331,view,1430,Weaknesses in the 2024 CWE Top 25 Most Dangerous Software Weaknesses,605,8833,"['lightly', 'ViZDoom', 'numpy', 'feast', 'langflow', 'mlflow', 'open-webui', 'retro', 'mindsdb', 'pydantic', 'nalp', 'danswerai', 'rasa', 'pattern', 'superset', 'bokeh', 'Auto_ViML', 'fastapi', 'spammy', 'ray', 'PySyft', 'pytensor', 'pytorch', 'gradio', 'streamlit', 'transformers', 'DIGITS', 'AutoViz', 'lightly', 'ViZDoom', 'numpy', 'feast', 'langflow', 'mlflow', 'open-webui', 'retro', 'mindsdb', 'pydantic', 'nalp', 'danswerai', 'rasa', 'pattern', 'superset', 'bokeh', 'Auto_ViML', 'fastapi', 'spammy', 'ray', 'PySyft', 'pytensor', 'pytorch', 'gradio', 'streamlit', 'transformers', 'DIGITS', 'AutoViz', 'aim', 'pyss3', 'langflow', 'mlflow', 'determined', 'jax', 'gan', 'ColossalAI', 'open-metric-learning', 'pytorch_geometric', 'pytorch-lightning', 'spaCy', 'sinabs', 'bokeh', 'ray', 'catboost', 'LightGBM', 'gradio', 'streamlit', 'transformers', 'bentoml', 'detectron2', 'ViZDoom', 'numpy', 'aim', 'langflow', 'matplotlib', 'Spearmint', 'bigartm', 'DI-engine', 'blaze', 'catalyst', 'typer', 'nilearn', 'mlflow', 'zipline', 'determined', 'retro', 'rep', 'open-webui', 'jax', 'mindsdb', 'deeplake', 'pyqtgraph', 'gensim', 'cortex', 'tensorflow', 'PyStanfordDependencies', 'pydantic', 'mist', 'open-metric-learning', 'neuraltalk', 'danswerai', 'pytorch-lightning', 'shogun', 'rasa', 'loso', 'statsmodels', 'superset', 'bokeh', 'pytorch-image-models', 'ray', 'pynlpl', 'DIGITS', 'mlens', 'scikit-learn-intelex', 'mars', 'catboost', 'colibri-core', 'pytorch', 'deeppy', 'skll', 'gradio', 'streamlit', 'altair', 'bentoml', 'xgboost', 'dash', 'scikit-image', 'transformers', 'detectron2', 'cornac', 'FEDOT', 'numpy', 'pyod', 'pybrain', 'lifelines', 'cleanlab', 'couler', 'bigartm', 'DI-engine', 'vigra', 'annoy', 'catalyst', 'scikit-multiflow', 'zpar', 'ggpy', 'seaborn', 'open-webui', 'alibi-detect', 'notebook', 'gan', 'stellargraph', 'rockpool', 'lambdo', 'mindsdb', 'ColossalAI', 'pyqtgraph', 'pebl', 'tensorflow', 'mist', 'python-timbl', 'metric-learn', 'DeepPavlov', 'statsmodels', 'superset', 'xlearn', 'nupic.studio', 'breze', 'rgf', 'imbalanced-ensemble', 'recommenders', 'tpot', 'bytehub', 'catboost', 'alibi', 'segmentation_models', 'pytorch', 'chainer', 'deeppy', 'dash', 'streamlit', 'snips-nlu', 'DIGITS', 'scikit-image', 'cornac', 'FEDOT', 'feast', 'pyod', 'matplotlib', 'DI-engine', 'Sklearn-genetic-opt', 'determined', 'opfython', 'rep', 'lambdo', 'mindsdb', 'ColossalAI', 'pyqtgraph', 'hebel', 'PCV', 'tflearn', 'statsmodels', 'deepchecks', 'backprop', 'mars', 'NeuroNER', 'sentiment-analyzer', 'haystack', 'lightning-bolts', 'transformers', 'streamlit', 'lightwood', 'face_recognition', 'prodmodel', 'joliGEN', 'ViZDoom', 'pybrain', 'mlxtend', 'bigartm', 'skorch', 'catalyst', 'evostra', 'python-recsys', 'dl-translate', 'scikit-learn', 'river', 'pytorch-lightning', 'opytimizer', 'yalign', 'ray', 'DIGITS', 'alibi', 'LightGBM', 'xgboost', 'pytorch', 'PyTorchCV', 'polyglot', 'bentoml', 'pkuseg-python', 'numpy', 'jProcessing', 'cltk', 'miraiml', 'garage', 'zipline', 'alibi-detect', 'neural-style-pt', 'nut', 'tensorflow', 'pytorch-frame', 'DeepPavlov', 'rasa', 'igel', 'loso', 'machine-learning', 'autogluon', 'mlens', 'scikit-learn-intelex', 'catboost', 'keras-tuner', 'shapash', 'eurybia', 'neuropredict', 'DrQA', 'deeppy', 'pytorch_geometric_temporal', 'evidently', 'detectron2', 'lightly', 'jieba', 'cleanlab', 'Petrel', 'deepface', 'caffe', 'zpar', 'mlflow', 'TResNet', 'frouros', 'maze', 'pebl', 'open-metric-learning', 'pytorch_geometric', 'neuraltalk', 'mljar-supervised', 'bokeh', 'pytorch-image-models', 'segmentation_models.pytorch', 'simpleai', 'sentiment_classifier', 'recommenders', 'chefboost', 'snownlp', 'pytensor', 'chainer', 'skll', 'pandas', 'bolt', 'dedupe', 'neurolab', 'lightly', 'numpy', 'langflow', 'matplotlib', 'deepface', 'mlflow', 'open-webui', 'determined', 'rep', 'mindsdb', 'ColossalAI', 'cortex', 'pytorch-frame', 'danswerai', 'DeepPavlov', 'rasa', 'tflearn', 'upgini', 'machine-learning', 'ray', 'keras-tuner', 'pandas', 'gradio', 'streamlit', 'transformers', 'DIGITS', 'scikit-image', 'lightly', 'ViZDoom', 'numpy', 'feast', 'langflow', 'mlflow', 'open-webui', 'retro', 'mindsdb', 'pydantic', 'nalp', 'danswerai', 'rasa', 'pattern', 'superset', 'bokeh', 'Auto_ViML', 'fastapi', 'spammy', 'ray', 'PySyft', 'pytensor', 'pytorch', 'gradio', 'streamlit', 'transformers', 'DIGITS', 'AutoViz', 'lightly', 'ViZDoom', 'numpy', 'feast', 'langflow', 'mlflow', 'open-webui', 'retro', 'mindsdb', 'pydantic', 'nalp', 'danswerai', 'rasa', 'pattern', 'superset', 'bokeh', 'Auto_ViML', 'fastapi', 'spammy', 'ray', 'PySyft', 'pytensor', 'pytorch', 'gradio', 'streamlit', 'transformers', 'DIGITS', 'AutoViz', 'lightly', 'ViZDoom', 'numpy', 'feast', 'langflow', 'mlflow', 'open-webui', 'retro', 'mindsdb', 'pydantic', 'nalp', 'danswerai', 'rasa', 'pattern', 'superset', 'bokeh', 'Auto_ViML', 'fastapi', 'spammy', 'ray', 'PySyft', 'pytensor', 'pytorch', 'gradio', 'streamlit', 'transformers', 'DIGITS', 'AutoViz', 'cornac', 'FEDOT', 'feast', 'aim', 'pyss3', 'matplotlib', 'lab', 'DI-engine', 'dtaidistance', 'seaborn', 'determined', 'retro', 'BioPy', 'CompreFace', 'lambdo', 'mindsdb', 'Metaworld', 'ColossalAI', 'pyqtgraph', 'gensim', 'hebel', 'textacy', 'statsmodels', 'xlearn', 'deepchecks', 'mars', 'NeuroNER', 'PySyft', 'scikit-survival', 'haystack', 'emcee', 'transformers', 'streamlit', 'lightwood', 'prodmodel', 'joliGEN', 'ViZDoom', 'pybrain', 'langflow', 'mlxtend', 'Spearmint', 'bigartm', 'skorch', 'vigra', 'blaze', 'catalyst', 'sktime', 'ggpy', 'python-recsys', 'scikit-learn', 'river', 'tesseract', 'pytorch-lightning', 'shogun', 'spaCy', 'yalign', 'ray', 'pynlpl', 'DIGITS', 'LightGBM', 'pytorch', 'PyTorchCV', 'dash', 'polyglot', 'pymc', 'bentoml', 'pkuseg-python', 'scikit-image', 'Gymnasium', 'numpy', 'jProcessing', 'cltk', 'garage', 'zipline', 'alibi-detect', 'xcessiv', 'neural-style-pt', 'nut', 'langfuse', 'optuna', 'deeplake', 'cortex', 'tensorflow', 'pytorch-frame', 'python-timbl', 'danswerai', 'DeepPavlov', 'rasa', 'igel', 'loso', 'SynapseML', 'machine-learning', 'autogluon', 'mlens', 'scikit-learn-intelex', 'catboost', 'somoclu', 'colibri-core', 'keras-tuner', 'neuropredict', 'dowel', 'DrQA', 'deeppy', 'neuraltalk2', 'altair', 'pgmpy', 'evidently', 'detectron2', 'lightly', 'jieba', 'cleanlab', 'Petrel', 'deepface', 'caffe', 'zpar', 'typer', 'nilearn', 'mlflow', 'open-webui', 'jax', 'stellargraph', 'maze', 'pebl', 'mlx', 'open-metric-learning', 'pytorch_geometric', 'neuraltalk', 'retinaface', 'mljar-supervised', 'superset', 'bokeh', 'pytorch-image-models', 'rosetta', 'recommenders', 'tpot', 'Parris', 'pytensor', 'chainer', 'skll', 'pandas', 'bolt', 'scikit-opt', 'vispy', 'gradio', 'CoreNLP', 'xgboost', 'cornac', 'feast', 'mindsdb', 'bowtie', 'PyTorchCV', 'machine-learning', 'deepface', 'mars', 'DIGITS', 'mlflow', 'feast', 'mindsdb', 'deeplake', 'open-webui', 'danswerai', 'DeepPavlov', 'mlflow', 'determined', 'rasa', 'ViZDoom', 'numpy', 'pyss3', 'langflow', 'jProcessing', 'bigartm', 'DI-engine', 'vigra', 'blaze', 'caffe', 'zpar', 'typer', 'mlflow', 'scikit-learn', 'zipline', 'retro', 'determined', 'open-webui', 'jax', 'lambdo', 'mindsdb', 'ColossalAI', 'pyqtgraph', 'gensim', 'pebl', 'cortex', 'tensorflow', 'pydantic', 'danswerai', 'pytorch-lightning', 'DeepPavlov', 'pattern', 'rasa', 'bokeh', 'xlearn', 'pandas', 'deepchecks', 'ray', 'DIGITS', 'mars', 'scikit-learn-intelex', 'catboost', 'LightGBM', 'dirty_cat', 'DrQA', 'haystack', 'emcee', 'pytorch', 'chainer', 'skll', 'PyTorchCV', 'lightning-bolts', 'CoreNLP', 'vispy', 'gradio', 'streamlit', 'dash', 'bentoml', 'xgboost', 'pymc', 'transformers', 'pgmpy', 'ViZDoom', 'numpy', 'pyss3', 'langflow', 'jProcessing', 'bigartm', 'DI-engine', 'vigra', 'blaze', 'caffe', 'zpar', 'typer', 'mlflow', 'scikit-learn', 'zipline', 'retro', 'determined', 'open-webui', 'jax', 'lambdo', 'mindsdb', 'ColossalAI', 'pyqtgraph', 'gensim', 'pebl', 'cortex', 'tensorflow', 'pydantic', 'danswerai', 'pytorch-lightning', 'DeepPavlov', 'pattern', 'rasa', 'bokeh', 'xlearn', 'pandas', 'deepchecks', 'ray', 'DIGITS', 'mars', 'scikit-learn-intelex', 'catboost', 'LightGBM', 'dirty_cat', 'DrQA', 'haystack', 'emcee', 'pytorch', 'chainer', 'skll', 'PyTorchCV', 'lightning-bolts', 'CoreNLP', 'vispy', 'gradio', 'streamlit', 'dash', 'bentoml', 'xgboost', 'pymc', 'transformers', 'pgmpy', 'ViZDoom', 'numpy', 'pyss3', 'langflow', 'jProcessing', 'bigartm', 'DI-engine', 'vigra', 'blaze', 'caffe', 'zpar', 'typer', 'mlflow', 'scikit-learn', 'zipline', 'retro', 'determined', 'open-webui', 'jax', 'lambdo', 'mindsdb', 'ColossalAI', 'pyqtgraph', 'gensim', 'pebl', 'cortex', 'tensorflow', 'pydantic', 'danswerai', 'pytorch-lightning', 'DeepPavlov', 'pattern', 'rasa', 'bokeh', 'xlearn', 'pandas', 'deepchecks', 'ray', 'DIGITS', 'mars', 'scikit-learn-intelex', 'catboost', 'LightGBM', 'dirty_cat', 'DrQA', 'haystack', 'emcee', 'pytorch', 'chainer', 'skll', 'PyTorchCV', 'lightning-bolts', 'CoreNLP', 'vispy', 'gradio', 'streamlit', 'dash', 'bentoml', 'xgboost', 'pymc', 'transformers', 'pgmpy']"
332,view,1435,Weaknesses in the 2025 CWE Top 25 Most Dangerous Software Weaknesses,549,8478,"['lightly', 'ViZDoom', 'numpy', 'feast', 'langflow', 'mlflow', 'open-webui', 'retro', 'mindsdb', 'pydantic', 'nalp', 'danswerai', 'rasa', 'pattern', 'superset', 'bokeh', 'Auto_ViML', 'fastapi', 'spammy', 'ray', 'PySyft', 'pytensor', 'pytorch', 'gradio', 'streamlit', 'transformers', 'DIGITS', 'AutoViz', 'lightly', 'ViZDoom', 'numpy', 'feast', 'langflow', 'mlflow', 'open-webui', 'retro', 'mindsdb', 'pydantic', 'nalp', 'danswerai', 'rasa', 'pattern', 'superset', 'bokeh', 'Auto_ViML', 'fastapi', 'spammy', 'ray', 'PySyft', 'pytensor', 'pytorch', 'gradio', 'streamlit', 'transformers', 'DIGITS', 'AutoViz', 'aim', 'pyss3', 'langflow', 'mlflow', 'determined', 'jax', 'gan', 'ColossalAI', 'open-metric-learning', 'pytorch_geometric', 'pytorch-lightning', 'spaCy', 'sinabs', 'bokeh', 'ray', 'catboost', 'LightGBM', 'gradio', 'streamlit', 'transformers', 'bentoml', 'detectron2', 'ViZDoom', 'numpy', 'aim', 'langflow', 'matplotlib', 'Spearmint', 'bigartm', 'DI-engine', 'blaze', 'catalyst', 'typer', 'nilearn', 'mlflow', 'zipline', 'determined', 'retro', 'rep', 'open-webui', 'jax', 'mindsdb', 'deeplake', 'pyqtgraph', 'gensim', 'cortex', 'tensorflow', 'PyStanfordDependencies', 'pydantic', 'mist', 'open-metric-learning', 'neuraltalk', 'danswerai', 'pytorch-lightning', 'shogun', 'rasa', 'loso', 'statsmodels', 'superset', 'bokeh', 'pytorch-image-models', 'ray', 'pynlpl', 'DIGITS', 'mlens', 'scikit-learn-intelex', 'mars', 'catboost', 'colibri-core', 'pytorch', 'deeppy', 'skll', 'gradio', 'streamlit', 'altair', 'bentoml', 'xgboost', 'dash', 'scikit-image', 'transformers', 'detectron2', 'cornac', 'FEDOT', 'numpy', 'pyod', 'pybrain', 'lifelines', 'cleanlab', 'couler', 'bigartm', 'DI-engine', 'vigra', 'annoy', 'catalyst', 'scikit-multiflow', 'zpar', 'ggpy', 'seaborn', 'open-webui', 'alibi-detect', 'notebook', 'gan', 'stellargraph', 'rockpool', 'lambdo', 'mindsdb', 'ColossalAI', 'pyqtgraph', 'pebl', 'tensorflow', 'mist', 'python-timbl', 'metric-learn', 'DeepPavlov', 'statsmodels', 'superset', 'xlearn', 'nupic.studio', 'breze', 'rgf', 'imbalanced-ensemble', 'recommenders', 'tpot', 'bytehub', 'catboost', 'alibi', 'segmentation_models', 'pytorch', 'chainer', 'deeppy', 'dash', 'streamlit', 'snips-nlu', 'DIGITS', 'scikit-image', 'cornac', 'FEDOT', 'feast', 'pyod', 'matplotlib', 'DI-engine', 'Sklearn-genetic-opt', 'determined', 'opfython', 'rep', 'lambdo', 'mindsdb', 'ColossalAI', 'pyqtgraph', 'hebel', 'PCV', 'tflearn', 'statsmodels', 'deepchecks', 'backprop', 'mars', 'NeuroNER', 'sentiment-analyzer', 'haystack', 'lightning-bolts', 'transformers', 'streamlit', 'lightwood', 'face_recognition', 'prodmodel', 'joliGEN', 'ViZDoom', 'pybrain', 'mlxtend', 'bigartm', 'skorch', 'catalyst', 'evostra', 'python-recsys', 'dl-translate', 'scikit-learn', 'river', 'pytorch-lightning', 'opytimizer', 'yalign', 'ray', 'DIGITS', 'alibi', 'LightGBM', 'xgboost', 'pytorch', 'PyTorchCV', 'polyglot', 'bentoml', 'pkuseg-python', 'numpy', 'jProcessing', 'cltk', 'miraiml', 'garage', 'zipline', 'alibi-detect', 'neural-style-pt', 'nut', 'tensorflow', 'pytorch-frame', 'DeepPavlov', 'rasa', 'igel', 'loso', 'machine-learning', 'autogluon', 'mlens', 'scikit-learn-intelex', 'catboost', 'keras-tuner', 'shapash', 'eurybia', 'neuropredict', 'DrQA', 'deeppy', 'pytorch_geometric_temporal', 'evidently', 'detectron2', 'lightly', 'jieba', 'cleanlab', 'Petrel', 'deepface', 'caffe', 'zpar', 'mlflow', 'TResNet', 'frouros', 'maze', 'pebl', 'open-metric-learning', 'pytorch_geometric', 'neuraltalk', 'mljar-supervised', 'bokeh', 'pytorch-image-models', 'segmentation_models.pytorch', 'simpleai', 'sentiment_classifier', 'recommenders', 'chefboost', 'snownlp', 'pytensor', 'chainer', 'skll', 'pandas', 'bolt', 'dedupe', 'neurolab', 'lightly', 'numpy', 'langflow', 'matplotlib', 'deepface', 'mlflow', 'open-webui', 'determined', 'rep', 'mindsdb', 'ColossalAI', 'cortex', 'pytorch-frame', 'danswerai', 'DeepPavlov', 'rasa', 'tflearn', 'upgini', 'machine-learning', 'ray', 'keras-tuner', 'pandas', 'gradio', 'streamlit', 'transformers', 'DIGITS', 'scikit-image', 'lightly', 'ViZDoom', 'numpy', 'feast', 'langflow', 'mlflow', 'open-webui', 'retro', 'mindsdb', 'pydantic', 'nalp', 'danswerai', 'rasa', 'pattern', 'superset', 'bokeh', 'Auto_ViML', 'fastapi', 'spammy', 'ray', 'PySyft', 'pytensor', 'pytorch', 'gradio', 'streamlit', 'transformers', 'DIGITS', 'AutoViz', 'lightly', 'ViZDoom', 'numpy', 'feast', 'langflow', 'mlflow', 'open-webui', 'retro', 'mindsdb', 'pydantic', 'nalp', 'danswerai', 'rasa', 'pattern', 'superset', 'bokeh', 'Auto_ViML', 'fastapi', 'spammy', 'ray', 'PySyft', 'pytensor', 'pytorch', 'gradio', 'streamlit', 'transformers', 'DIGITS', 'AutoViz', 'lightly', 'ViZDoom', 'numpy', 'feast', 'langflow', 'mlflow', 'open-webui', 'retro', 'mindsdb', 'pydantic', 'nalp', 'danswerai', 'rasa', 'pattern', 'superset', 'bokeh', 'Auto_ViML', 'fastapi', 'spammy', 'ray', 'PySyft', 'pytensor', 'pytorch', 'gradio', 'streamlit', 'transformers', 'DIGITS', 'AutoViz', 'cornac', 'FEDOT', 'feast', 'aim', 'pyss3', 'matplotlib', 'lab', 'DI-engine', 'dtaidistance', 'seaborn', 'determined', 'retro', 'BioPy', 'CompreFace', 'lambdo', 'mindsdb', 'Metaworld', 'ColossalAI', 'pyqtgraph', 'gensim', 'hebel', 'textacy', 'statsmodels', 'xlearn', 'deepchecks', 'mars', 'NeuroNER', 'PySyft', 'scikit-survival', 'haystack', 'emcee', 'transformers', 'streamlit', 'lightwood', 'prodmodel', 'joliGEN', 'ViZDoom', 'pybrain', 'langflow', 'mlxtend', 'Spearmint', 'bigartm', 'skorch', 'vigra', 'blaze', 'catalyst', 'sktime', 'ggpy', 'python-recsys', 'scikit-learn', 'river', 'tesseract', 'pytorch-lightning', 'shogun', 'spaCy', 'yalign', 'ray', 'pynlpl', 'DIGITS', 'LightGBM', 'pytorch', 'PyTorchCV', 'dash', 'polyglot', 'pymc', 'bentoml', 'pkuseg-python', 'scikit-image', 'Gymnasium', 'numpy', 'jProcessing', 'cltk', 'garage', 'zipline', 'alibi-detect', 'xcessiv', 'neural-style-pt', 'nut', 'langfuse', 'optuna', 'deeplake', 'cortex', 'tensorflow', 'pytorch-frame', 'python-timbl', 'danswerai', 'DeepPavlov', 'rasa', 'igel', 'loso', 'SynapseML', 'machine-learning', 'autogluon', 'mlens', 'scikit-learn-intelex', 'catboost', 'somoclu', 'colibri-core', 'keras-tuner', 'neuropredict', 'dowel', 'DrQA', 'deeppy', 'neuraltalk2', 'altair', 'pgmpy', 'evidently', 'detectron2', 'lightly', 'jieba', 'cleanlab', 'Petrel', 'deepface', 'caffe', 'zpar', 'typer', 'nilearn', 'mlflow', 'open-webui', 'jax', 'stellargraph', 'maze', 'pebl', 'mlx', 'open-metric-learning', 'pytorch_geometric', 'neuraltalk', 'retinaface', 'mljar-supervised', 'superset', 'bokeh', 'pytorch-image-models', 'rosetta', 'recommenders', 'tpot', 'Parris', 'pytensor', 'chainer', 'skll', 'pandas', 'bolt', 'scikit-opt', 'vispy', 'gradio', 'CoreNLP', 'xgboost', 'cornac', 'feast', 'mindsdb', 'bowtie', 'PyTorchCV', 'machine-learning', 'deepface', 'mars', 'DIGITS', 'mlflow', 'feast', 'mindsdb', 'deeplake', 'open-webui', 'danswerai', 'DeepPavlov', 'mlflow', 'determined', 'rasa']"
