,Unnamed: 0,nature,type,id,description,cwe_counts,cwe_id,repos
0,0,ChildOf,pillar,707,Improper Neutralization,4,20,"['lightly', 'ViZDoom', 'numpy', 'feast', 'langflow', 'mlflow', 'open-webui', 'retro', 'mindsdb', 'pydantic', 'nalp', 'danswerai', 'rasa', 'pattern', 'superset', 'bokeh', 'Auto_ViML', 'fastapi', 'spammy', 'ray', 'PySyft', 'pytensor', 'pytorch', 'gradio', 'streamlit', 'transformers', 'DIGITS', 'AutoViz']"
1,1,ParentOf,base,179,Incorrect Behavior Order: Early Validation,4,20,"['lightly', 'ViZDoom', 'numpy', 'feast', 'langflow', 'mlflow', 'open-webui', 'retro', 'mindsdb', 'pydantic', 'nalp', 'danswerai', 'rasa', 'pattern', 'superset', 'bokeh', 'Auto_ViML', 'fastapi', 'spammy', 'ray', 'PySyft', 'pytensor', 'pytorch', 'gradio', 'streamlit', 'transformers', 'DIGITS', 'AutoViz']"
2,2,ParentOf,variant,622,Improper Validation of Function Hook Arguments,4,20,"['lightly', 'ViZDoom', 'numpy', 'feast', 'langflow', 'mlflow', 'open-webui', 'retro', 'mindsdb', 'pydantic', 'nalp', 'danswerai', 'rasa', 'pattern', 'superset', 'bokeh', 'Auto_ViML', 'fastapi', 'spammy', 'ray', 'PySyft', 'pytensor', 'pytorch', 'gradio', 'streamlit', 'transformers', 'DIGITS', 'AutoViz']"
3,3,ParentOf,base,1173,Improper Use of Validation Framework,4,20,"['lightly', 'ViZDoom', 'numpy', 'feast', 'langflow', 'mlflow', 'open-webui', 'retro', 'mindsdb', 'pydantic', 'nalp', 'danswerai', 'rasa', 'pattern', 'superset', 'bokeh', 'Auto_ViML', 'fastapi', 'spammy', 'ray', 'PySyft', 'pytensor', 'pytorch', 'gradio', 'streamlit', 'transformers', 'DIGITS', 'AutoViz']"
4,4,ParentOf,base,1284,Improper Validation of Specified Quantity in Input,4,20,"['lightly', 'ViZDoom', 'numpy', 'feast', 'langflow', 'mlflow', 'open-webui', 'retro', 'mindsdb', 'pydantic', 'nalp', 'danswerai', 'rasa', 'pattern', 'superset', 'bokeh', 'Auto_ViML', 'fastapi', 'spammy', 'ray', 'PySyft', 'pytensor', 'pytorch', 'gradio', 'streamlit', 'transformers', 'DIGITS', 'AutoViz']"
5,5,ParentOf,base,1285,"Improper Validation of Specified Index, Position, or Offset in Input",4,20,"['lightly', 'ViZDoom', 'numpy', 'feast', 'langflow', 'mlflow', 'open-webui', 'retro', 'mindsdb', 'pydantic', 'nalp', 'danswerai', 'rasa', 'pattern', 'superset', 'bokeh', 'Auto_ViML', 'fastapi', 'spammy', 'ray', 'PySyft', 'pytensor', 'pytorch', 'gradio', 'streamlit', 'transformers', 'DIGITS', 'AutoViz']"
6,6,ParentOf,base,1286,Improper Validation of Syntactic Correctness of Input,4,20,"['lightly', 'ViZDoom', 'numpy', 'feast', 'langflow', 'mlflow', 'open-webui', 'retro', 'mindsdb', 'pydantic', 'nalp', 'danswerai', 'rasa', 'pattern', 'superset', 'bokeh', 'Auto_ViML', 'fastapi', 'spammy', 'ray', 'PySyft', 'pytensor', 'pytorch', 'gradio', 'streamlit', 'transformers', 'DIGITS', 'AutoViz']"
7,7,ParentOf,base,1287,Improper Validation of Specified Type of Input,4,20,"['lightly', 'ViZDoom', 'numpy', 'feast', 'langflow', 'mlflow', 'open-webui', 'retro', 'mindsdb', 'pydantic', 'nalp', 'danswerai', 'rasa', 'pattern', 'superset', 'bokeh', 'Auto_ViML', 'fastapi', 'spammy', 'ray', 'PySyft', 'pytensor', 'pytorch', 'gradio', 'streamlit', 'transformers', 'DIGITS', 'AutoViz']"
8,8,ParentOf,base,1288,Improper Validation of Consistency within Input,4,20,"['lightly', 'ViZDoom', 'numpy', 'feast', 'langflow', 'mlflow', 'open-webui', 'retro', 'mindsdb', 'pydantic', 'nalp', 'danswerai', 'rasa', 'pattern', 'superset', 'bokeh', 'Auto_ViML', 'fastapi', 'spammy', 'ray', 'PySyft', 'pytensor', 'pytorch', 'gradio', 'streamlit', 'transformers', 'DIGITS', 'AutoViz']"
9,9,ParentOf,base,1289,Improper Validation of Unsafe Equivalence in Input,4,20,"['lightly', 'ViZDoom', 'numpy', 'feast', 'langflow', 'mlflow', 'open-webui', 'retro', 'mindsdb', 'pydantic', 'nalp', 'danswerai', 'rasa', 'pattern', 'superset', 'bokeh', 'Auto_ViML', 'fastapi', 'spammy', 'ray', 'PySyft', 'pytensor', 'pytorch', 'gradio', 'streamlit', 'transformers', 'DIGITS', 'AutoViz']"
10,10,PeerOf,class,345,Insufficient Verification of Data Authenticity,4,20,"['lightly', 'ViZDoom', 'numpy', 'feast', 'langflow', 'mlflow', 'open-webui', 'retro', 'mindsdb', 'pydantic', 'nalp', 'danswerai', 'rasa', 'pattern', 'superset', 'bokeh', 'Auto_ViML', 'fastapi', 'spammy', 'ray', 'PySyft', 'pytensor', 'pytorch', 'gradio', 'streamlit', 'transformers', 'DIGITS', 'AutoViz']"
11,11,CanPrecede,base,22,Improper Limitation of a Pathname to a Restricted Directory ('Path Traversal'),4,20,"['lightly', 'ViZDoom', 'numpy', 'feast', 'langflow', 'mlflow', 'open-webui', 'retro', 'mindsdb', 'pydantic', 'nalp', 'danswerai', 'rasa', 'pattern', 'superset', 'bokeh', 'Auto_ViML', 'fastapi', 'spammy', 'ray', 'PySyft', 'pytensor', 'pytorch', 'gradio', 'streamlit', 'transformers', 'DIGITS', 'AutoViz']"
12,12,CanPrecede,base,41,Improper Resolution of Path Equivalence,4,20,"['lightly', 'ViZDoom', 'numpy', 'feast', 'langflow', 'mlflow', 'open-webui', 'retro', 'mindsdb', 'pydantic', 'nalp', 'danswerai', 'rasa', 'pattern', 'superset', 'bokeh', 'Auto_ViML', 'fastapi', 'spammy', 'ray', 'PySyft', 'pytensor', 'pytorch', 'gradio', 'streamlit', 'transformers', 'DIGITS', 'AutoViz']"
13,13,CanPrecede,class,74,Improper Neutralization of Special Elements in Output Used by a Downstream Component ('Injection'),4,20,"['lightly', 'ViZDoom', 'numpy', 'feast', 'langflow', 'mlflow', 'open-webui', 'retro', 'mindsdb', 'pydantic', 'nalp', 'danswerai', 'rasa', 'pattern', 'superset', 'bokeh', 'Auto_ViML', 'fastapi', 'spammy', 'ray', 'PySyft', 'pytensor', 'pytorch', 'gradio', 'streamlit', 'transformers', 'DIGITS', 'AutoViz']"
14,14,CanPrecede,class,119,Improper Restriction of Operations within the Bounds of a Memory Buffer,4,20,"['lightly', 'ViZDoom', 'numpy', 'feast', 'langflow', 'mlflow', 'open-webui', 'retro', 'mindsdb', 'pydantic', 'nalp', 'danswerai', 'rasa', 'pattern', 'superset', 'bokeh', 'Auto_ViML', 'fastapi', 'spammy', 'ray', 'PySyft', 'pytensor', 'pytorch', 'gradio', 'streamlit', 'transformers', 'DIGITS', 'AutoViz']"
15,15,CanPrecede,base,770,Allocation of Resources Without Limits or Throttling,4,20,"['lightly', 'ViZDoom', 'numpy', 'feast', 'langflow', 'mlflow', 'open-webui', 'retro', 'mindsdb', 'pydantic', 'nalp', 'danswerai', 'rasa', 'pattern', 'superset', 'bokeh', 'Auto_ViML', 'fastapi', 'spammy', 'ray', 'PySyft', 'pytensor', 'pytorch', 'gradio', 'streamlit', 'transformers', 'DIGITS', 'AutoViz']"
16,16,MemberOf,view,1003,Weaknesses for Simplified Mapping of Published Vulnerabilities,4,20,"['lightly', 'ViZDoom', 'numpy', 'feast', 'langflow', 'mlflow', 'open-webui', 'retro', 'mindsdb', 'pydantic', 'nalp', 'danswerai', 'rasa', 'pattern', 'superset', 'bokeh', 'Auto_ViML', 'fastapi', 'spammy', 'ray', 'PySyft', 'pytensor', 'pytorch', 'gradio', 'streamlit', 'transformers', 'DIGITS', 'AutoViz']"
17,17,ParentOf,variant,129,Improper Validation of Array Index,4,20,"['lightly', 'ViZDoom', 'numpy', 'feast', 'langflow', 'mlflow', 'open-webui', 'retro', 'mindsdb', 'pydantic', 'nalp', 'danswerai', 'rasa', 'pattern', 'superset', 'bokeh', 'Auto_ViML', 'fastapi', 'spammy', 'ray', 'PySyft', 'pytensor', 'pytorch', 'gradio', 'streamlit', 'transformers', 'DIGITS', 'AutoViz']"
18,18,ParentOf,base,1284,Improper Validation of Specified Quantity in Input,4,20,"['lightly', 'ViZDoom', 'numpy', 'feast', 'langflow', 'mlflow', 'open-webui', 'retro', 'mindsdb', 'pydantic', 'nalp', 'danswerai', 'rasa', 'pattern', 'superset', 'bokeh', 'Auto_ViML', 'fastapi', 'spammy', 'ray', 'PySyft', 'pytensor', 'pytorch', 'gradio', 'streamlit', 'transformers', 'DIGITS', 'AutoViz']"
19,19,MemberOf,category,1019,Validate Inputs,4,20,"['lightly', 'ViZDoom', 'numpy', 'feast', 'langflow', 'mlflow', 'open-webui', 'retro', 'mindsdb', 'pydantic', 'nalp', 'danswerai', 'rasa', 'pattern', 'superset', 'bokeh', 'Auto_ViML', 'fastapi', 'spammy', 'ray', 'PySyft', 'pytensor', 'pytorch', 'gradio', 'streamlit', 'transformers', 'DIGITS', 'AutoViz']"
20,20,ParentOf,base,15,External Control of System or Configuration Setting,4,20,"['lightly', 'ViZDoom', 'numpy', 'feast', 'langflow', 'mlflow', 'open-webui', 'retro', 'mindsdb', 'pydantic', 'nalp', 'danswerai', 'rasa', 'pattern', 'superset', 'bokeh', 'Auto_ViML', 'fastapi', 'spammy', 'ray', 'PySyft', 'pytensor', 'pytorch', 'gradio', 'streamlit', 'transformers', 'DIGITS', 'AutoViz']"
21,21,ParentOf,base,73,External Control of File Name or Path,4,20,"['lightly', 'ViZDoom', 'numpy', 'feast', 'langflow', 'mlflow', 'open-webui', 'retro', 'mindsdb', 'pydantic', 'nalp', 'danswerai', 'rasa', 'pattern', 'superset', 'bokeh', 'Auto_ViML', 'fastapi', 'spammy', 'ray', 'PySyft', 'pytensor', 'pytorch', 'gradio', 'streamlit', 'transformers', 'DIGITS', 'AutoViz']"
22,22,ParentOf,variant,102,Struts: Duplicate Validation Forms,4,20,"['lightly', 'ViZDoom', 'numpy', 'feast', 'langflow', 'mlflow', 'open-webui', 'retro', 'mindsdb', 'pydantic', 'nalp', 'danswerai', 'rasa', 'pattern', 'superset', 'bokeh', 'Auto_ViML', 'fastapi', 'spammy', 'ray', 'PySyft', 'pytensor', 'pytorch', 'gradio', 'streamlit', 'transformers', 'DIGITS', 'AutoViz']"
23,23,ParentOf,variant,103,Struts: Incomplete validate() Method Definition,4,20,"['lightly', 'ViZDoom', 'numpy', 'feast', 'langflow', 'mlflow', 'open-webui', 'retro', 'mindsdb', 'pydantic', 'nalp', 'danswerai', 'rasa', 'pattern', 'superset', 'bokeh', 'Auto_ViML', 'fastapi', 'spammy', 'ray', 'PySyft', 'pytensor', 'pytorch', 'gradio', 'streamlit', 'transformers', 'DIGITS', 'AutoViz']"
24,24,ParentOf,variant,104,Struts: Form Bean Does Not Extend Validation Class,4,20,"['lightly', 'ViZDoom', 'numpy', 'feast', 'langflow', 'mlflow', 'open-webui', 'retro', 'mindsdb', 'pydantic', 'nalp', 'danswerai', 'rasa', 'pattern', 'superset', 'bokeh', 'Auto_ViML', 'fastapi', 'spammy', 'ray', 'PySyft', 'pytensor', 'pytorch', 'gradio', 'streamlit', 'transformers', 'DIGITS', 'AutoViz']"
25,25,ParentOf,variant,105,Struts: Form Field Without Validator,4,20,"['lightly', 'ViZDoom', 'numpy', 'feast', 'langflow', 'mlflow', 'open-webui', 'retro', 'mindsdb', 'pydantic', 'nalp', 'danswerai', 'rasa', 'pattern', 'superset', 'bokeh', 'Auto_ViML', 'fastapi', 'spammy', 'ray', 'PySyft', 'pytensor', 'pytorch', 'gradio', 'streamlit', 'transformers', 'DIGITS', 'AutoViz']"
26,26,ParentOf,variant,106,Struts: Plug-in Framework not in Use,4,20,"['lightly', 'ViZDoom', 'numpy', 'feast', 'langflow', 'mlflow', 'open-webui', 'retro', 'mindsdb', 'pydantic', 'nalp', 'danswerai', 'rasa', 'pattern', 'superset', 'bokeh', 'Auto_ViML', 'fastapi', 'spammy', 'ray', 'PySyft', 'pytensor', 'pytorch', 'gradio', 'streamlit', 'transformers', 'DIGITS', 'AutoViz']"
27,27,ParentOf,variant,107,Struts: Unused Validation Form,4,20,"['lightly', 'ViZDoom', 'numpy', 'feast', 'langflow', 'mlflow', 'open-webui', 'retro', 'mindsdb', 'pydantic', 'nalp', 'danswerai', 'rasa', 'pattern', 'superset', 'bokeh', 'Auto_ViML', 'fastapi', 'spammy', 'ray', 'PySyft', 'pytensor', 'pytorch', 'gradio', 'streamlit', 'transformers', 'DIGITS', 'AutoViz']"
28,28,ParentOf,variant,108,Struts: Unvalidated Action Form,4,20,"['lightly', 'ViZDoom', 'numpy', 'feast', 'langflow', 'mlflow', 'open-webui', 'retro', 'mindsdb', 'pydantic', 'nalp', 'danswerai', 'rasa', 'pattern', 'superset', 'bokeh', 'Auto_ViML', 'fastapi', 'spammy', 'ray', 'PySyft', 'pytensor', 'pytorch', 'gradio', 'streamlit', 'transformers', 'DIGITS', 'AutoViz']"
29,29,ParentOf,variant,109,Struts: Validator Turned Off,4,20,"['lightly', 'ViZDoom', 'numpy', 'feast', 'langflow', 'mlflow', 'open-webui', 'retro', 'mindsdb', 'pydantic', 'nalp', 'danswerai', 'rasa', 'pattern', 'superset', 'bokeh', 'Auto_ViML', 'fastapi', 'spammy', 'ray', 'PySyft', 'pytensor', 'pytorch', 'gradio', 'streamlit', 'transformers', 'DIGITS', 'AutoViz']"
30,30,ParentOf,variant,110,Struts: Validator Without Form Field,4,20,"['lightly', 'ViZDoom', 'numpy', 'feast', 'langflow', 'mlflow', 'open-webui', 'retro', 'mindsdb', 'pydantic', 'nalp', 'danswerai', 'rasa', 'pattern', 'superset', 'bokeh', 'Auto_ViML', 'fastapi', 'spammy', 'ray', 'PySyft', 'pytensor', 'pytorch', 'gradio', 'streamlit', 'transformers', 'DIGITS', 'AutoViz']"
31,31,ParentOf,variant,111,Direct Use of Unsafe JNI,4,20,"['lightly', 'ViZDoom', 'numpy', 'feast', 'langflow', 'mlflow', 'open-webui', 'retro', 'mindsdb', 'pydantic', 'nalp', 'danswerai', 'rasa', 'pattern', 'superset', 'bokeh', 'Auto_ViML', 'fastapi', 'spammy', 'ray', 'PySyft', 'pytensor', 'pytorch', 'gradio', 'streamlit', 'transformers', 'DIGITS', 'AutoViz']"
32,32,ParentOf,base,112,Missing XML Validation,4,20,"['lightly', 'ViZDoom', 'numpy', 'feast', 'langflow', 'mlflow', 'open-webui', 'retro', 'mindsdb', 'pydantic', 'nalp', 'danswerai', 'rasa', 'pattern', 'superset', 'bokeh', 'Auto_ViML', 'fastapi', 'spammy', 'ray', 'PySyft', 'pytensor', 'pytorch', 'gradio', 'streamlit', 'transformers', 'DIGITS', 'AutoViz']"
33,33,ParentOf,variant,113,Improper Neutralization of CRLF Sequences in HTTP Headers ('HTTP Request/Response Splitting'),4,20,"['lightly', 'ViZDoom', 'numpy', 'feast', 'langflow', 'mlflow', 'open-webui', 'retro', 'mindsdb', 'pydantic', 'nalp', 'danswerai', 'rasa', 'pattern', 'superset', 'bokeh', 'Auto_ViML', 'fastapi', 'spammy', 'ray', 'PySyft', 'pytensor', 'pytorch', 'gradio', 'streamlit', 'transformers', 'DIGITS', 'AutoViz']"
34,34,ParentOf,class,114,Process Control,4,20,"['lightly', 'ViZDoom', 'numpy', 'feast', 'langflow', 'mlflow', 'open-webui', 'retro', 'mindsdb', 'pydantic', 'nalp', 'danswerai', 'rasa', 'pattern', 'superset', 'bokeh', 'Auto_ViML', 'fastapi', 'spammy', 'ray', 'PySyft', 'pytensor', 'pytorch', 'gradio', 'streamlit', 'transformers', 'DIGITS', 'AutoViz']"
35,35,ParentOf,base,117,Improper Output Neutralization for Logs,4,20,"['lightly', 'ViZDoom', 'numpy', 'feast', 'langflow', 'mlflow', 'open-webui', 'retro', 'mindsdb', 'pydantic', 'nalp', 'danswerai', 'rasa', 'pattern', 'superset', 'bokeh', 'Auto_ViML', 'fastapi', 'spammy', 'ray', 'PySyft', 'pytensor', 'pytorch', 'gradio', 'streamlit', 'transformers', 'DIGITS', 'AutoViz']"
36,36,ParentOf,class,119,Improper Restriction of Operations within the Bounds of a Memory Buffer,4,20,"['lightly', 'ViZDoom', 'numpy', 'feast', 'langflow', 'mlflow', 'open-webui', 'retro', 'mindsdb', 'pydantic', 'nalp', 'danswerai', 'rasa', 'pattern', 'superset', 'bokeh', 'Auto_ViML', 'fastapi', 'spammy', 'ray', 'PySyft', 'pytensor', 'pytorch', 'gradio', 'streamlit', 'transformers', 'DIGITS', 'AutoViz']"
37,37,ParentOf,base,120,Buffer Copy without Checking Size of Input ('Classic Buffer Overflow'),4,20,"['lightly', 'ViZDoom', 'numpy', 'feast', 'langflow', 'mlflow', 'open-webui', 'retro', 'mindsdb', 'pydantic', 'nalp', 'danswerai', 'rasa', 'pattern', 'superset', 'bokeh', 'Auto_ViML', 'fastapi', 'spammy', 'ray', 'PySyft', 'pytensor', 'pytorch', 'gradio', 'streamlit', 'transformers', 'DIGITS', 'AutoViz']"
38,38,ParentOf,base,134,Use of Externally-Controlled Format String,4,20,"['lightly', 'ViZDoom', 'numpy', 'feast', 'langflow', 'mlflow', 'open-webui', 'retro', 'mindsdb', 'pydantic', 'nalp', 'danswerai', 'rasa', 'pattern', 'superset', 'bokeh', 'Auto_ViML', 'fastapi', 'spammy', 'ray', 'PySyft', 'pytensor', 'pytorch', 'gradio', 'streamlit', 'transformers', 'DIGITS', 'AutoViz']"
39,39,ParentOf,base,170,Improper Null Termination,4,20,"['lightly', 'ViZDoom', 'numpy', 'feast', 'langflow', 'mlflow', 'open-webui', 'retro', 'mindsdb', 'pydantic', 'nalp', 'danswerai', 'rasa', 'pattern', 'superset', 'bokeh', 'Auto_ViML', 'fastapi', 'spammy', 'ray', 'PySyft', 'pytensor', 'pytorch', 'gradio', 'streamlit', 'transformers', 'DIGITS', 'AutoViz']"
40,40,ParentOf,base,190,Integer Overflow or Wraparound,4,20,"['lightly', 'ViZDoom', 'numpy', 'feast', 'langflow', 'mlflow', 'open-webui', 'retro', 'mindsdb', 'pydantic', 'nalp', 'danswerai', 'rasa', 'pattern', 'superset', 'bokeh', 'Auto_ViML', 'fastapi', 'spammy', 'ray', 'PySyft', 'pytensor', 'pytorch', 'gradio', 'streamlit', 'transformers', 'DIGITS', 'AutoViz']"
41,41,ParentOf,base,466,Return of Pointer Value Outside of Expected Range,4,20,"['lightly', 'ViZDoom', 'numpy', 'feast', 'langflow', 'mlflow', 'open-webui', 'retro', 'mindsdb', 'pydantic', 'nalp', 'danswerai', 'rasa', 'pattern', 'superset', 'bokeh', 'Auto_ViML', 'fastapi', 'spammy', 'ray', 'PySyft', 'pytensor', 'pytorch', 'gradio', 'streamlit', 'transformers', 'DIGITS', 'AutoViz']"
42,42,ParentOf,base,470,Use of Externally-Controlled Input to Select Classes or Code ('Unsafe Reflection'),4,20,"['lightly', 'ViZDoom', 'numpy', 'feast', 'langflow', 'mlflow', 'open-webui', 'retro', 'mindsdb', 'pydantic', 'nalp', 'danswerai', 'rasa', 'pattern', 'superset', 'bokeh', 'Auto_ViML', 'fastapi', 'spammy', 'ray', 'PySyft', 'pytensor', 'pytorch', 'gradio', 'streamlit', 'transformers', 'DIGITS', 'AutoViz']"
43,43,ParentOf,variant,785,Use of Path Manipulation Function without Maximum-sized Buffer,4,20,"['lightly', 'ViZDoom', 'numpy', 'feast', 'langflow', 'mlflow', 'open-webui', 'retro', 'mindsdb', 'pydantic', 'nalp', 'danswerai', 'rasa', 'pattern', 'superset', 'bokeh', 'Auto_ViML', 'fastapi', 'spammy', 'ray', 'PySyft', 'pytensor', 'pytorch', 'gradio', 'streamlit', 'transformers', 'DIGITS', 'AutoViz']"
44,44,MemberOf,view,635,Weaknesses Originally Used by NVD from 2008 to 2016,4,20,"['lightly', 'ViZDoom', 'numpy', 'feast', 'langflow', 'mlflow', 'open-webui', 'retro', 'mindsdb', 'pydantic', 'nalp', 'danswerai', 'rasa', 'pattern', 'superset', 'bokeh', 'Auto_ViML', 'fastapi', 'spammy', 'ray', 'PySyft', 'pytensor', 'pytorch', 'gradio', 'streamlit', 'transformers', 'DIGITS', 'AutoViz']"
45,45,MemberOf,category,722,OWASP Top Ten 2004 Category A1 - Unvalidated Input,4,20,"['lightly', 'ViZDoom', 'numpy', 'feast', 'langflow', 'mlflow', 'open-webui', 'retro', 'mindsdb', 'pydantic', 'nalp', 'danswerai', 'rasa', 'pattern', 'superset', 'bokeh', 'Auto_ViML', 'fastapi', 'spammy', 'ray', 'PySyft', 'pytensor', 'pytorch', 'gradio', 'streamlit', 'transformers', 'DIGITS', 'AutoViz']"
46,46,MemberOf,category,738,CERT C Secure Coding Standard (2008) Chapter 5 - Integers (INT),4,20,"['lightly', 'ViZDoom', 'numpy', 'feast', 'langflow', 'mlflow', 'open-webui', 'retro', 'mindsdb', 'pydantic', 'nalp', 'danswerai', 'rasa', 'pattern', 'superset', 'bokeh', 'Auto_ViML', 'fastapi', 'spammy', 'ray', 'PySyft', 'pytensor', 'pytorch', 'gradio', 'streamlit', 'transformers', 'DIGITS', 'AutoViz']"
47,47,MemberOf,category,742,CERT C Secure Coding Standard (2008) Chapter 9 - Memory Management (MEM),4,20,"['lightly', 'ViZDoom', 'numpy', 'feast', 'langflow', 'mlflow', 'open-webui', 'retro', 'mindsdb', 'pydantic', 'nalp', 'danswerai', 'rasa', 'pattern', 'superset', 'bokeh', 'Auto_ViML', 'fastapi', 'spammy', 'ray', 'PySyft', 'pytensor', 'pytorch', 'gradio', 'streamlit', 'transformers', 'DIGITS', 'AutoViz']"
48,48,MemberOf,category,746,CERT C Secure Coding Standard (2008) Chapter 13 - Error Handling (ERR),4,20,"['lightly', 'ViZDoom', 'numpy', 'feast', 'langflow', 'mlflow', 'open-webui', 'retro', 'mindsdb', 'pydantic', 'nalp', 'danswerai', 'rasa', 'pattern', 'superset', 'bokeh', 'Auto_ViML', 'fastapi', 'spammy', 'ray', 'PySyft', 'pytensor', 'pytorch', 'gradio', 'streamlit', 'transformers', 'DIGITS', 'AutoViz']"
49,49,MemberOf,category,747,CERT C Secure Coding Standard (2008) Chapter 14 - Miscellaneous (MSC),4,20,"['lightly', 'ViZDoom', 'numpy', 'feast', 'langflow', 'mlflow', 'open-webui', 'retro', 'mindsdb', 'pydantic', 'nalp', 'danswerai', 'rasa', 'pattern', 'superset', 'bokeh', 'Auto_ViML', 'fastapi', 'spammy', 'ray', 'PySyft', 'pytensor', 'pytorch', 'gradio', 'streamlit', 'transformers', 'DIGITS', 'AutoViz']"
50,50,MemberOf,category,751,2009 Top 25 - Insecure Interaction Between Components,4,20,"['lightly', 'ViZDoom', 'numpy', 'feast', 'langflow', 'mlflow', 'open-webui', 'retro', 'mindsdb', 'pydantic', 'nalp', 'danswerai', 'rasa', 'pattern', 'superset', 'bokeh', 'Auto_ViML', 'fastapi', 'spammy', 'ray', 'PySyft', 'pytensor', 'pytorch', 'gradio', 'streamlit', 'transformers', 'DIGITS', 'AutoViz']"
51,51,MemberOf,category,872,CERT C++ Secure Coding Section 04 - Integers (INT),4,20,"['lightly', 'ViZDoom', 'numpy', 'feast', 'langflow', 'mlflow', 'open-webui', 'retro', 'mindsdb', 'pydantic', 'nalp', 'danswerai', 'rasa', 'pattern', 'superset', 'bokeh', 'Auto_ViML', 'fastapi', 'spammy', 'ray', 'PySyft', 'pytensor', 'pytorch', 'gradio', 'streamlit', 'transformers', 'DIGITS', 'AutoViz']"
52,52,MemberOf,category,876,CERT C++ Secure Coding Section 08 - Memory Management (MEM),4,20,"['lightly', 'ViZDoom', 'numpy', 'feast', 'langflow', 'mlflow', 'open-webui', 'retro', 'mindsdb', 'pydantic', 'nalp', 'danswerai', 'rasa', 'pattern', 'superset', 'bokeh', 'Auto_ViML', 'fastapi', 'spammy', 'ray', 'PySyft', 'pytensor', 'pytorch', 'gradio', 'streamlit', 'transformers', 'DIGITS', 'AutoViz']"
53,53,MemberOf,category,883,CERT C++ Secure Coding Section 49 - Miscellaneous (MSC),4,20,"['lightly', 'ViZDoom', 'numpy', 'feast', 'langflow', 'mlflow', 'open-webui', 'retro', 'mindsdb', 'pydantic', 'nalp', 'danswerai', 'rasa', 'pattern', 'superset', 'bokeh', 'Auto_ViML', 'fastapi', 'spammy', 'ray', 'PySyft', 'pytensor', 'pytorch', 'gradio', 'streamlit', 'transformers', 'DIGITS', 'AutoViz']"
54,54,MemberOf,category,994,SFP Secondary Cluster: Tainted Input to Variable,4,20,"['lightly', 'ViZDoom', 'numpy', 'feast', 'langflow', 'mlflow', 'open-webui', 'retro', 'mindsdb', 'pydantic', 'nalp', 'danswerai', 'rasa', 'pattern', 'superset', 'bokeh', 'Auto_ViML', 'fastapi', 'spammy', 'ray', 'PySyft', 'pytensor', 'pytorch', 'gradio', 'streamlit', 'transformers', 'DIGITS', 'AutoViz']"
55,55,MemberOf,category,1005,7PK - Input Validation and Representation,4,20,"['lightly', 'ViZDoom', 'numpy', 'feast', 'langflow', 'mlflow', 'open-webui', 'retro', 'mindsdb', 'pydantic', 'nalp', 'danswerai', 'rasa', 'pattern', 'superset', 'bokeh', 'Auto_ViML', 'fastapi', 'spammy', 'ray', 'PySyft', 'pytensor', 'pytorch', 'gradio', 'streamlit', 'transformers', 'DIGITS', 'AutoViz']"
56,56,MemberOf,category,1163,SEI CERT C Coding Standard - Guidelines 09. Input Output (FIO),4,20,"['lightly', 'ViZDoom', 'numpy', 'feast', 'langflow', 'mlflow', 'open-webui', 'retro', 'mindsdb', 'pydantic', 'nalp', 'danswerai', 'rasa', 'pattern', 'superset', 'bokeh', 'Auto_ViML', 'fastapi', 'spammy', 'ray', 'PySyft', 'pytensor', 'pytorch', 'gradio', 'streamlit', 'transformers', 'DIGITS', 'AutoViz']"
57,57,MemberOf,view,1200,Weaknesses in the 2019 CWE Top 25 Most Dangerous Software Errors,4,20,"['lightly', 'ViZDoom', 'numpy', 'feast', 'langflow', 'mlflow', 'open-webui', 'retro', 'mindsdb', 'pydantic', 'nalp', 'danswerai', 'rasa', 'pattern', 'superset', 'bokeh', 'Auto_ViML', 'fastapi', 'spammy', 'ray', 'PySyft', 'pytensor', 'pytorch', 'gradio', 'streamlit', 'transformers', 'DIGITS', 'AutoViz']"
58,58,MemberOf,view,1337,Weaknesses in the 2021 CWE Top 25 Most Dangerous Software Weaknesses,4,20,"['lightly', 'ViZDoom', 'numpy', 'feast', 'langflow', 'mlflow', 'open-webui', 'retro', 'mindsdb', 'pydantic', 'nalp', 'danswerai', 'rasa', 'pattern', 'superset', 'bokeh', 'Auto_ViML', 'fastapi', 'spammy', 'ray', 'PySyft', 'pytensor', 'pytorch', 'gradio', 'streamlit', 'transformers', 'DIGITS', 'AutoViz']"
59,59,MemberOf,category,1347,OWASP Top Ten 2021 Category A03:2021 - Injection,4,20,"['lightly', 'ViZDoom', 'numpy', 'feast', 'langflow', 'mlflow', 'open-webui', 'retro', 'mindsdb', 'pydantic', 'nalp', 'danswerai', 'rasa', 'pattern', 'superset', 'bokeh', 'Auto_ViML', 'fastapi', 'spammy', 'ray', 'PySyft', 'pytensor', 'pytorch', 'gradio', 'streamlit', 'transformers', 'DIGITS', 'AutoViz']"
60,60,MemberOf,view,1350,Weaknesses in the 2020 CWE Top 25 Most Dangerous Software Weaknesses,4,20,"['lightly', 'ViZDoom', 'numpy', 'feast', 'langflow', 'mlflow', 'open-webui', 'retro', 'mindsdb', 'pydantic', 'nalp', 'danswerai', 'rasa', 'pattern', 'superset', 'bokeh', 'Auto_ViML', 'fastapi', 'spammy', 'ray', 'PySyft', 'pytensor', 'pytorch', 'gradio', 'streamlit', 'transformers', 'DIGITS', 'AutoViz']"
61,61,MemberOf,category,1382,ICS Operations (& Maintenance): Emerging Energy Technologies,4,20,"['lightly', 'ViZDoom', 'numpy', 'feast', 'langflow', 'mlflow', 'open-webui', 'retro', 'mindsdb', 'pydantic', 'nalp', 'danswerai', 'rasa', 'pattern', 'superset', 'bokeh', 'Auto_ViML', 'fastapi', 'spammy', 'ray', 'PySyft', 'pytensor', 'pytorch', 'gradio', 'streamlit', 'transformers', 'DIGITS', 'AutoViz']"
62,62,MemberOf,view,1387,Weaknesses in the 2022 CWE Top 25 Most Dangerous Software Weaknesses,4,20,"['lightly', 'ViZDoom', 'numpy', 'feast', 'langflow', 'mlflow', 'open-webui', 'retro', 'mindsdb', 'pydantic', 'nalp', 'danswerai', 'rasa', 'pattern', 'superset', 'bokeh', 'Auto_ViML', 'fastapi', 'spammy', 'ray', 'PySyft', 'pytensor', 'pytorch', 'gradio', 'streamlit', 'transformers', 'DIGITS', 'AutoViz']"
63,63,MemberOf,category,1406,Comprehensive Categorization: Improper Input Validation,4,20,"['lightly', 'ViZDoom', 'numpy', 'feast', 'langflow', 'mlflow', 'open-webui', 'retro', 'mindsdb', 'pydantic', 'nalp', 'danswerai', 'rasa', 'pattern', 'superset', 'bokeh', 'Auto_ViML', 'fastapi', 'spammy', 'ray', 'PySyft', 'pytensor', 'pytorch', 'gradio', 'streamlit', 'transformers', 'DIGITS', 'AutoViz']"
64,64,MemberOf,view,1425,Weaknesses in the 2023 CWE Top 25 Most Dangerous Software Weaknesses,4,20,"['lightly', 'ViZDoom', 'numpy', 'feast', 'langflow', 'mlflow', 'open-webui', 'retro', 'mindsdb', 'pydantic', 'nalp', 'danswerai', 'rasa', 'pattern', 'superset', 'bokeh', 'Auto_ViML', 'fastapi', 'spammy', 'ray', 'PySyft', 'pytensor', 'pytorch', 'gradio', 'streamlit', 'transformers', 'DIGITS', 'AutoViz']"
65,65,MemberOf,view,1430,Weaknesses in the 2024 CWE Top 25 Most Dangerous Software Weaknesses,4,20,"['lightly', 'ViZDoom', 'numpy', 'feast', 'langflow', 'mlflow', 'open-webui', 'retro', 'mindsdb', 'pydantic', 'nalp', 'danswerai', 'rasa', 'pattern', 'superset', 'bokeh', 'Auto_ViML', 'fastapi', 'spammy', 'ray', 'PySyft', 'pytensor', 'pytorch', 'gradio', 'streamlit', 'transformers', 'DIGITS', 'AutoViz']"
66,66,MemberOf,view,1435,Weaknesses in the 2025 CWE Top 25 Most Dangerous Software Weaknesses,4,20,"['lightly', 'ViZDoom', 'numpy', 'feast', 'langflow', 'mlflow', 'open-webui', 'retro', 'mindsdb', 'pydantic', 'nalp', 'danswerai', 'rasa', 'pattern', 'superset', 'bokeh', 'Auto_ViML', 'fastapi', 'spammy', 'ray', 'PySyft', 'pytensor', 'pytorch', 'gradio', 'streamlit', 'transformers', 'DIGITS', 'AutoViz']"
67,67,MemberOf,category,1440,OWASP Top Ten 2025 Category A05:2025 - Injection,4,20,"['lightly', 'ViZDoom', 'numpy', 'feast', 'langflow', 'mlflow', 'open-webui', 'retro', 'mindsdb', 'pydantic', 'nalp', 'danswerai', 'rasa', 'pattern', 'superset', 'bokeh', 'Auto_ViML', 'fastapi', 'spammy', 'ray', 'PySyft', 'pytensor', 'pytorch', 'gradio', 'streamlit', 'transformers', 'DIGITS', 'AutoViz']"
68,68,Self,class,20,,4,20,"['lightly', 'ViZDoom', 'numpy', 'feast', 'langflow', 'mlflow', 'open-webui', 'retro', 'mindsdb', 'pydantic', 'nalp', 'danswerai', 'rasa', 'pattern', 'superset', 'bokeh', 'Auto_ViML', 'fastapi', 'spammy', 'ray', 'PySyft', 'pytensor', 'pytorch', 'gradio', 'streamlit', 'transformers', 'DIGITS', 'AutoViz']"
69,0,ChildOf,pillar,707,Improper Neutralization,34,20,"['lightly', 'ViZDoom', 'numpy', 'feast', 'langflow', 'mlflow', 'open-webui', 'retro', 'mindsdb', 'pydantic', 'nalp', 'danswerai', 'rasa', 'pattern', 'superset', 'bokeh', 'Auto_ViML', 'fastapi', 'spammy', 'ray', 'PySyft', 'pytensor', 'pytorch', 'gradio', 'streamlit', 'transformers', 'DIGITS', 'AutoViz']"
70,1,ParentOf,base,179,Incorrect Behavior Order: Early Validation,34,20,"['lightly', 'ViZDoom', 'numpy', 'feast', 'langflow', 'mlflow', 'open-webui', 'retro', 'mindsdb', 'pydantic', 'nalp', 'danswerai', 'rasa', 'pattern', 'superset', 'bokeh', 'Auto_ViML', 'fastapi', 'spammy', 'ray', 'PySyft', 'pytensor', 'pytorch', 'gradio', 'streamlit', 'transformers', 'DIGITS', 'AutoViz']"
71,2,ParentOf,variant,622,Improper Validation of Function Hook Arguments,34,20,"['lightly', 'ViZDoom', 'numpy', 'feast', 'langflow', 'mlflow', 'open-webui', 'retro', 'mindsdb', 'pydantic', 'nalp', 'danswerai', 'rasa', 'pattern', 'superset', 'bokeh', 'Auto_ViML', 'fastapi', 'spammy', 'ray', 'PySyft', 'pytensor', 'pytorch', 'gradio', 'streamlit', 'transformers', 'DIGITS', 'AutoViz']"
72,3,ParentOf,base,1173,Improper Use of Validation Framework,34,20,"['lightly', 'ViZDoom', 'numpy', 'feast', 'langflow', 'mlflow', 'open-webui', 'retro', 'mindsdb', 'pydantic', 'nalp', 'danswerai', 'rasa', 'pattern', 'superset', 'bokeh', 'Auto_ViML', 'fastapi', 'spammy', 'ray', 'PySyft', 'pytensor', 'pytorch', 'gradio', 'streamlit', 'transformers', 'DIGITS', 'AutoViz']"
73,4,ParentOf,base,1284,Improper Validation of Specified Quantity in Input,34,20,"['lightly', 'ViZDoom', 'numpy', 'feast', 'langflow', 'mlflow', 'open-webui', 'retro', 'mindsdb', 'pydantic', 'nalp', 'danswerai', 'rasa', 'pattern', 'superset', 'bokeh', 'Auto_ViML', 'fastapi', 'spammy', 'ray', 'PySyft', 'pytensor', 'pytorch', 'gradio', 'streamlit', 'transformers', 'DIGITS', 'AutoViz']"
74,5,ParentOf,base,1285,"Improper Validation of Specified Index, Position, or Offset in Input",34,20,"['lightly', 'ViZDoom', 'numpy', 'feast', 'langflow', 'mlflow', 'open-webui', 'retro', 'mindsdb', 'pydantic', 'nalp', 'danswerai', 'rasa', 'pattern', 'superset', 'bokeh', 'Auto_ViML', 'fastapi', 'spammy', 'ray', 'PySyft', 'pytensor', 'pytorch', 'gradio', 'streamlit', 'transformers', 'DIGITS', 'AutoViz']"
75,6,ParentOf,base,1286,Improper Validation of Syntactic Correctness of Input,34,20,"['lightly', 'ViZDoom', 'numpy', 'feast', 'langflow', 'mlflow', 'open-webui', 'retro', 'mindsdb', 'pydantic', 'nalp', 'danswerai', 'rasa', 'pattern', 'superset', 'bokeh', 'Auto_ViML', 'fastapi', 'spammy', 'ray', 'PySyft', 'pytensor', 'pytorch', 'gradio', 'streamlit', 'transformers', 'DIGITS', 'AutoViz']"
76,7,ParentOf,base,1287,Improper Validation of Specified Type of Input,34,20,"['lightly', 'ViZDoom', 'numpy', 'feast', 'langflow', 'mlflow', 'open-webui', 'retro', 'mindsdb', 'pydantic', 'nalp', 'danswerai', 'rasa', 'pattern', 'superset', 'bokeh', 'Auto_ViML', 'fastapi', 'spammy', 'ray', 'PySyft', 'pytensor', 'pytorch', 'gradio', 'streamlit', 'transformers', 'DIGITS', 'AutoViz']"
77,8,ParentOf,base,1288,Improper Validation of Consistency within Input,34,20,"['lightly', 'ViZDoom', 'numpy', 'feast', 'langflow', 'mlflow', 'open-webui', 'retro', 'mindsdb', 'pydantic', 'nalp', 'danswerai', 'rasa', 'pattern', 'superset', 'bokeh', 'Auto_ViML', 'fastapi', 'spammy', 'ray', 'PySyft', 'pytensor', 'pytorch', 'gradio', 'streamlit', 'transformers', 'DIGITS', 'AutoViz']"
78,9,ParentOf,base,1289,Improper Validation of Unsafe Equivalence in Input,34,20,"['lightly', 'ViZDoom', 'numpy', 'feast', 'langflow', 'mlflow', 'open-webui', 'retro', 'mindsdb', 'pydantic', 'nalp', 'danswerai', 'rasa', 'pattern', 'superset', 'bokeh', 'Auto_ViML', 'fastapi', 'spammy', 'ray', 'PySyft', 'pytensor', 'pytorch', 'gradio', 'streamlit', 'transformers', 'DIGITS', 'AutoViz']"
79,10,PeerOf,class,345,Insufficient Verification of Data Authenticity,34,20,"['lightly', 'ViZDoom', 'numpy', 'feast', 'langflow', 'mlflow', 'open-webui', 'retro', 'mindsdb', 'pydantic', 'nalp', 'danswerai', 'rasa', 'pattern', 'superset', 'bokeh', 'Auto_ViML', 'fastapi', 'spammy', 'ray', 'PySyft', 'pytensor', 'pytorch', 'gradio', 'streamlit', 'transformers', 'DIGITS', 'AutoViz']"
80,11,CanPrecede,base,22,Improper Limitation of a Pathname to a Restricted Directory ('Path Traversal'),34,20,"['lightly', 'ViZDoom', 'numpy', 'feast', 'langflow', 'mlflow', 'open-webui', 'retro', 'mindsdb', 'pydantic', 'nalp', 'danswerai', 'rasa', 'pattern', 'superset', 'bokeh', 'Auto_ViML', 'fastapi', 'spammy', 'ray', 'PySyft', 'pytensor', 'pytorch', 'gradio', 'streamlit', 'transformers', 'DIGITS', 'AutoViz']"
81,12,CanPrecede,base,41,Improper Resolution of Path Equivalence,34,20,"['lightly', 'ViZDoom', 'numpy', 'feast', 'langflow', 'mlflow', 'open-webui', 'retro', 'mindsdb', 'pydantic', 'nalp', 'danswerai', 'rasa', 'pattern', 'superset', 'bokeh', 'Auto_ViML', 'fastapi', 'spammy', 'ray', 'PySyft', 'pytensor', 'pytorch', 'gradio', 'streamlit', 'transformers', 'DIGITS', 'AutoViz']"
82,13,CanPrecede,class,74,Improper Neutralization of Special Elements in Output Used by a Downstream Component ('Injection'),34,20,"['lightly', 'ViZDoom', 'numpy', 'feast', 'langflow', 'mlflow', 'open-webui', 'retro', 'mindsdb', 'pydantic', 'nalp', 'danswerai', 'rasa', 'pattern', 'superset', 'bokeh', 'Auto_ViML', 'fastapi', 'spammy', 'ray', 'PySyft', 'pytensor', 'pytorch', 'gradio', 'streamlit', 'transformers', 'DIGITS', 'AutoViz']"
83,14,CanPrecede,class,119,Improper Restriction of Operations within the Bounds of a Memory Buffer,34,20,"['lightly', 'ViZDoom', 'numpy', 'feast', 'langflow', 'mlflow', 'open-webui', 'retro', 'mindsdb', 'pydantic', 'nalp', 'danswerai', 'rasa', 'pattern', 'superset', 'bokeh', 'Auto_ViML', 'fastapi', 'spammy', 'ray', 'PySyft', 'pytensor', 'pytorch', 'gradio', 'streamlit', 'transformers', 'DIGITS', 'AutoViz']"
84,15,CanPrecede,base,770,Allocation of Resources Without Limits or Throttling,34,20,"['lightly', 'ViZDoom', 'numpy', 'feast', 'langflow', 'mlflow', 'open-webui', 'retro', 'mindsdb', 'pydantic', 'nalp', 'danswerai', 'rasa', 'pattern', 'superset', 'bokeh', 'Auto_ViML', 'fastapi', 'spammy', 'ray', 'PySyft', 'pytensor', 'pytorch', 'gradio', 'streamlit', 'transformers', 'DIGITS', 'AutoViz']"
85,16,MemberOf,view,1003,Weaknesses for Simplified Mapping of Published Vulnerabilities,34,20,"['lightly', 'ViZDoom', 'numpy', 'feast', 'langflow', 'mlflow', 'open-webui', 'retro', 'mindsdb', 'pydantic', 'nalp', 'danswerai', 'rasa', 'pattern', 'superset', 'bokeh', 'Auto_ViML', 'fastapi', 'spammy', 'ray', 'PySyft', 'pytensor', 'pytorch', 'gradio', 'streamlit', 'transformers', 'DIGITS', 'AutoViz']"
86,17,ParentOf,variant,129,Improper Validation of Array Index,34,20,"['lightly', 'ViZDoom', 'numpy', 'feast', 'langflow', 'mlflow', 'open-webui', 'retro', 'mindsdb', 'pydantic', 'nalp', 'danswerai', 'rasa', 'pattern', 'superset', 'bokeh', 'Auto_ViML', 'fastapi', 'spammy', 'ray', 'PySyft', 'pytensor', 'pytorch', 'gradio', 'streamlit', 'transformers', 'DIGITS', 'AutoViz']"
87,18,ParentOf,base,1284,Improper Validation of Specified Quantity in Input,34,20,"['lightly', 'ViZDoom', 'numpy', 'feast', 'langflow', 'mlflow', 'open-webui', 'retro', 'mindsdb', 'pydantic', 'nalp', 'danswerai', 'rasa', 'pattern', 'superset', 'bokeh', 'Auto_ViML', 'fastapi', 'spammy', 'ray', 'PySyft', 'pytensor', 'pytorch', 'gradio', 'streamlit', 'transformers', 'DIGITS', 'AutoViz']"
88,19,MemberOf,category,1019,Validate Inputs,34,20,"['lightly', 'ViZDoom', 'numpy', 'feast', 'langflow', 'mlflow', 'open-webui', 'retro', 'mindsdb', 'pydantic', 'nalp', 'danswerai', 'rasa', 'pattern', 'superset', 'bokeh', 'Auto_ViML', 'fastapi', 'spammy', 'ray', 'PySyft', 'pytensor', 'pytorch', 'gradio', 'streamlit', 'transformers', 'DIGITS', 'AutoViz']"
89,20,ParentOf,base,15,External Control of System or Configuration Setting,34,20,"['lightly', 'ViZDoom', 'numpy', 'feast', 'langflow', 'mlflow', 'open-webui', 'retro', 'mindsdb', 'pydantic', 'nalp', 'danswerai', 'rasa', 'pattern', 'superset', 'bokeh', 'Auto_ViML', 'fastapi', 'spammy', 'ray', 'PySyft', 'pytensor', 'pytorch', 'gradio', 'streamlit', 'transformers', 'DIGITS', 'AutoViz']"
90,21,ParentOf,base,73,External Control of File Name or Path,34,20,"['lightly', 'ViZDoom', 'numpy', 'feast', 'langflow', 'mlflow', 'open-webui', 'retro', 'mindsdb', 'pydantic', 'nalp', 'danswerai', 'rasa', 'pattern', 'superset', 'bokeh', 'Auto_ViML', 'fastapi', 'spammy', 'ray', 'PySyft', 'pytensor', 'pytorch', 'gradio', 'streamlit', 'transformers', 'DIGITS', 'AutoViz']"
91,22,ParentOf,variant,102,Struts: Duplicate Validation Forms,34,20,"['lightly', 'ViZDoom', 'numpy', 'feast', 'langflow', 'mlflow', 'open-webui', 'retro', 'mindsdb', 'pydantic', 'nalp', 'danswerai', 'rasa', 'pattern', 'superset', 'bokeh', 'Auto_ViML', 'fastapi', 'spammy', 'ray', 'PySyft', 'pytensor', 'pytorch', 'gradio', 'streamlit', 'transformers', 'DIGITS', 'AutoViz']"
92,23,ParentOf,variant,103,Struts: Incomplete validate() Method Definition,34,20,"['lightly', 'ViZDoom', 'numpy', 'feast', 'langflow', 'mlflow', 'open-webui', 'retro', 'mindsdb', 'pydantic', 'nalp', 'danswerai', 'rasa', 'pattern', 'superset', 'bokeh', 'Auto_ViML', 'fastapi', 'spammy', 'ray', 'PySyft', 'pytensor', 'pytorch', 'gradio', 'streamlit', 'transformers', 'DIGITS', 'AutoViz']"
93,24,ParentOf,variant,104,Struts: Form Bean Does Not Extend Validation Class,34,20,"['lightly', 'ViZDoom', 'numpy', 'feast', 'langflow', 'mlflow', 'open-webui', 'retro', 'mindsdb', 'pydantic', 'nalp', 'danswerai', 'rasa', 'pattern', 'superset', 'bokeh', 'Auto_ViML', 'fastapi', 'spammy', 'ray', 'PySyft', 'pytensor', 'pytorch', 'gradio', 'streamlit', 'transformers', 'DIGITS', 'AutoViz']"
94,25,ParentOf,variant,105,Struts: Form Field Without Validator,34,20,"['lightly', 'ViZDoom', 'numpy', 'feast', 'langflow', 'mlflow', 'open-webui', 'retro', 'mindsdb', 'pydantic', 'nalp', 'danswerai', 'rasa', 'pattern', 'superset', 'bokeh', 'Auto_ViML', 'fastapi', 'spammy', 'ray', 'PySyft', 'pytensor', 'pytorch', 'gradio', 'streamlit', 'transformers', 'DIGITS', 'AutoViz']"
95,26,ParentOf,variant,106,Struts: Plug-in Framework not in Use,34,20,"['lightly', 'ViZDoom', 'numpy', 'feast', 'langflow', 'mlflow', 'open-webui', 'retro', 'mindsdb', 'pydantic', 'nalp', 'danswerai', 'rasa', 'pattern', 'superset', 'bokeh', 'Auto_ViML', 'fastapi', 'spammy', 'ray', 'PySyft', 'pytensor', 'pytorch', 'gradio', 'streamlit', 'transformers', 'DIGITS', 'AutoViz']"
96,27,ParentOf,variant,107,Struts: Unused Validation Form,34,20,"['lightly', 'ViZDoom', 'numpy', 'feast', 'langflow', 'mlflow', 'open-webui', 'retro', 'mindsdb', 'pydantic', 'nalp', 'danswerai', 'rasa', 'pattern', 'superset', 'bokeh', 'Auto_ViML', 'fastapi', 'spammy', 'ray', 'PySyft', 'pytensor', 'pytorch', 'gradio', 'streamlit', 'transformers', 'DIGITS', 'AutoViz']"
97,28,ParentOf,variant,108,Struts: Unvalidated Action Form,34,20,"['lightly', 'ViZDoom', 'numpy', 'feast', 'langflow', 'mlflow', 'open-webui', 'retro', 'mindsdb', 'pydantic', 'nalp', 'danswerai', 'rasa', 'pattern', 'superset', 'bokeh', 'Auto_ViML', 'fastapi', 'spammy', 'ray', 'PySyft', 'pytensor', 'pytorch', 'gradio', 'streamlit', 'transformers', 'DIGITS', 'AutoViz']"
98,29,ParentOf,variant,109,Struts: Validator Turned Off,34,20,"['lightly', 'ViZDoom', 'numpy', 'feast', 'langflow', 'mlflow', 'open-webui', 'retro', 'mindsdb', 'pydantic', 'nalp', 'danswerai', 'rasa', 'pattern', 'superset', 'bokeh', 'Auto_ViML', 'fastapi', 'spammy', 'ray', 'PySyft', 'pytensor', 'pytorch', 'gradio', 'streamlit', 'transformers', 'DIGITS', 'AutoViz']"
99,30,ParentOf,variant,110,Struts: Validator Without Form Field,34,20,"['lightly', 'ViZDoom', 'numpy', 'feast', 'langflow', 'mlflow', 'open-webui', 'retro', 'mindsdb', 'pydantic', 'nalp', 'danswerai', 'rasa', 'pattern', 'superset', 'bokeh', 'Auto_ViML', 'fastapi', 'spammy', 'ray', 'PySyft', 'pytensor', 'pytorch', 'gradio', 'streamlit', 'transformers', 'DIGITS', 'AutoViz']"
100,31,ParentOf,variant,111,Direct Use of Unsafe JNI,34,20,"['lightly', 'ViZDoom', 'numpy', 'feast', 'langflow', 'mlflow', 'open-webui', 'retro', 'mindsdb', 'pydantic', 'nalp', 'danswerai', 'rasa', 'pattern', 'superset', 'bokeh', 'Auto_ViML', 'fastapi', 'spammy', 'ray', 'PySyft', 'pytensor', 'pytorch', 'gradio', 'streamlit', 'transformers', 'DIGITS', 'AutoViz']"
101,32,ParentOf,base,112,Missing XML Validation,34,20,"['lightly', 'ViZDoom', 'numpy', 'feast', 'langflow', 'mlflow', 'open-webui', 'retro', 'mindsdb', 'pydantic', 'nalp', 'danswerai', 'rasa', 'pattern', 'superset', 'bokeh', 'Auto_ViML', 'fastapi', 'spammy', 'ray', 'PySyft', 'pytensor', 'pytorch', 'gradio', 'streamlit', 'transformers', 'DIGITS', 'AutoViz']"
102,33,ParentOf,variant,113,Improper Neutralization of CRLF Sequences in HTTP Headers ('HTTP Request/Response Splitting'),34,20,"['lightly', 'ViZDoom', 'numpy', 'feast', 'langflow', 'mlflow', 'open-webui', 'retro', 'mindsdb', 'pydantic', 'nalp', 'danswerai', 'rasa', 'pattern', 'superset', 'bokeh', 'Auto_ViML', 'fastapi', 'spammy', 'ray', 'PySyft', 'pytensor', 'pytorch', 'gradio', 'streamlit', 'transformers', 'DIGITS', 'AutoViz']"
103,34,ParentOf,class,114,Process Control,34,20,"['lightly', 'ViZDoom', 'numpy', 'feast', 'langflow', 'mlflow', 'open-webui', 'retro', 'mindsdb', 'pydantic', 'nalp', 'danswerai', 'rasa', 'pattern', 'superset', 'bokeh', 'Auto_ViML', 'fastapi', 'spammy', 'ray', 'PySyft', 'pytensor', 'pytorch', 'gradio', 'streamlit', 'transformers', 'DIGITS', 'AutoViz']"
104,35,ParentOf,base,117,Improper Output Neutralization for Logs,34,20,"['lightly', 'ViZDoom', 'numpy', 'feast', 'langflow', 'mlflow', 'open-webui', 'retro', 'mindsdb', 'pydantic', 'nalp', 'danswerai', 'rasa', 'pattern', 'superset', 'bokeh', 'Auto_ViML', 'fastapi', 'spammy', 'ray', 'PySyft', 'pytensor', 'pytorch', 'gradio', 'streamlit', 'transformers', 'DIGITS', 'AutoViz']"
105,36,ParentOf,class,119,Improper Restriction of Operations within the Bounds of a Memory Buffer,34,20,"['lightly', 'ViZDoom', 'numpy', 'feast', 'langflow', 'mlflow', 'open-webui', 'retro', 'mindsdb', 'pydantic', 'nalp', 'danswerai', 'rasa', 'pattern', 'superset', 'bokeh', 'Auto_ViML', 'fastapi', 'spammy', 'ray', 'PySyft', 'pytensor', 'pytorch', 'gradio', 'streamlit', 'transformers', 'DIGITS', 'AutoViz']"
106,37,ParentOf,base,120,Buffer Copy without Checking Size of Input ('Classic Buffer Overflow'),34,20,"['lightly', 'ViZDoom', 'numpy', 'feast', 'langflow', 'mlflow', 'open-webui', 'retro', 'mindsdb', 'pydantic', 'nalp', 'danswerai', 'rasa', 'pattern', 'superset', 'bokeh', 'Auto_ViML', 'fastapi', 'spammy', 'ray', 'PySyft', 'pytensor', 'pytorch', 'gradio', 'streamlit', 'transformers', 'DIGITS', 'AutoViz']"
107,38,ParentOf,base,134,Use of Externally-Controlled Format String,34,20,"['lightly', 'ViZDoom', 'numpy', 'feast', 'langflow', 'mlflow', 'open-webui', 'retro', 'mindsdb', 'pydantic', 'nalp', 'danswerai', 'rasa', 'pattern', 'superset', 'bokeh', 'Auto_ViML', 'fastapi', 'spammy', 'ray', 'PySyft', 'pytensor', 'pytorch', 'gradio', 'streamlit', 'transformers', 'DIGITS', 'AutoViz']"
108,39,ParentOf,base,170,Improper Null Termination,34,20,"['lightly', 'ViZDoom', 'numpy', 'feast', 'langflow', 'mlflow', 'open-webui', 'retro', 'mindsdb', 'pydantic', 'nalp', 'danswerai', 'rasa', 'pattern', 'superset', 'bokeh', 'Auto_ViML', 'fastapi', 'spammy', 'ray', 'PySyft', 'pytensor', 'pytorch', 'gradio', 'streamlit', 'transformers', 'DIGITS', 'AutoViz']"
109,40,ParentOf,base,190,Integer Overflow or Wraparound,34,20,"['lightly', 'ViZDoom', 'numpy', 'feast', 'langflow', 'mlflow', 'open-webui', 'retro', 'mindsdb', 'pydantic', 'nalp', 'danswerai', 'rasa', 'pattern', 'superset', 'bokeh', 'Auto_ViML', 'fastapi', 'spammy', 'ray', 'PySyft', 'pytensor', 'pytorch', 'gradio', 'streamlit', 'transformers', 'DIGITS', 'AutoViz']"
110,41,ParentOf,base,466,Return of Pointer Value Outside of Expected Range,34,20,"['lightly', 'ViZDoom', 'numpy', 'feast', 'langflow', 'mlflow', 'open-webui', 'retro', 'mindsdb', 'pydantic', 'nalp', 'danswerai', 'rasa', 'pattern', 'superset', 'bokeh', 'Auto_ViML', 'fastapi', 'spammy', 'ray', 'PySyft', 'pytensor', 'pytorch', 'gradio', 'streamlit', 'transformers', 'DIGITS', 'AutoViz']"
111,42,ParentOf,base,470,Use of Externally-Controlled Input to Select Classes or Code ('Unsafe Reflection'),34,20,"['lightly', 'ViZDoom', 'numpy', 'feast', 'langflow', 'mlflow', 'open-webui', 'retro', 'mindsdb', 'pydantic', 'nalp', 'danswerai', 'rasa', 'pattern', 'superset', 'bokeh', 'Auto_ViML', 'fastapi', 'spammy', 'ray', 'PySyft', 'pytensor', 'pytorch', 'gradio', 'streamlit', 'transformers', 'DIGITS', 'AutoViz']"
112,43,ParentOf,variant,785,Use of Path Manipulation Function without Maximum-sized Buffer,34,20,"['lightly', 'ViZDoom', 'numpy', 'feast', 'langflow', 'mlflow', 'open-webui', 'retro', 'mindsdb', 'pydantic', 'nalp', 'danswerai', 'rasa', 'pattern', 'superset', 'bokeh', 'Auto_ViML', 'fastapi', 'spammy', 'ray', 'PySyft', 'pytensor', 'pytorch', 'gradio', 'streamlit', 'transformers', 'DIGITS', 'AutoViz']"
113,44,MemberOf,view,635,Weaknesses Originally Used by NVD from 2008 to 2016,34,20,"['lightly', 'ViZDoom', 'numpy', 'feast', 'langflow', 'mlflow', 'open-webui', 'retro', 'mindsdb', 'pydantic', 'nalp', 'danswerai', 'rasa', 'pattern', 'superset', 'bokeh', 'Auto_ViML', 'fastapi', 'spammy', 'ray', 'PySyft', 'pytensor', 'pytorch', 'gradio', 'streamlit', 'transformers', 'DIGITS', 'AutoViz']"
114,45,MemberOf,category,722,OWASP Top Ten 2004 Category A1 - Unvalidated Input,34,20,"['lightly', 'ViZDoom', 'numpy', 'feast', 'langflow', 'mlflow', 'open-webui', 'retro', 'mindsdb', 'pydantic', 'nalp', 'danswerai', 'rasa', 'pattern', 'superset', 'bokeh', 'Auto_ViML', 'fastapi', 'spammy', 'ray', 'PySyft', 'pytensor', 'pytorch', 'gradio', 'streamlit', 'transformers', 'DIGITS', 'AutoViz']"
115,46,MemberOf,category,738,CERT C Secure Coding Standard (2008) Chapter 5 - Integers (INT),34,20,"['lightly', 'ViZDoom', 'numpy', 'feast', 'langflow', 'mlflow', 'open-webui', 'retro', 'mindsdb', 'pydantic', 'nalp', 'danswerai', 'rasa', 'pattern', 'superset', 'bokeh', 'Auto_ViML', 'fastapi', 'spammy', 'ray', 'PySyft', 'pytensor', 'pytorch', 'gradio', 'streamlit', 'transformers', 'DIGITS', 'AutoViz']"
116,47,MemberOf,category,742,CERT C Secure Coding Standard (2008) Chapter 9 - Memory Management (MEM),34,20,"['lightly', 'ViZDoom', 'numpy', 'feast', 'langflow', 'mlflow', 'open-webui', 'retro', 'mindsdb', 'pydantic', 'nalp', 'danswerai', 'rasa', 'pattern', 'superset', 'bokeh', 'Auto_ViML', 'fastapi', 'spammy', 'ray', 'PySyft', 'pytensor', 'pytorch', 'gradio', 'streamlit', 'transformers', 'DIGITS', 'AutoViz']"
117,48,MemberOf,category,746,CERT C Secure Coding Standard (2008) Chapter 13 - Error Handling (ERR),34,20,"['lightly', 'ViZDoom', 'numpy', 'feast', 'langflow', 'mlflow', 'open-webui', 'retro', 'mindsdb', 'pydantic', 'nalp', 'danswerai', 'rasa', 'pattern', 'superset', 'bokeh', 'Auto_ViML', 'fastapi', 'spammy', 'ray', 'PySyft', 'pytensor', 'pytorch', 'gradio', 'streamlit', 'transformers', 'DIGITS', 'AutoViz']"
118,49,MemberOf,category,747,CERT C Secure Coding Standard (2008) Chapter 14 - Miscellaneous (MSC),34,20,"['lightly', 'ViZDoom', 'numpy', 'feast', 'langflow', 'mlflow', 'open-webui', 'retro', 'mindsdb', 'pydantic', 'nalp', 'danswerai', 'rasa', 'pattern', 'superset', 'bokeh', 'Auto_ViML', 'fastapi', 'spammy', 'ray', 'PySyft', 'pytensor', 'pytorch', 'gradio', 'streamlit', 'transformers', 'DIGITS', 'AutoViz']"
119,50,MemberOf,category,751,2009 Top 25 - Insecure Interaction Between Components,34,20,"['lightly', 'ViZDoom', 'numpy', 'feast', 'langflow', 'mlflow', 'open-webui', 'retro', 'mindsdb', 'pydantic', 'nalp', 'danswerai', 'rasa', 'pattern', 'superset', 'bokeh', 'Auto_ViML', 'fastapi', 'spammy', 'ray', 'PySyft', 'pytensor', 'pytorch', 'gradio', 'streamlit', 'transformers', 'DIGITS', 'AutoViz']"
120,51,MemberOf,category,872,CERT C++ Secure Coding Section 04 - Integers (INT),34,20,"['lightly', 'ViZDoom', 'numpy', 'feast', 'langflow', 'mlflow', 'open-webui', 'retro', 'mindsdb', 'pydantic', 'nalp', 'danswerai', 'rasa', 'pattern', 'superset', 'bokeh', 'Auto_ViML', 'fastapi', 'spammy', 'ray', 'PySyft', 'pytensor', 'pytorch', 'gradio', 'streamlit', 'transformers', 'DIGITS', 'AutoViz']"
121,52,MemberOf,category,876,CERT C++ Secure Coding Section 08 - Memory Management (MEM),34,20,"['lightly', 'ViZDoom', 'numpy', 'feast', 'langflow', 'mlflow', 'open-webui', 'retro', 'mindsdb', 'pydantic', 'nalp', 'danswerai', 'rasa', 'pattern', 'superset', 'bokeh', 'Auto_ViML', 'fastapi', 'spammy', 'ray', 'PySyft', 'pytensor', 'pytorch', 'gradio', 'streamlit', 'transformers', 'DIGITS', 'AutoViz']"
122,53,MemberOf,category,883,CERT C++ Secure Coding Section 49 - Miscellaneous (MSC),34,20,"['lightly', 'ViZDoom', 'numpy', 'feast', 'langflow', 'mlflow', 'open-webui', 'retro', 'mindsdb', 'pydantic', 'nalp', 'danswerai', 'rasa', 'pattern', 'superset', 'bokeh', 'Auto_ViML', 'fastapi', 'spammy', 'ray', 'PySyft', 'pytensor', 'pytorch', 'gradio', 'streamlit', 'transformers', 'DIGITS', 'AutoViz']"
123,54,MemberOf,category,994,SFP Secondary Cluster: Tainted Input to Variable,34,20,"['lightly', 'ViZDoom', 'numpy', 'feast', 'langflow', 'mlflow', 'open-webui', 'retro', 'mindsdb', 'pydantic', 'nalp', 'danswerai', 'rasa', 'pattern', 'superset', 'bokeh', 'Auto_ViML', 'fastapi', 'spammy', 'ray', 'PySyft', 'pytensor', 'pytorch', 'gradio', 'streamlit', 'transformers', 'DIGITS', 'AutoViz']"
124,55,MemberOf,category,1005,7PK - Input Validation and Representation,34,20,"['lightly', 'ViZDoom', 'numpy', 'feast', 'langflow', 'mlflow', 'open-webui', 'retro', 'mindsdb', 'pydantic', 'nalp', 'danswerai', 'rasa', 'pattern', 'superset', 'bokeh', 'Auto_ViML', 'fastapi', 'spammy', 'ray', 'PySyft', 'pytensor', 'pytorch', 'gradio', 'streamlit', 'transformers', 'DIGITS', 'AutoViz']"
125,56,MemberOf,category,1163,SEI CERT C Coding Standard - Guidelines 09. Input Output (FIO),34,20,"['lightly', 'ViZDoom', 'numpy', 'feast', 'langflow', 'mlflow', 'open-webui', 'retro', 'mindsdb', 'pydantic', 'nalp', 'danswerai', 'rasa', 'pattern', 'superset', 'bokeh', 'Auto_ViML', 'fastapi', 'spammy', 'ray', 'PySyft', 'pytensor', 'pytorch', 'gradio', 'streamlit', 'transformers', 'DIGITS', 'AutoViz']"
126,57,MemberOf,view,1200,Weaknesses in the 2019 CWE Top 25 Most Dangerous Software Errors,34,20,"['lightly', 'ViZDoom', 'numpy', 'feast', 'langflow', 'mlflow', 'open-webui', 'retro', 'mindsdb', 'pydantic', 'nalp', 'danswerai', 'rasa', 'pattern', 'superset', 'bokeh', 'Auto_ViML', 'fastapi', 'spammy', 'ray', 'PySyft', 'pytensor', 'pytorch', 'gradio', 'streamlit', 'transformers', 'DIGITS', 'AutoViz']"
127,58,MemberOf,view,1337,Weaknesses in the 2021 CWE Top 25 Most Dangerous Software Weaknesses,34,20,"['lightly', 'ViZDoom', 'numpy', 'feast', 'langflow', 'mlflow', 'open-webui', 'retro', 'mindsdb', 'pydantic', 'nalp', 'danswerai', 'rasa', 'pattern', 'superset', 'bokeh', 'Auto_ViML', 'fastapi', 'spammy', 'ray', 'PySyft', 'pytensor', 'pytorch', 'gradio', 'streamlit', 'transformers', 'DIGITS', 'AutoViz']"
128,59,MemberOf,category,1347,OWASP Top Ten 2021 Category A03:2021 - Injection,34,20,"['lightly', 'ViZDoom', 'numpy', 'feast', 'langflow', 'mlflow', 'open-webui', 'retro', 'mindsdb', 'pydantic', 'nalp', 'danswerai', 'rasa', 'pattern', 'superset', 'bokeh', 'Auto_ViML', 'fastapi', 'spammy', 'ray', 'PySyft', 'pytensor', 'pytorch', 'gradio', 'streamlit', 'transformers', 'DIGITS', 'AutoViz']"
129,60,MemberOf,view,1350,Weaknesses in the 2020 CWE Top 25 Most Dangerous Software Weaknesses,34,20,"['lightly', 'ViZDoom', 'numpy', 'feast', 'langflow', 'mlflow', 'open-webui', 'retro', 'mindsdb', 'pydantic', 'nalp', 'danswerai', 'rasa', 'pattern', 'superset', 'bokeh', 'Auto_ViML', 'fastapi', 'spammy', 'ray', 'PySyft', 'pytensor', 'pytorch', 'gradio', 'streamlit', 'transformers', 'DIGITS', 'AutoViz']"
130,61,MemberOf,category,1382,ICS Operations (& Maintenance): Emerging Energy Technologies,34,20,"['lightly', 'ViZDoom', 'numpy', 'feast', 'langflow', 'mlflow', 'open-webui', 'retro', 'mindsdb', 'pydantic', 'nalp', 'danswerai', 'rasa', 'pattern', 'superset', 'bokeh', 'Auto_ViML', 'fastapi', 'spammy', 'ray', 'PySyft', 'pytensor', 'pytorch', 'gradio', 'streamlit', 'transformers', 'DIGITS', 'AutoViz']"
131,62,MemberOf,view,1387,Weaknesses in the 2022 CWE Top 25 Most Dangerous Software Weaknesses,34,20,"['lightly', 'ViZDoom', 'numpy', 'feast', 'langflow', 'mlflow', 'open-webui', 'retro', 'mindsdb', 'pydantic', 'nalp', 'danswerai', 'rasa', 'pattern', 'superset', 'bokeh', 'Auto_ViML', 'fastapi', 'spammy', 'ray', 'PySyft', 'pytensor', 'pytorch', 'gradio', 'streamlit', 'transformers', 'DIGITS', 'AutoViz']"
132,63,MemberOf,category,1406,Comprehensive Categorization: Improper Input Validation,34,20,"['lightly', 'ViZDoom', 'numpy', 'feast', 'langflow', 'mlflow', 'open-webui', 'retro', 'mindsdb', 'pydantic', 'nalp', 'danswerai', 'rasa', 'pattern', 'superset', 'bokeh', 'Auto_ViML', 'fastapi', 'spammy', 'ray', 'PySyft', 'pytensor', 'pytorch', 'gradio', 'streamlit', 'transformers', 'DIGITS', 'AutoViz']"
133,64,MemberOf,view,1425,Weaknesses in the 2023 CWE Top 25 Most Dangerous Software Weaknesses,34,20,"['lightly', 'ViZDoom', 'numpy', 'feast', 'langflow', 'mlflow', 'open-webui', 'retro', 'mindsdb', 'pydantic', 'nalp', 'danswerai', 'rasa', 'pattern', 'superset', 'bokeh', 'Auto_ViML', 'fastapi', 'spammy', 'ray', 'PySyft', 'pytensor', 'pytorch', 'gradio', 'streamlit', 'transformers', 'DIGITS', 'AutoViz']"
134,65,MemberOf,view,1430,Weaknesses in the 2024 CWE Top 25 Most Dangerous Software Weaknesses,34,20,"['lightly', 'ViZDoom', 'numpy', 'feast', 'langflow', 'mlflow', 'open-webui', 'retro', 'mindsdb', 'pydantic', 'nalp', 'danswerai', 'rasa', 'pattern', 'superset', 'bokeh', 'Auto_ViML', 'fastapi', 'spammy', 'ray', 'PySyft', 'pytensor', 'pytorch', 'gradio', 'streamlit', 'transformers', 'DIGITS', 'AutoViz']"
135,66,MemberOf,view,1435,Weaknesses in the 2025 CWE Top 25 Most Dangerous Software Weaknesses,34,20,"['lightly', 'ViZDoom', 'numpy', 'feast', 'langflow', 'mlflow', 'open-webui', 'retro', 'mindsdb', 'pydantic', 'nalp', 'danswerai', 'rasa', 'pattern', 'superset', 'bokeh', 'Auto_ViML', 'fastapi', 'spammy', 'ray', 'PySyft', 'pytensor', 'pytorch', 'gradio', 'streamlit', 'transformers', 'DIGITS', 'AutoViz']"
136,67,MemberOf,category,1440,OWASP Top Ten 2025 Category A05:2025 - Injection,34,20,"['lightly', 'ViZDoom', 'numpy', 'feast', 'langflow', 'mlflow', 'open-webui', 'retro', 'mindsdb', 'pydantic', 'nalp', 'danswerai', 'rasa', 'pattern', 'superset', 'bokeh', 'Auto_ViML', 'fastapi', 'spammy', 'ray', 'PySyft', 'pytensor', 'pytorch', 'gradio', 'streamlit', 'transformers', 'DIGITS', 'AutoViz']"
137,68,Self,class,20,,34,20,"['lightly', 'ViZDoom', 'numpy', 'feast', 'langflow', 'mlflow', 'open-webui', 'retro', 'mindsdb', 'pydantic', 'nalp', 'danswerai', 'rasa', 'pattern', 'superset', 'bokeh', 'Auto_ViML', 'fastapi', 'spammy', 'ray', 'PySyft', 'pytensor', 'pytorch', 'gradio', 'streamlit', 'transformers', 'DIGITS', 'AutoViz']"
138,0,ChildOf,class,732,Incorrect Permission Assignment for Critical Resource,2,1004,['DIGITS']
139,1,MemberOf,category,1349,OWASP Top Ten 2021 Category A05:2021 - Security Misconfiguration,2,1004,['DIGITS']
140,2,MemberOf,category,1396,Comprehensive Categorization: Access Control,2,1004,['DIGITS']
141,3,MemberOf,category,1437,OWASP Top Ten 2025 Category A02:2025 - Security Misconfiguration,2,1004,['DIGITS']
142,4,Self,variant,1004,,2,1004,['DIGITS']
143,0,ChildOf,class,668,Exposure of Resource to Wrong Sphere,59,200,"['aim', 'pyss3', 'langflow', 'mlflow', 'determined', 'jax', 'gan', 'ColossalAI', 'open-metric-learning', 'pytorch_geometric', 'pytorch-lightning', 'spaCy', 'sinabs', 'bokeh', 'ray', 'catboost', 'LightGBM', 'gradio', 'streamlit', 'transformers', 'bentoml', 'detectron2']"
144,1,ParentOf,base,201,Insertion of Sensitive Information Into Sent Data,59,200,"['aim', 'pyss3', 'langflow', 'mlflow', 'determined', 'jax', 'gan', 'ColossalAI', 'open-metric-learning', 'pytorch_geometric', 'pytorch-lightning', 'spaCy', 'sinabs', 'bokeh', 'ray', 'catboost', 'LightGBM', 'gradio', 'streamlit', 'transformers', 'bentoml', 'detectron2']"
145,2,ParentOf,base,203,Observable Discrepancy,59,200,"['aim', 'pyss3', 'langflow', 'mlflow', 'determined', 'jax', 'gan', 'ColossalAI', 'open-metric-learning', 'pytorch_geometric', 'pytorch-lightning', 'spaCy', 'sinabs', 'bokeh', 'ray', 'catboost', 'LightGBM', 'gradio', 'streamlit', 'transformers', 'bentoml', 'detectron2']"
146,3,ParentOf,base,209,Generation of Error Message Containing Sensitive Information,59,200,"['aim', 'pyss3', 'langflow', 'mlflow', 'determined', 'jax', 'gan', 'ColossalAI', 'open-metric-learning', 'pytorch_geometric', 'pytorch-lightning', 'spaCy', 'sinabs', 'bokeh', 'ray', 'catboost', 'LightGBM', 'gradio', 'streamlit', 'transformers', 'bentoml', 'detectron2']"
147,4,ParentOf,base,213,Exposure of Sensitive Information Due to Incompatible Policies,59,200,"['aim', 'pyss3', 'langflow', 'mlflow', 'determined', 'jax', 'gan', 'ColossalAI', 'open-metric-learning', 'pytorch_geometric', 'pytorch-lightning', 'spaCy', 'sinabs', 'bokeh', 'ray', 'catboost', 'LightGBM', 'gradio', 'streamlit', 'transformers', 'bentoml', 'detectron2']"
148,5,ParentOf,base,215,Insertion of Sensitive Information Into Debugging Code,59,200,"['aim', 'pyss3', 'langflow', 'mlflow', 'determined', 'jax', 'gan', 'ColossalAI', 'open-metric-learning', 'pytorch_geometric', 'pytorch-lightning', 'spaCy', 'sinabs', 'bokeh', 'ray', 'catboost', 'LightGBM', 'gradio', 'streamlit', 'transformers', 'bentoml', 'detectron2']"
149,6,ParentOf,base,359,Exposure of Private Personal Information to an Unauthorized Actor,59,200,"['aim', 'pyss3', 'langflow', 'mlflow', 'determined', 'jax', 'gan', 'ColossalAI', 'open-metric-learning', 'pytorch_geometric', 'pytorch-lightning', 'spaCy', 'sinabs', 'bokeh', 'ray', 'catboost', 'LightGBM', 'gradio', 'streamlit', 'transformers', 'bentoml', 'detectron2']"
150,7,ParentOf,base,497,Exposure of Sensitive System Information to an Unauthorized Control Sphere,59,200,"['aim', 'pyss3', 'langflow', 'mlflow', 'determined', 'jax', 'gan', 'ColossalAI', 'open-metric-learning', 'pytorch_geometric', 'pytorch-lightning', 'spaCy', 'sinabs', 'bokeh', 'ray', 'catboost', 'LightGBM', 'gradio', 'streamlit', 'transformers', 'bentoml', 'detectron2']"
151,8,ParentOf,base,538,Insertion of Sensitive Information into Externally-Accessible File or Directory,59,200,"['aim', 'pyss3', 'langflow', 'mlflow', 'determined', 'jax', 'gan', 'ColossalAI', 'open-metric-learning', 'pytorch_geometric', 'pytorch-lightning', 'spaCy', 'sinabs', 'bokeh', 'ray', 'catboost', 'LightGBM', 'gradio', 'streamlit', 'transformers', 'bentoml', 'detectron2']"
152,9,ParentOf,base,1273,Device Unlock Credential Sharing,59,200,"['aim', 'pyss3', 'langflow', 'mlflow', 'determined', 'jax', 'gan', 'ColossalAI', 'open-metric-learning', 'pytorch_geometric', 'pytorch-lightning', 'spaCy', 'sinabs', 'bokeh', 'ray', 'catboost', 'LightGBM', 'gradio', 'streamlit', 'transformers', 'bentoml', 'detectron2']"
153,10,ParentOf,base,1295,Debug Messages Revealing Unnecessary Information,59,200,"['aim', 'pyss3', 'langflow', 'mlflow', 'determined', 'jax', 'gan', 'ColossalAI', 'open-metric-learning', 'pytorch_geometric', 'pytorch-lightning', 'spaCy', 'sinabs', 'bokeh', 'ray', 'catboost', 'LightGBM', 'gradio', 'streamlit', 'transformers', 'bentoml', 'detectron2']"
154,11,ParentOf,base,1431,Driving Intermediate Cryptographic State/Results to Hardware Module Outputs,59,200,"['aim', 'pyss3', 'langflow', 'mlflow', 'determined', 'jax', 'gan', 'ColossalAI', 'open-metric-learning', 'pytorch_geometric', 'pytorch-lightning', 'spaCy', 'sinabs', 'bokeh', 'ray', 'catboost', 'LightGBM', 'gradio', 'streamlit', 'transformers', 'bentoml', 'detectron2']"
155,12,CanFollow,variant,498,Cloneable Class Containing Sensitive Information,59,200,"['aim', 'pyss3', 'langflow', 'mlflow', 'determined', 'jax', 'gan', 'ColossalAI', 'open-metric-learning', 'pytorch_geometric', 'pytorch-lightning', 'spaCy', 'sinabs', 'bokeh', 'ray', 'catboost', 'LightGBM', 'gradio', 'streamlit', 'transformers', 'bentoml', 'detectron2']"
156,13,CanFollow,variant,499,Serializable Class Containing Sensitive Data,59,200,"['aim', 'pyss3', 'langflow', 'mlflow', 'determined', 'jax', 'gan', 'ColossalAI', 'open-metric-learning', 'pytorch_geometric', 'pytorch-lightning', 'spaCy', 'sinabs', 'bokeh', 'ray', 'catboost', 'LightGBM', 'gradio', 'streamlit', 'transformers', 'bentoml', 'detectron2']"
157,14,CanFollow,base,1272,Sensitive Information Uncleared Before Debug/Power State Transition,59,200,"['aim', 'pyss3', 'langflow', 'mlflow', 'determined', 'jax', 'gan', 'ColossalAI', 'open-metric-learning', 'pytorch_geometric', 'pytorch-lightning', 'spaCy', 'sinabs', 'bokeh', 'ray', 'catboost', 'LightGBM', 'gradio', 'streamlit', 'transformers', 'bentoml', 'detectron2']"
158,15,MemberOf,view,1003,Weaknesses for Simplified Mapping of Published Vulnerabilities,59,200,"['aim', 'pyss3', 'langflow', 'mlflow', 'determined', 'jax', 'gan', 'ColossalAI', 'open-metric-learning', 'pytorch_geometric', 'pytorch-lightning', 'spaCy', 'sinabs', 'bokeh', 'ray', 'catboost', 'LightGBM', 'gradio', 'streamlit', 'transformers', 'bentoml', 'detectron2']"
159,16,ParentOf,base,203,Observable Discrepancy,59,200,"['aim', 'pyss3', 'langflow', 'mlflow', 'determined', 'jax', 'gan', 'ColossalAI', 'open-metric-learning', 'pytorch_geometric', 'pytorch-lightning', 'spaCy', 'sinabs', 'bokeh', 'ray', 'catboost', 'LightGBM', 'gradio', 'streamlit', 'transformers', 'bentoml', 'detectron2']"
160,17,ParentOf,base,209,Generation of Error Message Containing Sensitive Information,59,200,"['aim', 'pyss3', 'langflow', 'mlflow', 'determined', 'jax', 'gan', 'ColossalAI', 'open-metric-learning', 'pytorch_geometric', 'pytorch-lightning', 'spaCy', 'sinabs', 'bokeh', 'ray', 'catboost', 'LightGBM', 'gradio', 'streamlit', 'transformers', 'bentoml', 'detectron2']"
161,18,ParentOf,base,532,Insertion of Sensitive Information into Log File,59,200,"['aim', 'pyss3', 'langflow', 'mlflow', 'determined', 'jax', 'gan', 'ColossalAI', 'open-metric-learning', 'pytorch_geometric', 'pytorch-lightning', 'spaCy', 'sinabs', 'bokeh', 'ray', 'catboost', 'LightGBM', 'gradio', 'streamlit', 'transformers', 'bentoml', 'detectron2']"
162,19,MemberOf,view,635,Weaknesses Originally Used by NVD from 2008 to 2016,59,200,"['aim', 'pyss3', 'langflow', 'mlflow', 'determined', 'jax', 'gan', 'ColossalAI', 'open-metric-learning', 'pytorch_geometric', 'pytorch-lightning', 'spaCy', 'sinabs', 'bokeh', 'ray', 'catboost', 'LightGBM', 'gradio', 'streamlit', 'transformers', 'bentoml', 'detectron2']"
163,20,MemberOf,category,717,OWASP Top Ten 2007 Category A6 - Information Leakage and Improper Error Handling,59,200,"['aim', 'pyss3', 'langflow', 'mlflow', 'determined', 'jax', 'gan', 'ColossalAI', 'open-metric-learning', 'pytorch_geometric', 'pytorch-lightning', 'spaCy', 'sinabs', 'bokeh', 'ray', 'catboost', 'LightGBM', 'gradio', 'streamlit', 'transformers', 'bentoml', 'detectron2']"
164,21,MemberOf,category,963,SFP Secondary Cluster: Exposed Data,59,200,"['aim', 'pyss3', 'langflow', 'mlflow', 'determined', 'jax', 'gan', 'ColossalAI', 'open-metric-learning', 'pytorch_geometric', 'pytorch-lightning', 'spaCy', 'sinabs', 'bokeh', 'ray', 'catboost', 'LightGBM', 'gradio', 'streamlit', 'transformers', 'bentoml', 'detectron2']"
165,22,MemberOf,view,1200,Weaknesses in the 2019 CWE Top 25 Most Dangerous Software Errors,59,200,"['aim', 'pyss3', 'langflow', 'mlflow', 'determined', 'jax', 'gan', 'ColossalAI', 'open-metric-learning', 'pytorch_geometric', 'pytorch-lightning', 'spaCy', 'sinabs', 'bokeh', 'ray', 'catboost', 'LightGBM', 'gradio', 'streamlit', 'transformers', 'bentoml', 'detectron2']"
166,23,MemberOf,view,1337,Weaknesses in the 2021 CWE Top 25 Most Dangerous Software Weaknesses,59,200,"['aim', 'pyss3', 'langflow', 'mlflow', 'determined', 'jax', 'gan', 'ColossalAI', 'open-metric-learning', 'pytorch_geometric', 'pytorch-lightning', 'spaCy', 'sinabs', 'bokeh', 'ray', 'catboost', 'LightGBM', 'gradio', 'streamlit', 'transformers', 'bentoml', 'detectron2']"
167,24,MemberOf,category,1345,OWASP Top Ten 2021 Category A01:2021 - Broken Access Control,59,200,"['aim', 'pyss3', 'langflow', 'mlflow', 'determined', 'jax', 'gan', 'ColossalAI', 'open-metric-learning', 'pytorch_geometric', 'pytorch-lightning', 'spaCy', 'sinabs', 'bokeh', 'ray', 'catboost', 'LightGBM', 'gradio', 'streamlit', 'transformers', 'bentoml', 'detectron2']"
168,25,MemberOf,view,1350,Weaknesses in the 2020 CWE Top 25 Most Dangerous Software Weaknesses,59,200,"['aim', 'pyss3', 'langflow', 'mlflow', 'determined', 'jax', 'gan', 'ColossalAI', 'open-metric-learning', 'pytorch_geometric', 'pytorch-lightning', 'spaCy', 'sinabs', 'bokeh', 'ray', 'catboost', 'LightGBM', 'gradio', 'streamlit', 'transformers', 'bentoml', 'detectron2']"
169,26,MemberOf,category,1417,Comprehensive Categorization: Sensitive Information Exposure,59,200,"['aim', 'pyss3', 'langflow', 'mlflow', 'determined', 'jax', 'gan', 'ColossalAI', 'open-metric-learning', 'pytorch_geometric', 'pytorch-lightning', 'spaCy', 'sinabs', 'bokeh', 'ray', 'catboost', 'LightGBM', 'gradio', 'streamlit', 'transformers', 'bentoml', 'detectron2']"
170,27,MemberOf,view,1430,Weaknesses in the 2024 CWE Top 25 Most Dangerous Software Weaknesses,59,200,"['aim', 'pyss3', 'langflow', 'mlflow', 'determined', 'jax', 'gan', 'ColossalAI', 'open-metric-learning', 'pytorch_geometric', 'pytorch-lightning', 'spaCy', 'sinabs', 'bokeh', 'ray', 'catboost', 'LightGBM', 'gradio', 'streamlit', 'transformers', 'bentoml', 'detectron2']"
171,28,MemberOf,view,1435,Weaknesses in the 2025 CWE Top 25 Most Dangerous Software Weaknesses,59,200,"['aim', 'pyss3', 'langflow', 'mlflow', 'determined', 'jax', 'gan', 'ColossalAI', 'open-metric-learning', 'pytorch_geometric', 'pytorch-lightning', 'spaCy', 'sinabs', 'bokeh', 'ray', 'catboost', 'LightGBM', 'gradio', 'streamlit', 'transformers', 'bentoml', 'detectron2']"
172,29,MemberOf,category,1436,OWASP Top Ten 2025 Category A01:2025 - Broken Access Control,59,200,"['aim', 'pyss3', 'langflow', 'mlflow', 'determined', 'jax', 'gan', 'ColossalAI', 'open-metric-learning', 'pytorch_geometric', 'pytorch-lightning', 'spaCy', 'sinabs', 'bokeh', 'ray', 'catboost', 'LightGBM', 'gradio', 'streamlit', 'transformers', 'bentoml', 'detectron2']"
173,30,Self,class,200,,59,200,"['aim', 'pyss3', 'langflow', 'mlflow', 'determined', 'jax', 'gan', 'ColossalAI', 'open-metric-learning', 'pytorch_geometric', 'pytorch-lightning', 'spaCy', 'sinabs', 'bokeh', 'ray', 'catboost', 'LightGBM', 'gradio', 'streamlit', 'transformers', 'bentoml', 'detectron2']"
174,0,ChildOf,class,200,Exposure of Sensitive Information to an Unauthorized Actor,88,209,"['aim', 'feast', 'PySyft', 'langflow', 'mindsdb', 'ColossalAI', 'superset', 'danswerai', 'blaze', 'machine-learning', 'deepface', 'ray', 'gradio', 'dash', 'open-webui', 'DIGITS', 'mlflow', 'joliGEN']"
175,1,ChildOf,class,755,Improper Handling of Exceptional Conditions,88,209,"['aim', 'feast', 'PySyft', 'langflow', 'mindsdb', 'ColossalAI', 'superset', 'danswerai', 'blaze', 'machine-learning', 'deepface', 'ray', 'gradio', 'dash', 'open-webui', 'DIGITS', 'mlflow', 'joliGEN']"
176,2,ParentOf,base,210,Self-generated Error Message Containing Sensitive Information,88,209,"['aim', 'feast', 'PySyft', 'langflow', 'mindsdb', 'ColossalAI', 'superset', 'danswerai', 'blaze', 'machine-learning', 'deepface', 'ray', 'gradio', 'dash', 'open-webui', 'DIGITS', 'mlflow', 'joliGEN']"
177,3,ParentOf,base,211,Externally-Generated Error Message Containing Sensitive Information,88,209,"['aim', 'feast', 'PySyft', 'langflow', 'mindsdb', 'ColossalAI', 'superset', 'danswerai', 'blaze', 'machine-learning', 'deepface', 'ray', 'gradio', 'dash', 'open-webui', 'DIGITS', 'mlflow', 'joliGEN']"
178,4,ParentOf,variant,550,Server-generated Error Message Containing Sensitive Information,88,209,"['aim', 'feast', 'PySyft', 'langflow', 'mindsdb', 'ColossalAI', 'superset', 'danswerai', 'blaze', 'machine-learning', 'deepface', 'ray', 'gradio', 'dash', 'open-webui', 'DIGITS', 'mlflow', 'joliGEN']"
179,5,PeerOf,base,1295,Debug Messages Revealing Unnecessary Information,88,209,"['aim', 'feast', 'PySyft', 'langflow', 'mindsdb', 'ColossalAI', 'superset', 'danswerai', 'blaze', 'machine-learning', 'deepface', 'ray', 'gradio', 'dash', 'open-webui', 'DIGITS', 'mlflow', 'joliGEN']"
180,6,CanFollow,variant,600,Uncaught Exception in Servlet,88,209,"['aim', 'feast', 'PySyft', 'langflow', 'mindsdb', 'ColossalAI', 'superset', 'danswerai', 'blaze', 'machine-learning', 'deepface', 'ray', 'gradio', 'dash', 'open-webui', 'DIGITS', 'mlflow', 'joliGEN']"
181,7,CanFollow,base,756,Missing Custom Error Page,88,209,"['aim', 'feast', 'PySyft', 'langflow', 'mindsdb', 'ColossalAI', 'superset', 'danswerai', 'blaze', 'machine-learning', 'deepface', 'ray', 'gradio', 'dash', 'open-webui', 'DIGITS', 'mlflow', 'joliGEN']"
182,8,MemberOf,category,199,Information Management Errors,88,209,"['aim', 'feast', 'PySyft', 'langflow', 'mindsdb', 'ColossalAI', 'superset', 'danswerai', 'blaze', 'machine-learning', 'deepface', 'ray', 'gradio', 'dash', 'open-webui', 'DIGITS', 'mlflow', 'joliGEN']"
183,9,MemberOf,category,389,"Error Conditions, Return Values, Status Codes",88,209,"['aim', 'feast', 'PySyft', 'langflow', 'mindsdb', 'ColossalAI', 'superset', 'danswerai', 'blaze', 'machine-learning', 'deepface', 'ray', 'gradio', 'dash', 'open-webui', 'DIGITS', 'mlflow', 'joliGEN']"
184,10,ChildOf,class,200,Exposure of Sensitive Information to an Unauthorized Actor,88,209,"['aim', 'feast', 'PySyft', 'langflow', 'mindsdb', 'ColossalAI', 'superset', 'danswerai', 'blaze', 'machine-learning', 'deepface', 'ray', 'gradio', 'dash', 'open-webui', 'DIGITS', 'mlflow', 'joliGEN']"
185,11,MemberOf,category,1015,Limit Access,88,209,"['aim', 'feast', 'PySyft', 'langflow', 'mindsdb', 'ColossalAI', 'superset', 'danswerai', 'blaze', 'machine-learning', 'deepface', 'ray', 'gradio', 'dash', 'open-webui', 'DIGITS', 'mlflow', 'joliGEN']"
186,12,MemberOf,category,717,OWASP Top Ten 2007 Category A6 - Information Leakage and Improper Error Handling,88,209,"['aim', 'feast', 'PySyft', 'langflow', 'mindsdb', 'ColossalAI', 'superset', 'danswerai', 'blaze', 'machine-learning', 'deepface', 'ray', 'gradio', 'dash', 'open-webui', 'DIGITS', 'mlflow', 'joliGEN']"
187,13,MemberOf,category,728,OWASP Top Ten 2004 Category A7 - Improper Error Handling,88,209,"['aim', 'feast', 'PySyft', 'langflow', 'mindsdb', 'ColossalAI', 'superset', 'danswerai', 'blaze', 'machine-learning', 'deepface', 'ray', 'gradio', 'dash', 'open-webui', 'DIGITS', 'mlflow', 'joliGEN']"
188,14,MemberOf,category,731,OWASP Top Ten 2004 Category A10 - Insecure Configuration Management,88,209,"['aim', 'feast', 'PySyft', 'langflow', 'mindsdb', 'ColossalAI', 'superset', 'danswerai', 'blaze', 'machine-learning', 'deepface', 'ray', 'gradio', 'dash', 'open-webui', 'DIGITS', 'mlflow', 'joliGEN']"
189,15,MemberOf,category,751,2009 Top 25 - Insecure Interaction Between Components,88,209,"['aim', 'feast', 'PySyft', 'langflow', 'mindsdb', 'ColossalAI', 'superset', 'danswerai', 'blaze', 'machine-learning', 'deepface', 'ray', 'gradio', 'dash', 'open-webui', 'DIGITS', 'mlflow', 'joliGEN']"
190,16,MemberOf,category,801,2010 Top 25 - Insecure Interaction Between Components,88,209,"['aim', 'feast', 'PySyft', 'langflow', 'mindsdb', 'ColossalAI', 'superset', 'danswerai', 'blaze', 'machine-learning', 'deepface', 'ray', 'gradio', 'dash', 'open-webui', 'DIGITS', 'mlflow', 'joliGEN']"
191,17,MemberOf,category,815,OWASP Top Ten 2010 Category A6 - Security Misconfiguration,88,209,"['aim', 'feast', 'PySyft', 'langflow', 'mindsdb', 'ColossalAI', 'superset', 'danswerai', 'blaze', 'machine-learning', 'deepface', 'ray', 'gradio', 'dash', 'open-webui', 'DIGITS', 'mlflow', 'joliGEN']"
192,18,MemberOf,category,851,The CERT Oracle Secure Coding Standard for Java (2011) Chapter 8 - Exceptional Behavior (ERR),88,209,"['aim', 'feast', 'PySyft', 'langflow', 'mindsdb', 'ColossalAI', 'superset', 'danswerai', 'blaze', 'machine-learning', 'deepface', 'ray', 'gradio', 'dash', 'open-webui', 'DIGITS', 'mlflow', 'joliGEN']"
193,19,MemberOf,category,867,2011 Top 25 - Weaknesses On the Cusp,88,209,"['aim', 'feast', 'PySyft', 'langflow', 'mindsdb', 'ColossalAI', 'superset', 'danswerai', 'blaze', 'machine-learning', 'deepface', 'ray', 'gradio', 'dash', 'open-webui', 'DIGITS', 'mlflow', 'joliGEN']"
194,20,MemberOf,category,880,CERT C++ Secure Coding Section 12 - Exceptions and Error Handling (ERR),88,209,"['aim', 'feast', 'PySyft', 'langflow', 'mindsdb', 'ColossalAI', 'superset', 'danswerai', 'blaze', 'machine-learning', 'deepface', 'ray', 'gradio', 'dash', 'open-webui', 'DIGITS', 'mlflow', 'joliGEN']"
195,21,MemberOf,view,884,CWE Cross-section,88,209,"['aim', 'feast', 'PySyft', 'langflow', 'mindsdb', 'ColossalAI', 'superset', 'danswerai', 'blaze', 'machine-learning', 'deepface', 'ray', 'gradio', 'dash', 'open-webui', 'DIGITS', 'mlflow', 'joliGEN']"
196,22,MemberOf,category,933,OWASP Top Ten 2013 Category A5 - Security Misconfiguration,88,209,"['aim', 'feast', 'PySyft', 'langflow', 'mindsdb', 'ColossalAI', 'superset', 'danswerai', 'blaze', 'machine-learning', 'deepface', 'ray', 'gradio', 'dash', 'open-webui', 'DIGITS', 'mlflow', 'joliGEN']"
197,23,MemberOf,category,963,SFP Secondary Cluster: Exposed Data,88,209,"['aim', 'feast', 'PySyft', 'langflow', 'mindsdb', 'ColossalAI', 'superset', 'danswerai', 'blaze', 'machine-learning', 'deepface', 'ray', 'gradio', 'dash', 'open-webui', 'DIGITS', 'mlflow', 'joliGEN']"
198,24,MemberOf,category,1032,OWASP Top Ten 2017 Category A6 - Security Misconfiguration,88,209,"['aim', 'feast', 'PySyft', 'langflow', 'mindsdb', 'ColossalAI', 'superset', 'danswerai', 'blaze', 'machine-learning', 'deepface', 'ray', 'gradio', 'dash', 'open-webui', 'DIGITS', 'mlflow', 'joliGEN']"
199,25,MemberOf,category,1348,OWASP Top Ten 2021 Category A04:2021 - Insecure Design,88,209,"['aim', 'feast', 'PySyft', 'langflow', 'mindsdb', 'ColossalAI', 'superset', 'danswerai', 'blaze', 'machine-learning', 'deepface', 'ray', 'gradio', 'dash', 'open-webui', 'DIGITS', 'mlflow', 'joliGEN']"
200,26,MemberOf,category,1417,Comprehensive Categorization: Sensitive Information Exposure,88,209,"['aim', 'feast', 'PySyft', 'langflow', 'mindsdb', 'ColossalAI', 'superset', 'danswerai', 'blaze', 'machine-learning', 'deepface', 'ray', 'gradio', 'dash', 'open-webui', 'DIGITS', 'mlflow', 'joliGEN']"
201,27,MemberOf,category,1445,OWASP Top Ten 2025 Category A10:2025 - Mishandling of Exceptional Conditions,88,209,"['aim', 'feast', 'PySyft', 'langflow', 'mindsdb', 'ColossalAI', 'superset', 'danswerai', 'blaze', 'machine-learning', 'deepface', 'ray', 'gradio', 'dash', 'open-webui', 'DIGITS', 'mlflow', 'joliGEN']"
202,28,Self,base,209,,88,209,"['aim', 'feast', 'PySyft', 'langflow', 'mindsdb', 'ColossalAI', 'superset', 'danswerai', 'blaze', 'machine-learning', 'deepface', 'ray', 'gradio', 'dash', 'open-webui', 'DIGITS', 'mlflow', 'joliGEN']"
203,0,ChildOf,class,200,Exposure of Sensitive Information to an Unauthorized Actor,88,497,"['aim', 'feast', 'PySyft', 'langflow', 'mindsdb', 'ColossalAI', 'superset', 'danswerai', 'blaze', 'machine-learning', 'deepface', 'ray', 'gradio', 'dash', 'open-webui', 'DIGITS', 'mlflow', 'joliGEN']"
204,1,ParentOf,base,214,Invocation of Process Using Visible Sensitive Information,88,497,"['aim', 'feast', 'PySyft', 'langflow', 'mindsdb', 'ColossalAI', 'superset', 'danswerai', 'blaze', 'machine-learning', 'deepface', 'ray', 'gradio', 'dash', 'open-webui', 'DIGITS', 'mlflow', 'joliGEN']"
205,2,ParentOf,variant,548,Exposure of Information Through Directory Listing,88,497,"['aim', 'feast', 'PySyft', 'langflow', 'mindsdb', 'ColossalAI', 'superset', 'danswerai', 'blaze', 'machine-learning', 'deepface', 'ray', 'gradio', 'dash', 'open-webui', 'DIGITS', 'mlflow', 'joliGEN']"
206,3,PeerOf,base,1431,Driving Intermediate Cryptographic State/Results to Hardware Module Outputs,88,497,"['aim', 'feast', 'PySyft', 'langflow', 'mindsdb', 'ColossalAI', 'superset', 'danswerai', 'blaze', 'machine-learning', 'deepface', 'ray', 'gradio', 'dash', 'open-webui', 'DIGITS', 'mlflow', 'joliGEN']"
207,4,MemberOf,category,199,Information Management Errors,88,497,"['aim', 'feast', 'PySyft', 'langflow', 'mindsdb', 'ColossalAI', 'superset', 'danswerai', 'blaze', 'machine-learning', 'deepface', 'ray', 'gradio', 'dash', 'open-webui', 'DIGITS', 'mlflow', 'joliGEN']"
208,5,MemberOf,category,485,7PK - Encapsulation,88,497,"['aim', 'feast', 'PySyft', 'langflow', 'mindsdb', 'ColossalAI', 'superset', 'danswerai', 'blaze', 'machine-learning', 'deepface', 'ray', 'gradio', 'dash', 'open-webui', 'DIGITS', 'mlflow', 'joliGEN']"
209,6,MemberOf,category,851,The CERT Oracle Secure Coding Standard for Java (2011) Chapter 8 - Exceptional Behavior (ERR),88,497,"['aim', 'feast', 'PySyft', 'langflow', 'mindsdb', 'ColossalAI', 'superset', 'danswerai', 'blaze', 'machine-learning', 'deepface', 'ray', 'gradio', 'dash', 'open-webui', 'DIGITS', 'mlflow', 'joliGEN']"
210,7,MemberOf,category,880,CERT C++ Secure Coding Section 12 - Exceptions and Error Handling (ERR),88,497,"['aim', 'feast', 'PySyft', 'langflow', 'mindsdb', 'ColossalAI', 'superset', 'danswerai', 'blaze', 'machine-learning', 'deepface', 'ray', 'gradio', 'dash', 'open-webui', 'DIGITS', 'mlflow', 'joliGEN']"
211,8,MemberOf,category,963,SFP Secondary Cluster: Exposed Data,88,497,"['aim', 'feast', 'PySyft', 'langflow', 'mindsdb', 'ColossalAI', 'superset', 'danswerai', 'blaze', 'machine-learning', 'deepface', 'ray', 'gradio', 'dash', 'open-webui', 'DIGITS', 'mlflow', 'joliGEN']"
212,9,MemberOf,category,1345,OWASP Top Ten 2021 Category A01:2021 - Broken Access Control,88,497,"['aim', 'feast', 'PySyft', 'langflow', 'mindsdb', 'ColossalAI', 'superset', 'danswerai', 'blaze', 'machine-learning', 'deepface', 'ray', 'gradio', 'dash', 'open-webui', 'DIGITS', 'mlflow', 'joliGEN']"
213,10,MemberOf,category,1417,Comprehensive Categorization: Sensitive Information Exposure,88,497,"['aim', 'feast', 'PySyft', 'langflow', 'mindsdb', 'ColossalAI', 'superset', 'danswerai', 'blaze', 'machine-learning', 'deepface', 'ray', 'gradio', 'dash', 'open-webui', 'DIGITS', 'mlflow', 'joliGEN']"
214,11,MemberOf,category,1436,OWASP Top Ten 2025 Category A01:2025 - Broken Access Control,88,497,"['aim', 'feast', 'PySyft', 'langflow', 'mindsdb', 'ColossalAI', 'superset', 'danswerai', 'blaze', 'machine-learning', 'deepface', 'ray', 'gradio', 'dash', 'open-webui', 'DIGITS', 'mlflow', 'joliGEN']"
215,12,Self,base,497,,88,497,"['aim', 'feast', 'PySyft', 'langflow', 'mindsdb', 'ColossalAI', 'superset', 'danswerai', 'blaze', 'machine-learning', 'deepface', 'ray', 'gradio', 'dash', 'open-webui', 'DIGITS', 'mlflow', 'joliGEN']"
216,0,ChildOf,class,610,Externally Controlled Reference to a Resource in Another Sphere,14,601,"['mindsdb', 'langflow', 'superset', 'DIGITS', 'face_recognition']"
217,1,MemberOf,category,19,Data Processing Errors,14,601,"['mindsdb', 'langflow', 'superset', 'DIGITS', 'face_recognition']"
218,2,ChildOf,class,610,Externally Controlled Reference to a Resource in Another Sphere,14,601,"['mindsdb', 'langflow', 'superset', 'DIGITS', 'face_recognition']"
219,3,MemberOf,category,1019,Validate Inputs,14,601,"['mindsdb', 'langflow', 'superset', 'DIGITS', 'face_recognition']"
220,4,MemberOf,category,722,OWASP Top Ten 2004 Category A1 - Unvalidated Input,14,601,"['mindsdb', 'langflow', 'superset', 'DIGITS', 'face_recognition']"
221,5,MemberOf,category,801,2010 Top 25 - Insecure Interaction Between Components,14,601,"['mindsdb', 'langflow', 'superset', 'DIGITS', 'face_recognition']"
222,6,MemberOf,category,819,OWASP Top Ten 2010 Category A10 - Unvalidated Redirects and Forwards,14,601,"['mindsdb', 'langflow', 'superset', 'DIGITS', 'face_recognition']"
223,7,MemberOf,category,864,2011 Top 25 - Insecure Interaction Between Components,14,601,"['mindsdb', 'langflow', 'superset', 'DIGITS', 'face_recognition']"
224,8,MemberOf,view,884,CWE Cross-section,14,601,"['mindsdb', 'langflow', 'superset', 'DIGITS', 'face_recognition']"
225,9,MemberOf,category,938,OWASP Top Ten 2013 Category A10 - Unvalidated Redirects and Forwards,14,601,"['mindsdb', 'langflow', 'superset', 'DIGITS', 'face_recognition']"
226,10,MemberOf,category,990,SFP Secondary Cluster: Tainted Input to Command,14,601,"['mindsdb', 'langflow', 'superset', 'DIGITS', 'face_recognition']"
227,11,MemberOf,category,1345,OWASP Top Ten 2021 Category A01:2021 - Broken Access Control,14,601,"['mindsdb', 'langflow', 'superset', 'DIGITS', 'face_recognition']"
228,12,MemberOf,category,1382,ICS Operations (& Maintenance): Emerging Energy Technologies,14,601,"['mindsdb', 'langflow', 'superset', 'DIGITS', 'face_recognition']"
229,13,MemberOf,category,1396,Comprehensive Categorization: Access Control,14,601,"['mindsdb', 'langflow', 'superset', 'DIGITS', 'face_recognition']"
230,14,MemberOf,category,1436,OWASP Top Ten 2025 Category A01:2025 - Broken Access Control,14,601,"['mindsdb', 'langflow', 'superset', 'DIGITS', 'face_recognition']"
231,15,Self,base,601,,14,601,"['mindsdb', 'langflow', 'superset', 'DIGITS', 'face_recognition']"
232,0,ChildOf,base,319,Cleartext Transmission of Sensitive Information,2,614,['DIGITS']
233,1,MemberOf,category,966,SFP Secondary Cluster: Other Exposures,2,614,['DIGITS']
234,2,MemberOf,category,1349,OWASP Top Ten 2021 Category A05:2021 - Security Misconfiguration,2,614,['DIGITS']
235,3,MemberOf,category,1402,Comprehensive Categorization: Encryption,2,614,['DIGITS']
236,4,MemberOf,category,1437,OWASP Top Ten 2025 Category A02:2025 - Security Misconfiguration,2,614,['DIGITS']
237,5,Self,variant,614,,2,614,['DIGITS']
238,0,ChildOf,pillar,707,Improper Neutralization,9,74,"['feast', 'superset', 'DI-engine', 'pandas', 'ray', 'DIGITS', 'dl-translate']"
239,1,ParentOf,class,75,Failure to Sanitize Special Elements into a Different Plane (Special Element Injection),9,74,"['feast', 'superset', 'DI-engine', 'pandas', 'ray', 'DIGITS', 'dl-translate']"
240,2,ParentOf,class,77,Improper Neutralization of Special Elements used in a Command ('Command Injection'),9,74,"['feast', 'superset', 'DI-engine', 'pandas', 'ray', 'DIGITS', 'dl-translate']"
241,3,ParentOf,base,79,Improper Neutralization of Input During Web Page Generation ('Cross-site Scripting'),9,74,"['feast', 'superset', 'DI-engine', 'pandas', 'ray', 'DIGITS', 'dl-translate']"
242,4,ParentOf,base,91,XML Injection (aka Blind XPath Injection),9,74,"['feast', 'superset', 'DI-engine', 'pandas', 'ray', 'DIGITS', 'dl-translate']"
243,5,ParentOf,base,93,Improper Neutralization of CRLF Sequences ('CRLF Injection'),9,74,"['feast', 'superset', 'DI-engine', 'pandas', 'ray', 'DIGITS', 'dl-translate']"
244,6,ParentOf,base,94,Improper Control of Generation of Code ('Code Injection'),9,74,"['feast', 'superset', 'DI-engine', 'pandas', 'ray', 'DIGITS', 'dl-translate']"
245,7,ParentOf,class,99,Improper Control of Resource Identifiers ('Resource Injection'),9,74,"['feast', 'superset', 'DI-engine', 'pandas', 'ray', 'DIGITS', 'dl-translate']"
246,8,ParentOf,class,943,Improper Neutralization of Special Elements in Data Query Logic,9,74,"['feast', 'superset', 'DI-engine', 'pandas', 'ray', 'DIGITS', 'dl-translate']"
247,9,ParentOf,base,1236,Improper Neutralization of Formula Elements in a CSV File,9,74,"['feast', 'superset', 'DI-engine', 'pandas', 'ray', 'DIGITS', 'dl-translate']"
248,10,CanFollow,class,20,Improper Input Validation,9,74,"['feast', 'superset', 'DI-engine', 'pandas', 'ray', 'DIGITS', 'dl-translate']"
249,11,CanFollow,class,116,Improper Encoding or Escaping of Output,9,74,"['feast', 'superset', 'DI-engine', 'pandas', 'ray', 'DIGITS', 'dl-translate']"
250,12,MemberOf,view,1003,Weaknesses for Simplified Mapping of Published Vulnerabilities,9,74,"['feast', 'superset', 'DI-engine', 'pandas', 'ray', 'DIGITS', 'dl-translate']"
251,13,ParentOf,class,77,Improper Neutralization of Special Elements used in a Command ('Command Injection'),9,74,"['feast', 'superset', 'DI-engine', 'pandas', 'ray', 'DIGITS', 'dl-translate']"
252,14,ParentOf,base,78,Improper Neutralization of Special Elements used in an OS Command ('OS Command Injection'),9,74,"['feast', 'superset', 'DI-engine', 'pandas', 'ray', 'DIGITS', 'dl-translate']"
253,15,ParentOf,base,79,Improper Neutralization of Input During Web Page Generation ('Cross-site Scripting'),9,74,"['feast', 'superset', 'DI-engine', 'pandas', 'ray', 'DIGITS', 'dl-translate']"
254,16,ParentOf,base,88,Improper Neutralization of Argument Delimiters in a Command ('Argument Injection'),9,74,"['feast', 'superset', 'DI-engine', 'pandas', 'ray', 'DIGITS', 'dl-translate']"
255,17,ParentOf,base,89,Improper Neutralization of Special Elements used in an SQL Command ('SQL Injection'),9,74,"['feast', 'superset', 'DI-engine', 'pandas', 'ray', 'DIGITS', 'dl-translate']"
256,18,ParentOf,base,91,XML Injection (aka Blind XPath Injection),9,74,"['feast', 'superset', 'DI-engine', 'pandas', 'ray', 'DIGITS', 'dl-translate']"
257,19,ParentOf,base,94,Improper Control of Generation of Code ('Code Injection'),9,74,"['feast', 'superset', 'DI-engine', 'pandas', 'ray', 'DIGITS', 'dl-translate']"
258,20,ParentOf,base,917,Improper Neutralization of Special Elements used in an Expression Language Statement ('Expression Language Injection'),9,74,"['feast', 'superset', 'DI-engine', 'pandas', 'ray', 'DIGITS', 'dl-translate']"
259,21,ParentOf,base,1236,Improper Neutralization of Formula Elements in a CSV File,9,74,"['feast', 'superset', 'DI-engine', 'pandas', 'ray', 'DIGITS', 'dl-translate']"
260,22,MemberOf,category,1019,Validate Inputs,9,74,"['feast', 'superset', 'DI-engine', 'pandas', 'ray', 'DIGITS', 'dl-translate']"
261,23,MemberOf,category,727,OWASP Top Ten 2004 Category A6 - Injection Flaws,9,74,"['feast', 'superset', 'DI-engine', 'pandas', 'ray', 'DIGITS', 'dl-translate']"
262,24,MemberOf,category,929,OWASP Top Ten 2013 Category A1 - Injection,9,74,"['feast', 'superset', 'DI-engine', 'pandas', 'ray', 'DIGITS', 'dl-translate']"
263,25,MemberOf,category,990,SFP Secondary Cluster: Tainted Input to Command,9,74,"['feast', 'superset', 'DI-engine', 'pandas', 'ray', 'DIGITS', 'dl-translate']"
264,26,MemberOf,category,1347,OWASP Top Ten 2021 Category A03:2021 - Injection,9,74,"['feast', 'superset', 'DI-engine', 'pandas', 'ray', 'DIGITS', 'dl-translate']"
265,27,MemberOf,category,1409,Comprehensive Categorization: Injection,9,74,"['feast', 'superset', 'DI-engine', 'pandas', 'ray', 'DIGITS', 'dl-translate']"
266,28,MemberOf,category,1440,OWASP Top Ten 2025 Category A05:2025 - Injection,9,74,"['feast', 'superset', 'DI-engine', 'pandas', 'ray', 'DIGITS', 'dl-translate']"
267,29,Self,class,74,,9,74,"['feast', 'superset', 'DI-engine', 'pandas', 'ray', 'DIGITS', 'dl-translate']"
268,0,ChildOf,class,77,Improper Neutralization of Special Elements used in a Command ('Command Injection'),300,78,"['ViZDoom', 'numpy', 'aim', 'langflow', 'matplotlib', 'Spearmint', 'bigartm', 'DI-engine', 'blaze', 'catalyst', 'typer', 'nilearn', 'mlflow', 'zipline', 'determined', 'retro', 'rep', 'open-webui', 'jax', 'mindsdb', 'deeplake', 'pyqtgraph', 'gensim', 'cortex', 'tensorflow', 'PyStanfordDependencies', 'pydantic', 'mist', 'open-metric-learning', 'neuraltalk', 'danswerai', 'pytorch-lightning', 'shogun', 'rasa', 'loso', 'statsmodels', 'superset', 'bokeh', 'pytorch-image-models', 'ray', 'pynlpl', 'DIGITS', 'mlens', 'scikit-learn-intelex', 'mars', 'catboost', 'colibri-core', 'pytorch', 'deeppy', 'skll', 'gradio', 'streamlit', 'altair', 'bentoml', 'xgboost', 'dash', 'scikit-image', 'transformers', 'detectron2']"
269,1,CanFollow,base,184,Incomplete List of Disallowed Inputs,300,78,"['ViZDoom', 'numpy', 'aim', 'langflow', 'matplotlib', 'Spearmint', 'bigartm', 'DI-engine', 'blaze', 'catalyst', 'typer', 'nilearn', 'mlflow', 'zipline', 'determined', 'retro', 'rep', 'open-webui', 'jax', 'mindsdb', 'deeplake', 'pyqtgraph', 'gensim', 'cortex', 'tensorflow', 'PyStanfordDependencies', 'pydantic', 'mist', 'open-metric-learning', 'neuraltalk', 'danswerai', 'pytorch-lightning', 'shogun', 'rasa', 'loso', 'statsmodels', 'superset', 'bokeh', 'pytorch-image-models', 'ray', 'pynlpl', 'DIGITS', 'mlens', 'scikit-learn-intelex', 'mars', 'catboost', 'colibri-core', 'pytorch', 'deeppy', 'skll', 'gradio', 'streamlit', 'altair', 'bentoml', 'xgboost', 'dash', 'scikit-image', 'transformers', 'detectron2']"
270,2,MemberOf,category,137,Data Neutralization Issues,300,78,"['ViZDoom', 'numpy', 'aim', 'langflow', 'matplotlib', 'Spearmint', 'bigartm', 'DI-engine', 'blaze', 'catalyst', 'typer', 'nilearn', 'mlflow', 'zipline', 'determined', 'retro', 'rep', 'open-webui', 'jax', 'mindsdb', 'deeplake', 'pyqtgraph', 'gensim', 'cortex', 'tensorflow', 'PyStanfordDependencies', 'pydantic', 'mist', 'open-metric-learning', 'neuraltalk', 'danswerai', 'pytorch-lightning', 'shogun', 'rasa', 'loso', 'statsmodels', 'superset', 'bokeh', 'pytorch-image-models', 'ray', 'pynlpl', 'DIGITS', 'mlens', 'scikit-learn-intelex', 'mars', 'catboost', 'colibri-core', 'pytorch', 'deeppy', 'skll', 'gradio', 'streamlit', 'altair', 'bentoml', 'xgboost', 'dash', 'scikit-image', 'transformers', 'detectron2']"
271,3,ChildOf,class,74,Improper Neutralization of Special Elements in Output Used by a Downstream Component ('Injection'),300,78,"['ViZDoom', 'numpy', 'aim', 'langflow', 'matplotlib', 'Spearmint', 'bigartm', 'DI-engine', 'blaze', 'catalyst', 'typer', 'nilearn', 'mlflow', 'zipline', 'determined', 'retro', 'rep', 'open-webui', 'jax', 'mindsdb', 'deeplake', 'pyqtgraph', 'gensim', 'cortex', 'tensorflow', 'PyStanfordDependencies', 'pydantic', 'mist', 'open-metric-learning', 'neuraltalk', 'danswerai', 'pytorch-lightning', 'shogun', 'rasa', 'loso', 'statsmodels', 'superset', 'bokeh', 'pytorch-image-models', 'ray', 'pynlpl', 'DIGITS', 'mlens', 'scikit-learn-intelex', 'mars', 'catboost', 'colibri-core', 'pytorch', 'deeppy', 'skll', 'gradio', 'streamlit', 'altair', 'bentoml', 'xgboost', 'dash', 'scikit-image', 'transformers', 'detectron2']"
272,4,MemberOf,category,1019,Validate Inputs,300,78,"['ViZDoom', 'numpy', 'aim', 'langflow', 'matplotlib', 'Spearmint', 'bigartm', 'DI-engine', 'blaze', 'catalyst', 'typer', 'nilearn', 'mlflow', 'zipline', 'determined', 'retro', 'rep', 'open-webui', 'jax', 'mindsdb', 'deeplake', 'pyqtgraph', 'gensim', 'cortex', 'tensorflow', 'PyStanfordDependencies', 'pydantic', 'mist', 'open-metric-learning', 'neuraltalk', 'danswerai', 'pytorch-lightning', 'shogun', 'rasa', 'loso', 'statsmodels', 'superset', 'bokeh', 'pytorch-image-models', 'ray', 'pynlpl', 'DIGITS', 'mlens', 'scikit-learn-intelex', 'mars', 'catboost', 'colibri-core', 'pytorch', 'deeppy', 'skll', 'gradio', 'streamlit', 'altair', 'bentoml', 'xgboost', 'dash', 'scikit-image', 'transformers', 'detectron2']"
273,5,ChildOf,class,77,Improper Neutralization of Special Elements used in a Command ('Command Injection'),300,78,"['ViZDoom', 'numpy', 'aim', 'langflow', 'matplotlib', 'Spearmint', 'bigartm', 'DI-engine', 'blaze', 'catalyst', 'typer', 'nilearn', 'mlflow', 'zipline', 'determined', 'retro', 'rep', 'open-webui', 'jax', 'mindsdb', 'deeplake', 'pyqtgraph', 'gensim', 'cortex', 'tensorflow', 'PyStanfordDependencies', 'pydantic', 'mist', 'open-metric-learning', 'neuraltalk', 'danswerai', 'pytorch-lightning', 'shogun', 'rasa', 'loso', 'statsmodels', 'superset', 'bokeh', 'pytorch-image-models', 'ray', 'pynlpl', 'DIGITS', 'mlens', 'scikit-learn-intelex', 'mars', 'catboost', 'colibri-core', 'pytorch', 'deeppy', 'skll', 'gradio', 'streamlit', 'altair', 'bentoml', 'xgboost', 'dash', 'scikit-image', 'transformers', 'detectron2']"
274,6,ChildOf,class,77,Improper Neutralization of Special Elements used in a Command ('Command Injection'),300,78,"['ViZDoom', 'numpy', 'aim', 'langflow', 'matplotlib', 'Spearmint', 'bigartm', 'DI-engine', 'blaze', 'catalyst', 'typer', 'nilearn', 'mlflow', 'zipline', 'determined', 'retro', 'rep', 'open-webui', 'jax', 'mindsdb', 'deeplake', 'pyqtgraph', 'gensim', 'cortex', 'tensorflow', 'PyStanfordDependencies', 'pydantic', 'mist', 'open-metric-learning', 'neuraltalk', 'danswerai', 'pytorch-lightning', 'shogun', 'rasa', 'loso', 'statsmodels', 'superset', 'bokeh', 'pytorch-image-models', 'ray', 'pynlpl', 'DIGITS', 'mlens', 'scikit-learn-intelex', 'mars', 'catboost', 'colibri-core', 'pytorch', 'deeppy', 'skll', 'gradio', 'streamlit', 'altair', 'bentoml', 'xgboost', 'dash', 'scikit-image', 'transformers', 'detectron2']"
275,7,MemberOf,view,635,Weaknesses Originally Used by NVD from 2008 to 2016,300,78,"['ViZDoom', 'numpy', 'aim', 'langflow', 'matplotlib', 'Spearmint', 'bigartm', 'DI-engine', 'blaze', 'catalyst', 'typer', 'nilearn', 'mlflow', 'zipline', 'determined', 'retro', 'rep', 'open-webui', 'jax', 'mindsdb', 'deeplake', 'pyqtgraph', 'gensim', 'cortex', 'tensorflow', 'PyStanfordDependencies', 'pydantic', 'mist', 'open-metric-learning', 'neuraltalk', 'danswerai', 'pytorch-lightning', 'shogun', 'rasa', 'loso', 'statsmodels', 'superset', 'bokeh', 'pytorch-image-models', 'ray', 'pynlpl', 'DIGITS', 'mlens', 'scikit-learn-intelex', 'mars', 'catboost', 'colibri-core', 'pytorch', 'deeppy', 'skll', 'gradio', 'streamlit', 'altair', 'bentoml', 'xgboost', 'dash', 'scikit-image', 'transformers', 'detectron2']"
276,8,MemberOf,category,714,OWASP Top Ten 2007 Category A3 - Malicious File Execution,300,78,"['ViZDoom', 'numpy', 'aim', 'langflow', 'matplotlib', 'Spearmint', 'bigartm', 'DI-engine', 'blaze', 'catalyst', 'typer', 'nilearn', 'mlflow', 'zipline', 'determined', 'retro', 'rep', 'open-webui', 'jax', 'mindsdb', 'deeplake', 'pyqtgraph', 'gensim', 'cortex', 'tensorflow', 'PyStanfordDependencies', 'pydantic', 'mist', 'open-metric-learning', 'neuraltalk', 'danswerai', 'pytorch-lightning', 'shogun', 'rasa', 'loso', 'statsmodels', 'superset', 'bokeh', 'pytorch-image-models', 'ray', 'pynlpl', 'DIGITS', 'mlens', 'scikit-learn-intelex', 'mars', 'catboost', 'colibri-core', 'pytorch', 'deeppy', 'skll', 'gradio', 'streamlit', 'altair', 'bentoml', 'xgboost', 'dash', 'scikit-image', 'transformers', 'detectron2']"
277,9,MemberOf,category,727,OWASP Top Ten 2004 Category A6 - Injection Flaws,300,78,"['ViZDoom', 'numpy', 'aim', 'langflow', 'matplotlib', 'Spearmint', 'bigartm', 'DI-engine', 'blaze', 'catalyst', 'typer', 'nilearn', 'mlflow', 'zipline', 'determined', 'retro', 'rep', 'open-webui', 'jax', 'mindsdb', 'deeplake', 'pyqtgraph', 'gensim', 'cortex', 'tensorflow', 'PyStanfordDependencies', 'pydantic', 'mist', 'open-metric-learning', 'neuraltalk', 'danswerai', 'pytorch-lightning', 'shogun', 'rasa', 'loso', 'statsmodels', 'superset', 'bokeh', 'pytorch-image-models', 'ray', 'pynlpl', 'DIGITS', 'mlens', 'scikit-learn-intelex', 'mars', 'catboost', 'colibri-core', 'pytorch', 'deeppy', 'skll', 'gradio', 'streamlit', 'altair', 'bentoml', 'xgboost', 'dash', 'scikit-image', 'transformers', 'detectron2']"
278,10,MemberOf,category,741,CERT C Secure Coding Standard (2008) Chapter 8 - Characters and Strings (STR),300,78,"['ViZDoom', 'numpy', 'aim', 'langflow', 'matplotlib', 'Spearmint', 'bigartm', 'DI-engine', 'blaze', 'catalyst', 'typer', 'nilearn', 'mlflow', 'zipline', 'determined', 'retro', 'rep', 'open-webui', 'jax', 'mindsdb', 'deeplake', 'pyqtgraph', 'gensim', 'cortex', 'tensorflow', 'PyStanfordDependencies', 'pydantic', 'mist', 'open-metric-learning', 'neuraltalk', 'danswerai', 'pytorch-lightning', 'shogun', 'rasa', 'loso', 'statsmodels', 'superset', 'bokeh', 'pytorch-image-models', 'ray', 'pynlpl', 'DIGITS', 'mlens', 'scikit-learn-intelex', 'mars', 'catboost', 'colibri-core', 'pytorch', 'deeppy', 'skll', 'gradio', 'streamlit', 'altair', 'bentoml', 'xgboost', 'dash', 'scikit-image', 'transformers', 'detectron2']"
279,11,MemberOf,category,744,CERT C Secure Coding Standard (2008) Chapter 11 - Environment (ENV),300,78,"['ViZDoom', 'numpy', 'aim', 'langflow', 'matplotlib', 'Spearmint', 'bigartm', 'DI-engine', 'blaze', 'catalyst', 'typer', 'nilearn', 'mlflow', 'zipline', 'determined', 'retro', 'rep', 'open-webui', 'jax', 'mindsdb', 'deeplake', 'pyqtgraph', 'gensim', 'cortex', 'tensorflow', 'PyStanfordDependencies', 'pydantic', 'mist', 'open-metric-learning', 'neuraltalk', 'danswerai', 'pytorch-lightning', 'shogun', 'rasa', 'loso', 'statsmodels', 'superset', 'bokeh', 'pytorch-image-models', 'ray', 'pynlpl', 'DIGITS', 'mlens', 'scikit-learn-intelex', 'mars', 'catboost', 'colibri-core', 'pytorch', 'deeppy', 'skll', 'gradio', 'streamlit', 'altair', 'bentoml', 'xgboost', 'dash', 'scikit-image', 'transformers', 'detectron2']"
280,12,MemberOf,category,751,2009 Top 25 - Insecure Interaction Between Components,300,78,"['ViZDoom', 'numpy', 'aim', 'langflow', 'matplotlib', 'Spearmint', 'bigartm', 'DI-engine', 'blaze', 'catalyst', 'typer', 'nilearn', 'mlflow', 'zipline', 'determined', 'retro', 'rep', 'open-webui', 'jax', 'mindsdb', 'deeplake', 'pyqtgraph', 'gensim', 'cortex', 'tensorflow', 'PyStanfordDependencies', 'pydantic', 'mist', 'open-metric-learning', 'neuraltalk', 'danswerai', 'pytorch-lightning', 'shogun', 'rasa', 'loso', 'statsmodels', 'superset', 'bokeh', 'pytorch-image-models', 'ray', 'pynlpl', 'DIGITS', 'mlens', 'scikit-learn-intelex', 'mars', 'catboost', 'colibri-core', 'pytorch', 'deeppy', 'skll', 'gradio', 'streamlit', 'altair', 'bentoml', 'xgboost', 'dash', 'scikit-image', 'transformers', 'detectron2']"
281,13,MemberOf,category,801,2010 Top 25 - Insecure Interaction Between Components,300,78,"['ViZDoom', 'numpy', 'aim', 'langflow', 'matplotlib', 'Spearmint', 'bigartm', 'DI-engine', 'blaze', 'catalyst', 'typer', 'nilearn', 'mlflow', 'zipline', 'determined', 'retro', 'rep', 'open-webui', 'jax', 'mindsdb', 'deeplake', 'pyqtgraph', 'gensim', 'cortex', 'tensorflow', 'PyStanfordDependencies', 'pydantic', 'mist', 'open-metric-learning', 'neuraltalk', 'danswerai', 'pytorch-lightning', 'shogun', 'rasa', 'loso', 'statsmodels', 'superset', 'bokeh', 'pytorch-image-models', 'ray', 'pynlpl', 'DIGITS', 'mlens', 'scikit-learn-intelex', 'mars', 'catboost', 'colibri-core', 'pytorch', 'deeppy', 'skll', 'gradio', 'streamlit', 'altair', 'bentoml', 'xgboost', 'dash', 'scikit-image', 'transformers', 'detectron2']"
282,14,MemberOf,category,810,OWASP Top Ten 2010 Category A1 - Injection,300,78,"['ViZDoom', 'numpy', 'aim', 'langflow', 'matplotlib', 'Spearmint', 'bigartm', 'DI-engine', 'blaze', 'catalyst', 'typer', 'nilearn', 'mlflow', 'zipline', 'determined', 'retro', 'rep', 'open-webui', 'jax', 'mindsdb', 'deeplake', 'pyqtgraph', 'gensim', 'cortex', 'tensorflow', 'PyStanfordDependencies', 'pydantic', 'mist', 'open-metric-learning', 'neuraltalk', 'danswerai', 'pytorch-lightning', 'shogun', 'rasa', 'loso', 'statsmodels', 'superset', 'bokeh', 'pytorch-image-models', 'ray', 'pynlpl', 'DIGITS', 'mlens', 'scikit-learn-intelex', 'mars', 'catboost', 'colibri-core', 'pytorch', 'deeppy', 'skll', 'gradio', 'streamlit', 'altair', 'bentoml', 'xgboost', 'dash', 'scikit-image', 'transformers', 'detectron2']"
283,15,MemberOf,category,845,The CERT Oracle Secure Coding Standard for Java (2011) Chapter 2 - Input Validation and Data Sanitization (IDS),300,78,"['ViZDoom', 'numpy', 'aim', 'langflow', 'matplotlib', 'Spearmint', 'bigartm', 'DI-engine', 'blaze', 'catalyst', 'typer', 'nilearn', 'mlflow', 'zipline', 'determined', 'retro', 'rep', 'open-webui', 'jax', 'mindsdb', 'deeplake', 'pyqtgraph', 'gensim', 'cortex', 'tensorflow', 'PyStanfordDependencies', 'pydantic', 'mist', 'open-metric-learning', 'neuraltalk', 'danswerai', 'pytorch-lightning', 'shogun', 'rasa', 'loso', 'statsmodels', 'superset', 'bokeh', 'pytorch-image-models', 'ray', 'pynlpl', 'DIGITS', 'mlens', 'scikit-learn-intelex', 'mars', 'catboost', 'colibri-core', 'pytorch', 'deeppy', 'skll', 'gradio', 'streamlit', 'altair', 'bentoml', 'xgboost', 'dash', 'scikit-image', 'transformers', 'detectron2']"
284,16,MemberOf,category,864,2011 Top 25 - Insecure Interaction Between Components,300,78,"['ViZDoom', 'numpy', 'aim', 'langflow', 'matplotlib', 'Spearmint', 'bigartm', 'DI-engine', 'blaze', 'catalyst', 'typer', 'nilearn', 'mlflow', 'zipline', 'determined', 'retro', 'rep', 'open-webui', 'jax', 'mindsdb', 'deeplake', 'pyqtgraph', 'gensim', 'cortex', 'tensorflow', 'PyStanfordDependencies', 'pydantic', 'mist', 'open-metric-learning', 'neuraltalk', 'danswerai', 'pytorch-lightning', 'shogun', 'rasa', 'loso', 'statsmodels', 'superset', 'bokeh', 'pytorch-image-models', 'ray', 'pynlpl', 'DIGITS', 'mlens', 'scikit-learn-intelex', 'mars', 'catboost', 'colibri-core', 'pytorch', 'deeppy', 'skll', 'gradio', 'streamlit', 'altair', 'bentoml', 'xgboost', 'dash', 'scikit-image', 'transformers', 'detectron2']"
285,17,MemberOf,category,875,CERT C++ Secure Coding Section 07 - Characters and Strings (STR),300,78,"['ViZDoom', 'numpy', 'aim', 'langflow', 'matplotlib', 'Spearmint', 'bigartm', 'DI-engine', 'blaze', 'catalyst', 'typer', 'nilearn', 'mlflow', 'zipline', 'determined', 'retro', 'rep', 'open-webui', 'jax', 'mindsdb', 'deeplake', 'pyqtgraph', 'gensim', 'cortex', 'tensorflow', 'PyStanfordDependencies', 'pydantic', 'mist', 'open-metric-learning', 'neuraltalk', 'danswerai', 'pytorch-lightning', 'shogun', 'rasa', 'loso', 'statsmodels', 'superset', 'bokeh', 'pytorch-image-models', 'ray', 'pynlpl', 'DIGITS', 'mlens', 'scikit-learn-intelex', 'mars', 'catboost', 'colibri-core', 'pytorch', 'deeppy', 'skll', 'gradio', 'streamlit', 'altair', 'bentoml', 'xgboost', 'dash', 'scikit-image', 'transformers', 'detectron2']"
286,18,MemberOf,category,878,CERT C++ Secure Coding Section 10 - Environment (ENV),300,78,"['ViZDoom', 'numpy', 'aim', 'langflow', 'matplotlib', 'Spearmint', 'bigartm', 'DI-engine', 'blaze', 'catalyst', 'typer', 'nilearn', 'mlflow', 'zipline', 'determined', 'retro', 'rep', 'open-webui', 'jax', 'mindsdb', 'deeplake', 'pyqtgraph', 'gensim', 'cortex', 'tensorflow', 'PyStanfordDependencies', 'pydantic', 'mist', 'open-metric-learning', 'neuraltalk', 'danswerai', 'pytorch-lightning', 'shogun', 'rasa', 'loso', 'statsmodels', 'superset', 'bokeh', 'pytorch-image-models', 'ray', 'pynlpl', 'DIGITS', 'mlens', 'scikit-learn-intelex', 'mars', 'catboost', 'colibri-core', 'pytorch', 'deeppy', 'skll', 'gradio', 'streamlit', 'altair', 'bentoml', 'xgboost', 'dash', 'scikit-image', 'transformers', 'detectron2']"
287,19,MemberOf,view,884,CWE Cross-section,300,78,"['ViZDoom', 'numpy', 'aim', 'langflow', 'matplotlib', 'Spearmint', 'bigartm', 'DI-engine', 'blaze', 'catalyst', 'typer', 'nilearn', 'mlflow', 'zipline', 'determined', 'retro', 'rep', 'open-webui', 'jax', 'mindsdb', 'deeplake', 'pyqtgraph', 'gensim', 'cortex', 'tensorflow', 'PyStanfordDependencies', 'pydantic', 'mist', 'open-metric-learning', 'neuraltalk', 'danswerai', 'pytorch-lightning', 'shogun', 'rasa', 'loso', 'statsmodels', 'superset', 'bokeh', 'pytorch-image-models', 'ray', 'pynlpl', 'DIGITS', 'mlens', 'scikit-learn-intelex', 'mars', 'catboost', 'colibri-core', 'pytorch', 'deeppy', 'skll', 'gradio', 'streamlit', 'altair', 'bentoml', 'xgboost', 'dash', 'scikit-image', 'transformers', 'detectron2']"
288,20,MemberOf,category,929,OWASP Top Ten 2013 Category A1 - Injection,300,78,"['ViZDoom', 'numpy', 'aim', 'langflow', 'matplotlib', 'Spearmint', 'bigartm', 'DI-engine', 'blaze', 'catalyst', 'typer', 'nilearn', 'mlflow', 'zipline', 'determined', 'retro', 'rep', 'open-webui', 'jax', 'mindsdb', 'deeplake', 'pyqtgraph', 'gensim', 'cortex', 'tensorflow', 'PyStanfordDependencies', 'pydantic', 'mist', 'open-metric-learning', 'neuraltalk', 'danswerai', 'pytorch-lightning', 'shogun', 'rasa', 'loso', 'statsmodels', 'superset', 'bokeh', 'pytorch-image-models', 'ray', 'pynlpl', 'DIGITS', 'mlens', 'scikit-learn-intelex', 'mars', 'catboost', 'colibri-core', 'pytorch', 'deeppy', 'skll', 'gradio', 'streamlit', 'altair', 'bentoml', 'xgboost', 'dash', 'scikit-image', 'transformers', 'detectron2']"
289,21,MemberOf,category,990,SFP Secondary Cluster: Tainted Input to Command,300,78,"['ViZDoom', 'numpy', 'aim', 'langflow', 'matplotlib', 'Spearmint', 'bigartm', 'DI-engine', 'blaze', 'catalyst', 'typer', 'nilearn', 'mlflow', 'zipline', 'determined', 'retro', 'rep', 'open-webui', 'jax', 'mindsdb', 'deeplake', 'pyqtgraph', 'gensim', 'cortex', 'tensorflow', 'PyStanfordDependencies', 'pydantic', 'mist', 'open-metric-learning', 'neuraltalk', 'danswerai', 'pytorch-lightning', 'shogun', 'rasa', 'loso', 'statsmodels', 'superset', 'bokeh', 'pytorch-image-models', 'ray', 'pynlpl', 'DIGITS', 'mlens', 'scikit-learn-intelex', 'mars', 'catboost', 'colibri-core', 'pytorch', 'deeppy', 'skll', 'gradio', 'streamlit', 'altair', 'bentoml', 'xgboost', 'dash', 'scikit-image', 'transformers', 'detectron2']"
290,22,MemberOf,category,1027,OWASP Top Ten 2017 Category A1 - Injection,300,78,"['ViZDoom', 'numpy', 'aim', 'langflow', 'matplotlib', 'Spearmint', 'bigartm', 'DI-engine', 'blaze', 'catalyst', 'typer', 'nilearn', 'mlflow', 'zipline', 'determined', 'retro', 'rep', 'open-webui', 'jax', 'mindsdb', 'deeplake', 'pyqtgraph', 'gensim', 'cortex', 'tensorflow', 'PyStanfordDependencies', 'pydantic', 'mist', 'open-metric-learning', 'neuraltalk', 'danswerai', 'pytorch-lightning', 'shogun', 'rasa', 'loso', 'statsmodels', 'superset', 'bokeh', 'pytorch-image-models', 'ray', 'pynlpl', 'DIGITS', 'mlens', 'scikit-learn-intelex', 'mars', 'catboost', 'colibri-core', 'pytorch', 'deeppy', 'skll', 'gradio', 'streamlit', 'altair', 'bentoml', 'xgboost', 'dash', 'scikit-image', 'transformers', 'detectron2']"
291,23,MemberOf,category,1131,CISQ Quality Measures (2016) - Security,300,78,"['ViZDoom', 'numpy', 'aim', 'langflow', 'matplotlib', 'Spearmint', 'bigartm', 'DI-engine', 'blaze', 'catalyst', 'typer', 'nilearn', 'mlflow', 'zipline', 'determined', 'retro', 'rep', 'open-webui', 'jax', 'mindsdb', 'deeplake', 'pyqtgraph', 'gensim', 'cortex', 'tensorflow', 'PyStanfordDependencies', 'pydantic', 'mist', 'open-metric-learning', 'neuraltalk', 'danswerai', 'pytorch-lightning', 'shogun', 'rasa', 'loso', 'statsmodels', 'superset', 'bokeh', 'pytorch-image-models', 'ray', 'pynlpl', 'DIGITS', 'mlens', 'scikit-learn-intelex', 'mars', 'catboost', 'colibri-core', 'pytorch', 'deeppy', 'skll', 'gradio', 'streamlit', 'altair', 'bentoml', 'xgboost', 'dash', 'scikit-image', 'transformers', 'detectron2']"
292,24,MemberOf,category,1134,SEI CERT Oracle Secure Coding Standard for Java - Guidelines 00. Input Validation and Data Sanitization (IDS),300,78,"['ViZDoom', 'numpy', 'aim', 'langflow', 'matplotlib', 'Spearmint', 'bigartm', 'DI-engine', 'blaze', 'catalyst', 'typer', 'nilearn', 'mlflow', 'zipline', 'determined', 'retro', 'rep', 'open-webui', 'jax', 'mindsdb', 'deeplake', 'pyqtgraph', 'gensim', 'cortex', 'tensorflow', 'PyStanfordDependencies', 'pydantic', 'mist', 'open-metric-learning', 'neuraltalk', 'danswerai', 'pytorch-lightning', 'shogun', 'rasa', 'loso', 'statsmodels', 'superset', 'bokeh', 'pytorch-image-models', 'ray', 'pynlpl', 'DIGITS', 'mlens', 'scikit-learn-intelex', 'mars', 'catboost', 'colibri-core', 'pytorch', 'deeppy', 'skll', 'gradio', 'streamlit', 'altair', 'bentoml', 'xgboost', 'dash', 'scikit-image', 'transformers', 'detectron2']"
293,25,MemberOf,category,1165,SEI CERT C Coding Standard - Guidelines 10. Environment (ENV),300,78,"['ViZDoom', 'numpy', 'aim', 'langflow', 'matplotlib', 'Spearmint', 'bigartm', 'DI-engine', 'blaze', 'catalyst', 'typer', 'nilearn', 'mlflow', 'zipline', 'determined', 'retro', 'rep', 'open-webui', 'jax', 'mindsdb', 'deeplake', 'pyqtgraph', 'gensim', 'cortex', 'tensorflow', 'PyStanfordDependencies', 'pydantic', 'mist', 'open-metric-learning', 'neuraltalk', 'danswerai', 'pytorch-lightning', 'shogun', 'rasa', 'loso', 'statsmodels', 'superset', 'bokeh', 'pytorch-image-models', 'ray', 'pynlpl', 'DIGITS', 'mlens', 'scikit-learn-intelex', 'mars', 'catboost', 'colibri-core', 'pytorch', 'deeppy', 'skll', 'gradio', 'streamlit', 'altair', 'bentoml', 'xgboost', 'dash', 'scikit-image', 'transformers', 'detectron2']"
294,26,MemberOf,view,1200,Weaknesses in the 2019 CWE Top 25 Most Dangerous Software Errors,300,78,"['ViZDoom', 'numpy', 'aim', 'langflow', 'matplotlib', 'Spearmint', 'bigartm', 'DI-engine', 'blaze', 'catalyst', 'typer', 'nilearn', 'mlflow', 'zipline', 'determined', 'retro', 'rep', 'open-webui', 'jax', 'mindsdb', 'deeplake', 'pyqtgraph', 'gensim', 'cortex', 'tensorflow', 'PyStanfordDependencies', 'pydantic', 'mist', 'open-metric-learning', 'neuraltalk', 'danswerai', 'pytorch-lightning', 'shogun', 'rasa', 'loso', 'statsmodels', 'superset', 'bokeh', 'pytorch-image-models', 'ray', 'pynlpl', 'DIGITS', 'mlens', 'scikit-learn-intelex', 'mars', 'catboost', 'colibri-core', 'pytorch', 'deeppy', 'skll', 'gradio', 'streamlit', 'altair', 'bentoml', 'xgboost', 'dash', 'scikit-image', 'transformers', 'detectron2']"
295,27,MemberOf,view,1337,Weaknesses in the 2021 CWE Top 25 Most Dangerous Software Weaknesses,300,78,"['ViZDoom', 'numpy', 'aim', 'langflow', 'matplotlib', 'Spearmint', 'bigartm', 'DI-engine', 'blaze', 'catalyst', 'typer', 'nilearn', 'mlflow', 'zipline', 'determined', 'retro', 'rep', 'open-webui', 'jax', 'mindsdb', 'deeplake', 'pyqtgraph', 'gensim', 'cortex', 'tensorflow', 'PyStanfordDependencies', 'pydantic', 'mist', 'open-metric-learning', 'neuraltalk', 'danswerai', 'pytorch-lightning', 'shogun', 'rasa', 'loso', 'statsmodels', 'superset', 'bokeh', 'pytorch-image-models', 'ray', 'pynlpl', 'DIGITS', 'mlens', 'scikit-learn-intelex', 'mars', 'catboost', 'colibri-core', 'pytorch', 'deeppy', 'skll', 'gradio', 'streamlit', 'altair', 'bentoml', 'xgboost', 'dash', 'scikit-image', 'transformers', 'detectron2']"
296,28,MemberOf,category,1347,OWASP Top Ten 2021 Category A03:2021 - Injection,300,78,"['ViZDoom', 'numpy', 'aim', 'langflow', 'matplotlib', 'Spearmint', 'bigartm', 'DI-engine', 'blaze', 'catalyst', 'typer', 'nilearn', 'mlflow', 'zipline', 'determined', 'retro', 'rep', 'open-webui', 'jax', 'mindsdb', 'deeplake', 'pyqtgraph', 'gensim', 'cortex', 'tensorflow', 'PyStanfordDependencies', 'pydantic', 'mist', 'open-metric-learning', 'neuraltalk', 'danswerai', 'pytorch-lightning', 'shogun', 'rasa', 'loso', 'statsmodels', 'superset', 'bokeh', 'pytorch-image-models', 'ray', 'pynlpl', 'DIGITS', 'mlens', 'scikit-learn-intelex', 'mars', 'catboost', 'colibri-core', 'pytorch', 'deeppy', 'skll', 'gradio', 'streamlit', 'altair', 'bentoml', 'xgboost', 'dash', 'scikit-image', 'transformers', 'detectron2']"
297,29,MemberOf,view,1350,Weaknesses in the 2020 CWE Top 25 Most Dangerous Software Weaknesses,300,78,"['ViZDoom', 'numpy', 'aim', 'langflow', 'matplotlib', 'Spearmint', 'bigartm', 'DI-engine', 'blaze', 'catalyst', 'typer', 'nilearn', 'mlflow', 'zipline', 'determined', 'retro', 'rep', 'open-webui', 'jax', 'mindsdb', 'deeplake', 'pyqtgraph', 'gensim', 'cortex', 'tensorflow', 'PyStanfordDependencies', 'pydantic', 'mist', 'open-metric-learning', 'neuraltalk', 'danswerai', 'pytorch-lightning', 'shogun', 'rasa', 'loso', 'statsmodels', 'superset', 'bokeh', 'pytorch-image-models', 'ray', 'pynlpl', 'DIGITS', 'mlens', 'scikit-learn-intelex', 'mars', 'catboost', 'colibri-core', 'pytorch', 'deeppy', 'skll', 'gradio', 'streamlit', 'altair', 'bentoml', 'xgboost', 'dash', 'scikit-image', 'transformers', 'detectron2']"
298,30,MemberOf,view,1387,Weaknesses in the 2022 CWE Top 25 Most Dangerous Software Weaknesses,300,78,"['ViZDoom', 'numpy', 'aim', 'langflow', 'matplotlib', 'Spearmint', 'bigartm', 'DI-engine', 'blaze', 'catalyst', 'typer', 'nilearn', 'mlflow', 'zipline', 'determined', 'retro', 'rep', 'open-webui', 'jax', 'mindsdb', 'deeplake', 'pyqtgraph', 'gensim', 'cortex', 'tensorflow', 'PyStanfordDependencies', 'pydantic', 'mist', 'open-metric-learning', 'neuraltalk', 'danswerai', 'pytorch-lightning', 'shogun', 'rasa', 'loso', 'statsmodels', 'superset', 'bokeh', 'pytorch-image-models', 'ray', 'pynlpl', 'DIGITS', 'mlens', 'scikit-learn-intelex', 'mars', 'catboost', 'colibri-core', 'pytorch', 'deeppy', 'skll', 'gradio', 'streamlit', 'altair', 'bentoml', 'xgboost', 'dash', 'scikit-image', 'transformers', 'detectron2']"
299,31,MemberOf,category,1409,Comprehensive Categorization: Injection,300,78,"['ViZDoom', 'numpy', 'aim', 'langflow', 'matplotlib', 'Spearmint', 'bigartm', 'DI-engine', 'blaze', 'catalyst', 'typer', 'nilearn', 'mlflow', 'zipline', 'determined', 'retro', 'rep', 'open-webui', 'jax', 'mindsdb', 'deeplake', 'pyqtgraph', 'gensim', 'cortex', 'tensorflow', 'PyStanfordDependencies', 'pydantic', 'mist', 'open-metric-learning', 'neuraltalk', 'danswerai', 'pytorch-lightning', 'shogun', 'rasa', 'loso', 'statsmodels', 'superset', 'bokeh', 'pytorch-image-models', 'ray', 'pynlpl', 'DIGITS', 'mlens', 'scikit-learn-intelex', 'mars', 'catboost', 'colibri-core', 'pytorch', 'deeppy', 'skll', 'gradio', 'streamlit', 'altair', 'bentoml', 'xgboost', 'dash', 'scikit-image', 'transformers', 'detectron2']"
300,32,MemberOf,view,1425,Weaknesses in the 2023 CWE Top 25 Most Dangerous Software Weaknesses,300,78,"['ViZDoom', 'numpy', 'aim', 'langflow', 'matplotlib', 'Spearmint', 'bigartm', 'DI-engine', 'blaze', 'catalyst', 'typer', 'nilearn', 'mlflow', 'zipline', 'determined', 'retro', 'rep', 'open-webui', 'jax', 'mindsdb', 'deeplake', 'pyqtgraph', 'gensim', 'cortex', 'tensorflow', 'PyStanfordDependencies', 'pydantic', 'mist', 'open-metric-learning', 'neuraltalk', 'danswerai', 'pytorch-lightning', 'shogun', 'rasa', 'loso', 'statsmodels', 'superset', 'bokeh', 'pytorch-image-models', 'ray', 'pynlpl', 'DIGITS', 'mlens', 'scikit-learn-intelex', 'mars', 'catboost', 'colibri-core', 'pytorch', 'deeppy', 'skll', 'gradio', 'streamlit', 'altair', 'bentoml', 'xgboost', 'dash', 'scikit-image', 'transformers', 'detectron2']"
301,33,MemberOf,view,1430,Weaknesses in the 2024 CWE Top 25 Most Dangerous Software Weaknesses,300,78,"['ViZDoom', 'numpy', 'aim', 'langflow', 'matplotlib', 'Spearmint', 'bigartm', 'DI-engine', 'blaze', 'catalyst', 'typer', 'nilearn', 'mlflow', 'zipline', 'determined', 'retro', 'rep', 'open-webui', 'jax', 'mindsdb', 'deeplake', 'pyqtgraph', 'gensim', 'cortex', 'tensorflow', 'PyStanfordDependencies', 'pydantic', 'mist', 'open-metric-learning', 'neuraltalk', 'danswerai', 'pytorch-lightning', 'shogun', 'rasa', 'loso', 'statsmodels', 'superset', 'bokeh', 'pytorch-image-models', 'ray', 'pynlpl', 'DIGITS', 'mlens', 'scikit-learn-intelex', 'mars', 'catboost', 'colibri-core', 'pytorch', 'deeppy', 'skll', 'gradio', 'streamlit', 'altair', 'bentoml', 'xgboost', 'dash', 'scikit-image', 'transformers', 'detectron2']"
302,34,MemberOf,view,1435,Weaknesses in the 2025 CWE Top 25 Most Dangerous Software Weaknesses,300,78,"['ViZDoom', 'numpy', 'aim', 'langflow', 'matplotlib', 'Spearmint', 'bigartm', 'DI-engine', 'blaze', 'catalyst', 'typer', 'nilearn', 'mlflow', 'zipline', 'determined', 'retro', 'rep', 'open-webui', 'jax', 'mindsdb', 'deeplake', 'pyqtgraph', 'gensim', 'cortex', 'tensorflow', 'PyStanfordDependencies', 'pydantic', 'mist', 'open-metric-learning', 'neuraltalk', 'danswerai', 'pytorch-lightning', 'shogun', 'rasa', 'loso', 'statsmodels', 'superset', 'bokeh', 'pytorch-image-models', 'ray', 'pynlpl', 'DIGITS', 'mlens', 'scikit-learn-intelex', 'mars', 'catboost', 'colibri-core', 'pytorch', 'deeppy', 'skll', 'gradio', 'streamlit', 'altair', 'bentoml', 'xgboost', 'dash', 'scikit-image', 'transformers', 'detectron2']"
303,35,MemberOf,category,1440,OWASP Top Ten 2025 Category A05:2025 - Injection,300,78,"['ViZDoom', 'numpy', 'aim', 'langflow', 'matplotlib', 'Spearmint', 'bigartm', 'DI-engine', 'blaze', 'catalyst', 'typer', 'nilearn', 'mlflow', 'zipline', 'determined', 'retro', 'rep', 'open-webui', 'jax', 'mindsdb', 'deeplake', 'pyqtgraph', 'gensim', 'cortex', 'tensorflow', 'PyStanfordDependencies', 'pydantic', 'mist', 'open-metric-learning', 'neuraltalk', 'danswerai', 'pytorch-lightning', 'shogun', 'rasa', 'loso', 'statsmodels', 'superset', 'bokeh', 'pytorch-image-models', 'ray', 'pynlpl', 'DIGITS', 'mlens', 'scikit-learn-intelex', 'mars', 'catboost', 'colibri-core', 'pytorch', 'deeppy', 'skll', 'gradio', 'streamlit', 'altair', 'bentoml', 'xgboost', 'dash', 'scikit-image', 'transformers', 'detectron2']"
304,36,MemberOf,category,1447,General Software Weaknesses that Appear in Products that Use or Support AI/ML Technology,300,78,"['ViZDoom', 'numpy', 'aim', 'langflow', 'matplotlib', 'Spearmint', 'bigartm', 'DI-engine', 'blaze', 'catalyst', 'typer', 'nilearn', 'mlflow', 'zipline', 'determined', 'retro', 'rep', 'open-webui', 'jax', 'mindsdb', 'deeplake', 'pyqtgraph', 'gensim', 'cortex', 'tensorflow', 'PyStanfordDependencies', 'pydantic', 'mist', 'open-metric-learning', 'neuraltalk', 'danswerai', 'pytorch-lightning', 'shogun', 'rasa', 'loso', 'statsmodels', 'superset', 'bokeh', 'pytorch-image-models', 'ray', 'pynlpl', 'DIGITS', 'mlens', 'scikit-learn-intelex', 'mars', 'catboost', 'colibri-core', 'pytorch', 'deeppy', 'skll', 'gradio', 'streamlit', 'altair', 'bentoml', 'xgboost', 'dash', 'scikit-image', 'transformers', 'detectron2']"
305,37,Self,base,78,,300,78,"['ViZDoom', 'numpy', 'aim', 'langflow', 'matplotlib', 'Spearmint', 'bigartm', 'DI-engine', 'blaze', 'catalyst', 'typer', 'nilearn', 'mlflow', 'zipline', 'determined', 'retro', 'rep', 'open-webui', 'jax', 'mindsdb', 'deeplake', 'pyqtgraph', 'gensim', 'cortex', 'tensorflow', 'PyStanfordDependencies', 'pydantic', 'mist', 'open-metric-learning', 'neuraltalk', 'danswerai', 'pytorch-lightning', 'shogun', 'rasa', 'loso', 'statsmodels', 'superset', 'bokeh', 'pytorch-image-models', 'ray', 'pynlpl', 'DIGITS', 'mlens', 'scikit-learn-intelex', 'mars', 'catboost', 'colibri-core', 'pytorch', 'deeppy', 'skll', 'gradio', 'streamlit', 'altair', 'bentoml', 'xgboost', 'dash', 'scikit-image', 'transformers', 'detectron2']"
306,0,ChildOf,class,77,Improper Neutralization of Special Elements used in a Command ('Command Injection'),300,88,"['ViZDoom', 'numpy', 'aim', 'langflow', 'matplotlib', 'Spearmint', 'bigartm', 'DI-engine', 'blaze', 'catalyst', 'typer', 'nilearn', 'mlflow', 'zipline', 'determined', 'retro', 'rep', 'open-webui', 'jax', 'mindsdb', 'deeplake', 'pyqtgraph', 'gensim', 'cortex', 'tensorflow', 'PyStanfordDependencies', 'pydantic', 'mist', 'open-metric-learning', 'neuraltalk', 'danswerai', 'pytorch-lightning', 'shogun', 'rasa', 'loso', 'statsmodels', 'superset', 'bokeh', 'pytorch-image-models', 'ray', 'pynlpl', 'DIGITS', 'mlens', 'scikit-learn-intelex', 'mars', 'catboost', 'colibri-core', 'pytorch', 'deeppy', 'skll', 'gradio', 'streamlit', 'altair', 'bentoml', 'xgboost', 'dash', 'scikit-image', 'transformers', 'detectron2']"
307,1,MemberOf,category,137,Data Neutralization Issues,300,88,"['ViZDoom', 'numpy', 'aim', 'langflow', 'matplotlib', 'Spearmint', 'bigartm', 'DI-engine', 'blaze', 'catalyst', 'typer', 'nilearn', 'mlflow', 'zipline', 'determined', 'retro', 'rep', 'open-webui', 'jax', 'mindsdb', 'deeplake', 'pyqtgraph', 'gensim', 'cortex', 'tensorflow', 'PyStanfordDependencies', 'pydantic', 'mist', 'open-metric-learning', 'neuraltalk', 'danswerai', 'pytorch-lightning', 'shogun', 'rasa', 'loso', 'statsmodels', 'superset', 'bokeh', 'pytorch-image-models', 'ray', 'pynlpl', 'DIGITS', 'mlens', 'scikit-learn-intelex', 'mars', 'catboost', 'colibri-core', 'pytorch', 'deeppy', 'skll', 'gradio', 'streamlit', 'altair', 'bentoml', 'xgboost', 'dash', 'scikit-image', 'transformers', 'detectron2']"
308,2,ChildOf,class,74,Improper Neutralization of Special Elements in Output Used by a Downstream Component ('Injection'),300,88,"['ViZDoom', 'numpy', 'aim', 'langflow', 'matplotlib', 'Spearmint', 'bigartm', 'DI-engine', 'blaze', 'catalyst', 'typer', 'nilearn', 'mlflow', 'zipline', 'determined', 'retro', 'rep', 'open-webui', 'jax', 'mindsdb', 'deeplake', 'pyqtgraph', 'gensim', 'cortex', 'tensorflow', 'PyStanfordDependencies', 'pydantic', 'mist', 'open-metric-learning', 'neuraltalk', 'danswerai', 'pytorch-lightning', 'shogun', 'rasa', 'loso', 'statsmodels', 'superset', 'bokeh', 'pytorch-image-models', 'ray', 'pynlpl', 'DIGITS', 'mlens', 'scikit-learn-intelex', 'mars', 'catboost', 'colibri-core', 'pytorch', 'deeppy', 'skll', 'gradio', 'streamlit', 'altair', 'bentoml', 'xgboost', 'dash', 'scikit-image', 'transformers', 'detectron2']"
309,3,MemberOf,category,1019,Validate Inputs,300,88,"['ViZDoom', 'numpy', 'aim', 'langflow', 'matplotlib', 'Spearmint', 'bigartm', 'DI-engine', 'blaze', 'catalyst', 'typer', 'nilearn', 'mlflow', 'zipline', 'determined', 'retro', 'rep', 'open-webui', 'jax', 'mindsdb', 'deeplake', 'pyqtgraph', 'gensim', 'cortex', 'tensorflow', 'PyStanfordDependencies', 'pydantic', 'mist', 'open-metric-learning', 'neuraltalk', 'danswerai', 'pytorch-lightning', 'shogun', 'rasa', 'loso', 'statsmodels', 'superset', 'bokeh', 'pytorch-image-models', 'ray', 'pynlpl', 'DIGITS', 'mlens', 'scikit-learn-intelex', 'mars', 'catboost', 'colibri-core', 'pytorch', 'deeppy', 'skll', 'gradio', 'streamlit', 'altair', 'bentoml', 'xgboost', 'dash', 'scikit-image', 'transformers', 'detectron2']"
310,4,ChildOf,class,77,Improper Neutralization of Special Elements used in a Command ('Command Injection'),300,88,"['ViZDoom', 'numpy', 'aim', 'langflow', 'matplotlib', 'Spearmint', 'bigartm', 'DI-engine', 'blaze', 'catalyst', 'typer', 'nilearn', 'mlflow', 'zipline', 'determined', 'retro', 'rep', 'open-webui', 'jax', 'mindsdb', 'deeplake', 'pyqtgraph', 'gensim', 'cortex', 'tensorflow', 'PyStanfordDependencies', 'pydantic', 'mist', 'open-metric-learning', 'neuraltalk', 'danswerai', 'pytorch-lightning', 'shogun', 'rasa', 'loso', 'statsmodels', 'superset', 'bokeh', 'pytorch-image-models', 'ray', 'pynlpl', 'DIGITS', 'mlens', 'scikit-learn-intelex', 'mars', 'catboost', 'colibri-core', 'pytorch', 'deeppy', 'skll', 'gradio', 'streamlit', 'altair', 'bentoml', 'xgboost', 'dash', 'scikit-image', 'transformers', 'detectron2']"
311,5,ChildOf,class,77,Improper Neutralization of Special Elements used in a Command ('Command Injection'),300,88,"['ViZDoom', 'numpy', 'aim', 'langflow', 'matplotlib', 'Spearmint', 'bigartm', 'DI-engine', 'blaze', 'catalyst', 'typer', 'nilearn', 'mlflow', 'zipline', 'determined', 'retro', 'rep', 'open-webui', 'jax', 'mindsdb', 'deeplake', 'pyqtgraph', 'gensim', 'cortex', 'tensorflow', 'PyStanfordDependencies', 'pydantic', 'mist', 'open-metric-learning', 'neuraltalk', 'danswerai', 'pytorch-lightning', 'shogun', 'rasa', 'loso', 'statsmodels', 'superset', 'bokeh', 'pytorch-image-models', 'ray', 'pynlpl', 'DIGITS', 'mlens', 'scikit-learn-intelex', 'mars', 'catboost', 'colibri-core', 'pytorch', 'deeppy', 'skll', 'gradio', 'streamlit', 'altair', 'bentoml', 'xgboost', 'dash', 'scikit-image', 'transformers', 'detectron2']"
312,6,MemberOf,category,741,CERT C Secure Coding Standard (2008) Chapter 8 - Characters and Strings (STR),300,88,"['ViZDoom', 'numpy', 'aim', 'langflow', 'matplotlib', 'Spearmint', 'bigartm', 'DI-engine', 'blaze', 'catalyst', 'typer', 'nilearn', 'mlflow', 'zipline', 'determined', 'retro', 'rep', 'open-webui', 'jax', 'mindsdb', 'deeplake', 'pyqtgraph', 'gensim', 'cortex', 'tensorflow', 'PyStanfordDependencies', 'pydantic', 'mist', 'open-metric-learning', 'neuraltalk', 'danswerai', 'pytorch-lightning', 'shogun', 'rasa', 'loso', 'statsmodels', 'superset', 'bokeh', 'pytorch-image-models', 'ray', 'pynlpl', 'DIGITS', 'mlens', 'scikit-learn-intelex', 'mars', 'catboost', 'colibri-core', 'pytorch', 'deeppy', 'skll', 'gradio', 'streamlit', 'altair', 'bentoml', 'xgboost', 'dash', 'scikit-image', 'transformers', 'detectron2']"
313,7,MemberOf,category,744,CERT C Secure Coding Standard (2008) Chapter 11 - Environment (ENV),300,88,"['ViZDoom', 'numpy', 'aim', 'langflow', 'matplotlib', 'Spearmint', 'bigartm', 'DI-engine', 'blaze', 'catalyst', 'typer', 'nilearn', 'mlflow', 'zipline', 'determined', 'retro', 'rep', 'open-webui', 'jax', 'mindsdb', 'deeplake', 'pyqtgraph', 'gensim', 'cortex', 'tensorflow', 'PyStanfordDependencies', 'pydantic', 'mist', 'open-metric-learning', 'neuraltalk', 'danswerai', 'pytorch-lightning', 'shogun', 'rasa', 'loso', 'statsmodels', 'superset', 'bokeh', 'pytorch-image-models', 'ray', 'pynlpl', 'DIGITS', 'mlens', 'scikit-learn-intelex', 'mars', 'catboost', 'colibri-core', 'pytorch', 'deeppy', 'skll', 'gradio', 'streamlit', 'altair', 'bentoml', 'xgboost', 'dash', 'scikit-image', 'transformers', 'detectron2']"
314,8,MemberOf,category,810,OWASP Top Ten 2010 Category A1 - Injection,300,88,"['ViZDoom', 'numpy', 'aim', 'langflow', 'matplotlib', 'Spearmint', 'bigartm', 'DI-engine', 'blaze', 'catalyst', 'typer', 'nilearn', 'mlflow', 'zipline', 'determined', 'retro', 'rep', 'open-webui', 'jax', 'mindsdb', 'deeplake', 'pyqtgraph', 'gensim', 'cortex', 'tensorflow', 'PyStanfordDependencies', 'pydantic', 'mist', 'open-metric-learning', 'neuraltalk', 'danswerai', 'pytorch-lightning', 'shogun', 'rasa', 'loso', 'statsmodels', 'superset', 'bokeh', 'pytorch-image-models', 'ray', 'pynlpl', 'DIGITS', 'mlens', 'scikit-learn-intelex', 'mars', 'catboost', 'colibri-core', 'pytorch', 'deeppy', 'skll', 'gradio', 'streamlit', 'altair', 'bentoml', 'xgboost', 'dash', 'scikit-image', 'transformers', 'detectron2']"
315,9,MemberOf,category,875,CERT C++ Secure Coding Section 07 - Characters and Strings (STR),300,88,"['ViZDoom', 'numpy', 'aim', 'langflow', 'matplotlib', 'Spearmint', 'bigartm', 'DI-engine', 'blaze', 'catalyst', 'typer', 'nilearn', 'mlflow', 'zipline', 'determined', 'retro', 'rep', 'open-webui', 'jax', 'mindsdb', 'deeplake', 'pyqtgraph', 'gensim', 'cortex', 'tensorflow', 'PyStanfordDependencies', 'pydantic', 'mist', 'open-metric-learning', 'neuraltalk', 'danswerai', 'pytorch-lightning', 'shogun', 'rasa', 'loso', 'statsmodels', 'superset', 'bokeh', 'pytorch-image-models', 'ray', 'pynlpl', 'DIGITS', 'mlens', 'scikit-learn-intelex', 'mars', 'catboost', 'colibri-core', 'pytorch', 'deeppy', 'skll', 'gradio', 'streamlit', 'altair', 'bentoml', 'xgboost', 'dash', 'scikit-image', 'transformers', 'detectron2']"
316,10,MemberOf,category,878,CERT C++ Secure Coding Section 10 - Environment (ENV),300,88,"['ViZDoom', 'numpy', 'aim', 'langflow', 'matplotlib', 'Spearmint', 'bigartm', 'DI-engine', 'blaze', 'catalyst', 'typer', 'nilearn', 'mlflow', 'zipline', 'determined', 'retro', 'rep', 'open-webui', 'jax', 'mindsdb', 'deeplake', 'pyqtgraph', 'gensim', 'cortex', 'tensorflow', 'PyStanfordDependencies', 'pydantic', 'mist', 'open-metric-learning', 'neuraltalk', 'danswerai', 'pytorch-lightning', 'shogun', 'rasa', 'loso', 'statsmodels', 'superset', 'bokeh', 'pytorch-image-models', 'ray', 'pynlpl', 'DIGITS', 'mlens', 'scikit-learn-intelex', 'mars', 'catboost', 'colibri-core', 'pytorch', 'deeppy', 'skll', 'gradio', 'streamlit', 'altair', 'bentoml', 'xgboost', 'dash', 'scikit-image', 'transformers', 'detectron2']"
317,11,MemberOf,view,884,CWE Cross-section,300,88,"['ViZDoom', 'numpy', 'aim', 'langflow', 'matplotlib', 'Spearmint', 'bigartm', 'DI-engine', 'blaze', 'catalyst', 'typer', 'nilearn', 'mlflow', 'zipline', 'determined', 'retro', 'rep', 'open-webui', 'jax', 'mindsdb', 'deeplake', 'pyqtgraph', 'gensim', 'cortex', 'tensorflow', 'PyStanfordDependencies', 'pydantic', 'mist', 'open-metric-learning', 'neuraltalk', 'danswerai', 'pytorch-lightning', 'shogun', 'rasa', 'loso', 'statsmodels', 'superset', 'bokeh', 'pytorch-image-models', 'ray', 'pynlpl', 'DIGITS', 'mlens', 'scikit-learn-intelex', 'mars', 'catboost', 'colibri-core', 'pytorch', 'deeppy', 'skll', 'gradio', 'streamlit', 'altair', 'bentoml', 'xgboost', 'dash', 'scikit-image', 'transformers', 'detectron2']"
318,12,MemberOf,category,929,OWASP Top Ten 2013 Category A1 - Injection,300,88,"['ViZDoom', 'numpy', 'aim', 'langflow', 'matplotlib', 'Spearmint', 'bigartm', 'DI-engine', 'blaze', 'catalyst', 'typer', 'nilearn', 'mlflow', 'zipline', 'determined', 'retro', 'rep', 'open-webui', 'jax', 'mindsdb', 'deeplake', 'pyqtgraph', 'gensim', 'cortex', 'tensorflow', 'PyStanfordDependencies', 'pydantic', 'mist', 'open-metric-learning', 'neuraltalk', 'danswerai', 'pytorch-lightning', 'shogun', 'rasa', 'loso', 'statsmodels', 'superset', 'bokeh', 'pytorch-image-models', 'ray', 'pynlpl', 'DIGITS', 'mlens', 'scikit-learn-intelex', 'mars', 'catboost', 'colibri-core', 'pytorch', 'deeppy', 'skll', 'gradio', 'streamlit', 'altair', 'bentoml', 'xgboost', 'dash', 'scikit-image', 'transformers', 'detectron2']"
319,13,MemberOf,category,990,SFP Secondary Cluster: Tainted Input to Command,300,88,"['ViZDoom', 'numpy', 'aim', 'langflow', 'matplotlib', 'Spearmint', 'bigartm', 'DI-engine', 'blaze', 'catalyst', 'typer', 'nilearn', 'mlflow', 'zipline', 'determined', 'retro', 'rep', 'open-webui', 'jax', 'mindsdb', 'deeplake', 'pyqtgraph', 'gensim', 'cortex', 'tensorflow', 'PyStanfordDependencies', 'pydantic', 'mist', 'open-metric-learning', 'neuraltalk', 'danswerai', 'pytorch-lightning', 'shogun', 'rasa', 'loso', 'statsmodels', 'superset', 'bokeh', 'pytorch-image-models', 'ray', 'pynlpl', 'DIGITS', 'mlens', 'scikit-learn-intelex', 'mars', 'catboost', 'colibri-core', 'pytorch', 'deeppy', 'skll', 'gradio', 'streamlit', 'altair', 'bentoml', 'xgboost', 'dash', 'scikit-image', 'transformers', 'detectron2']"
320,14,MemberOf,category,1027,OWASP Top Ten 2017 Category A1 - Injection,300,88,"['ViZDoom', 'numpy', 'aim', 'langflow', 'matplotlib', 'Spearmint', 'bigartm', 'DI-engine', 'blaze', 'catalyst', 'typer', 'nilearn', 'mlflow', 'zipline', 'determined', 'retro', 'rep', 'open-webui', 'jax', 'mindsdb', 'deeplake', 'pyqtgraph', 'gensim', 'cortex', 'tensorflow', 'PyStanfordDependencies', 'pydantic', 'mist', 'open-metric-learning', 'neuraltalk', 'danswerai', 'pytorch-lightning', 'shogun', 'rasa', 'loso', 'statsmodels', 'superset', 'bokeh', 'pytorch-image-models', 'ray', 'pynlpl', 'DIGITS', 'mlens', 'scikit-learn-intelex', 'mars', 'catboost', 'colibri-core', 'pytorch', 'deeppy', 'skll', 'gradio', 'streamlit', 'altair', 'bentoml', 'xgboost', 'dash', 'scikit-image', 'transformers', 'detectron2']"
321,15,MemberOf,category,1165,SEI CERT C Coding Standard - Guidelines 10. Environment (ENV),300,88,"['ViZDoom', 'numpy', 'aim', 'langflow', 'matplotlib', 'Spearmint', 'bigartm', 'DI-engine', 'blaze', 'catalyst', 'typer', 'nilearn', 'mlflow', 'zipline', 'determined', 'retro', 'rep', 'open-webui', 'jax', 'mindsdb', 'deeplake', 'pyqtgraph', 'gensim', 'cortex', 'tensorflow', 'PyStanfordDependencies', 'pydantic', 'mist', 'open-metric-learning', 'neuraltalk', 'danswerai', 'pytorch-lightning', 'shogun', 'rasa', 'loso', 'statsmodels', 'superset', 'bokeh', 'pytorch-image-models', 'ray', 'pynlpl', 'DIGITS', 'mlens', 'scikit-learn-intelex', 'mars', 'catboost', 'colibri-core', 'pytorch', 'deeppy', 'skll', 'gradio', 'streamlit', 'altair', 'bentoml', 'xgboost', 'dash', 'scikit-image', 'transformers', 'detectron2']"
322,16,MemberOf,category,1347,OWASP Top Ten 2021 Category A03:2021 - Injection,300,88,"['ViZDoom', 'numpy', 'aim', 'langflow', 'matplotlib', 'Spearmint', 'bigartm', 'DI-engine', 'blaze', 'catalyst', 'typer', 'nilearn', 'mlflow', 'zipline', 'determined', 'retro', 'rep', 'open-webui', 'jax', 'mindsdb', 'deeplake', 'pyqtgraph', 'gensim', 'cortex', 'tensorflow', 'PyStanfordDependencies', 'pydantic', 'mist', 'open-metric-learning', 'neuraltalk', 'danswerai', 'pytorch-lightning', 'shogun', 'rasa', 'loso', 'statsmodels', 'superset', 'bokeh', 'pytorch-image-models', 'ray', 'pynlpl', 'DIGITS', 'mlens', 'scikit-learn-intelex', 'mars', 'catboost', 'colibri-core', 'pytorch', 'deeppy', 'skll', 'gradio', 'streamlit', 'altair', 'bentoml', 'xgboost', 'dash', 'scikit-image', 'transformers', 'detectron2']"
323,17,MemberOf,category,1409,Comprehensive Categorization: Injection,300,88,"['ViZDoom', 'numpy', 'aim', 'langflow', 'matplotlib', 'Spearmint', 'bigartm', 'DI-engine', 'blaze', 'catalyst', 'typer', 'nilearn', 'mlflow', 'zipline', 'determined', 'retro', 'rep', 'open-webui', 'jax', 'mindsdb', 'deeplake', 'pyqtgraph', 'gensim', 'cortex', 'tensorflow', 'PyStanfordDependencies', 'pydantic', 'mist', 'open-metric-learning', 'neuraltalk', 'danswerai', 'pytorch-lightning', 'shogun', 'rasa', 'loso', 'statsmodels', 'superset', 'bokeh', 'pytorch-image-models', 'ray', 'pynlpl', 'DIGITS', 'mlens', 'scikit-learn-intelex', 'mars', 'catboost', 'colibri-core', 'pytorch', 'deeppy', 'skll', 'gradio', 'streamlit', 'altair', 'bentoml', 'xgboost', 'dash', 'scikit-image', 'transformers', 'detectron2']"
324,18,MemberOf,category,1440,OWASP Top Ten 2025 Category A05:2025 - Injection,300,88,"['ViZDoom', 'numpy', 'aim', 'langflow', 'matplotlib', 'Spearmint', 'bigartm', 'DI-engine', 'blaze', 'catalyst', 'typer', 'nilearn', 'mlflow', 'zipline', 'determined', 'retro', 'rep', 'open-webui', 'jax', 'mindsdb', 'deeplake', 'pyqtgraph', 'gensim', 'cortex', 'tensorflow', 'PyStanfordDependencies', 'pydantic', 'mist', 'open-metric-learning', 'neuraltalk', 'danswerai', 'pytorch-lightning', 'shogun', 'rasa', 'loso', 'statsmodels', 'superset', 'bokeh', 'pytorch-image-models', 'ray', 'pynlpl', 'DIGITS', 'mlens', 'scikit-learn-intelex', 'mars', 'catboost', 'colibri-core', 'pytorch', 'deeppy', 'skll', 'gradio', 'streamlit', 'altair', 'bentoml', 'xgboost', 'dash', 'scikit-image', 'transformers', 'detectron2']"
325,19,Self,base,88,,300,88,"['ViZDoom', 'numpy', 'aim', 'langflow', 'matplotlib', 'Spearmint', 'bigartm', 'DI-engine', 'blaze', 'catalyst', 'typer', 'nilearn', 'mlflow', 'zipline', 'determined', 'retro', 'rep', 'open-webui', 'jax', 'mindsdb', 'deeplake', 'pyqtgraph', 'gensim', 'cortex', 'tensorflow', 'PyStanfordDependencies', 'pydantic', 'mist', 'open-metric-learning', 'neuraltalk', 'danswerai', 'pytorch-lightning', 'shogun', 'rasa', 'loso', 'statsmodels', 'superset', 'bokeh', 'pytorch-image-models', 'ray', 'pynlpl', 'DIGITS', 'mlens', 'scikit-learn-intelex', 'mars', 'catboost', 'colibri-core', 'pytorch', 'deeppy', 'skll', 'gradio', 'streamlit', 'altair', 'bentoml', 'xgboost', 'dash', 'scikit-image', 'transformers', 'detectron2']"
326,0,ChildOf,class,74,Improper Neutralization of Special Elements in Output Used by a Downstream Component ('Injection'),132,94,"['cornac', 'FEDOT', 'numpy', 'pyod', 'pybrain', 'lifelines', 'cleanlab', 'couler', 'bigartm', 'DI-engine', 'vigra', 'annoy', 'catalyst', 'scikit-multiflow', 'zpar', 'ggpy', 'seaborn', 'open-webui', 'alibi-detect', 'notebook', 'gan', 'stellargraph', 'rockpool', 'lambdo', 'mindsdb', 'ColossalAI', 'pyqtgraph', 'pebl', 'tensorflow', 'mist', 'python-timbl', 'metric-learn', 'DeepPavlov', 'statsmodels', 'superset', 'xlearn', 'nupic.studio', 'breze', 'rgf', 'imbalanced-ensemble', 'recommenders', 'tpot', 'bytehub', 'catboost', 'alibi', 'segmentation_models', 'pytorch', 'chainer', 'deeppy', 'dash', 'streamlit', 'snips-nlu', 'DIGITS', 'scikit-image']"
327,1,ChildOf,class,913,Improper Control of Dynamically-Managed Code Resources,132,94,"['cornac', 'FEDOT', 'numpy', 'pyod', 'pybrain', 'lifelines', 'cleanlab', 'couler', 'bigartm', 'DI-engine', 'vigra', 'annoy', 'catalyst', 'scikit-multiflow', 'zpar', 'ggpy', 'seaborn', 'open-webui', 'alibi-detect', 'notebook', 'gan', 'stellargraph', 'rockpool', 'lambdo', 'mindsdb', 'ColossalAI', 'pyqtgraph', 'pebl', 'tensorflow', 'mist', 'python-timbl', 'metric-learn', 'DeepPavlov', 'statsmodels', 'superset', 'xlearn', 'nupic.studio', 'breze', 'rgf', 'imbalanced-ensemble', 'recommenders', 'tpot', 'bytehub', 'catboost', 'alibi', 'segmentation_models', 'pytorch', 'chainer', 'deeppy', 'dash', 'streamlit', 'snips-nlu', 'DIGITS', 'scikit-image']"
328,2,ParentOf,variant,95,Improper Neutralization of Directives in Dynamically Evaluated Code ('Eval Injection'),132,94,"['cornac', 'FEDOT', 'numpy', 'pyod', 'pybrain', 'lifelines', 'cleanlab', 'couler', 'bigartm', 'DI-engine', 'vigra', 'annoy', 'catalyst', 'scikit-multiflow', 'zpar', 'ggpy', 'seaborn', 'open-webui', 'alibi-detect', 'notebook', 'gan', 'stellargraph', 'rockpool', 'lambdo', 'mindsdb', 'ColossalAI', 'pyqtgraph', 'pebl', 'tensorflow', 'mist', 'python-timbl', 'metric-learn', 'DeepPavlov', 'statsmodels', 'superset', 'xlearn', 'nupic.studio', 'breze', 'rgf', 'imbalanced-ensemble', 'recommenders', 'tpot', 'bytehub', 'catboost', 'alibi', 'segmentation_models', 'pytorch', 'chainer', 'deeppy', 'dash', 'streamlit', 'snips-nlu', 'DIGITS', 'scikit-image']"
329,3,ParentOf,base,96,Improper Neutralization of Directives in Statically Saved Code ('Static Code Injection'),132,94,"['cornac', 'FEDOT', 'numpy', 'pyod', 'pybrain', 'lifelines', 'cleanlab', 'couler', 'bigartm', 'DI-engine', 'vigra', 'annoy', 'catalyst', 'scikit-multiflow', 'zpar', 'ggpy', 'seaborn', 'open-webui', 'alibi-detect', 'notebook', 'gan', 'stellargraph', 'rockpool', 'lambdo', 'mindsdb', 'ColossalAI', 'pyqtgraph', 'pebl', 'tensorflow', 'mist', 'python-timbl', 'metric-learn', 'DeepPavlov', 'statsmodels', 'superset', 'xlearn', 'nupic.studio', 'breze', 'rgf', 'imbalanced-ensemble', 'recommenders', 'tpot', 'bytehub', 'catboost', 'alibi', 'segmentation_models', 'pytorch', 'chainer', 'deeppy', 'dash', 'streamlit', 'snips-nlu', 'DIGITS', 'scikit-image']"
330,4,ParentOf,base,1336,Improper Neutralization of Special Elements Used in a Template Engine,132,94,"['cornac', 'FEDOT', 'numpy', 'pyod', 'pybrain', 'lifelines', 'cleanlab', 'couler', 'bigartm', 'DI-engine', 'vigra', 'annoy', 'catalyst', 'scikit-multiflow', 'zpar', 'ggpy', 'seaborn', 'open-webui', 'alibi-detect', 'notebook', 'gan', 'stellargraph', 'rockpool', 'lambdo', 'mindsdb', 'ColossalAI', 'pyqtgraph', 'pebl', 'tensorflow', 'mist', 'python-timbl', 'metric-learn', 'DeepPavlov', 'statsmodels', 'superset', 'xlearn', 'nupic.studio', 'breze', 'rgf', 'imbalanced-ensemble', 'recommenders', 'tpot', 'bytehub', 'catboost', 'alibi', 'segmentation_models', 'pytorch', 'chainer', 'deeppy', 'dash', 'streamlit', 'snips-nlu', 'DIGITS', 'scikit-image']"
331,5,CanFollow,variant,98,Improper Control of Filename for Include/Require Statement in PHP Program ('PHP Remote File Inclusion'),132,94,"['cornac', 'FEDOT', 'numpy', 'pyod', 'pybrain', 'lifelines', 'cleanlab', 'couler', 'bigartm', 'DI-engine', 'vigra', 'annoy', 'catalyst', 'scikit-multiflow', 'zpar', 'ggpy', 'seaborn', 'open-webui', 'alibi-detect', 'notebook', 'gan', 'stellargraph', 'rockpool', 'lambdo', 'mindsdb', 'ColossalAI', 'pyqtgraph', 'pebl', 'tensorflow', 'mist', 'python-timbl', 'metric-learn', 'DeepPavlov', 'statsmodels', 'superset', 'xlearn', 'nupic.studio', 'breze', 'rgf', 'imbalanced-ensemble', 'recommenders', 'tpot', 'bytehub', 'catboost', 'alibi', 'segmentation_models', 'pytorch', 'chainer', 'deeppy', 'dash', 'streamlit', 'snips-nlu', 'DIGITS', 'scikit-image']"
332,6,MemberOf,category,137,Data Neutralization Issues,132,94,"['cornac', 'FEDOT', 'numpy', 'pyod', 'pybrain', 'lifelines', 'cleanlab', 'couler', 'bigartm', 'DI-engine', 'vigra', 'annoy', 'catalyst', 'scikit-multiflow', 'zpar', 'ggpy', 'seaborn', 'open-webui', 'alibi-detect', 'notebook', 'gan', 'stellargraph', 'rockpool', 'lambdo', 'mindsdb', 'ColossalAI', 'pyqtgraph', 'pebl', 'tensorflow', 'mist', 'python-timbl', 'metric-learn', 'DeepPavlov', 'statsmodels', 'superset', 'xlearn', 'nupic.studio', 'breze', 'rgf', 'imbalanced-ensemble', 'recommenders', 'tpot', 'bytehub', 'catboost', 'alibi', 'segmentation_models', 'pytorch', 'chainer', 'deeppy', 'dash', 'streamlit', 'snips-nlu', 'DIGITS', 'scikit-image']"
333,7,ChildOf,class,74,Improper Neutralization of Special Elements in Output Used by a Downstream Component ('Injection'),132,94,"['cornac', 'FEDOT', 'numpy', 'pyod', 'pybrain', 'lifelines', 'cleanlab', 'couler', 'bigartm', 'DI-engine', 'vigra', 'annoy', 'catalyst', 'scikit-multiflow', 'zpar', 'ggpy', 'seaborn', 'open-webui', 'alibi-detect', 'notebook', 'gan', 'stellargraph', 'rockpool', 'lambdo', 'mindsdb', 'ColossalAI', 'pyqtgraph', 'pebl', 'tensorflow', 'mist', 'python-timbl', 'metric-learn', 'DeepPavlov', 'statsmodels', 'superset', 'xlearn', 'nupic.studio', 'breze', 'rgf', 'imbalanced-ensemble', 'recommenders', 'tpot', 'bytehub', 'catboost', 'alibi', 'segmentation_models', 'pytorch', 'chainer', 'deeppy', 'dash', 'streamlit', 'snips-nlu', 'DIGITS', 'scikit-image']"
334,8,MemberOf,category,1019,Validate Inputs,132,94,"['cornac', 'FEDOT', 'numpy', 'pyod', 'pybrain', 'lifelines', 'cleanlab', 'couler', 'bigartm', 'DI-engine', 'vigra', 'annoy', 'catalyst', 'scikit-multiflow', 'zpar', 'ggpy', 'seaborn', 'open-webui', 'alibi-detect', 'notebook', 'gan', 'stellargraph', 'rockpool', 'lambdo', 'mindsdb', 'ColossalAI', 'pyqtgraph', 'pebl', 'tensorflow', 'mist', 'python-timbl', 'metric-learn', 'DeepPavlov', 'statsmodels', 'superset', 'xlearn', 'nupic.studio', 'breze', 'rgf', 'imbalanced-ensemble', 'recommenders', 'tpot', 'bytehub', 'catboost', 'alibi', 'segmentation_models', 'pytorch', 'chainer', 'deeppy', 'dash', 'streamlit', 'snips-nlu', 'DIGITS', 'scikit-image']"
335,9,MemberOf,view,635,Weaknesses Originally Used by NVD from 2008 to 2016,132,94,"['cornac', 'FEDOT', 'numpy', 'pyod', 'pybrain', 'lifelines', 'cleanlab', 'couler', 'bigartm', 'DI-engine', 'vigra', 'annoy', 'catalyst', 'scikit-multiflow', 'zpar', 'ggpy', 'seaborn', 'open-webui', 'alibi-detect', 'notebook', 'gan', 'stellargraph', 'rockpool', 'lambdo', 'mindsdb', 'ColossalAI', 'pyqtgraph', 'pebl', 'tensorflow', 'mist', 'python-timbl', 'metric-learn', 'DeepPavlov', 'statsmodels', 'superset', 'xlearn', 'nupic.studio', 'breze', 'rgf', 'imbalanced-ensemble', 'recommenders', 'tpot', 'bytehub', 'catboost', 'alibi', 'segmentation_models', 'pytorch', 'chainer', 'deeppy', 'dash', 'streamlit', 'snips-nlu', 'DIGITS', 'scikit-image']"
336,10,MemberOf,category,752,2009 Top 25 - Risky Resource Management,132,94,"['cornac', 'FEDOT', 'numpy', 'pyod', 'pybrain', 'lifelines', 'cleanlab', 'couler', 'bigartm', 'DI-engine', 'vigra', 'annoy', 'catalyst', 'scikit-multiflow', 'zpar', 'ggpy', 'seaborn', 'open-webui', 'alibi-detect', 'notebook', 'gan', 'stellargraph', 'rockpool', 'lambdo', 'mindsdb', 'ColossalAI', 'pyqtgraph', 'pebl', 'tensorflow', 'mist', 'python-timbl', 'metric-learn', 'DeepPavlov', 'statsmodels', 'superset', 'xlearn', 'nupic.studio', 'breze', 'rgf', 'imbalanced-ensemble', 'recommenders', 'tpot', 'bytehub', 'catboost', 'alibi', 'segmentation_models', 'pytorch', 'chainer', 'deeppy', 'dash', 'streamlit', 'snips-nlu', 'DIGITS', 'scikit-image']"
337,11,MemberOf,view,884,CWE Cross-section,132,94,"['cornac', 'FEDOT', 'numpy', 'pyod', 'pybrain', 'lifelines', 'cleanlab', 'couler', 'bigartm', 'DI-engine', 'vigra', 'annoy', 'catalyst', 'scikit-multiflow', 'zpar', 'ggpy', 'seaborn', 'open-webui', 'alibi-detect', 'notebook', 'gan', 'stellargraph', 'rockpool', 'lambdo', 'mindsdb', 'ColossalAI', 'pyqtgraph', 'pebl', 'tensorflow', 'mist', 'python-timbl', 'metric-learn', 'DeepPavlov', 'statsmodels', 'superset', 'xlearn', 'nupic.studio', 'breze', 'rgf', 'imbalanced-ensemble', 'recommenders', 'tpot', 'bytehub', 'catboost', 'alibi', 'segmentation_models', 'pytorch', 'chainer', 'deeppy', 'dash', 'streamlit', 'snips-nlu', 'DIGITS', 'scikit-image']"
338,12,MemberOf,category,991,SFP Secondary Cluster: Tainted Input to Environment,132,94,"['cornac', 'FEDOT', 'numpy', 'pyod', 'pybrain', 'lifelines', 'cleanlab', 'couler', 'bigartm', 'DI-engine', 'vigra', 'annoy', 'catalyst', 'scikit-multiflow', 'zpar', 'ggpy', 'seaborn', 'open-webui', 'alibi-detect', 'notebook', 'gan', 'stellargraph', 'rockpool', 'lambdo', 'mindsdb', 'ColossalAI', 'pyqtgraph', 'pebl', 'tensorflow', 'mist', 'python-timbl', 'metric-learn', 'DeepPavlov', 'statsmodels', 'superset', 'xlearn', 'nupic.studio', 'breze', 'rgf', 'imbalanced-ensemble', 'recommenders', 'tpot', 'bytehub', 'catboost', 'alibi', 'segmentation_models', 'pytorch', 'chainer', 'deeppy', 'dash', 'streamlit', 'snips-nlu', 'DIGITS', 'scikit-image']"
339,13,MemberOf,view,1200,Weaknesses in the 2019 CWE Top 25 Most Dangerous Software Errors,132,94,"['cornac', 'FEDOT', 'numpy', 'pyod', 'pybrain', 'lifelines', 'cleanlab', 'couler', 'bigartm', 'DI-engine', 'vigra', 'annoy', 'catalyst', 'scikit-multiflow', 'zpar', 'ggpy', 'seaborn', 'open-webui', 'alibi-detect', 'notebook', 'gan', 'stellargraph', 'rockpool', 'lambdo', 'mindsdb', 'ColossalAI', 'pyqtgraph', 'pebl', 'tensorflow', 'mist', 'python-timbl', 'metric-learn', 'DeepPavlov', 'statsmodels', 'superset', 'xlearn', 'nupic.studio', 'breze', 'rgf', 'imbalanced-ensemble', 'recommenders', 'tpot', 'bytehub', 'catboost', 'alibi', 'segmentation_models', 'pytorch', 'chainer', 'deeppy', 'dash', 'streamlit', 'snips-nlu', 'DIGITS', 'scikit-image']"
340,14,MemberOf,category,1347,OWASP Top Ten 2021 Category A03:2021 - Injection,132,94,"['cornac', 'FEDOT', 'numpy', 'pyod', 'pybrain', 'lifelines', 'cleanlab', 'couler', 'bigartm', 'DI-engine', 'vigra', 'annoy', 'catalyst', 'scikit-multiflow', 'zpar', 'ggpy', 'seaborn', 'open-webui', 'alibi-detect', 'notebook', 'gan', 'stellargraph', 'rockpool', 'lambdo', 'mindsdb', 'ColossalAI', 'pyqtgraph', 'pebl', 'tensorflow', 'mist', 'python-timbl', 'metric-learn', 'DeepPavlov', 'statsmodels', 'superset', 'xlearn', 'nupic.studio', 'breze', 'rgf', 'imbalanced-ensemble', 'recommenders', 'tpot', 'bytehub', 'catboost', 'alibi', 'segmentation_models', 'pytorch', 'chainer', 'deeppy', 'dash', 'streamlit', 'snips-nlu', 'DIGITS', 'scikit-image']"
341,15,MemberOf,view,1350,Weaknesses in the 2020 CWE Top 25 Most Dangerous Software Weaknesses,132,94,"['cornac', 'FEDOT', 'numpy', 'pyod', 'pybrain', 'lifelines', 'cleanlab', 'couler', 'bigartm', 'DI-engine', 'vigra', 'annoy', 'catalyst', 'scikit-multiflow', 'zpar', 'ggpy', 'seaborn', 'open-webui', 'alibi-detect', 'notebook', 'gan', 'stellargraph', 'rockpool', 'lambdo', 'mindsdb', 'ColossalAI', 'pyqtgraph', 'pebl', 'tensorflow', 'mist', 'python-timbl', 'metric-learn', 'DeepPavlov', 'statsmodels', 'superset', 'xlearn', 'nupic.studio', 'breze', 'rgf', 'imbalanced-ensemble', 'recommenders', 'tpot', 'bytehub', 'catboost', 'alibi', 'segmentation_models', 'pytorch', 'chainer', 'deeppy', 'dash', 'streamlit', 'snips-nlu', 'DIGITS', 'scikit-image']"
342,16,MemberOf,view,1387,Weaknesses in the 2022 CWE Top 25 Most Dangerous Software Weaknesses,132,94,"['cornac', 'FEDOT', 'numpy', 'pyod', 'pybrain', 'lifelines', 'cleanlab', 'couler', 'bigartm', 'DI-engine', 'vigra', 'annoy', 'catalyst', 'scikit-multiflow', 'zpar', 'ggpy', 'seaborn', 'open-webui', 'alibi-detect', 'notebook', 'gan', 'stellargraph', 'rockpool', 'lambdo', 'mindsdb', 'ColossalAI', 'pyqtgraph', 'pebl', 'tensorflow', 'mist', 'python-timbl', 'metric-learn', 'DeepPavlov', 'statsmodels', 'superset', 'xlearn', 'nupic.studio', 'breze', 'rgf', 'imbalanced-ensemble', 'recommenders', 'tpot', 'bytehub', 'catboost', 'alibi', 'segmentation_models', 'pytorch', 'chainer', 'deeppy', 'dash', 'streamlit', 'snips-nlu', 'DIGITS', 'scikit-image']"
343,17,MemberOf,category,1409,Comprehensive Categorization: Injection,132,94,"['cornac', 'FEDOT', 'numpy', 'pyod', 'pybrain', 'lifelines', 'cleanlab', 'couler', 'bigartm', 'DI-engine', 'vigra', 'annoy', 'catalyst', 'scikit-multiflow', 'zpar', 'ggpy', 'seaborn', 'open-webui', 'alibi-detect', 'notebook', 'gan', 'stellargraph', 'rockpool', 'lambdo', 'mindsdb', 'ColossalAI', 'pyqtgraph', 'pebl', 'tensorflow', 'mist', 'python-timbl', 'metric-learn', 'DeepPavlov', 'statsmodels', 'superset', 'xlearn', 'nupic.studio', 'breze', 'rgf', 'imbalanced-ensemble', 'recommenders', 'tpot', 'bytehub', 'catboost', 'alibi', 'segmentation_models', 'pytorch', 'chainer', 'deeppy', 'dash', 'streamlit', 'snips-nlu', 'DIGITS', 'scikit-image']"
344,18,MemberOf,view,1425,Weaknesses in the 2023 CWE Top 25 Most Dangerous Software Weaknesses,132,94,"['cornac', 'FEDOT', 'numpy', 'pyod', 'pybrain', 'lifelines', 'cleanlab', 'couler', 'bigartm', 'DI-engine', 'vigra', 'annoy', 'catalyst', 'scikit-multiflow', 'zpar', 'ggpy', 'seaborn', 'open-webui', 'alibi-detect', 'notebook', 'gan', 'stellargraph', 'rockpool', 'lambdo', 'mindsdb', 'ColossalAI', 'pyqtgraph', 'pebl', 'tensorflow', 'mist', 'python-timbl', 'metric-learn', 'DeepPavlov', 'statsmodels', 'superset', 'xlearn', 'nupic.studio', 'breze', 'rgf', 'imbalanced-ensemble', 'recommenders', 'tpot', 'bytehub', 'catboost', 'alibi', 'segmentation_models', 'pytorch', 'chainer', 'deeppy', 'dash', 'streamlit', 'snips-nlu', 'DIGITS', 'scikit-image']"
345,19,MemberOf,view,1430,Weaknesses in the 2024 CWE Top 25 Most Dangerous Software Weaknesses,132,94,"['cornac', 'FEDOT', 'numpy', 'pyod', 'pybrain', 'lifelines', 'cleanlab', 'couler', 'bigartm', 'DI-engine', 'vigra', 'annoy', 'catalyst', 'scikit-multiflow', 'zpar', 'ggpy', 'seaborn', 'open-webui', 'alibi-detect', 'notebook', 'gan', 'stellargraph', 'rockpool', 'lambdo', 'mindsdb', 'ColossalAI', 'pyqtgraph', 'pebl', 'tensorflow', 'mist', 'python-timbl', 'metric-learn', 'DeepPavlov', 'statsmodels', 'superset', 'xlearn', 'nupic.studio', 'breze', 'rgf', 'imbalanced-ensemble', 'recommenders', 'tpot', 'bytehub', 'catboost', 'alibi', 'segmentation_models', 'pytorch', 'chainer', 'deeppy', 'dash', 'streamlit', 'snips-nlu', 'DIGITS', 'scikit-image']"
346,20,MemberOf,view,1435,Weaknesses in the 2025 CWE Top 25 Most Dangerous Software Weaknesses,132,94,"['cornac', 'FEDOT', 'numpy', 'pyod', 'pybrain', 'lifelines', 'cleanlab', 'couler', 'bigartm', 'DI-engine', 'vigra', 'annoy', 'catalyst', 'scikit-multiflow', 'zpar', 'ggpy', 'seaborn', 'open-webui', 'alibi-detect', 'notebook', 'gan', 'stellargraph', 'rockpool', 'lambdo', 'mindsdb', 'ColossalAI', 'pyqtgraph', 'pebl', 'tensorflow', 'mist', 'python-timbl', 'metric-learn', 'DeepPavlov', 'statsmodels', 'superset', 'xlearn', 'nupic.studio', 'breze', 'rgf', 'imbalanced-ensemble', 'recommenders', 'tpot', 'bytehub', 'catboost', 'alibi', 'segmentation_models', 'pytorch', 'chainer', 'deeppy', 'dash', 'streamlit', 'snips-nlu', 'DIGITS', 'scikit-image']"
347,21,MemberOf,category,1440,OWASP Top Ten 2025 Category A05:2025 - Injection,132,94,"['cornac', 'FEDOT', 'numpy', 'pyod', 'pybrain', 'lifelines', 'cleanlab', 'couler', 'bigartm', 'DI-engine', 'vigra', 'annoy', 'catalyst', 'scikit-multiflow', 'zpar', 'ggpy', 'seaborn', 'open-webui', 'alibi-detect', 'notebook', 'gan', 'stellargraph', 'rockpool', 'lambdo', 'mindsdb', 'ColossalAI', 'pyqtgraph', 'pebl', 'tensorflow', 'mist', 'python-timbl', 'metric-learn', 'DeepPavlov', 'statsmodels', 'superset', 'xlearn', 'nupic.studio', 'breze', 'rgf', 'imbalanced-ensemble', 'recommenders', 'tpot', 'bytehub', 'catboost', 'alibi', 'segmentation_models', 'pytorch', 'chainer', 'deeppy', 'dash', 'streamlit', 'snips-nlu', 'DIGITS', 'scikit-image']"
348,22,MemberOf,category,1447,General Software Weaknesses that Appear in Products that Use or Support AI/ML Technology,132,94,"['cornac', 'FEDOT', 'numpy', 'pyod', 'pybrain', 'lifelines', 'cleanlab', 'couler', 'bigartm', 'DI-engine', 'vigra', 'annoy', 'catalyst', 'scikit-multiflow', 'zpar', 'ggpy', 'seaborn', 'open-webui', 'alibi-detect', 'notebook', 'gan', 'stellargraph', 'rockpool', 'lambdo', 'mindsdb', 'ColossalAI', 'pyqtgraph', 'pebl', 'tensorflow', 'mist', 'python-timbl', 'metric-learn', 'DeepPavlov', 'statsmodels', 'superset', 'xlearn', 'nupic.studio', 'breze', 'rgf', 'imbalanced-ensemble', 'recommenders', 'tpot', 'bytehub', 'catboost', 'alibi', 'segmentation_models', 'pytorch', 'chainer', 'deeppy', 'dash', 'streamlit', 'snips-nlu', 'DIGITS', 'scikit-image']"
349,23,Self,base,94,,132,94,"['cornac', 'FEDOT', 'numpy', 'pyod', 'pybrain', 'lifelines', 'cleanlab', 'couler', 'bigartm', 'DI-engine', 'vigra', 'annoy', 'catalyst', 'scikit-multiflow', 'zpar', 'ggpy', 'seaborn', 'open-webui', 'alibi-detect', 'notebook', 'gan', 'stellargraph', 'rockpool', 'lambdo', 'mindsdb', 'ColossalAI', 'pyqtgraph', 'pebl', 'tensorflow', 'mist', 'python-timbl', 'metric-learn', 'DeepPavlov', 'statsmodels', 'superset', 'xlearn', 'nupic.studio', 'breze', 'rgf', 'imbalanced-ensemble', 'recommenders', 'tpot', 'bytehub', 'catboost', 'alibi', 'segmentation_models', 'pytorch', 'chainer', 'deeppy', 'dash', 'streamlit', 'snips-nlu', 'DIGITS', 'scikit-image']"
350,0,ChildOf,base,94,Improper Control of Generation of Code ('Code Injection'),132,95,"['cornac', 'FEDOT', 'numpy', 'pyod', 'pybrain', 'lifelines', 'cleanlab', 'couler', 'bigartm', 'DI-engine', 'vigra', 'annoy', 'catalyst', 'scikit-multiflow', 'zpar', 'ggpy', 'seaborn', 'open-webui', 'alibi-detect', 'notebook', 'gan', 'stellargraph', 'rockpool', 'lambdo', 'mindsdb', 'ColossalAI', 'pyqtgraph', 'pebl', 'tensorflow', 'mist', 'python-timbl', 'metric-learn', 'DeepPavlov', 'statsmodels', 'superset', 'xlearn', 'nupic.studio', 'breze', 'rgf', 'imbalanced-ensemble', 'recommenders', 'tpot', 'bytehub', 'catboost', 'alibi', 'segmentation_models', 'pytorch', 'chainer', 'deeppy', 'dash', 'streamlit', 'snips-nlu', 'DIGITS', 'scikit-image']"
351,1,MemberOf,category,1019,Validate Inputs,132,95,"['cornac', 'FEDOT', 'numpy', 'pyod', 'pybrain', 'lifelines', 'cleanlab', 'couler', 'bigartm', 'DI-engine', 'vigra', 'annoy', 'catalyst', 'scikit-multiflow', 'zpar', 'ggpy', 'seaborn', 'open-webui', 'alibi-detect', 'notebook', 'gan', 'stellargraph', 'rockpool', 'lambdo', 'mindsdb', 'ColossalAI', 'pyqtgraph', 'pebl', 'tensorflow', 'mist', 'python-timbl', 'metric-learn', 'DeepPavlov', 'statsmodels', 'superset', 'xlearn', 'nupic.studio', 'breze', 'rgf', 'imbalanced-ensemble', 'recommenders', 'tpot', 'bytehub', 'catboost', 'alibi', 'segmentation_models', 'pytorch', 'chainer', 'deeppy', 'dash', 'streamlit', 'snips-nlu', 'DIGITS', 'scikit-image']"
352,2,MemberOf,category,714,OWASP Top Ten 2007 Category A3 - Malicious File Execution,132,95,"['cornac', 'FEDOT', 'numpy', 'pyod', 'pybrain', 'lifelines', 'cleanlab', 'couler', 'bigartm', 'DI-engine', 'vigra', 'annoy', 'catalyst', 'scikit-multiflow', 'zpar', 'ggpy', 'seaborn', 'open-webui', 'alibi-detect', 'notebook', 'gan', 'stellargraph', 'rockpool', 'lambdo', 'mindsdb', 'ColossalAI', 'pyqtgraph', 'pebl', 'tensorflow', 'mist', 'python-timbl', 'metric-learn', 'DeepPavlov', 'statsmodels', 'superset', 'xlearn', 'nupic.studio', 'breze', 'rgf', 'imbalanced-ensemble', 'recommenders', 'tpot', 'bytehub', 'catboost', 'alibi', 'segmentation_models', 'pytorch', 'chainer', 'deeppy', 'dash', 'streamlit', 'snips-nlu', 'DIGITS', 'scikit-image']"
353,3,MemberOf,category,727,OWASP Top Ten 2004 Category A6 - Injection Flaws,132,95,"['cornac', 'FEDOT', 'numpy', 'pyod', 'pybrain', 'lifelines', 'cleanlab', 'couler', 'bigartm', 'DI-engine', 'vigra', 'annoy', 'catalyst', 'scikit-multiflow', 'zpar', 'ggpy', 'seaborn', 'open-webui', 'alibi-detect', 'notebook', 'gan', 'stellargraph', 'rockpool', 'lambdo', 'mindsdb', 'ColossalAI', 'pyqtgraph', 'pebl', 'tensorflow', 'mist', 'python-timbl', 'metric-learn', 'DeepPavlov', 'statsmodels', 'superset', 'xlearn', 'nupic.studio', 'breze', 'rgf', 'imbalanced-ensemble', 'recommenders', 'tpot', 'bytehub', 'catboost', 'alibi', 'segmentation_models', 'pytorch', 'chainer', 'deeppy', 'dash', 'streamlit', 'snips-nlu', 'DIGITS', 'scikit-image']"
354,4,MemberOf,view,884,CWE Cross-section,132,95,"['cornac', 'FEDOT', 'numpy', 'pyod', 'pybrain', 'lifelines', 'cleanlab', 'couler', 'bigartm', 'DI-engine', 'vigra', 'annoy', 'catalyst', 'scikit-multiflow', 'zpar', 'ggpy', 'seaborn', 'open-webui', 'alibi-detect', 'notebook', 'gan', 'stellargraph', 'rockpool', 'lambdo', 'mindsdb', 'ColossalAI', 'pyqtgraph', 'pebl', 'tensorflow', 'mist', 'python-timbl', 'metric-learn', 'DeepPavlov', 'statsmodels', 'superset', 'xlearn', 'nupic.studio', 'breze', 'rgf', 'imbalanced-ensemble', 'recommenders', 'tpot', 'bytehub', 'catboost', 'alibi', 'segmentation_models', 'pytorch', 'chainer', 'deeppy', 'dash', 'streamlit', 'snips-nlu', 'DIGITS', 'scikit-image']"
355,5,MemberOf,category,990,SFP Secondary Cluster: Tainted Input to Command,132,95,"['cornac', 'FEDOT', 'numpy', 'pyod', 'pybrain', 'lifelines', 'cleanlab', 'couler', 'bigartm', 'DI-engine', 'vigra', 'annoy', 'catalyst', 'scikit-multiflow', 'zpar', 'ggpy', 'seaborn', 'open-webui', 'alibi-detect', 'notebook', 'gan', 'stellargraph', 'rockpool', 'lambdo', 'mindsdb', 'ColossalAI', 'pyqtgraph', 'pebl', 'tensorflow', 'mist', 'python-timbl', 'metric-learn', 'DeepPavlov', 'statsmodels', 'superset', 'xlearn', 'nupic.studio', 'breze', 'rgf', 'imbalanced-ensemble', 'recommenders', 'tpot', 'bytehub', 'catboost', 'alibi', 'segmentation_models', 'pytorch', 'chainer', 'deeppy', 'dash', 'streamlit', 'snips-nlu', 'DIGITS', 'scikit-image']"
356,6,MemberOf,category,1179,SEI CERT Perl Coding Standard - Guidelines 01. Input Validation and Data Sanitization (IDS),132,95,"['cornac', 'FEDOT', 'numpy', 'pyod', 'pybrain', 'lifelines', 'cleanlab', 'couler', 'bigartm', 'DI-engine', 'vigra', 'annoy', 'catalyst', 'scikit-multiflow', 'zpar', 'ggpy', 'seaborn', 'open-webui', 'alibi-detect', 'notebook', 'gan', 'stellargraph', 'rockpool', 'lambdo', 'mindsdb', 'ColossalAI', 'pyqtgraph', 'pebl', 'tensorflow', 'mist', 'python-timbl', 'metric-learn', 'DeepPavlov', 'statsmodels', 'superset', 'xlearn', 'nupic.studio', 'breze', 'rgf', 'imbalanced-ensemble', 'recommenders', 'tpot', 'bytehub', 'catboost', 'alibi', 'segmentation_models', 'pytorch', 'chainer', 'deeppy', 'dash', 'streamlit', 'snips-nlu', 'DIGITS', 'scikit-image']"
357,7,MemberOf,category,1347,OWASP Top Ten 2021 Category A03:2021 - Injection,132,95,"['cornac', 'FEDOT', 'numpy', 'pyod', 'pybrain', 'lifelines', 'cleanlab', 'couler', 'bigartm', 'DI-engine', 'vigra', 'annoy', 'catalyst', 'scikit-multiflow', 'zpar', 'ggpy', 'seaborn', 'open-webui', 'alibi-detect', 'notebook', 'gan', 'stellargraph', 'rockpool', 'lambdo', 'mindsdb', 'ColossalAI', 'pyqtgraph', 'pebl', 'tensorflow', 'mist', 'python-timbl', 'metric-learn', 'DeepPavlov', 'statsmodels', 'superset', 'xlearn', 'nupic.studio', 'breze', 'rgf', 'imbalanced-ensemble', 'recommenders', 'tpot', 'bytehub', 'catboost', 'alibi', 'segmentation_models', 'pytorch', 'chainer', 'deeppy', 'dash', 'streamlit', 'snips-nlu', 'DIGITS', 'scikit-image']"
358,8,MemberOf,category,1409,Comprehensive Categorization: Injection,132,95,"['cornac', 'FEDOT', 'numpy', 'pyod', 'pybrain', 'lifelines', 'cleanlab', 'couler', 'bigartm', 'DI-engine', 'vigra', 'annoy', 'catalyst', 'scikit-multiflow', 'zpar', 'ggpy', 'seaborn', 'open-webui', 'alibi-detect', 'notebook', 'gan', 'stellargraph', 'rockpool', 'lambdo', 'mindsdb', 'ColossalAI', 'pyqtgraph', 'pebl', 'tensorflow', 'mist', 'python-timbl', 'metric-learn', 'DeepPavlov', 'statsmodels', 'superset', 'xlearn', 'nupic.studio', 'breze', 'rgf', 'imbalanced-ensemble', 'recommenders', 'tpot', 'bytehub', 'catboost', 'alibi', 'segmentation_models', 'pytorch', 'chainer', 'deeppy', 'dash', 'streamlit', 'snips-nlu', 'DIGITS', 'scikit-image']"
359,9,MemberOf,category,1440,OWASP Top Ten 2025 Category A05:2025 - Injection,132,95,"['cornac', 'FEDOT', 'numpy', 'pyod', 'pybrain', 'lifelines', 'cleanlab', 'couler', 'bigartm', 'DI-engine', 'vigra', 'annoy', 'catalyst', 'scikit-multiflow', 'zpar', 'ggpy', 'seaborn', 'open-webui', 'alibi-detect', 'notebook', 'gan', 'stellargraph', 'rockpool', 'lambdo', 'mindsdb', 'ColossalAI', 'pyqtgraph', 'pebl', 'tensorflow', 'mist', 'python-timbl', 'metric-learn', 'DeepPavlov', 'statsmodels', 'superset', 'xlearn', 'nupic.studio', 'breze', 'rgf', 'imbalanced-ensemble', 'recommenders', 'tpot', 'bytehub', 'catboost', 'alibi', 'segmentation_models', 'pytorch', 'chainer', 'deeppy', 'dash', 'streamlit', 'snips-nlu', 'DIGITS', 'scikit-image']"
360,10,MemberOf,category,1447,General Software Weaknesses that Appear in Products that Use or Support AI/ML Technology,132,95,"['cornac', 'FEDOT', 'numpy', 'pyod', 'pybrain', 'lifelines', 'cleanlab', 'couler', 'bigartm', 'DI-engine', 'vigra', 'annoy', 'catalyst', 'scikit-multiflow', 'zpar', 'ggpy', 'seaborn', 'open-webui', 'alibi-detect', 'notebook', 'gan', 'stellargraph', 'rockpool', 'lambdo', 'mindsdb', 'ColossalAI', 'pyqtgraph', 'pebl', 'tensorflow', 'mist', 'python-timbl', 'metric-learn', 'DeepPavlov', 'statsmodels', 'superset', 'xlearn', 'nupic.studio', 'breze', 'rgf', 'imbalanced-ensemble', 'recommenders', 'tpot', 'bytehub', 'catboost', 'alibi', 'segmentation_models', 'pytorch', 'chainer', 'deeppy', 'dash', 'streamlit', 'snips-nlu', 'DIGITS', 'scikit-image']"
361,11,Self,variant,95,,132,95,"['cornac', 'FEDOT', 'numpy', 'pyod', 'pybrain', 'lifelines', 'cleanlab', 'couler', 'bigartm', 'DI-engine', 'vigra', 'annoy', 'catalyst', 'scikit-multiflow', 'zpar', 'ggpy', 'seaborn', 'open-webui', 'alibi-detect', 'notebook', 'gan', 'stellargraph', 'rockpool', 'lambdo', 'mindsdb', 'ColossalAI', 'pyqtgraph', 'pebl', 'tensorflow', 'mist', 'python-timbl', 'metric-learn', 'DeepPavlov', 'statsmodels', 'superset', 'xlearn', 'nupic.studio', 'breze', 'rgf', 'imbalanced-ensemble', 'recommenders', 'tpot', 'bytehub', 'catboost', 'alibi', 'segmentation_models', 'pytorch', 'chainer', 'deeppy', 'dash', 'streamlit', 'snips-nlu', 'DIGITS', 'scikit-image']"
362,0,ChildOf,pillar,707,Improper Neutralization,132,116,"['cornac', 'FEDOT', 'numpy', 'feast', 'pyod', 'pybrain', 'lifelines', 'cleanlab', 'couler', 'bowtie', 'bigartm', 'DI-engine', 'vigra', 'annoy', 'deepface', 'catalyst', 'scikit-multiflow', 'zpar', 'ggpy', 'seaborn', 'mlflow', 'alibi-detect', 'open-webui', 'notebook', 'gan', 'stellargraph', 'rockpool', 'lambdo', 'mindsdb', 'ColossalAI', 'pyqtgraph', 'pebl', 'tensorflow', 'mist', 'python-timbl', 'metric-learn', 'DeepPavlov', 'statsmodels', 'superset', 'xlearn', 'nupic.studio', 'breze', 'machine-learning', 'rgf', 'imbalanced-ensemble', 'recommenders', 'mars', 'bytehub', 'tpot', 'catboost', 'alibi', 'segmentation_models', 'pytorch', 'chainer', 'deeppy', 'PyTorchCV', 'dash', 'streamlit', 'snips-nlu', 'transformers', 'DIGITS', 'scikit-image']"
363,1,ParentOf,base,117,Improper Output Neutralization for Logs,132,116,"['cornac', 'FEDOT', 'numpy', 'feast', 'pyod', 'pybrain', 'lifelines', 'cleanlab', 'couler', 'bowtie', 'bigartm', 'DI-engine', 'vigra', 'annoy', 'deepface', 'catalyst', 'scikit-multiflow', 'zpar', 'ggpy', 'seaborn', 'mlflow', 'alibi-detect', 'open-webui', 'notebook', 'gan', 'stellargraph', 'rockpool', 'lambdo', 'mindsdb', 'ColossalAI', 'pyqtgraph', 'pebl', 'tensorflow', 'mist', 'python-timbl', 'metric-learn', 'DeepPavlov', 'statsmodels', 'superset', 'xlearn', 'nupic.studio', 'breze', 'machine-learning', 'rgf', 'imbalanced-ensemble', 'recommenders', 'mars', 'bytehub', 'tpot', 'catboost', 'alibi', 'segmentation_models', 'pytorch', 'chainer', 'deeppy', 'PyTorchCV', 'dash', 'streamlit', 'snips-nlu', 'transformers', 'DIGITS', 'scikit-image']"
364,2,ParentOf,variant,644,Improper Neutralization of HTTP Headers for Scripting Syntax,132,116,"['cornac', 'FEDOT', 'numpy', 'feast', 'pyod', 'pybrain', 'lifelines', 'cleanlab', 'couler', 'bowtie', 'bigartm', 'DI-engine', 'vigra', 'annoy', 'deepface', 'catalyst', 'scikit-multiflow', 'zpar', 'ggpy', 'seaborn', 'mlflow', 'alibi-detect', 'open-webui', 'notebook', 'gan', 'stellargraph', 'rockpool', 'lambdo', 'mindsdb', 'ColossalAI', 'pyqtgraph', 'pebl', 'tensorflow', 'mist', 'python-timbl', 'metric-learn', 'DeepPavlov', 'statsmodels', 'superset', 'xlearn', 'nupic.studio', 'breze', 'machine-learning', 'rgf', 'imbalanced-ensemble', 'recommenders', 'mars', 'bytehub', 'tpot', 'catboost', 'alibi', 'segmentation_models', 'pytorch', 'chainer', 'deeppy', 'PyTorchCV', 'dash', 'streamlit', 'snips-nlu', 'transformers', 'DIGITS', 'scikit-image']"
365,3,ParentOf,base,838,Inappropriate Encoding for Output Context,132,116,"['cornac', 'FEDOT', 'numpy', 'feast', 'pyod', 'pybrain', 'lifelines', 'cleanlab', 'couler', 'bowtie', 'bigartm', 'DI-engine', 'vigra', 'annoy', 'deepface', 'catalyst', 'scikit-multiflow', 'zpar', 'ggpy', 'seaborn', 'mlflow', 'alibi-detect', 'open-webui', 'notebook', 'gan', 'stellargraph', 'rockpool', 'lambdo', 'mindsdb', 'ColossalAI', 'pyqtgraph', 'pebl', 'tensorflow', 'mist', 'python-timbl', 'metric-learn', 'DeepPavlov', 'statsmodels', 'superset', 'xlearn', 'nupic.studio', 'breze', 'machine-learning', 'rgf', 'imbalanced-ensemble', 'recommenders', 'mars', 'bytehub', 'tpot', 'catboost', 'alibi', 'segmentation_models', 'pytorch', 'chainer', 'deeppy', 'PyTorchCV', 'dash', 'streamlit', 'snips-nlu', 'transformers', 'DIGITS', 'scikit-image']"
366,4,CanPrecede,class,74,Improper Neutralization of Special Elements in Output Used by a Downstream Component ('Injection'),132,116,"['cornac', 'FEDOT', 'numpy', 'feast', 'pyod', 'pybrain', 'lifelines', 'cleanlab', 'couler', 'bowtie', 'bigartm', 'DI-engine', 'vigra', 'annoy', 'deepface', 'catalyst', 'scikit-multiflow', 'zpar', 'ggpy', 'seaborn', 'mlflow', 'alibi-detect', 'open-webui', 'notebook', 'gan', 'stellargraph', 'rockpool', 'lambdo', 'mindsdb', 'ColossalAI', 'pyqtgraph', 'pebl', 'tensorflow', 'mist', 'python-timbl', 'metric-learn', 'DeepPavlov', 'statsmodels', 'superset', 'xlearn', 'nupic.studio', 'breze', 'machine-learning', 'rgf', 'imbalanced-ensemble', 'recommenders', 'mars', 'bytehub', 'tpot', 'catboost', 'alibi', 'segmentation_models', 'pytorch', 'chainer', 'deeppy', 'PyTorchCV', 'dash', 'streamlit', 'snips-nlu', 'transformers', 'DIGITS', 'scikit-image']"
367,5,MemberOf,view,1003,Weaknesses for Simplified Mapping of Published Vulnerabilities,132,116,"['cornac', 'FEDOT', 'numpy', 'feast', 'pyod', 'pybrain', 'lifelines', 'cleanlab', 'couler', 'bowtie', 'bigartm', 'DI-engine', 'vigra', 'annoy', 'deepface', 'catalyst', 'scikit-multiflow', 'zpar', 'ggpy', 'seaborn', 'mlflow', 'alibi-detect', 'open-webui', 'notebook', 'gan', 'stellargraph', 'rockpool', 'lambdo', 'mindsdb', 'ColossalAI', 'pyqtgraph', 'pebl', 'tensorflow', 'mist', 'python-timbl', 'metric-learn', 'DeepPavlov', 'statsmodels', 'superset', 'xlearn', 'nupic.studio', 'breze', 'machine-learning', 'rgf', 'imbalanced-ensemble', 'recommenders', 'mars', 'bytehub', 'tpot', 'catboost', 'alibi', 'segmentation_models', 'pytorch', 'chainer', 'deeppy', 'PyTorchCV', 'dash', 'streamlit', 'snips-nlu', 'transformers', 'DIGITS', 'scikit-image']"
368,6,ParentOf,base,838,Inappropriate Encoding for Output Context,132,116,"['cornac', 'FEDOT', 'numpy', 'feast', 'pyod', 'pybrain', 'lifelines', 'cleanlab', 'couler', 'bowtie', 'bigartm', 'DI-engine', 'vigra', 'annoy', 'deepface', 'catalyst', 'scikit-multiflow', 'zpar', 'ggpy', 'seaborn', 'mlflow', 'alibi-detect', 'open-webui', 'notebook', 'gan', 'stellargraph', 'rockpool', 'lambdo', 'mindsdb', 'ColossalAI', 'pyqtgraph', 'pebl', 'tensorflow', 'mist', 'python-timbl', 'metric-learn', 'DeepPavlov', 'statsmodels', 'superset', 'xlearn', 'nupic.studio', 'breze', 'machine-learning', 'rgf', 'imbalanced-ensemble', 'recommenders', 'mars', 'bytehub', 'tpot', 'catboost', 'alibi', 'segmentation_models', 'pytorch', 'chainer', 'deeppy', 'PyTorchCV', 'dash', 'streamlit', 'snips-nlu', 'transformers', 'DIGITS', 'scikit-image']"
369,7,MemberOf,category,751,2009 Top 25 - Insecure Interaction Between Components,132,116,"['cornac', 'FEDOT', 'numpy', 'feast', 'pyod', 'pybrain', 'lifelines', 'cleanlab', 'couler', 'bowtie', 'bigartm', 'DI-engine', 'vigra', 'annoy', 'deepface', 'catalyst', 'scikit-multiflow', 'zpar', 'ggpy', 'seaborn', 'mlflow', 'alibi-detect', 'open-webui', 'notebook', 'gan', 'stellargraph', 'rockpool', 'lambdo', 'mindsdb', 'ColossalAI', 'pyqtgraph', 'pebl', 'tensorflow', 'mist', 'python-timbl', 'metric-learn', 'DeepPavlov', 'statsmodels', 'superset', 'xlearn', 'nupic.studio', 'breze', 'machine-learning', 'rgf', 'imbalanced-ensemble', 'recommenders', 'mars', 'bytehub', 'tpot', 'catboost', 'alibi', 'segmentation_models', 'pytorch', 'chainer', 'deeppy', 'PyTorchCV', 'dash', 'streamlit', 'snips-nlu', 'transformers', 'DIGITS', 'scikit-image']"
370,8,MemberOf,category,845,The CERT Oracle Secure Coding Standard for Java (2011) Chapter 2 - Input Validation and Data Sanitization (IDS),132,116,"['cornac', 'FEDOT', 'numpy', 'feast', 'pyod', 'pybrain', 'lifelines', 'cleanlab', 'couler', 'bowtie', 'bigartm', 'DI-engine', 'vigra', 'annoy', 'deepface', 'catalyst', 'scikit-multiflow', 'zpar', 'ggpy', 'seaborn', 'mlflow', 'alibi-detect', 'open-webui', 'notebook', 'gan', 'stellargraph', 'rockpool', 'lambdo', 'mindsdb', 'ColossalAI', 'pyqtgraph', 'pebl', 'tensorflow', 'mist', 'python-timbl', 'metric-learn', 'DeepPavlov', 'statsmodels', 'superset', 'xlearn', 'nupic.studio', 'breze', 'machine-learning', 'rgf', 'imbalanced-ensemble', 'recommenders', 'mars', 'bytehub', 'tpot', 'catboost', 'alibi', 'segmentation_models', 'pytorch', 'chainer', 'deeppy', 'PyTorchCV', 'dash', 'streamlit', 'snips-nlu', 'transformers', 'DIGITS', 'scikit-image']"
371,9,MemberOf,category,883,CERT C++ Secure Coding Section 49 - Miscellaneous (MSC),132,116,"['cornac', 'FEDOT', 'numpy', 'feast', 'pyod', 'pybrain', 'lifelines', 'cleanlab', 'couler', 'bowtie', 'bigartm', 'DI-engine', 'vigra', 'annoy', 'deepface', 'catalyst', 'scikit-multiflow', 'zpar', 'ggpy', 'seaborn', 'mlflow', 'alibi-detect', 'open-webui', 'notebook', 'gan', 'stellargraph', 'rockpool', 'lambdo', 'mindsdb', 'ColossalAI', 'pyqtgraph', 'pebl', 'tensorflow', 'mist', 'python-timbl', 'metric-learn', 'DeepPavlov', 'statsmodels', 'superset', 'xlearn', 'nupic.studio', 'breze', 'machine-learning', 'rgf', 'imbalanced-ensemble', 'recommenders', 'mars', 'bytehub', 'tpot', 'catboost', 'alibi', 'segmentation_models', 'pytorch', 'chainer', 'deeppy', 'PyTorchCV', 'dash', 'streamlit', 'snips-nlu', 'transformers', 'DIGITS', 'scikit-image']"
372,10,MemberOf,category,992,SFP Secondary Cluster: Faulty Input Transformation,132,116,"['cornac', 'FEDOT', 'numpy', 'feast', 'pyod', 'pybrain', 'lifelines', 'cleanlab', 'couler', 'bowtie', 'bigartm', 'DI-engine', 'vigra', 'annoy', 'deepface', 'catalyst', 'scikit-multiflow', 'zpar', 'ggpy', 'seaborn', 'mlflow', 'alibi-detect', 'open-webui', 'notebook', 'gan', 'stellargraph', 'rockpool', 'lambdo', 'mindsdb', 'ColossalAI', 'pyqtgraph', 'pebl', 'tensorflow', 'mist', 'python-timbl', 'metric-learn', 'DeepPavlov', 'statsmodels', 'superset', 'xlearn', 'nupic.studio', 'breze', 'machine-learning', 'rgf', 'imbalanced-ensemble', 'recommenders', 'mars', 'bytehub', 'tpot', 'catboost', 'alibi', 'segmentation_models', 'pytorch', 'chainer', 'deeppy', 'PyTorchCV', 'dash', 'streamlit', 'snips-nlu', 'transformers', 'DIGITS', 'scikit-image']"
373,11,MemberOf,category,1134,SEI CERT Oracle Secure Coding Standard for Java - Guidelines 00. Input Validation and Data Sanitization (IDS),132,116,"['cornac', 'FEDOT', 'numpy', 'feast', 'pyod', 'pybrain', 'lifelines', 'cleanlab', 'couler', 'bowtie', 'bigartm', 'DI-engine', 'vigra', 'annoy', 'deepface', 'catalyst', 'scikit-multiflow', 'zpar', 'ggpy', 'seaborn', 'mlflow', 'alibi-detect', 'open-webui', 'notebook', 'gan', 'stellargraph', 'rockpool', 'lambdo', 'mindsdb', 'ColossalAI', 'pyqtgraph', 'pebl', 'tensorflow', 'mist', 'python-timbl', 'metric-learn', 'DeepPavlov', 'statsmodels', 'superset', 'xlearn', 'nupic.studio', 'breze', 'machine-learning', 'rgf', 'imbalanced-ensemble', 'recommenders', 'mars', 'bytehub', 'tpot', 'catboost', 'alibi', 'segmentation_models', 'pytorch', 'chainer', 'deeppy', 'PyTorchCV', 'dash', 'streamlit', 'snips-nlu', 'transformers', 'DIGITS', 'scikit-image']"
374,12,MemberOf,category,1179,SEI CERT Perl Coding Standard - Guidelines 01. Input Validation and Data Sanitization (IDS),132,116,"['cornac', 'FEDOT', 'numpy', 'feast', 'pyod', 'pybrain', 'lifelines', 'cleanlab', 'couler', 'bowtie', 'bigartm', 'DI-engine', 'vigra', 'annoy', 'deepface', 'catalyst', 'scikit-multiflow', 'zpar', 'ggpy', 'seaborn', 'mlflow', 'alibi-detect', 'open-webui', 'notebook', 'gan', 'stellargraph', 'rockpool', 'lambdo', 'mindsdb', 'ColossalAI', 'pyqtgraph', 'pebl', 'tensorflow', 'mist', 'python-timbl', 'metric-learn', 'DeepPavlov', 'statsmodels', 'superset', 'xlearn', 'nupic.studio', 'breze', 'machine-learning', 'rgf', 'imbalanced-ensemble', 'recommenders', 'mars', 'bytehub', 'tpot', 'catboost', 'alibi', 'segmentation_models', 'pytorch', 'chainer', 'deeppy', 'PyTorchCV', 'dash', 'streamlit', 'snips-nlu', 'transformers', 'DIGITS', 'scikit-image']"
375,13,MemberOf,category,1347,OWASP Top Ten 2021 Category A03:2021 - Injection,132,116,"['cornac', 'FEDOT', 'numpy', 'feast', 'pyod', 'pybrain', 'lifelines', 'cleanlab', 'couler', 'bowtie', 'bigartm', 'DI-engine', 'vigra', 'annoy', 'deepface', 'catalyst', 'scikit-multiflow', 'zpar', 'ggpy', 'seaborn', 'mlflow', 'alibi-detect', 'open-webui', 'notebook', 'gan', 'stellargraph', 'rockpool', 'lambdo', 'mindsdb', 'ColossalAI', 'pyqtgraph', 'pebl', 'tensorflow', 'mist', 'python-timbl', 'metric-learn', 'DeepPavlov', 'statsmodels', 'superset', 'xlearn', 'nupic.studio', 'breze', 'machine-learning', 'rgf', 'imbalanced-ensemble', 'recommenders', 'mars', 'bytehub', 'tpot', 'catboost', 'alibi', 'segmentation_models', 'pytorch', 'chainer', 'deeppy', 'PyTorchCV', 'dash', 'streamlit', 'snips-nlu', 'transformers', 'DIGITS', 'scikit-image']"
376,14,MemberOf,category,1407,Comprehensive Categorization: Improper Neutralization,132,116,"['cornac', 'FEDOT', 'numpy', 'feast', 'pyod', 'pybrain', 'lifelines', 'cleanlab', 'couler', 'bowtie', 'bigartm', 'DI-engine', 'vigra', 'annoy', 'deepface', 'catalyst', 'scikit-multiflow', 'zpar', 'ggpy', 'seaborn', 'mlflow', 'alibi-detect', 'open-webui', 'notebook', 'gan', 'stellargraph', 'rockpool', 'lambdo', 'mindsdb', 'ColossalAI', 'pyqtgraph', 'pebl', 'tensorflow', 'mist', 'python-timbl', 'metric-learn', 'DeepPavlov', 'statsmodels', 'superset', 'xlearn', 'nupic.studio', 'breze', 'machine-learning', 'rgf', 'imbalanced-ensemble', 'recommenders', 'mars', 'bytehub', 'tpot', 'catboost', 'alibi', 'segmentation_models', 'pytorch', 'chainer', 'deeppy', 'PyTorchCV', 'dash', 'streamlit', 'snips-nlu', 'transformers', 'DIGITS', 'scikit-image']"
377,15,MemberOf,category,1440,OWASP Top Ten 2025 Category A05:2025 - Injection,132,116,"['cornac', 'FEDOT', 'numpy', 'feast', 'pyod', 'pybrain', 'lifelines', 'cleanlab', 'couler', 'bowtie', 'bigartm', 'DI-engine', 'vigra', 'annoy', 'deepface', 'catalyst', 'scikit-multiflow', 'zpar', 'ggpy', 'seaborn', 'mlflow', 'alibi-detect', 'open-webui', 'notebook', 'gan', 'stellargraph', 'rockpool', 'lambdo', 'mindsdb', 'ColossalAI', 'pyqtgraph', 'pebl', 'tensorflow', 'mist', 'python-timbl', 'metric-learn', 'DeepPavlov', 'statsmodels', 'superset', 'xlearn', 'nupic.studio', 'breze', 'machine-learning', 'rgf', 'imbalanced-ensemble', 'recommenders', 'mars', 'bytehub', 'tpot', 'catboost', 'alibi', 'segmentation_models', 'pytorch', 'chainer', 'deeppy', 'PyTorchCV', 'dash', 'streamlit', 'snips-nlu', 'transformers', 'DIGITS', 'scikit-image']"
378,16,MemberOf,category,1447,General Software Weaknesses that Appear in Products that Use or Support AI/ML Technology,132,116,"['cornac', 'FEDOT', 'numpy', 'feast', 'pyod', 'pybrain', 'lifelines', 'cleanlab', 'couler', 'bowtie', 'bigartm', 'DI-engine', 'vigra', 'annoy', 'deepface', 'catalyst', 'scikit-multiflow', 'zpar', 'ggpy', 'seaborn', 'mlflow', 'alibi-detect', 'open-webui', 'notebook', 'gan', 'stellargraph', 'rockpool', 'lambdo', 'mindsdb', 'ColossalAI', 'pyqtgraph', 'pebl', 'tensorflow', 'mist', 'python-timbl', 'metric-learn', 'DeepPavlov', 'statsmodels', 'superset', 'xlearn', 'nupic.studio', 'breze', 'machine-learning', 'rgf', 'imbalanced-ensemble', 'recommenders', 'mars', 'bytehub', 'tpot', 'catboost', 'alibi', 'segmentation_models', 'pytorch', 'chainer', 'deeppy', 'PyTorchCV', 'dash', 'streamlit', 'snips-nlu', 'transformers', 'DIGITS', 'scikit-image']"
379,17,Self,class,116,,132,116,"['cornac', 'FEDOT', 'numpy', 'feast', 'pyod', 'pybrain', 'lifelines', 'cleanlab', 'couler', 'bowtie', 'bigartm', 'DI-engine', 'vigra', 'annoy', 'deepface', 'catalyst', 'scikit-multiflow', 'zpar', 'ggpy', 'seaborn', 'mlflow', 'alibi-detect', 'open-webui', 'notebook', 'gan', 'stellargraph', 'rockpool', 'lambdo', 'mindsdb', 'ColossalAI', 'pyqtgraph', 'pebl', 'tensorflow', 'mist', 'python-timbl', 'metric-learn', 'DeepPavlov', 'statsmodels', 'superset', 'xlearn', 'nupic.studio', 'breze', 'machine-learning', 'rgf', 'imbalanced-ensemble', 'recommenders', 'mars', 'bytehub', 'tpot', 'catboost', 'alibi', 'segmentation_models', 'pytorch', 'chainer', 'deeppy', 'PyTorchCV', 'dash', 'streamlit', 'snips-nlu', 'transformers', 'DIGITS', 'scikit-image']"
380,0,ChildOf,class,913,Improper Control of Dynamically-Managed Code Resources,700,502,"['cornac', 'FEDOT', 'feast', 'pyod', 'matplotlib', 'DI-engine', 'Sklearn-genetic-opt', 'determined', 'opfython', 'rep', 'lambdo', 'mindsdb', 'ColossalAI', 'pyqtgraph', 'hebel', 'PCV', 'tflearn', 'statsmodels', 'deepchecks', 'backprop', 'mars', 'NeuroNER', 'sentiment-analyzer', 'haystack', 'lightning-bolts', 'transformers', 'streamlit', 'lightwood', 'face_recognition', 'prodmodel', 'joliGEN', 'ViZDoom', 'pybrain', 'mlxtend', 'bigartm', 'skorch', 'catalyst', 'evostra', 'python-recsys', 'dl-translate', 'scikit-learn', 'river', 'pytorch-lightning', 'opytimizer', 'yalign', 'ray', 'DIGITS', 'alibi', 'LightGBM', 'xgboost', 'pytorch', 'PyTorchCV', 'polyglot', 'bentoml', 'pkuseg-python', 'numpy', 'jProcessing', 'cltk', 'miraiml', 'garage', 'zipline', 'alibi-detect', 'neural-style-pt', 'nut', 'tensorflow', 'pytorch-frame', 'DeepPavlov', 'rasa', 'igel', 'loso', 'machine-learning', 'autogluon', 'mlens', 'scikit-learn-intelex', 'catboost', 'keras-tuner', 'shapash', 'eurybia', 'neuropredict', 'DrQA', 'deeppy', 'pytorch_geometric_temporal', 'evidently', 'detectron2', 'lightly', 'jieba', 'cleanlab', 'Petrel', 'deepface', 'caffe', 'zpar', 'mlflow', 'TResNet', 'frouros', 'maze', 'pebl', 'open-metric-learning', 'pytorch_geometric', 'neuraltalk', 'mljar-supervised', 'bokeh', 'pytorch-image-models', 'segmentation_models.pytorch', 'simpleai', 'sentiment_classifier', 'recommenders', 'chefboost', 'snownlp', 'pytensor', 'chainer', 'skll', 'pandas', 'bolt', 'dedupe', 'neurolab']"
381,1,PeerOf,base,915,Improperly Controlled Modification of Dynamically-Determined Object Attributes,700,502,"['cornac', 'FEDOT', 'feast', 'pyod', 'matplotlib', 'DI-engine', 'Sklearn-genetic-opt', 'determined', 'opfython', 'rep', 'lambdo', 'mindsdb', 'ColossalAI', 'pyqtgraph', 'hebel', 'PCV', 'tflearn', 'statsmodels', 'deepchecks', 'backprop', 'mars', 'NeuroNER', 'sentiment-analyzer', 'haystack', 'lightning-bolts', 'transformers', 'streamlit', 'lightwood', 'face_recognition', 'prodmodel', 'joliGEN', 'ViZDoom', 'pybrain', 'mlxtend', 'bigartm', 'skorch', 'catalyst', 'evostra', 'python-recsys', 'dl-translate', 'scikit-learn', 'river', 'pytorch-lightning', 'opytimizer', 'yalign', 'ray', 'DIGITS', 'alibi', 'LightGBM', 'xgboost', 'pytorch', 'PyTorchCV', 'polyglot', 'bentoml', 'pkuseg-python', 'numpy', 'jProcessing', 'cltk', 'miraiml', 'garage', 'zipline', 'alibi-detect', 'neural-style-pt', 'nut', 'tensorflow', 'pytorch-frame', 'DeepPavlov', 'rasa', 'igel', 'loso', 'machine-learning', 'autogluon', 'mlens', 'scikit-learn-intelex', 'catboost', 'keras-tuner', 'shapash', 'eurybia', 'neuropredict', 'DrQA', 'deeppy', 'pytorch_geometric_temporal', 'evidently', 'detectron2', 'lightly', 'jieba', 'cleanlab', 'Petrel', 'deepface', 'caffe', 'zpar', 'mlflow', 'TResNet', 'frouros', 'maze', 'pebl', 'open-metric-learning', 'pytorch_geometric', 'neuraltalk', 'mljar-supervised', 'bokeh', 'pytorch-image-models', 'segmentation_models.pytorch', 'simpleai', 'sentiment_classifier', 'recommenders', 'chefboost', 'snownlp', 'pytensor', 'chainer', 'skll', 'pandas', 'bolt', 'dedupe', 'neurolab']"
382,2,MemberOf,category,399,Resource Management Errors,700,502,"['cornac', 'FEDOT', 'feast', 'pyod', 'matplotlib', 'DI-engine', 'Sklearn-genetic-opt', 'determined', 'opfython', 'rep', 'lambdo', 'mindsdb', 'ColossalAI', 'pyqtgraph', 'hebel', 'PCV', 'tflearn', 'statsmodels', 'deepchecks', 'backprop', 'mars', 'NeuroNER', 'sentiment-analyzer', 'haystack', 'lightning-bolts', 'transformers', 'streamlit', 'lightwood', 'face_recognition', 'prodmodel', 'joliGEN', 'ViZDoom', 'pybrain', 'mlxtend', 'bigartm', 'skorch', 'catalyst', 'evostra', 'python-recsys', 'dl-translate', 'scikit-learn', 'river', 'pytorch-lightning', 'opytimizer', 'yalign', 'ray', 'DIGITS', 'alibi', 'LightGBM', 'xgboost', 'pytorch', 'PyTorchCV', 'polyglot', 'bentoml', 'pkuseg-python', 'numpy', 'jProcessing', 'cltk', 'miraiml', 'garage', 'zipline', 'alibi-detect', 'neural-style-pt', 'nut', 'tensorflow', 'pytorch-frame', 'DeepPavlov', 'rasa', 'igel', 'loso', 'machine-learning', 'autogluon', 'mlens', 'scikit-learn-intelex', 'catboost', 'keras-tuner', 'shapash', 'eurybia', 'neuropredict', 'DrQA', 'deeppy', 'pytorch_geometric_temporal', 'evidently', 'detectron2', 'lightly', 'jieba', 'cleanlab', 'Petrel', 'deepface', 'caffe', 'zpar', 'mlflow', 'TResNet', 'frouros', 'maze', 'pebl', 'open-metric-learning', 'pytorch_geometric', 'neuraltalk', 'mljar-supervised', 'bokeh', 'pytorch-image-models', 'segmentation_models.pytorch', 'simpleai', 'sentiment_classifier', 'recommenders', 'chefboost', 'snownlp', 'pytensor', 'chainer', 'skll', 'pandas', 'bolt', 'dedupe', 'neurolab']"
383,3,ChildOf,class,913,Improper Control of Dynamically-Managed Code Resources,700,502,"['cornac', 'FEDOT', 'feast', 'pyod', 'matplotlib', 'DI-engine', 'Sklearn-genetic-opt', 'determined', 'opfython', 'rep', 'lambdo', 'mindsdb', 'ColossalAI', 'pyqtgraph', 'hebel', 'PCV', 'tflearn', 'statsmodels', 'deepchecks', 'backprop', 'mars', 'NeuroNER', 'sentiment-analyzer', 'haystack', 'lightning-bolts', 'transformers', 'streamlit', 'lightwood', 'face_recognition', 'prodmodel', 'joliGEN', 'ViZDoom', 'pybrain', 'mlxtend', 'bigartm', 'skorch', 'catalyst', 'evostra', 'python-recsys', 'dl-translate', 'scikit-learn', 'river', 'pytorch-lightning', 'opytimizer', 'yalign', 'ray', 'DIGITS', 'alibi', 'LightGBM', 'xgboost', 'pytorch', 'PyTorchCV', 'polyglot', 'bentoml', 'pkuseg-python', 'numpy', 'jProcessing', 'cltk', 'miraiml', 'garage', 'zipline', 'alibi-detect', 'neural-style-pt', 'nut', 'tensorflow', 'pytorch-frame', 'DeepPavlov', 'rasa', 'igel', 'loso', 'machine-learning', 'autogluon', 'mlens', 'scikit-learn-intelex', 'catboost', 'keras-tuner', 'shapash', 'eurybia', 'neuropredict', 'DrQA', 'deeppy', 'pytorch_geometric_temporal', 'evidently', 'detectron2', 'lightly', 'jieba', 'cleanlab', 'Petrel', 'deepface', 'caffe', 'zpar', 'mlflow', 'TResNet', 'frouros', 'maze', 'pebl', 'open-metric-learning', 'pytorch_geometric', 'neuraltalk', 'mljar-supervised', 'bokeh', 'pytorch-image-models', 'segmentation_models.pytorch', 'simpleai', 'sentiment_classifier', 'recommenders', 'chefboost', 'snownlp', 'pytensor', 'chainer', 'skll', 'pandas', 'bolt', 'dedupe', 'neurolab']"
384,4,MemberOf,category,1019,Validate Inputs,700,502,"['cornac', 'FEDOT', 'feast', 'pyod', 'matplotlib', 'DI-engine', 'Sklearn-genetic-opt', 'determined', 'opfython', 'rep', 'lambdo', 'mindsdb', 'ColossalAI', 'pyqtgraph', 'hebel', 'PCV', 'tflearn', 'statsmodels', 'deepchecks', 'backprop', 'mars', 'NeuroNER', 'sentiment-analyzer', 'haystack', 'lightning-bolts', 'transformers', 'streamlit', 'lightwood', 'face_recognition', 'prodmodel', 'joliGEN', 'ViZDoom', 'pybrain', 'mlxtend', 'bigartm', 'skorch', 'catalyst', 'evostra', 'python-recsys', 'dl-translate', 'scikit-learn', 'river', 'pytorch-lightning', 'opytimizer', 'yalign', 'ray', 'DIGITS', 'alibi', 'LightGBM', 'xgboost', 'pytorch', 'PyTorchCV', 'polyglot', 'bentoml', 'pkuseg-python', 'numpy', 'jProcessing', 'cltk', 'miraiml', 'garage', 'zipline', 'alibi-detect', 'neural-style-pt', 'nut', 'tensorflow', 'pytorch-frame', 'DeepPavlov', 'rasa', 'igel', 'loso', 'machine-learning', 'autogluon', 'mlens', 'scikit-learn-intelex', 'catboost', 'keras-tuner', 'shapash', 'eurybia', 'neuropredict', 'DrQA', 'deeppy', 'pytorch_geometric_temporal', 'evidently', 'detectron2', 'lightly', 'jieba', 'cleanlab', 'Petrel', 'deepface', 'caffe', 'zpar', 'mlflow', 'TResNet', 'frouros', 'maze', 'pebl', 'open-metric-learning', 'pytorch_geometric', 'neuraltalk', 'mljar-supervised', 'bokeh', 'pytorch-image-models', 'segmentation_models.pytorch', 'simpleai', 'sentiment_classifier', 'recommenders', 'chefboost', 'snownlp', 'pytensor', 'chainer', 'skll', 'pandas', 'bolt', 'dedupe', 'neurolab']"
385,5,MemberOf,category,858,The CERT Oracle Secure Coding Standard for Java (2011) Chapter 15 - Serialization (SER),700,502,"['cornac', 'FEDOT', 'feast', 'pyod', 'matplotlib', 'DI-engine', 'Sklearn-genetic-opt', 'determined', 'opfython', 'rep', 'lambdo', 'mindsdb', 'ColossalAI', 'pyqtgraph', 'hebel', 'PCV', 'tflearn', 'statsmodels', 'deepchecks', 'backprop', 'mars', 'NeuroNER', 'sentiment-analyzer', 'haystack', 'lightning-bolts', 'transformers', 'streamlit', 'lightwood', 'face_recognition', 'prodmodel', 'joliGEN', 'ViZDoom', 'pybrain', 'mlxtend', 'bigartm', 'skorch', 'catalyst', 'evostra', 'python-recsys', 'dl-translate', 'scikit-learn', 'river', 'pytorch-lightning', 'opytimizer', 'yalign', 'ray', 'DIGITS', 'alibi', 'LightGBM', 'xgboost', 'pytorch', 'PyTorchCV', 'polyglot', 'bentoml', 'pkuseg-python', 'numpy', 'jProcessing', 'cltk', 'miraiml', 'garage', 'zipline', 'alibi-detect', 'neural-style-pt', 'nut', 'tensorflow', 'pytorch-frame', 'DeepPavlov', 'rasa', 'igel', 'loso', 'machine-learning', 'autogluon', 'mlens', 'scikit-learn-intelex', 'catboost', 'keras-tuner', 'shapash', 'eurybia', 'neuropredict', 'DrQA', 'deeppy', 'pytorch_geometric_temporal', 'evidently', 'detectron2', 'lightly', 'jieba', 'cleanlab', 'Petrel', 'deepface', 'caffe', 'zpar', 'mlflow', 'TResNet', 'frouros', 'maze', 'pebl', 'open-metric-learning', 'pytorch_geometric', 'neuraltalk', 'mljar-supervised', 'bokeh', 'pytorch-image-models', 'segmentation_models.pytorch', 'simpleai', 'sentiment_classifier', 'recommenders', 'chefboost', 'snownlp', 'pytensor', 'chainer', 'skll', 'pandas', 'bolt', 'dedupe', 'neurolab']"
386,6,MemberOf,view,884,CWE Cross-section,700,502,"['cornac', 'FEDOT', 'feast', 'pyod', 'matplotlib', 'DI-engine', 'Sklearn-genetic-opt', 'determined', 'opfython', 'rep', 'lambdo', 'mindsdb', 'ColossalAI', 'pyqtgraph', 'hebel', 'PCV', 'tflearn', 'statsmodels', 'deepchecks', 'backprop', 'mars', 'NeuroNER', 'sentiment-analyzer', 'haystack', 'lightning-bolts', 'transformers', 'streamlit', 'lightwood', 'face_recognition', 'prodmodel', 'joliGEN', 'ViZDoom', 'pybrain', 'mlxtend', 'bigartm', 'skorch', 'catalyst', 'evostra', 'python-recsys', 'dl-translate', 'scikit-learn', 'river', 'pytorch-lightning', 'opytimizer', 'yalign', 'ray', 'DIGITS', 'alibi', 'LightGBM', 'xgboost', 'pytorch', 'PyTorchCV', 'polyglot', 'bentoml', 'pkuseg-python', 'numpy', 'jProcessing', 'cltk', 'miraiml', 'garage', 'zipline', 'alibi-detect', 'neural-style-pt', 'nut', 'tensorflow', 'pytorch-frame', 'DeepPavlov', 'rasa', 'igel', 'loso', 'machine-learning', 'autogluon', 'mlens', 'scikit-learn-intelex', 'catboost', 'keras-tuner', 'shapash', 'eurybia', 'neuropredict', 'DrQA', 'deeppy', 'pytorch_geometric_temporal', 'evidently', 'detectron2', 'lightly', 'jieba', 'cleanlab', 'Petrel', 'deepface', 'caffe', 'zpar', 'mlflow', 'TResNet', 'frouros', 'maze', 'pebl', 'open-metric-learning', 'pytorch_geometric', 'neuraltalk', 'mljar-supervised', 'bokeh', 'pytorch-image-models', 'segmentation_models.pytorch', 'simpleai', 'sentiment_classifier', 'recommenders', 'chefboost', 'snownlp', 'pytensor', 'chainer', 'skll', 'pandas', 'bolt', 'dedupe', 'neurolab']"
387,7,MemberOf,category,994,SFP Secondary Cluster: Tainted Input to Variable,700,502,"['cornac', 'FEDOT', 'feast', 'pyod', 'matplotlib', 'DI-engine', 'Sklearn-genetic-opt', 'determined', 'opfython', 'rep', 'lambdo', 'mindsdb', 'ColossalAI', 'pyqtgraph', 'hebel', 'PCV', 'tflearn', 'statsmodels', 'deepchecks', 'backprop', 'mars', 'NeuroNER', 'sentiment-analyzer', 'haystack', 'lightning-bolts', 'transformers', 'streamlit', 'lightwood', 'face_recognition', 'prodmodel', 'joliGEN', 'ViZDoom', 'pybrain', 'mlxtend', 'bigartm', 'skorch', 'catalyst', 'evostra', 'python-recsys', 'dl-translate', 'scikit-learn', 'river', 'pytorch-lightning', 'opytimizer', 'yalign', 'ray', 'DIGITS', 'alibi', 'LightGBM', 'xgboost', 'pytorch', 'PyTorchCV', 'polyglot', 'bentoml', 'pkuseg-python', 'numpy', 'jProcessing', 'cltk', 'miraiml', 'garage', 'zipline', 'alibi-detect', 'neural-style-pt', 'nut', 'tensorflow', 'pytorch-frame', 'DeepPavlov', 'rasa', 'igel', 'loso', 'machine-learning', 'autogluon', 'mlens', 'scikit-learn-intelex', 'catboost', 'keras-tuner', 'shapash', 'eurybia', 'neuropredict', 'DrQA', 'deeppy', 'pytorch_geometric_temporal', 'evidently', 'detectron2', 'lightly', 'jieba', 'cleanlab', 'Petrel', 'deepface', 'caffe', 'zpar', 'mlflow', 'TResNet', 'frouros', 'maze', 'pebl', 'open-metric-learning', 'pytorch_geometric', 'neuraltalk', 'mljar-supervised', 'bokeh', 'pytorch-image-models', 'segmentation_models.pytorch', 'simpleai', 'sentiment_classifier', 'recommenders', 'chefboost', 'snownlp', 'pytensor', 'chainer', 'skll', 'pandas', 'bolt', 'dedupe', 'neurolab']"
388,8,MemberOf,category,1034,OWASP Top Ten 2017 Category A8 - Insecure Deserialization,700,502,"['cornac', 'FEDOT', 'feast', 'pyod', 'matplotlib', 'DI-engine', 'Sklearn-genetic-opt', 'determined', 'opfython', 'rep', 'lambdo', 'mindsdb', 'ColossalAI', 'pyqtgraph', 'hebel', 'PCV', 'tflearn', 'statsmodels', 'deepchecks', 'backprop', 'mars', 'NeuroNER', 'sentiment-analyzer', 'haystack', 'lightning-bolts', 'transformers', 'streamlit', 'lightwood', 'face_recognition', 'prodmodel', 'joliGEN', 'ViZDoom', 'pybrain', 'mlxtend', 'bigartm', 'skorch', 'catalyst', 'evostra', 'python-recsys', 'dl-translate', 'scikit-learn', 'river', 'pytorch-lightning', 'opytimizer', 'yalign', 'ray', 'DIGITS', 'alibi', 'LightGBM', 'xgboost', 'pytorch', 'PyTorchCV', 'polyglot', 'bentoml', 'pkuseg-python', 'numpy', 'jProcessing', 'cltk', 'miraiml', 'garage', 'zipline', 'alibi-detect', 'neural-style-pt', 'nut', 'tensorflow', 'pytorch-frame', 'DeepPavlov', 'rasa', 'igel', 'loso', 'machine-learning', 'autogluon', 'mlens', 'scikit-learn-intelex', 'catboost', 'keras-tuner', 'shapash', 'eurybia', 'neuropredict', 'DrQA', 'deeppy', 'pytorch_geometric_temporal', 'evidently', 'detectron2', 'lightly', 'jieba', 'cleanlab', 'Petrel', 'deepface', 'caffe', 'zpar', 'mlflow', 'TResNet', 'frouros', 'maze', 'pebl', 'open-metric-learning', 'pytorch_geometric', 'neuraltalk', 'mljar-supervised', 'bokeh', 'pytorch-image-models', 'segmentation_models.pytorch', 'simpleai', 'sentiment_classifier', 'recommenders', 'chefboost', 'snownlp', 'pytensor', 'chainer', 'skll', 'pandas', 'bolt', 'dedupe', 'neurolab']"
389,9,MemberOf,category,1148,SEI CERT Oracle Secure Coding Standard for Java - Guidelines 14. Serialization (SER),700,502,"['cornac', 'FEDOT', 'feast', 'pyod', 'matplotlib', 'DI-engine', 'Sklearn-genetic-opt', 'determined', 'opfython', 'rep', 'lambdo', 'mindsdb', 'ColossalAI', 'pyqtgraph', 'hebel', 'PCV', 'tflearn', 'statsmodels', 'deepchecks', 'backprop', 'mars', 'NeuroNER', 'sentiment-analyzer', 'haystack', 'lightning-bolts', 'transformers', 'streamlit', 'lightwood', 'face_recognition', 'prodmodel', 'joliGEN', 'ViZDoom', 'pybrain', 'mlxtend', 'bigartm', 'skorch', 'catalyst', 'evostra', 'python-recsys', 'dl-translate', 'scikit-learn', 'river', 'pytorch-lightning', 'opytimizer', 'yalign', 'ray', 'DIGITS', 'alibi', 'LightGBM', 'xgboost', 'pytorch', 'PyTorchCV', 'polyglot', 'bentoml', 'pkuseg-python', 'numpy', 'jProcessing', 'cltk', 'miraiml', 'garage', 'zipline', 'alibi-detect', 'neural-style-pt', 'nut', 'tensorflow', 'pytorch-frame', 'DeepPavlov', 'rasa', 'igel', 'loso', 'machine-learning', 'autogluon', 'mlens', 'scikit-learn-intelex', 'catboost', 'keras-tuner', 'shapash', 'eurybia', 'neuropredict', 'DrQA', 'deeppy', 'pytorch_geometric_temporal', 'evidently', 'detectron2', 'lightly', 'jieba', 'cleanlab', 'Petrel', 'deepface', 'caffe', 'zpar', 'mlflow', 'TResNet', 'frouros', 'maze', 'pebl', 'open-metric-learning', 'pytorch_geometric', 'neuraltalk', 'mljar-supervised', 'bokeh', 'pytorch-image-models', 'segmentation_models.pytorch', 'simpleai', 'sentiment_classifier', 'recommenders', 'chefboost', 'snownlp', 'pytensor', 'chainer', 'skll', 'pandas', 'bolt', 'dedupe', 'neurolab']"
390,10,MemberOf,view,1200,Weaknesses in the 2019 CWE Top 25 Most Dangerous Software Errors,700,502,"['cornac', 'FEDOT', 'feast', 'pyod', 'matplotlib', 'DI-engine', 'Sklearn-genetic-opt', 'determined', 'opfython', 'rep', 'lambdo', 'mindsdb', 'ColossalAI', 'pyqtgraph', 'hebel', 'PCV', 'tflearn', 'statsmodels', 'deepchecks', 'backprop', 'mars', 'NeuroNER', 'sentiment-analyzer', 'haystack', 'lightning-bolts', 'transformers', 'streamlit', 'lightwood', 'face_recognition', 'prodmodel', 'joliGEN', 'ViZDoom', 'pybrain', 'mlxtend', 'bigartm', 'skorch', 'catalyst', 'evostra', 'python-recsys', 'dl-translate', 'scikit-learn', 'river', 'pytorch-lightning', 'opytimizer', 'yalign', 'ray', 'DIGITS', 'alibi', 'LightGBM', 'xgboost', 'pytorch', 'PyTorchCV', 'polyglot', 'bentoml', 'pkuseg-python', 'numpy', 'jProcessing', 'cltk', 'miraiml', 'garage', 'zipline', 'alibi-detect', 'neural-style-pt', 'nut', 'tensorflow', 'pytorch-frame', 'DeepPavlov', 'rasa', 'igel', 'loso', 'machine-learning', 'autogluon', 'mlens', 'scikit-learn-intelex', 'catboost', 'keras-tuner', 'shapash', 'eurybia', 'neuropredict', 'DrQA', 'deeppy', 'pytorch_geometric_temporal', 'evidently', 'detectron2', 'lightly', 'jieba', 'cleanlab', 'Petrel', 'deepface', 'caffe', 'zpar', 'mlflow', 'TResNet', 'frouros', 'maze', 'pebl', 'open-metric-learning', 'pytorch_geometric', 'neuraltalk', 'mljar-supervised', 'bokeh', 'pytorch-image-models', 'segmentation_models.pytorch', 'simpleai', 'sentiment_classifier', 'recommenders', 'chefboost', 'snownlp', 'pytensor', 'chainer', 'skll', 'pandas', 'bolt', 'dedupe', 'neurolab']"
391,11,MemberOf,category,1308,CISQ Quality Measures - Security,700,502,"['cornac', 'FEDOT', 'feast', 'pyod', 'matplotlib', 'DI-engine', 'Sklearn-genetic-opt', 'determined', 'opfython', 'rep', 'lambdo', 'mindsdb', 'ColossalAI', 'pyqtgraph', 'hebel', 'PCV', 'tflearn', 'statsmodels', 'deepchecks', 'backprop', 'mars', 'NeuroNER', 'sentiment-analyzer', 'haystack', 'lightning-bolts', 'transformers', 'streamlit', 'lightwood', 'face_recognition', 'prodmodel', 'joliGEN', 'ViZDoom', 'pybrain', 'mlxtend', 'bigartm', 'skorch', 'catalyst', 'evostra', 'python-recsys', 'dl-translate', 'scikit-learn', 'river', 'pytorch-lightning', 'opytimizer', 'yalign', 'ray', 'DIGITS', 'alibi', 'LightGBM', 'xgboost', 'pytorch', 'PyTorchCV', 'polyglot', 'bentoml', 'pkuseg-python', 'numpy', 'jProcessing', 'cltk', 'miraiml', 'garage', 'zipline', 'alibi-detect', 'neural-style-pt', 'nut', 'tensorflow', 'pytorch-frame', 'DeepPavlov', 'rasa', 'igel', 'loso', 'machine-learning', 'autogluon', 'mlens', 'scikit-learn-intelex', 'catboost', 'keras-tuner', 'shapash', 'eurybia', 'neuropredict', 'DrQA', 'deeppy', 'pytorch_geometric_temporal', 'evidently', 'detectron2', 'lightly', 'jieba', 'cleanlab', 'Petrel', 'deepface', 'caffe', 'zpar', 'mlflow', 'TResNet', 'frouros', 'maze', 'pebl', 'open-metric-learning', 'pytorch_geometric', 'neuraltalk', 'mljar-supervised', 'bokeh', 'pytorch-image-models', 'segmentation_models.pytorch', 'simpleai', 'sentiment_classifier', 'recommenders', 'chefboost', 'snownlp', 'pytensor', 'chainer', 'skll', 'pandas', 'bolt', 'dedupe', 'neurolab']"
392,12,MemberOf,view,1337,Weaknesses in the 2021 CWE Top 25 Most Dangerous Software Weaknesses,700,502,"['cornac', 'FEDOT', 'feast', 'pyod', 'matplotlib', 'DI-engine', 'Sklearn-genetic-opt', 'determined', 'opfython', 'rep', 'lambdo', 'mindsdb', 'ColossalAI', 'pyqtgraph', 'hebel', 'PCV', 'tflearn', 'statsmodels', 'deepchecks', 'backprop', 'mars', 'NeuroNER', 'sentiment-analyzer', 'haystack', 'lightning-bolts', 'transformers', 'streamlit', 'lightwood', 'face_recognition', 'prodmodel', 'joliGEN', 'ViZDoom', 'pybrain', 'mlxtend', 'bigartm', 'skorch', 'catalyst', 'evostra', 'python-recsys', 'dl-translate', 'scikit-learn', 'river', 'pytorch-lightning', 'opytimizer', 'yalign', 'ray', 'DIGITS', 'alibi', 'LightGBM', 'xgboost', 'pytorch', 'PyTorchCV', 'polyglot', 'bentoml', 'pkuseg-python', 'numpy', 'jProcessing', 'cltk', 'miraiml', 'garage', 'zipline', 'alibi-detect', 'neural-style-pt', 'nut', 'tensorflow', 'pytorch-frame', 'DeepPavlov', 'rasa', 'igel', 'loso', 'machine-learning', 'autogluon', 'mlens', 'scikit-learn-intelex', 'catboost', 'keras-tuner', 'shapash', 'eurybia', 'neuropredict', 'DrQA', 'deeppy', 'pytorch_geometric_temporal', 'evidently', 'detectron2', 'lightly', 'jieba', 'cleanlab', 'Petrel', 'deepface', 'caffe', 'zpar', 'mlflow', 'TResNet', 'frouros', 'maze', 'pebl', 'open-metric-learning', 'pytorch_geometric', 'neuraltalk', 'mljar-supervised', 'bokeh', 'pytorch-image-models', 'segmentation_models.pytorch', 'simpleai', 'sentiment_classifier', 'recommenders', 'chefboost', 'snownlp', 'pytensor', 'chainer', 'skll', 'pandas', 'bolt', 'dedupe', 'neurolab']"
393,13,MemberOf,view,1340,CISQ Data Protection Measures,700,502,"['cornac', 'FEDOT', 'feast', 'pyod', 'matplotlib', 'DI-engine', 'Sklearn-genetic-opt', 'determined', 'opfython', 'rep', 'lambdo', 'mindsdb', 'ColossalAI', 'pyqtgraph', 'hebel', 'PCV', 'tflearn', 'statsmodels', 'deepchecks', 'backprop', 'mars', 'NeuroNER', 'sentiment-analyzer', 'haystack', 'lightning-bolts', 'transformers', 'streamlit', 'lightwood', 'face_recognition', 'prodmodel', 'joliGEN', 'ViZDoom', 'pybrain', 'mlxtend', 'bigartm', 'skorch', 'catalyst', 'evostra', 'python-recsys', 'dl-translate', 'scikit-learn', 'river', 'pytorch-lightning', 'opytimizer', 'yalign', 'ray', 'DIGITS', 'alibi', 'LightGBM', 'xgboost', 'pytorch', 'PyTorchCV', 'polyglot', 'bentoml', 'pkuseg-python', 'numpy', 'jProcessing', 'cltk', 'miraiml', 'garage', 'zipline', 'alibi-detect', 'neural-style-pt', 'nut', 'tensorflow', 'pytorch-frame', 'DeepPavlov', 'rasa', 'igel', 'loso', 'machine-learning', 'autogluon', 'mlens', 'scikit-learn-intelex', 'catboost', 'keras-tuner', 'shapash', 'eurybia', 'neuropredict', 'DrQA', 'deeppy', 'pytorch_geometric_temporal', 'evidently', 'detectron2', 'lightly', 'jieba', 'cleanlab', 'Petrel', 'deepface', 'caffe', 'zpar', 'mlflow', 'TResNet', 'frouros', 'maze', 'pebl', 'open-metric-learning', 'pytorch_geometric', 'neuraltalk', 'mljar-supervised', 'bokeh', 'pytorch-image-models', 'segmentation_models.pytorch', 'simpleai', 'sentiment_classifier', 'recommenders', 'chefboost', 'snownlp', 'pytensor', 'chainer', 'skll', 'pandas', 'bolt', 'dedupe', 'neurolab']"
394,14,MemberOf,view,1350,Weaknesses in the 2020 CWE Top 25 Most Dangerous Software Weaknesses,700,502,"['cornac', 'FEDOT', 'feast', 'pyod', 'matplotlib', 'DI-engine', 'Sklearn-genetic-opt', 'determined', 'opfython', 'rep', 'lambdo', 'mindsdb', 'ColossalAI', 'pyqtgraph', 'hebel', 'PCV', 'tflearn', 'statsmodels', 'deepchecks', 'backprop', 'mars', 'NeuroNER', 'sentiment-analyzer', 'haystack', 'lightning-bolts', 'transformers', 'streamlit', 'lightwood', 'face_recognition', 'prodmodel', 'joliGEN', 'ViZDoom', 'pybrain', 'mlxtend', 'bigartm', 'skorch', 'catalyst', 'evostra', 'python-recsys', 'dl-translate', 'scikit-learn', 'river', 'pytorch-lightning', 'opytimizer', 'yalign', 'ray', 'DIGITS', 'alibi', 'LightGBM', 'xgboost', 'pytorch', 'PyTorchCV', 'polyglot', 'bentoml', 'pkuseg-python', 'numpy', 'jProcessing', 'cltk', 'miraiml', 'garage', 'zipline', 'alibi-detect', 'neural-style-pt', 'nut', 'tensorflow', 'pytorch-frame', 'DeepPavlov', 'rasa', 'igel', 'loso', 'machine-learning', 'autogluon', 'mlens', 'scikit-learn-intelex', 'catboost', 'keras-tuner', 'shapash', 'eurybia', 'neuropredict', 'DrQA', 'deeppy', 'pytorch_geometric_temporal', 'evidently', 'detectron2', 'lightly', 'jieba', 'cleanlab', 'Petrel', 'deepface', 'caffe', 'zpar', 'mlflow', 'TResNet', 'frouros', 'maze', 'pebl', 'open-metric-learning', 'pytorch_geometric', 'neuraltalk', 'mljar-supervised', 'bokeh', 'pytorch-image-models', 'segmentation_models.pytorch', 'simpleai', 'sentiment_classifier', 'recommenders', 'chefboost', 'snownlp', 'pytensor', 'chainer', 'skll', 'pandas', 'bolt', 'dedupe', 'neurolab']"
395,15,MemberOf,category,1354,OWASP Top Ten 2021 Category A08:2021 - Software and Data Integrity Failures,700,502,"['cornac', 'FEDOT', 'feast', 'pyod', 'matplotlib', 'DI-engine', 'Sklearn-genetic-opt', 'determined', 'opfython', 'rep', 'lambdo', 'mindsdb', 'ColossalAI', 'pyqtgraph', 'hebel', 'PCV', 'tflearn', 'statsmodels', 'deepchecks', 'backprop', 'mars', 'NeuroNER', 'sentiment-analyzer', 'haystack', 'lightning-bolts', 'transformers', 'streamlit', 'lightwood', 'face_recognition', 'prodmodel', 'joliGEN', 'ViZDoom', 'pybrain', 'mlxtend', 'bigartm', 'skorch', 'catalyst', 'evostra', 'python-recsys', 'dl-translate', 'scikit-learn', 'river', 'pytorch-lightning', 'opytimizer', 'yalign', 'ray', 'DIGITS', 'alibi', 'LightGBM', 'xgboost', 'pytorch', 'PyTorchCV', 'polyglot', 'bentoml', 'pkuseg-python', 'numpy', 'jProcessing', 'cltk', 'miraiml', 'garage', 'zipline', 'alibi-detect', 'neural-style-pt', 'nut', 'tensorflow', 'pytorch-frame', 'DeepPavlov', 'rasa', 'igel', 'loso', 'machine-learning', 'autogluon', 'mlens', 'scikit-learn-intelex', 'catboost', 'keras-tuner', 'shapash', 'eurybia', 'neuropredict', 'DrQA', 'deeppy', 'pytorch_geometric_temporal', 'evidently', 'detectron2', 'lightly', 'jieba', 'cleanlab', 'Petrel', 'deepface', 'caffe', 'zpar', 'mlflow', 'TResNet', 'frouros', 'maze', 'pebl', 'open-metric-learning', 'pytorch_geometric', 'neuraltalk', 'mljar-supervised', 'bokeh', 'pytorch-image-models', 'segmentation_models.pytorch', 'simpleai', 'sentiment_classifier', 'recommenders', 'chefboost', 'snownlp', 'pytensor', 'chainer', 'skll', 'pandas', 'bolt', 'dedupe', 'neurolab']"
396,16,MemberOf,view,1387,Weaknesses in the 2022 CWE Top 25 Most Dangerous Software Weaknesses,700,502,"['cornac', 'FEDOT', 'feast', 'pyod', 'matplotlib', 'DI-engine', 'Sklearn-genetic-opt', 'determined', 'opfython', 'rep', 'lambdo', 'mindsdb', 'ColossalAI', 'pyqtgraph', 'hebel', 'PCV', 'tflearn', 'statsmodels', 'deepchecks', 'backprop', 'mars', 'NeuroNER', 'sentiment-analyzer', 'haystack', 'lightning-bolts', 'transformers', 'streamlit', 'lightwood', 'face_recognition', 'prodmodel', 'joliGEN', 'ViZDoom', 'pybrain', 'mlxtend', 'bigartm', 'skorch', 'catalyst', 'evostra', 'python-recsys', 'dl-translate', 'scikit-learn', 'river', 'pytorch-lightning', 'opytimizer', 'yalign', 'ray', 'DIGITS', 'alibi', 'LightGBM', 'xgboost', 'pytorch', 'PyTorchCV', 'polyglot', 'bentoml', 'pkuseg-python', 'numpy', 'jProcessing', 'cltk', 'miraiml', 'garage', 'zipline', 'alibi-detect', 'neural-style-pt', 'nut', 'tensorflow', 'pytorch-frame', 'DeepPavlov', 'rasa', 'igel', 'loso', 'machine-learning', 'autogluon', 'mlens', 'scikit-learn-intelex', 'catboost', 'keras-tuner', 'shapash', 'eurybia', 'neuropredict', 'DrQA', 'deeppy', 'pytorch_geometric_temporal', 'evidently', 'detectron2', 'lightly', 'jieba', 'cleanlab', 'Petrel', 'deepface', 'caffe', 'zpar', 'mlflow', 'TResNet', 'frouros', 'maze', 'pebl', 'open-metric-learning', 'pytorch_geometric', 'neuraltalk', 'mljar-supervised', 'bokeh', 'pytorch-image-models', 'segmentation_models.pytorch', 'simpleai', 'sentiment_classifier', 'recommenders', 'chefboost', 'snownlp', 'pytensor', 'chainer', 'skll', 'pandas', 'bolt', 'dedupe', 'neurolab']"
397,17,MemberOf,category,1415,Comprehensive Categorization: Resource Control,700,502,"['cornac', 'FEDOT', 'feast', 'pyod', 'matplotlib', 'DI-engine', 'Sklearn-genetic-opt', 'determined', 'opfython', 'rep', 'lambdo', 'mindsdb', 'ColossalAI', 'pyqtgraph', 'hebel', 'PCV', 'tflearn', 'statsmodels', 'deepchecks', 'backprop', 'mars', 'NeuroNER', 'sentiment-analyzer', 'haystack', 'lightning-bolts', 'transformers', 'streamlit', 'lightwood', 'face_recognition', 'prodmodel', 'joliGEN', 'ViZDoom', 'pybrain', 'mlxtend', 'bigartm', 'skorch', 'catalyst', 'evostra', 'python-recsys', 'dl-translate', 'scikit-learn', 'river', 'pytorch-lightning', 'opytimizer', 'yalign', 'ray', 'DIGITS', 'alibi', 'LightGBM', 'xgboost', 'pytorch', 'PyTorchCV', 'polyglot', 'bentoml', 'pkuseg-python', 'numpy', 'jProcessing', 'cltk', 'miraiml', 'garage', 'zipline', 'alibi-detect', 'neural-style-pt', 'nut', 'tensorflow', 'pytorch-frame', 'DeepPavlov', 'rasa', 'igel', 'loso', 'machine-learning', 'autogluon', 'mlens', 'scikit-learn-intelex', 'catboost', 'keras-tuner', 'shapash', 'eurybia', 'neuropredict', 'DrQA', 'deeppy', 'pytorch_geometric_temporal', 'evidently', 'detectron2', 'lightly', 'jieba', 'cleanlab', 'Petrel', 'deepface', 'caffe', 'zpar', 'mlflow', 'TResNet', 'frouros', 'maze', 'pebl', 'open-metric-learning', 'pytorch_geometric', 'neuraltalk', 'mljar-supervised', 'bokeh', 'pytorch-image-models', 'segmentation_models.pytorch', 'simpleai', 'sentiment_classifier', 'recommenders', 'chefboost', 'snownlp', 'pytensor', 'chainer', 'skll', 'pandas', 'bolt', 'dedupe', 'neurolab']"
398,18,MemberOf,view,1425,Weaknesses in the 2023 CWE Top 25 Most Dangerous Software Weaknesses,700,502,"['cornac', 'FEDOT', 'feast', 'pyod', 'matplotlib', 'DI-engine', 'Sklearn-genetic-opt', 'determined', 'opfython', 'rep', 'lambdo', 'mindsdb', 'ColossalAI', 'pyqtgraph', 'hebel', 'PCV', 'tflearn', 'statsmodels', 'deepchecks', 'backprop', 'mars', 'NeuroNER', 'sentiment-analyzer', 'haystack', 'lightning-bolts', 'transformers', 'streamlit', 'lightwood', 'face_recognition', 'prodmodel', 'joliGEN', 'ViZDoom', 'pybrain', 'mlxtend', 'bigartm', 'skorch', 'catalyst', 'evostra', 'python-recsys', 'dl-translate', 'scikit-learn', 'river', 'pytorch-lightning', 'opytimizer', 'yalign', 'ray', 'DIGITS', 'alibi', 'LightGBM', 'xgboost', 'pytorch', 'PyTorchCV', 'polyglot', 'bentoml', 'pkuseg-python', 'numpy', 'jProcessing', 'cltk', 'miraiml', 'garage', 'zipline', 'alibi-detect', 'neural-style-pt', 'nut', 'tensorflow', 'pytorch-frame', 'DeepPavlov', 'rasa', 'igel', 'loso', 'machine-learning', 'autogluon', 'mlens', 'scikit-learn-intelex', 'catboost', 'keras-tuner', 'shapash', 'eurybia', 'neuropredict', 'DrQA', 'deeppy', 'pytorch_geometric_temporal', 'evidently', 'detectron2', 'lightly', 'jieba', 'cleanlab', 'Petrel', 'deepface', 'caffe', 'zpar', 'mlflow', 'TResNet', 'frouros', 'maze', 'pebl', 'open-metric-learning', 'pytorch_geometric', 'neuraltalk', 'mljar-supervised', 'bokeh', 'pytorch-image-models', 'segmentation_models.pytorch', 'simpleai', 'sentiment_classifier', 'recommenders', 'chefboost', 'snownlp', 'pytensor', 'chainer', 'skll', 'pandas', 'bolt', 'dedupe', 'neurolab']"
399,19,MemberOf,view,1430,Weaknesses in the 2024 CWE Top 25 Most Dangerous Software Weaknesses,700,502,"['cornac', 'FEDOT', 'feast', 'pyod', 'matplotlib', 'DI-engine', 'Sklearn-genetic-opt', 'determined', 'opfython', 'rep', 'lambdo', 'mindsdb', 'ColossalAI', 'pyqtgraph', 'hebel', 'PCV', 'tflearn', 'statsmodels', 'deepchecks', 'backprop', 'mars', 'NeuroNER', 'sentiment-analyzer', 'haystack', 'lightning-bolts', 'transformers', 'streamlit', 'lightwood', 'face_recognition', 'prodmodel', 'joliGEN', 'ViZDoom', 'pybrain', 'mlxtend', 'bigartm', 'skorch', 'catalyst', 'evostra', 'python-recsys', 'dl-translate', 'scikit-learn', 'river', 'pytorch-lightning', 'opytimizer', 'yalign', 'ray', 'DIGITS', 'alibi', 'LightGBM', 'xgboost', 'pytorch', 'PyTorchCV', 'polyglot', 'bentoml', 'pkuseg-python', 'numpy', 'jProcessing', 'cltk', 'miraiml', 'garage', 'zipline', 'alibi-detect', 'neural-style-pt', 'nut', 'tensorflow', 'pytorch-frame', 'DeepPavlov', 'rasa', 'igel', 'loso', 'machine-learning', 'autogluon', 'mlens', 'scikit-learn-intelex', 'catboost', 'keras-tuner', 'shapash', 'eurybia', 'neuropredict', 'DrQA', 'deeppy', 'pytorch_geometric_temporal', 'evidently', 'detectron2', 'lightly', 'jieba', 'cleanlab', 'Petrel', 'deepface', 'caffe', 'zpar', 'mlflow', 'TResNet', 'frouros', 'maze', 'pebl', 'open-metric-learning', 'pytorch_geometric', 'neuraltalk', 'mljar-supervised', 'bokeh', 'pytorch-image-models', 'segmentation_models.pytorch', 'simpleai', 'sentiment_classifier', 'recommenders', 'chefboost', 'snownlp', 'pytensor', 'chainer', 'skll', 'pandas', 'bolt', 'dedupe', 'neurolab']"
400,20,MemberOf,view,1435,Weaknesses in the 2025 CWE Top 25 Most Dangerous Software Weaknesses,700,502,"['cornac', 'FEDOT', 'feast', 'pyod', 'matplotlib', 'DI-engine', 'Sklearn-genetic-opt', 'determined', 'opfython', 'rep', 'lambdo', 'mindsdb', 'ColossalAI', 'pyqtgraph', 'hebel', 'PCV', 'tflearn', 'statsmodels', 'deepchecks', 'backprop', 'mars', 'NeuroNER', 'sentiment-analyzer', 'haystack', 'lightning-bolts', 'transformers', 'streamlit', 'lightwood', 'face_recognition', 'prodmodel', 'joliGEN', 'ViZDoom', 'pybrain', 'mlxtend', 'bigartm', 'skorch', 'catalyst', 'evostra', 'python-recsys', 'dl-translate', 'scikit-learn', 'river', 'pytorch-lightning', 'opytimizer', 'yalign', 'ray', 'DIGITS', 'alibi', 'LightGBM', 'xgboost', 'pytorch', 'PyTorchCV', 'polyglot', 'bentoml', 'pkuseg-python', 'numpy', 'jProcessing', 'cltk', 'miraiml', 'garage', 'zipline', 'alibi-detect', 'neural-style-pt', 'nut', 'tensorflow', 'pytorch-frame', 'DeepPavlov', 'rasa', 'igel', 'loso', 'machine-learning', 'autogluon', 'mlens', 'scikit-learn-intelex', 'catboost', 'keras-tuner', 'shapash', 'eurybia', 'neuropredict', 'DrQA', 'deeppy', 'pytorch_geometric_temporal', 'evidently', 'detectron2', 'lightly', 'jieba', 'cleanlab', 'Petrel', 'deepface', 'caffe', 'zpar', 'mlflow', 'TResNet', 'frouros', 'maze', 'pebl', 'open-metric-learning', 'pytorch_geometric', 'neuraltalk', 'mljar-supervised', 'bokeh', 'pytorch-image-models', 'segmentation_models.pytorch', 'simpleai', 'sentiment_classifier', 'recommenders', 'chefboost', 'snownlp', 'pytensor', 'chainer', 'skll', 'pandas', 'bolt', 'dedupe', 'neurolab']"
401,21,MemberOf,category,1443,OWASP Top Ten 2025 Category A08:2025 - Software or Data Integrity Failures,700,502,"['cornac', 'FEDOT', 'feast', 'pyod', 'matplotlib', 'DI-engine', 'Sklearn-genetic-opt', 'determined', 'opfython', 'rep', 'lambdo', 'mindsdb', 'ColossalAI', 'pyqtgraph', 'hebel', 'PCV', 'tflearn', 'statsmodels', 'deepchecks', 'backprop', 'mars', 'NeuroNER', 'sentiment-analyzer', 'haystack', 'lightning-bolts', 'transformers', 'streamlit', 'lightwood', 'face_recognition', 'prodmodel', 'joliGEN', 'ViZDoom', 'pybrain', 'mlxtend', 'bigartm', 'skorch', 'catalyst', 'evostra', 'python-recsys', 'dl-translate', 'scikit-learn', 'river', 'pytorch-lightning', 'opytimizer', 'yalign', 'ray', 'DIGITS', 'alibi', 'LightGBM', 'xgboost', 'pytorch', 'PyTorchCV', 'polyglot', 'bentoml', 'pkuseg-python', 'numpy', 'jProcessing', 'cltk', 'miraiml', 'garage', 'zipline', 'alibi-detect', 'neural-style-pt', 'nut', 'tensorflow', 'pytorch-frame', 'DeepPavlov', 'rasa', 'igel', 'loso', 'machine-learning', 'autogluon', 'mlens', 'scikit-learn-intelex', 'catboost', 'keras-tuner', 'shapash', 'eurybia', 'neuropredict', 'DrQA', 'deeppy', 'pytorch_geometric_temporal', 'evidently', 'detectron2', 'lightly', 'jieba', 'cleanlab', 'Petrel', 'deepface', 'caffe', 'zpar', 'mlflow', 'TResNet', 'frouros', 'maze', 'pebl', 'open-metric-learning', 'pytorch_geometric', 'neuraltalk', 'mljar-supervised', 'bokeh', 'pytorch-image-models', 'segmentation_models.pytorch', 'simpleai', 'sentiment_classifier', 'recommenders', 'chefboost', 'snownlp', 'pytensor', 'chainer', 'skll', 'pandas', 'bolt', 'dedupe', 'neurolab']"
402,22,MemberOf,category,1447,General Software Weaknesses that Appear in Products that Use or Support AI/ML Technology,700,502,"['cornac', 'FEDOT', 'feast', 'pyod', 'matplotlib', 'DI-engine', 'Sklearn-genetic-opt', 'determined', 'opfython', 'rep', 'lambdo', 'mindsdb', 'ColossalAI', 'pyqtgraph', 'hebel', 'PCV', 'tflearn', 'statsmodels', 'deepchecks', 'backprop', 'mars', 'NeuroNER', 'sentiment-analyzer', 'haystack', 'lightning-bolts', 'transformers', 'streamlit', 'lightwood', 'face_recognition', 'prodmodel', 'joliGEN', 'ViZDoom', 'pybrain', 'mlxtend', 'bigartm', 'skorch', 'catalyst', 'evostra', 'python-recsys', 'dl-translate', 'scikit-learn', 'river', 'pytorch-lightning', 'opytimizer', 'yalign', 'ray', 'DIGITS', 'alibi', 'LightGBM', 'xgboost', 'pytorch', 'PyTorchCV', 'polyglot', 'bentoml', 'pkuseg-python', 'numpy', 'jProcessing', 'cltk', 'miraiml', 'garage', 'zipline', 'alibi-detect', 'neural-style-pt', 'nut', 'tensorflow', 'pytorch-frame', 'DeepPavlov', 'rasa', 'igel', 'loso', 'machine-learning', 'autogluon', 'mlens', 'scikit-learn-intelex', 'catboost', 'keras-tuner', 'shapash', 'eurybia', 'neuropredict', 'DrQA', 'deeppy', 'pytorch_geometric_temporal', 'evidently', 'detectron2', 'lightly', 'jieba', 'cleanlab', 'Petrel', 'deepface', 'caffe', 'zpar', 'mlflow', 'TResNet', 'frouros', 'maze', 'pebl', 'open-metric-learning', 'pytorch_geometric', 'neuraltalk', 'mljar-supervised', 'bokeh', 'pytorch-image-models', 'segmentation_models.pytorch', 'simpleai', 'sentiment_classifier', 'recommenders', 'chefboost', 'snownlp', 'pytensor', 'chainer', 'skll', 'pandas', 'bolt', 'dedupe', 'neurolab']"
403,23,Self,base,502,,700,502,"['cornac', 'FEDOT', 'feast', 'pyod', 'matplotlib', 'DI-engine', 'Sklearn-genetic-opt', 'determined', 'opfython', 'rep', 'lambdo', 'mindsdb', 'ColossalAI', 'pyqtgraph', 'hebel', 'PCV', 'tflearn', 'statsmodels', 'deepchecks', 'backprop', 'mars', 'NeuroNER', 'sentiment-analyzer', 'haystack', 'lightning-bolts', 'transformers', 'streamlit', 'lightwood', 'face_recognition', 'prodmodel', 'joliGEN', 'ViZDoom', 'pybrain', 'mlxtend', 'bigartm', 'skorch', 'catalyst', 'evostra', 'python-recsys', 'dl-translate', 'scikit-learn', 'river', 'pytorch-lightning', 'opytimizer', 'yalign', 'ray', 'DIGITS', 'alibi', 'LightGBM', 'xgboost', 'pytorch', 'PyTorchCV', 'polyglot', 'bentoml', 'pkuseg-python', 'numpy', 'jProcessing', 'cltk', 'miraiml', 'garage', 'zipline', 'alibi-detect', 'neural-style-pt', 'nut', 'tensorflow', 'pytorch-frame', 'DeepPavlov', 'rasa', 'igel', 'loso', 'machine-learning', 'autogluon', 'mlens', 'scikit-learn-intelex', 'catboost', 'keras-tuner', 'shapash', 'eurybia', 'neuropredict', 'DrQA', 'deeppy', 'pytorch_geometric_temporal', 'evidently', 'detectron2', 'lightly', 'jieba', 'cleanlab', 'Petrel', 'deepface', 'caffe', 'zpar', 'mlflow', 'TResNet', 'frouros', 'maze', 'pebl', 'open-metric-learning', 'pytorch_geometric', 'neuraltalk', 'mljar-supervised', 'bokeh', 'pytorch-image-models', 'segmentation_models.pytorch', 'simpleai', 'sentiment_classifier', 'recommenders', 'chefboost', 'snownlp', 'pytensor', 'chainer', 'skll', 'pandas', 'bolt', 'dedupe', 'neurolab']"
404,0,ChildOf,class,441,Unintended Proxy or Intermediary ('Confused Deputy'),82,918,"['lightly', 'numpy', 'langflow', 'matplotlib', 'deepface', 'mlflow', 'open-webui', 'determined', 'rep', 'mindsdb', 'ColossalAI', 'cortex', 'pytorch-frame', 'danswerai', 'DeepPavlov', 'rasa', 'tflearn', 'upgini', 'machine-learning', 'ray', 'keras-tuner', 'pandas', 'gradio', 'streamlit', 'transformers', 'DIGITS', 'scikit-image']"
405,1,MemberOf,category,417,Communication Channel Errors,82,918,"['lightly', 'numpy', 'langflow', 'matplotlib', 'deepface', 'mlflow', 'open-webui', 'determined', 'rep', 'mindsdb', 'ColossalAI', 'cortex', 'pytorch-frame', 'danswerai', 'DeepPavlov', 'rasa', 'tflearn', 'upgini', 'machine-learning', 'ray', 'keras-tuner', 'pandas', 'gradio', 'streamlit', 'transformers', 'DIGITS', 'scikit-image']"
406,2,ChildOf,class,610,Externally Controlled Reference to a Resource in Another Sphere,82,918,"['lightly', 'numpy', 'langflow', 'matplotlib', 'deepface', 'mlflow', 'open-webui', 'determined', 'rep', 'mindsdb', 'ColossalAI', 'cortex', 'pytorch-frame', 'danswerai', 'DeepPavlov', 'rasa', 'tflearn', 'upgini', 'machine-learning', 'ray', 'keras-tuner', 'pandas', 'gradio', 'streamlit', 'transformers', 'DIGITS', 'scikit-image']"
407,3,MemberOf,view,1337,Weaknesses in the 2021 CWE Top 25 Most Dangerous Software Weaknesses,82,918,"['lightly', 'numpy', 'langflow', 'matplotlib', 'deepface', 'mlflow', 'open-webui', 'determined', 'rep', 'mindsdb', 'ColossalAI', 'cortex', 'pytorch-frame', 'danswerai', 'DeepPavlov', 'rasa', 'tflearn', 'upgini', 'machine-learning', 'ray', 'keras-tuner', 'pandas', 'gradio', 'streamlit', 'transformers', 'DIGITS', 'scikit-image']"
408,4,MemberOf,category,1356,OWASP Top Ten 2021 Category A10:2021 - Server-Side Request Forgery (SSRF),82,918,"['lightly', 'numpy', 'langflow', 'matplotlib', 'deepface', 'mlflow', 'open-webui', 'determined', 'rep', 'mindsdb', 'ColossalAI', 'cortex', 'pytorch-frame', 'danswerai', 'DeepPavlov', 'rasa', 'tflearn', 'upgini', 'machine-learning', 'ray', 'keras-tuner', 'pandas', 'gradio', 'streamlit', 'transformers', 'DIGITS', 'scikit-image']"
409,5,MemberOf,view,1387,Weaknesses in the 2022 CWE Top 25 Most Dangerous Software Weaknesses,82,918,"['lightly', 'numpy', 'langflow', 'matplotlib', 'deepface', 'mlflow', 'open-webui', 'determined', 'rep', 'mindsdb', 'ColossalAI', 'cortex', 'pytorch-frame', 'danswerai', 'DeepPavlov', 'rasa', 'tflearn', 'upgini', 'machine-learning', 'ray', 'keras-tuner', 'pandas', 'gradio', 'streamlit', 'transformers', 'DIGITS', 'scikit-image']"
410,6,MemberOf,category,1396,Comprehensive Categorization: Access Control,82,918,"['lightly', 'numpy', 'langflow', 'matplotlib', 'deepface', 'mlflow', 'open-webui', 'determined', 'rep', 'mindsdb', 'ColossalAI', 'cortex', 'pytorch-frame', 'danswerai', 'DeepPavlov', 'rasa', 'tflearn', 'upgini', 'machine-learning', 'ray', 'keras-tuner', 'pandas', 'gradio', 'streamlit', 'transformers', 'DIGITS', 'scikit-image']"
411,7,MemberOf,view,1425,Weaknesses in the 2023 CWE Top 25 Most Dangerous Software Weaknesses,82,918,"['lightly', 'numpy', 'langflow', 'matplotlib', 'deepface', 'mlflow', 'open-webui', 'determined', 'rep', 'mindsdb', 'ColossalAI', 'cortex', 'pytorch-frame', 'danswerai', 'DeepPavlov', 'rasa', 'tflearn', 'upgini', 'machine-learning', 'ray', 'keras-tuner', 'pandas', 'gradio', 'streamlit', 'transformers', 'DIGITS', 'scikit-image']"
412,8,MemberOf,view,1430,Weaknesses in the 2024 CWE Top 25 Most Dangerous Software Weaknesses,82,918,"['lightly', 'numpy', 'langflow', 'matplotlib', 'deepface', 'mlflow', 'open-webui', 'determined', 'rep', 'mindsdb', 'ColossalAI', 'cortex', 'pytorch-frame', 'danswerai', 'DeepPavlov', 'rasa', 'tflearn', 'upgini', 'machine-learning', 'ray', 'keras-tuner', 'pandas', 'gradio', 'streamlit', 'transformers', 'DIGITS', 'scikit-image']"
413,9,MemberOf,view,1435,Weaknesses in the 2025 CWE Top 25 Most Dangerous Software Weaknesses,82,918,"['lightly', 'numpy', 'langflow', 'matplotlib', 'deepface', 'mlflow', 'open-webui', 'determined', 'rep', 'mindsdb', 'ColossalAI', 'cortex', 'pytorch-frame', 'danswerai', 'DeepPavlov', 'rasa', 'tflearn', 'upgini', 'machine-learning', 'ray', 'keras-tuner', 'pandas', 'gradio', 'streamlit', 'transformers', 'DIGITS', 'scikit-image']"
414,10,MemberOf,category,1436,OWASP Top Ten 2025 Category A01:2025 - Broken Access Control,82,918,"['lightly', 'numpy', 'langflow', 'matplotlib', 'deepface', 'mlflow', 'open-webui', 'determined', 'rep', 'mindsdb', 'ColossalAI', 'cortex', 'pytorch-frame', 'danswerai', 'DeepPavlov', 'rasa', 'tflearn', 'upgini', 'machine-learning', 'ray', 'keras-tuner', 'pandas', 'gradio', 'streamlit', 'transformers', 'DIGITS', 'scikit-image']"
415,11,MemberOf,category,1447,General Software Weaknesses that Appear in Products that Use or Support AI/ML Technology,82,918,"['lightly', 'numpy', 'langflow', 'matplotlib', 'deepface', 'mlflow', 'open-webui', 'determined', 'rep', 'mindsdb', 'ColossalAI', 'cortex', 'pytorch-frame', 'danswerai', 'DeepPavlov', 'rasa', 'tflearn', 'upgini', 'machine-learning', 'ray', 'keras-tuner', 'pandas', 'gradio', 'streamlit', 'transformers', 'DIGITS', 'scikit-image']"
416,12,Self,base,918,,82,918,"['lightly', 'numpy', 'langflow', 'matplotlib', 'deepface', 'mlflow', 'open-webui', 'determined', 'rep', 'mindsdb', 'ColossalAI', 'cortex', 'pytorch-frame', 'danswerai', 'DeepPavlov', 'rasa', 'tflearn', 'upgini', 'machine-learning', 'ray', 'keras-tuner', 'pandas', 'gradio', 'streamlit', 'transformers', 'DIGITS', 'scikit-image']"
417,0,ChildOf,pillar,707,Improper Neutralization,3,20,"['lightly', 'ViZDoom', 'numpy', 'feast', 'langflow', 'mlflow', 'open-webui', 'retro', 'mindsdb', 'pydantic', 'nalp', 'danswerai', 'rasa', 'pattern', 'superset', 'bokeh', 'Auto_ViML', 'fastapi', 'spammy', 'ray', 'PySyft', 'pytensor', 'pytorch', 'gradio', 'streamlit', 'transformers', 'DIGITS', 'AutoViz']"
418,1,ParentOf,base,179,Incorrect Behavior Order: Early Validation,3,20,"['lightly', 'ViZDoom', 'numpy', 'feast', 'langflow', 'mlflow', 'open-webui', 'retro', 'mindsdb', 'pydantic', 'nalp', 'danswerai', 'rasa', 'pattern', 'superset', 'bokeh', 'Auto_ViML', 'fastapi', 'spammy', 'ray', 'PySyft', 'pytensor', 'pytorch', 'gradio', 'streamlit', 'transformers', 'DIGITS', 'AutoViz']"
419,2,ParentOf,variant,622,Improper Validation of Function Hook Arguments,3,20,"['lightly', 'ViZDoom', 'numpy', 'feast', 'langflow', 'mlflow', 'open-webui', 'retro', 'mindsdb', 'pydantic', 'nalp', 'danswerai', 'rasa', 'pattern', 'superset', 'bokeh', 'Auto_ViML', 'fastapi', 'spammy', 'ray', 'PySyft', 'pytensor', 'pytorch', 'gradio', 'streamlit', 'transformers', 'DIGITS', 'AutoViz']"
420,3,ParentOf,base,1173,Improper Use of Validation Framework,3,20,"['lightly', 'ViZDoom', 'numpy', 'feast', 'langflow', 'mlflow', 'open-webui', 'retro', 'mindsdb', 'pydantic', 'nalp', 'danswerai', 'rasa', 'pattern', 'superset', 'bokeh', 'Auto_ViML', 'fastapi', 'spammy', 'ray', 'PySyft', 'pytensor', 'pytorch', 'gradio', 'streamlit', 'transformers', 'DIGITS', 'AutoViz']"
421,4,ParentOf,base,1284,Improper Validation of Specified Quantity in Input,3,20,"['lightly', 'ViZDoom', 'numpy', 'feast', 'langflow', 'mlflow', 'open-webui', 'retro', 'mindsdb', 'pydantic', 'nalp', 'danswerai', 'rasa', 'pattern', 'superset', 'bokeh', 'Auto_ViML', 'fastapi', 'spammy', 'ray', 'PySyft', 'pytensor', 'pytorch', 'gradio', 'streamlit', 'transformers', 'DIGITS', 'AutoViz']"
422,5,ParentOf,base,1285,"Improper Validation of Specified Index, Position, or Offset in Input",3,20,"['lightly', 'ViZDoom', 'numpy', 'feast', 'langflow', 'mlflow', 'open-webui', 'retro', 'mindsdb', 'pydantic', 'nalp', 'danswerai', 'rasa', 'pattern', 'superset', 'bokeh', 'Auto_ViML', 'fastapi', 'spammy', 'ray', 'PySyft', 'pytensor', 'pytorch', 'gradio', 'streamlit', 'transformers', 'DIGITS', 'AutoViz']"
423,6,ParentOf,base,1286,Improper Validation of Syntactic Correctness of Input,3,20,"['lightly', 'ViZDoom', 'numpy', 'feast', 'langflow', 'mlflow', 'open-webui', 'retro', 'mindsdb', 'pydantic', 'nalp', 'danswerai', 'rasa', 'pattern', 'superset', 'bokeh', 'Auto_ViML', 'fastapi', 'spammy', 'ray', 'PySyft', 'pytensor', 'pytorch', 'gradio', 'streamlit', 'transformers', 'DIGITS', 'AutoViz']"
424,7,ParentOf,base,1287,Improper Validation of Specified Type of Input,3,20,"['lightly', 'ViZDoom', 'numpy', 'feast', 'langflow', 'mlflow', 'open-webui', 'retro', 'mindsdb', 'pydantic', 'nalp', 'danswerai', 'rasa', 'pattern', 'superset', 'bokeh', 'Auto_ViML', 'fastapi', 'spammy', 'ray', 'PySyft', 'pytensor', 'pytorch', 'gradio', 'streamlit', 'transformers', 'DIGITS', 'AutoViz']"
425,8,ParentOf,base,1288,Improper Validation of Consistency within Input,3,20,"['lightly', 'ViZDoom', 'numpy', 'feast', 'langflow', 'mlflow', 'open-webui', 'retro', 'mindsdb', 'pydantic', 'nalp', 'danswerai', 'rasa', 'pattern', 'superset', 'bokeh', 'Auto_ViML', 'fastapi', 'spammy', 'ray', 'PySyft', 'pytensor', 'pytorch', 'gradio', 'streamlit', 'transformers', 'DIGITS', 'AutoViz']"
426,9,ParentOf,base,1289,Improper Validation of Unsafe Equivalence in Input,3,20,"['lightly', 'ViZDoom', 'numpy', 'feast', 'langflow', 'mlflow', 'open-webui', 'retro', 'mindsdb', 'pydantic', 'nalp', 'danswerai', 'rasa', 'pattern', 'superset', 'bokeh', 'Auto_ViML', 'fastapi', 'spammy', 'ray', 'PySyft', 'pytensor', 'pytorch', 'gradio', 'streamlit', 'transformers', 'DIGITS', 'AutoViz']"
427,10,PeerOf,class,345,Insufficient Verification of Data Authenticity,3,20,"['lightly', 'ViZDoom', 'numpy', 'feast', 'langflow', 'mlflow', 'open-webui', 'retro', 'mindsdb', 'pydantic', 'nalp', 'danswerai', 'rasa', 'pattern', 'superset', 'bokeh', 'Auto_ViML', 'fastapi', 'spammy', 'ray', 'PySyft', 'pytensor', 'pytorch', 'gradio', 'streamlit', 'transformers', 'DIGITS', 'AutoViz']"
428,11,CanPrecede,base,22,Improper Limitation of a Pathname to a Restricted Directory ('Path Traversal'),3,20,"['lightly', 'ViZDoom', 'numpy', 'feast', 'langflow', 'mlflow', 'open-webui', 'retro', 'mindsdb', 'pydantic', 'nalp', 'danswerai', 'rasa', 'pattern', 'superset', 'bokeh', 'Auto_ViML', 'fastapi', 'spammy', 'ray', 'PySyft', 'pytensor', 'pytorch', 'gradio', 'streamlit', 'transformers', 'DIGITS', 'AutoViz']"
429,12,CanPrecede,base,41,Improper Resolution of Path Equivalence,3,20,"['lightly', 'ViZDoom', 'numpy', 'feast', 'langflow', 'mlflow', 'open-webui', 'retro', 'mindsdb', 'pydantic', 'nalp', 'danswerai', 'rasa', 'pattern', 'superset', 'bokeh', 'Auto_ViML', 'fastapi', 'spammy', 'ray', 'PySyft', 'pytensor', 'pytorch', 'gradio', 'streamlit', 'transformers', 'DIGITS', 'AutoViz']"
430,13,CanPrecede,class,74,Improper Neutralization of Special Elements in Output Used by a Downstream Component ('Injection'),3,20,"['lightly', 'ViZDoom', 'numpy', 'feast', 'langflow', 'mlflow', 'open-webui', 'retro', 'mindsdb', 'pydantic', 'nalp', 'danswerai', 'rasa', 'pattern', 'superset', 'bokeh', 'Auto_ViML', 'fastapi', 'spammy', 'ray', 'PySyft', 'pytensor', 'pytorch', 'gradio', 'streamlit', 'transformers', 'DIGITS', 'AutoViz']"
431,14,CanPrecede,class,119,Improper Restriction of Operations within the Bounds of a Memory Buffer,3,20,"['lightly', 'ViZDoom', 'numpy', 'feast', 'langflow', 'mlflow', 'open-webui', 'retro', 'mindsdb', 'pydantic', 'nalp', 'danswerai', 'rasa', 'pattern', 'superset', 'bokeh', 'Auto_ViML', 'fastapi', 'spammy', 'ray', 'PySyft', 'pytensor', 'pytorch', 'gradio', 'streamlit', 'transformers', 'DIGITS', 'AutoViz']"
432,15,CanPrecede,base,770,Allocation of Resources Without Limits or Throttling,3,20,"['lightly', 'ViZDoom', 'numpy', 'feast', 'langflow', 'mlflow', 'open-webui', 'retro', 'mindsdb', 'pydantic', 'nalp', 'danswerai', 'rasa', 'pattern', 'superset', 'bokeh', 'Auto_ViML', 'fastapi', 'spammy', 'ray', 'PySyft', 'pytensor', 'pytorch', 'gradio', 'streamlit', 'transformers', 'DIGITS', 'AutoViz']"
433,16,MemberOf,view,1003,Weaknesses for Simplified Mapping of Published Vulnerabilities,3,20,"['lightly', 'ViZDoom', 'numpy', 'feast', 'langflow', 'mlflow', 'open-webui', 'retro', 'mindsdb', 'pydantic', 'nalp', 'danswerai', 'rasa', 'pattern', 'superset', 'bokeh', 'Auto_ViML', 'fastapi', 'spammy', 'ray', 'PySyft', 'pytensor', 'pytorch', 'gradio', 'streamlit', 'transformers', 'DIGITS', 'AutoViz']"
434,17,ParentOf,variant,129,Improper Validation of Array Index,3,20,"['lightly', 'ViZDoom', 'numpy', 'feast', 'langflow', 'mlflow', 'open-webui', 'retro', 'mindsdb', 'pydantic', 'nalp', 'danswerai', 'rasa', 'pattern', 'superset', 'bokeh', 'Auto_ViML', 'fastapi', 'spammy', 'ray', 'PySyft', 'pytensor', 'pytorch', 'gradio', 'streamlit', 'transformers', 'DIGITS', 'AutoViz']"
435,18,ParentOf,base,1284,Improper Validation of Specified Quantity in Input,3,20,"['lightly', 'ViZDoom', 'numpy', 'feast', 'langflow', 'mlflow', 'open-webui', 'retro', 'mindsdb', 'pydantic', 'nalp', 'danswerai', 'rasa', 'pattern', 'superset', 'bokeh', 'Auto_ViML', 'fastapi', 'spammy', 'ray', 'PySyft', 'pytensor', 'pytorch', 'gradio', 'streamlit', 'transformers', 'DIGITS', 'AutoViz']"
436,19,MemberOf,category,1019,Validate Inputs,3,20,"['lightly', 'ViZDoom', 'numpy', 'feast', 'langflow', 'mlflow', 'open-webui', 'retro', 'mindsdb', 'pydantic', 'nalp', 'danswerai', 'rasa', 'pattern', 'superset', 'bokeh', 'Auto_ViML', 'fastapi', 'spammy', 'ray', 'PySyft', 'pytensor', 'pytorch', 'gradio', 'streamlit', 'transformers', 'DIGITS', 'AutoViz']"
437,20,ParentOf,base,15,External Control of System or Configuration Setting,3,20,"['lightly', 'ViZDoom', 'numpy', 'feast', 'langflow', 'mlflow', 'open-webui', 'retro', 'mindsdb', 'pydantic', 'nalp', 'danswerai', 'rasa', 'pattern', 'superset', 'bokeh', 'Auto_ViML', 'fastapi', 'spammy', 'ray', 'PySyft', 'pytensor', 'pytorch', 'gradio', 'streamlit', 'transformers', 'DIGITS', 'AutoViz']"
438,21,ParentOf,base,73,External Control of File Name or Path,3,20,"['lightly', 'ViZDoom', 'numpy', 'feast', 'langflow', 'mlflow', 'open-webui', 'retro', 'mindsdb', 'pydantic', 'nalp', 'danswerai', 'rasa', 'pattern', 'superset', 'bokeh', 'Auto_ViML', 'fastapi', 'spammy', 'ray', 'PySyft', 'pytensor', 'pytorch', 'gradio', 'streamlit', 'transformers', 'DIGITS', 'AutoViz']"
439,22,ParentOf,variant,102,Struts: Duplicate Validation Forms,3,20,"['lightly', 'ViZDoom', 'numpy', 'feast', 'langflow', 'mlflow', 'open-webui', 'retro', 'mindsdb', 'pydantic', 'nalp', 'danswerai', 'rasa', 'pattern', 'superset', 'bokeh', 'Auto_ViML', 'fastapi', 'spammy', 'ray', 'PySyft', 'pytensor', 'pytorch', 'gradio', 'streamlit', 'transformers', 'DIGITS', 'AutoViz']"
440,23,ParentOf,variant,103,Struts: Incomplete validate() Method Definition,3,20,"['lightly', 'ViZDoom', 'numpy', 'feast', 'langflow', 'mlflow', 'open-webui', 'retro', 'mindsdb', 'pydantic', 'nalp', 'danswerai', 'rasa', 'pattern', 'superset', 'bokeh', 'Auto_ViML', 'fastapi', 'spammy', 'ray', 'PySyft', 'pytensor', 'pytorch', 'gradio', 'streamlit', 'transformers', 'DIGITS', 'AutoViz']"
441,24,ParentOf,variant,104,Struts: Form Bean Does Not Extend Validation Class,3,20,"['lightly', 'ViZDoom', 'numpy', 'feast', 'langflow', 'mlflow', 'open-webui', 'retro', 'mindsdb', 'pydantic', 'nalp', 'danswerai', 'rasa', 'pattern', 'superset', 'bokeh', 'Auto_ViML', 'fastapi', 'spammy', 'ray', 'PySyft', 'pytensor', 'pytorch', 'gradio', 'streamlit', 'transformers', 'DIGITS', 'AutoViz']"
442,25,ParentOf,variant,105,Struts: Form Field Without Validator,3,20,"['lightly', 'ViZDoom', 'numpy', 'feast', 'langflow', 'mlflow', 'open-webui', 'retro', 'mindsdb', 'pydantic', 'nalp', 'danswerai', 'rasa', 'pattern', 'superset', 'bokeh', 'Auto_ViML', 'fastapi', 'spammy', 'ray', 'PySyft', 'pytensor', 'pytorch', 'gradio', 'streamlit', 'transformers', 'DIGITS', 'AutoViz']"
443,26,ParentOf,variant,106,Struts: Plug-in Framework not in Use,3,20,"['lightly', 'ViZDoom', 'numpy', 'feast', 'langflow', 'mlflow', 'open-webui', 'retro', 'mindsdb', 'pydantic', 'nalp', 'danswerai', 'rasa', 'pattern', 'superset', 'bokeh', 'Auto_ViML', 'fastapi', 'spammy', 'ray', 'PySyft', 'pytensor', 'pytorch', 'gradio', 'streamlit', 'transformers', 'DIGITS', 'AutoViz']"
444,27,ParentOf,variant,107,Struts: Unused Validation Form,3,20,"['lightly', 'ViZDoom', 'numpy', 'feast', 'langflow', 'mlflow', 'open-webui', 'retro', 'mindsdb', 'pydantic', 'nalp', 'danswerai', 'rasa', 'pattern', 'superset', 'bokeh', 'Auto_ViML', 'fastapi', 'spammy', 'ray', 'PySyft', 'pytensor', 'pytorch', 'gradio', 'streamlit', 'transformers', 'DIGITS', 'AutoViz']"
445,28,ParentOf,variant,108,Struts: Unvalidated Action Form,3,20,"['lightly', 'ViZDoom', 'numpy', 'feast', 'langflow', 'mlflow', 'open-webui', 'retro', 'mindsdb', 'pydantic', 'nalp', 'danswerai', 'rasa', 'pattern', 'superset', 'bokeh', 'Auto_ViML', 'fastapi', 'spammy', 'ray', 'PySyft', 'pytensor', 'pytorch', 'gradio', 'streamlit', 'transformers', 'DIGITS', 'AutoViz']"
446,29,ParentOf,variant,109,Struts: Validator Turned Off,3,20,"['lightly', 'ViZDoom', 'numpy', 'feast', 'langflow', 'mlflow', 'open-webui', 'retro', 'mindsdb', 'pydantic', 'nalp', 'danswerai', 'rasa', 'pattern', 'superset', 'bokeh', 'Auto_ViML', 'fastapi', 'spammy', 'ray', 'PySyft', 'pytensor', 'pytorch', 'gradio', 'streamlit', 'transformers', 'DIGITS', 'AutoViz']"
447,30,ParentOf,variant,110,Struts: Validator Without Form Field,3,20,"['lightly', 'ViZDoom', 'numpy', 'feast', 'langflow', 'mlflow', 'open-webui', 'retro', 'mindsdb', 'pydantic', 'nalp', 'danswerai', 'rasa', 'pattern', 'superset', 'bokeh', 'Auto_ViML', 'fastapi', 'spammy', 'ray', 'PySyft', 'pytensor', 'pytorch', 'gradio', 'streamlit', 'transformers', 'DIGITS', 'AutoViz']"
448,31,ParentOf,variant,111,Direct Use of Unsafe JNI,3,20,"['lightly', 'ViZDoom', 'numpy', 'feast', 'langflow', 'mlflow', 'open-webui', 'retro', 'mindsdb', 'pydantic', 'nalp', 'danswerai', 'rasa', 'pattern', 'superset', 'bokeh', 'Auto_ViML', 'fastapi', 'spammy', 'ray', 'PySyft', 'pytensor', 'pytorch', 'gradio', 'streamlit', 'transformers', 'DIGITS', 'AutoViz']"
449,32,ParentOf,base,112,Missing XML Validation,3,20,"['lightly', 'ViZDoom', 'numpy', 'feast', 'langflow', 'mlflow', 'open-webui', 'retro', 'mindsdb', 'pydantic', 'nalp', 'danswerai', 'rasa', 'pattern', 'superset', 'bokeh', 'Auto_ViML', 'fastapi', 'spammy', 'ray', 'PySyft', 'pytensor', 'pytorch', 'gradio', 'streamlit', 'transformers', 'DIGITS', 'AutoViz']"
450,33,ParentOf,variant,113,Improper Neutralization of CRLF Sequences in HTTP Headers ('HTTP Request/Response Splitting'),3,20,"['lightly', 'ViZDoom', 'numpy', 'feast', 'langflow', 'mlflow', 'open-webui', 'retro', 'mindsdb', 'pydantic', 'nalp', 'danswerai', 'rasa', 'pattern', 'superset', 'bokeh', 'Auto_ViML', 'fastapi', 'spammy', 'ray', 'PySyft', 'pytensor', 'pytorch', 'gradio', 'streamlit', 'transformers', 'DIGITS', 'AutoViz']"
451,34,ParentOf,class,114,Process Control,3,20,"['lightly', 'ViZDoom', 'numpy', 'feast', 'langflow', 'mlflow', 'open-webui', 'retro', 'mindsdb', 'pydantic', 'nalp', 'danswerai', 'rasa', 'pattern', 'superset', 'bokeh', 'Auto_ViML', 'fastapi', 'spammy', 'ray', 'PySyft', 'pytensor', 'pytorch', 'gradio', 'streamlit', 'transformers', 'DIGITS', 'AutoViz']"
452,35,ParentOf,base,117,Improper Output Neutralization for Logs,3,20,"['lightly', 'ViZDoom', 'numpy', 'feast', 'langflow', 'mlflow', 'open-webui', 'retro', 'mindsdb', 'pydantic', 'nalp', 'danswerai', 'rasa', 'pattern', 'superset', 'bokeh', 'Auto_ViML', 'fastapi', 'spammy', 'ray', 'PySyft', 'pytensor', 'pytorch', 'gradio', 'streamlit', 'transformers', 'DIGITS', 'AutoViz']"
453,36,ParentOf,class,119,Improper Restriction of Operations within the Bounds of a Memory Buffer,3,20,"['lightly', 'ViZDoom', 'numpy', 'feast', 'langflow', 'mlflow', 'open-webui', 'retro', 'mindsdb', 'pydantic', 'nalp', 'danswerai', 'rasa', 'pattern', 'superset', 'bokeh', 'Auto_ViML', 'fastapi', 'spammy', 'ray', 'PySyft', 'pytensor', 'pytorch', 'gradio', 'streamlit', 'transformers', 'DIGITS', 'AutoViz']"
454,37,ParentOf,base,120,Buffer Copy without Checking Size of Input ('Classic Buffer Overflow'),3,20,"['lightly', 'ViZDoom', 'numpy', 'feast', 'langflow', 'mlflow', 'open-webui', 'retro', 'mindsdb', 'pydantic', 'nalp', 'danswerai', 'rasa', 'pattern', 'superset', 'bokeh', 'Auto_ViML', 'fastapi', 'spammy', 'ray', 'PySyft', 'pytensor', 'pytorch', 'gradio', 'streamlit', 'transformers', 'DIGITS', 'AutoViz']"
455,38,ParentOf,base,134,Use of Externally-Controlled Format String,3,20,"['lightly', 'ViZDoom', 'numpy', 'feast', 'langflow', 'mlflow', 'open-webui', 'retro', 'mindsdb', 'pydantic', 'nalp', 'danswerai', 'rasa', 'pattern', 'superset', 'bokeh', 'Auto_ViML', 'fastapi', 'spammy', 'ray', 'PySyft', 'pytensor', 'pytorch', 'gradio', 'streamlit', 'transformers', 'DIGITS', 'AutoViz']"
456,39,ParentOf,base,170,Improper Null Termination,3,20,"['lightly', 'ViZDoom', 'numpy', 'feast', 'langflow', 'mlflow', 'open-webui', 'retro', 'mindsdb', 'pydantic', 'nalp', 'danswerai', 'rasa', 'pattern', 'superset', 'bokeh', 'Auto_ViML', 'fastapi', 'spammy', 'ray', 'PySyft', 'pytensor', 'pytorch', 'gradio', 'streamlit', 'transformers', 'DIGITS', 'AutoViz']"
457,40,ParentOf,base,190,Integer Overflow or Wraparound,3,20,"['lightly', 'ViZDoom', 'numpy', 'feast', 'langflow', 'mlflow', 'open-webui', 'retro', 'mindsdb', 'pydantic', 'nalp', 'danswerai', 'rasa', 'pattern', 'superset', 'bokeh', 'Auto_ViML', 'fastapi', 'spammy', 'ray', 'PySyft', 'pytensor', 'pytorch', 'gradio', 'streamlit', 'transformers', 'DIGITS', 'AutoViz']"
458,41,ParentOf,base,466,Return of Pointer Value Outside of Expected Range,3,20,"['lightly', 'ViZDoom', 'numpy', 'feast', 'langflow', 'mlflow', 'open-webui', 'retro', 'mindsdb', 'pydantic', 'nalp', 'danswerai', 'rasa', 'pattern', 'superset', 'bokeh', 'Auto_ViML', 'fastapi', 'spammy', 'ray', 'PySyft', 'pytensor', 'pytorch', 'gradio', 'streamlit', 'transformers', 'DIGITS', 'AutoViz']"
459,42,ParentOf,base,470,Use of Externally-Controlled Input to Select Classes or Code ('Unsafe Reflection'),3,20,"['lightly', 'ViZDoom', 'numpy', 'feast', 'langflow', 'mlflow', 'open-webui', 'retro', 'mindsdb', 'pydantic', 'nalp', 'danswerai', 'rasa', 'pattern', 'superset', 'bokeh', 'Auto_ViML', 'fastapi', 'spammy', 'ray', 'PySyft', 'pytensor', 'pytorch', 'gradio', 'streamlit', 'transformers', 'DIGITS', 'AutoViz']"
460,43,ParentOf,variant,785,Use of Path Manipulation Function without Maximum-sized Buffer,3,20,"['lightly', 'ViZDoom', 'numpy', 'feast', 'langflow', 'mlflow', 'open-webui', 'retro', 'mindsdb', 'pydantic', 'nalp', 'danswerai', 'rasa', 'pattern', 'superset', 'bokeh', 'Auto_ViML', 'fastapi', 'spammy', 'ray', 'PySyft', 'pytensor', 'pytorch', 'gradio', 'streamlit', 'transformers', 'DIGITS', 'AutoViz']"
461,44,MemberOf,view,635,Weaknesses Originally Used by NVD from 2008 to 2016,3,20,"['lightly', 'ViZDoom', 'numpy', 'feast', 'langflow', 'mlflow', 'open-webui', 'retro', 'mindsdb', 'pydantic', 'nalp', 'danswerai', 'rasa', 'pattern', 'superset', 'bokeh', 'Auto_ViML', 'fastapi', 'spammy', 'ray', 'PySyft', 'pytensor', 'pytorch', 'gradio', 'streamlit', 'transformers', 'DIGITS', 'AutoViz']"
462,45,MemberOf,category,722,OWASP Top Ten 2004 Category A1 - Unvalidated Input,3,20,"['lightly', 'ViZDoom', 'numpy', 'feast', 'langflow', 'mlflow', 'open-webui', 'retro', 'mindsdb', 'pydantic', 'nalp', 'danswerai', 'rasa', 'pattern', 'superset', 'bokeh', 'Auto_ViML', 'fastapi', 'spammy', 'ray', 'PySyft', 'pytensor', 'pytorch', 'gradio', 'streamlit', 'transformers', 'DIGITS', 'AutoViz']"
463,46,MemberOf,category,738,CERT C Secure Coding Standard (2008) Chapter 5 - Integers (INT),3,20,"['lightly', 'ViZDoom', 'numpy', 'feast', 'langflow', 'mlflow', 'open-webui', 'retro', 'mindsdb', 'pydantic', 'nalp', 'danswerai', 'rasa', 'pattern', 'superset', 'bokeh', 'Auto_ViML', 'fastapi', 'spammy', 'ray', 'PySyft', 'pytensor', 'pytorch', 'gradio', 'streamlit', 'transformers', 'DIGITS', 'AutoViz']"
464,47,MemberOf,category,742,CERT C Secure Coding Standard (2008) Chapter 9 - Memory Management (MEM),3,20,"['lightly', 'ViZDoom', 'numpy', 'feast', 'langflow', 'mlflow', 'open-webui', 'retro', 'mindsdb', 'pydantic', 'nalp', 'danswerai', 'rasa', 'pattern', 'superset', 'bokeh', 'Auto_ViML', 'fastapi', 'spammy', 'ray', 'PySyft', 'pytensor', 'pytorch', 'gradio', 'streamlit', 'transformers', 'DIGITS', 'AutoViz']"
465,48,MemberOf,category,746,CERT C Secure Coding Standard (2008) Chapter 13 - Error Handling (ERR),3,20,"['lightly', 'ViZDoom', 'numpy', 'feast', 'langflow', 'mlflow', 'open-webui', 'retro', 'mindsdb', 'pydantic', 'nalp', 'danswerai', 'rasa', 'pattern', 'superset', 'bokeh', 'Auto_ViML', 'fastapi', 'spammy', 'ray', 'PySyft', 'pytensor', 'pytorch', 'gradio', 'streamlit', 'transformers', 'DIGITS', 'AutoViz']"
466,49,MemberOf,category,747,CERT C Secure Coding Standard (2008) Chapter 14 - Miscellaneous (MSC),3,20,"['lightly', 'ViZDoom', 'numpy', 'feast', 'langflow', 'mlflow', 'open-webui', 'retro', 'mindsdb', 'pydantic', 'nalp', 'danswerai', 'rasa', 'pattern', 'superset', 'bokeh', 'Auto_ViML', 'fastapi', 'spammy', 'ray', 'PySyft', 'pytensor', 'pytorch', 'gradio', 'streamlit', 'transformers', 'DIGITS', 'AutoViz']"
467,50,MemberOf,category,751,2009 Top 25 - Insecure Interaction Between Components,3,20,"['lightly', 'ViZDoom', 'numpy', 'feast', 'langflow', 'mlflow', 'open-webui', 'retro', 'mindsdb', 'pydantic', 'nalp', 'danswerai', 'rasa', 'pattern', 'superset', 'bokeh', 'Auto_ViML', 'fastapi', 'spammy', 'ray', 'PySyft', 'pytensor', 'pytorch', 'gradio', 'streamlit', 'transformers', 'DIGITS', 'AutoViz']"
468,51,MemberOf,category,872,CERT C++ Secure Coding Section 04 - Integers (INT),3,20,"['lightly', 'ViZDoom', 'numpy', 'feast', 'langflow', 'mlflow', 'open-webui', 'retro', 'mindsdb', 'pydantic', 'nalp', 'danswerai', 'rasa', 'pattern', 'superset', 'bokeh', 'Auto_ViML', 'fastapi', 'spammy', 'ray', 'PySyft', 'pytensor', 'pytorch', 'gradio', 'streamlit', 'transformers', 'DIGITS', 'AutoViz']"
469,52,MemberOf,category,876,CERT C++ Secure Coding Section 08 - Memory Management (MEM),3,20,"['lightly', 'ViZDoom', 'numpy', 'feast', 'langflow', 'mlflow', 'open-webui', 'retro', 'mindsdb', 'pydantic', 'nalp', 'danswerai', 'rasa', 'pattern', 'superset', 'bokeh', 'Auto_ViML', 'fastapi', 'spammy', 'ray', 'PySyft', 'pytensor', 'pytorch', 'gradio', 'streamlit', 'transformers', 'DIGITS', 'AutoViz']"
470,53,MemberOf,category,883,CERT C++ Secure Coding Section 49 - Miscellaneous (MSC),3,20,"['lightly', 'ViZDoom', 'numpy', 'feast', 'langflow', 'mlflow', 'open-webui', 'retro', 'mindsdb', 'pydantic', 'nalp', 'danswerai', 'rasa', 'pattern', 'superset', 'bokeh', 'Auto_ViML', 'fastapi', 'spammy', 'ray', 'PySyft', 'pytensor', 'pytorch', 'gradio', 'streamlit', 'transformers', 'DIGITS', 'AutoViz']"
471,54,MemberOf,category,994,SFP Secondary Cluster: Tainted Input to Variable,3,20,"['lightly', 'ViZDoom', 'numpy', 'feast', 'langflow', 'mlflow', 'open-webui', 'retro', 'mindsdb', 'pydantic', 'nalp', 'danswerai', 'rasa', 'pattern', 'superset', 'bokeh', 'Auto_ViML', 'fastapi', 'spammy', 'ray', 'PySyft', 'pytensor', 'pytorch', 'gradio', 'streamlit', 'transformers', 'DIGITS', 'AutoViz']"
472,55,MemberOf,category,1005,7PK - Input Validation and Representation,3,20,"['lightly', 'ViZDoom', 'numpy', 'feast', 'langflow', 'mlflow', 'open-webui', 'retro', 'mindsdb', 'pydantic', 'nalp', 'danswerai', 'rasa', 'pattern', 'superset', 'bokeh', 'Auto_ViML', 'fastapi', 'spammy', 'ray', 'PySyft', 'pytensor', 'pytorch', 'gradio', 'streamlit', 'transformers', 'DIGITS', 'AutoViz']"
473,56,MemberOf,category,1163,SEI CERT C Coding Standard - Guidelines 09. Input Output (FIO),3,20,"['lightly', 'ViZDoom', 'numpy', 'feast', 'langflow', 'mlflow', 'open-webui', 'retro', 'mindsdb', 'pydantic', 'nalp', 'danswerai', 'rasa', 'pattern', 'superset', 'bokeh', 'Auto_ViML', 'fastapi', 'spammy', 'ray', 'PySyft', 'pytensor', 'pytorch', 'gradio', 'streamlit', 'transformers', 'DIGITS', 'AutoViz']"
474,57,MemberOf,view,1200,Weaknesses in the 2019 CWE Top 25 Most Dangerous Software Errors,3,20,"['lightly', 'ViZDoom', 'numpy', 'feast', 'langflow', 'mlflow', 'open-webui', 'retro', 'mindsdb', 'pydantic', 'nalp', 'danswerai', 'rasa', 'pattern', 'superset', 'bokeh', 'Auto_ViML', 'fastapi', 'spammy', 'ray', 'PySyft', 'pytensor', 'pytorch', 'gradio', 'streamlit', 'transformers', 'DIGITS', 'AutoViz']"
475,58,MemberOf,view,1337,Weaknesses in the 2021 CWE Top 25 Most Dangerous Software Weaknesses,3,20,"['lightly', 'ViZDoom', 'numpy', 'feast', 'langflow', 'mlflow', 'open-webui', 'retro', 'mindsdb', 'pydantic', 'nalp', 'danswerai', 'rasa', 'pattern', 'superset', 'bokeh', 'Auto_ViML', 'fastapi', 'spammy', 'ray', 'PySyft', 'pytensor', 'pytorch', 'gradio', 'streamlit', 'transformers', 'DIGITS', 'AutoViz']"
476,59,MemberOf,category,1347,OWASP Top Ten 2021 Category A03:2021 - Injection,3,20,"['lightly', 'ViZDoom', 'numpy', 'feast', 'langflow', 'mlflow', 'open-webui', 'retro', 'mindsdb', 'pydantic', 'nalp', 'danswerai', 'rasa', 'pattern', 'superset', 'bokeh', 'Auto_ViML', 'fastapi', 'spammy', 'ray', 'PySyft', 'pytensor', 'pytorch', 'gradio', 'streamlit', 'transformers', 'DIGITS', 'AutoViz']"
477,60,MemberOf,view,1350,Weaknesses in the 2020 CWE Top 25 Most Dangerous Software Weaknesses,3,20,"['lightly', 'ViZDoom', 'numpy', 'feast', 'langflow', 'mlflow', 'open-webui', 'retro', 'mindsdb', 'pydantic', 'nalp', 'danswerai', 'rasa', 'pattern', 'superset', 'bokeh', 'Auto_ViML', 'fastapi', 'spammy', 'ray', 'PySyft', 'pytensor', 'pytorch', 'gradio', 'streamlit', 'transformers', 'DIGITS', 'AutoViz']"
478,61,MemberOf,category,1382,ICS Operations (& Maintenance): Emerging Energy Technologies,3,20,"['lightly', 'ViZDoom', 'numpy', 'feast', 'langflow', 'mlflow', 'open-webui', 'retro', 'mindsdb', 'pydantic', 'nalp', 'danswerai', 'rasa', 'pattern', 'superset', 'bokeh', 'Auto_ViML', 'fastapi', 'spammy', 'ray', 'PySyft', 'pytensor', 'pytorch', 'gradio', 'streamlit', 'transformers', 'DIGITS', 'AutoViz']"
479,62,MemberOf,view,1387,Weaknesses in the 2022 CWE Top 25 Most Dangerous Software Weaknesses,3,20,"['lightly', 'ViZDoom', 'numpy', 'feast', 'langflow', 'mlflow', 'open-webui', 'retro', 'mindsdb', 'pydantic', 'nalp', 'danswerai', 'rasa', 'pattern', 'superset', 'bokeh', 'Auto_ViML', 'fastapi', 'spammy', 'ray', 'PySyft', 'pytensor', 'pytorch', 'gradio', 'streamlit', 'transformers', 'DIGITS', 'AutoViz']"
480,63,MemberOf,category,1406,Comprehensive Categorization: Improper Input Validation,3,20,"['lightly', 'ViZDoom', 'numpy', 'feast', 'langflow', 'mlflow', 'open-webui', 'retro', 'mindsdb', 'pydantic', 'nalp', 'danswerai', 'rasa', 'pattern', 'superset', 'bokeh', 'Auto_ViML', 'fastapi', 'spammy', 'ray', 'PySyft', 'pytensor', 'pytorch', 'gradio', 'streamlit', 'transformers', 'DIGITS', 'AutoViz']"
481,64,MemberOf,view,1425,Weaknesses in the 2023 CWE Top 25 Most Dangerous Software Weaknesses,3,20,"['lightly', 'ViZDoom', 'numpy', 'feast', 'langflow', 'mlflow', 'open-webui', 'retro', 'mindsdb', 'pydantic', 'nalp', 'danswerai', 'rasa', 'pattern', 'superset', 'bokeh', 'Auto_ViML', 'fastapi', 'spammy', 'ray', 'PySyft', 'pytensor', 'pytorch', 'gradio', 'streamlit', 'transformers', 'DIGITS', 'AutoViz']"
482,65,MemberOf,view,1430,Weaknesses in the 2024 CWE Top 25 Most Dangerous Software Weaknesses,3,20,"['lightly', 'ViZDoom', 'numpy', 'feast', 'langflow', 'mlflow', 'open-webui', 'retro', 'mindsdb', 'pydantic', 'nalp', 'danswerai', 'rasa', 'pattern', 'superset', 'bokeh', 'Auto_ViML', 'fastapi', 'spammy', 'ray', 'PySyft', 'pytensor', 'pytorch', 'gradio', 'streamlit', 'transformers', 'DIGITS', 'AutoViz']"
483,66,MemberOf,view,1435,Weaknesses in the 2025 CWE Top 25 Most Dangerous Software Weaknesses,3,20,"['lightly', 'ViZDoom', 'numpy', 'feast', 'langflow', 'mlflow', 'open-webui', 'retro', 'mindsdb', 'pydantic', 'nalp', 'danswerai', 'rasa', 'pattern', 'superset', 'bokeh', 'Auto_ViML', 'fastapi', 'spammy', 'ray', 'PySyft', 'pytensor', 'pytorch', 'gradio', 'streamlit', 'transformers', 'DIGITS', 'AutoViz']"
484,67,MemberOf,category,1440,OWASP Top Ten 2025 Category A05:2025 - Injection,3,20,"['lightly', 'ViZDoom', 'numpy', 'feast', 'langflow', 'mlflow', 'open-webui', 'retro', 'mindsdb', 'pydantic', 'nalp', 'danswerai', 'rasa', 'pattern', 'superset', 'bokeh', 'Auto_ViML', 'fastapi', 'spammy', 'ray', 'PySyft', 'pytensor', 'pytorch', 'gradio', 'streamlit', 'transformers', 'DIGITS', 'AutoViz']"
485,68,Self,class,20,,3,20,"['lightly', 'ViZDoom', 'numpy', 'feast', 'langflow', 'mlflow', 'open-webui', 'retro', 'mindsdb', 'pydantic', 'nalp', 'danswerai', 'rasa', 'pattern', 'superset', 'bokeh', 'Auto_ViML', 'fastapi', 'spammy', 'ray', 'PySyft', 'pytensor', 'pytorch', 'gradio', 'streamlit', 'transformers', 'DIGITS', 'AutoViz']"
486,0,ChildOf,pillar,707,Improper Neutralization,3,116,"['cornac', 'FEDOT', 'numpy', 'feast', 'pyod', 'pybrain', 'lifelines', 'cleanlab', 'couler', 'bowtie', 'bigartm', 'DI-engine', 'vigra', 'annoy', 'deepface', 'catalyst', 'scikit-multiflow', 'zpar', 'ggpy', 'seaborn', 'mlflow', 'alibi-detect', 'open-webui', 'notebook', 'gan', 'stellargraph', 'rockpool', 'lambdo', 'mindsdb', 'ColossalAI', 'pyqtgraph', 'pebl', 'tensorflow', 'mist', 'python-timbl', 'metric-learn', 'DeepPavlov', 'statsmodels', 'superset', 'xlearn', 'nupic.studio', 'breze', 'machine-learning', 'rgf', 'imbalanced-ensemble', 'recommenders', 'mars', 'bytehub', 'tpot', 'catboost', 'alibi', 'segmentation_models', 'pytorch', 'chainer', 'deeppy', 'PyTorchCV', 'dash', 'streamlit', 'snips-nlu', 'transformers', 'DIGITS', 'scikit-image']"
487,1,ParentOf,base,117,Improper Output Neutralization for Logs,3,116,"['cornac', 'FEDOT', 'numpy', 'feast', 'pyod', 'pybrain', 'lifelines', 'cleanlab', 'couler', 'bowtie', 'bigartm', 'DI-engine', 'vigra', 'annoy', 'deepface', 'catalyst', 'scikit-multiflow', 'zpar', 'ggpy', 'seaborn', 'mlflow', 'alibi-detect', 'open-webui', 'notebook', 'gan', 'stellargraph', 'rockpool', 'lambdo', 'mindsdb', 'ColossalAI', 'pyqtgraph', 'pebl', 'tensorflow', 'mist', 'python-timbl', 'metric-learn', 'DeepPavlov', 'statsmodels', 'superset', 'xlearn', 'nupic.studio', 'breze', 'machine-learning', 'rgf', 'imbalanced-ensemble', 'recommenders', 'mars', 'bytehub', 'tpot', 'catboost', 'alibi', 'segmentation_models', 'pytorch', 'chainer', 'deeppy', 'PyTorchCV', 'dash', 'streamlit', 'snips-nlu', 'transformers', 'DIGITS', 'scikit-image']"
488,2,ParentOf,variant,644,Improper Neutralization of HTTP Headers for Scripting Syntax,3,116,"['cornac', 'FEDOT', 'numpy', 'feast', 'pyod', 'pybrain', 'lifelines', 'cleanlab', 'couler', 'bowtie', 'bigartm', 'DI-engine', 'vigra', 'annoy', 'deepface', 'catalyst', 'scikit-multiflow', 'zpar', 'ggpy', 'seaborn', 'mlflow', 'alibi-detect', 'open-webui', 'notebook', 'gan', 'stellargraph', 'rockpool', 'lambdo', 'mindsdb', 'ColossalAI', 'pyqtgraph', 'pebl', 'tensorflow', 'mist', 'python-timbl', 'metric-learn', 'DeepPavlov', 'statsmodels', 'superset', 'xlearn', 'nupic.studio', 'breze', 'machine-learning', 'rgf', 'imbalanced-ensemble', 'recommenders', 'mars', 'bytehub', 'tpot', 'catboost', 'alibi', 'segmentation_models', 'pytorch', 'chainer', 'deeppy', 'PyTorchCV', 'dash', 'streamlit', 'snips-nlu', 'transformers', 'DIGITS', 'scikit-image']"
489,3,ParentOf,base,838,Inappropriate Encoding for Output Context,3,116,"['cornac', 'FEDOT', 'numpy', 'feast', 'pyod', 'pybrain', 'lifelines', 'cleanlab', 'couler', 'bowtie', 'bigartm', 'DI-engine', 'vigra', 'annoy', 'deepface', 'catalyst', 'scikit-multiflow', 'zpar', 'ggpy', 'seaborn', 'mlflow', 'alibi-detect', 'open-webui', 'notebook', 'gan', 'stellargraph', 'rockpool', 'lambdo', 'mindsdb', 'ColossalAI', 'pyqtgraph', 'pebl', 'tensorflow', 'mist', 'python-timbl', 'metric-learn', 'DeepPavlov', 'statsmodels', 'superset', 'xlearn', 'nupic.studio', 'breze', 'machine-learning', 'rgf', 'imbalanced-ensemble', 'recommenders', 'mars', 'bytehub', 'tpot', 'catboost', 'alibi', 'segmentation_models', 'pytorch', 'chainer', 'deeppy', 'PyTorchCV', 'dash', 'streamlit', 'snips-nlu', 'transformers', 'DIGITS', 'scikit-image']"
490,4,CanPrecede,class,74,Improper Neutralization of Special Elements in Output Used by a Downstream Component ('Injection'),3,116,"['cornac', 'FEDOT', 'numpy', 'feast', 'pyod', 'pybrain', 'lifelines', 'cleanlab', 'couler', 'bowtie', 'bigartm', 'DI-engine', 'vigra', 'annoy', 'deepface', 'catalyst', 'scikit-multiflow', 'zpar', 'ggpy', 'seaborn', 'mlflow', 'alibi-detect', 'open-webui', 'notebook', 'gan', 'stellargraph', 'rockpool', 'lambdo', 'mindsdb', 'ColossalAI', 'pyqtgraph', 'pebl', 'tensorflow', 'mist', 'python-timbl', 'metric-learn', 'DeepPavlov', 'statsmodels', 'superset', 'xlearn', 'nupic.studio', 'breze', 'machine-learning', 'rgf', 'imbalanced-ensemble', 'recommenders', 'mars', 'bytehub', 'tpot', 'catboost', 'alibi', 'segmentation_models', 'pytorch', 'chainer', 'deeppy', 'PyTorchCV', 'dash', 'streamlit', 'snips-nlu', 'transformers', 'DIGITS', 'scikit-image']"
491,5,MemberOf,view,1003,Weaknesses for Simplified Mapping of Published Vulnerabilities,3,116,"['cornac', 'FEDOT', 'numpy', 'feast', 'pyod', 'pybrain', 'lifelines', 'cleanlab', 'couler', 'bowtie', 'bigartm', 'DI-engine', 'vigra', 'annoy', 'deepface', 'catalyst', 'scikit-multiflow', 'zpar', 'ggpy', 'seaborn', 'mlflow', 'alibi-detect', 'open-webui', 'notebook', 'gan', 'stellargraph', 'rockpool', 'lambdo', 'mindsdb', 'ColossalAI', 'pyqtgraph', 'pebl', 'tensorflow', 'mist', 'python-timbl', 'metric-learn', 'DeepPavlov', 'statsmodels', 'superset', 'xlearn', 'nupic.studio', 'breze', 'machine-learning', 'rgf', 'imbalanced-ensemble', 'recommenders', 'mars', 'bytehub', 'tpot', 'catboost', 'alibi', 'segmentation_models', 'pytorch', 'chainer', 'deeppy', 'PyTorchCV', 'dash', 'streamlit', 'snips-nlu', 'transformers', 'DIGITS', 'scikit-image']"
492,6,ParentOf,base,838,Inappropriate Encoding for Output Context,3,116,"['cornac', 'FEDOT', 'numpy', 'feast', 'pyod', 'pybrain', 'lifelines', 'cleanlab', 'couler', 'bowtie', 'bigartm', 'DI-engine', 'vigra', 'annoy', 'deepface', 'catalyst', 'scikit-multiflow', 'zpar', 'ggpy', 'seaborn', 'mlflow', 'alibi-detect', 'open-webui', 'notebook', 'gan', 'stellargraph', 'rockpool', 'lambdo', 'mindsdb', 'ColossalAI', 'pyqtgraph', 'pebl', 'tensorflow', 'mist', 'python-timbl', 'metric-learn', 'DeepPavlov', 'statsmodels', 'superset', 'xlearn', 'nupic.studio', 'breze', 'machine-learning', 'rgf', 'imbalanced-ensemble', 'recommenders', 'mars', 'bytehub', 'tpot', 'catboost', 'alibi', 'segmentation_models', 'pytorch', 'chainer', 'deeppy', 'PyTorchCV', 'dash', 'streamlit', 'snips-nlu', 'transformers', 'DIGITS', 'scikit-image']"
493,7,MemberOf,category,751,2009 Top 25 - Insecure Interaction Between Components,3,116,"['cornac', 'FEDOT', 'numpy', 'feast', 'pyod', 'pybrain', 'lifelines', 'cleanlab', 'couler', 'bowtie', 'bigartm', 'DI-engine', 'vigra', 'annoy', 'deepface', 'catalyst', 'scikit-multiflow', 'zpar', 'ggpy', 'seaborn', 'mlflow', 'alibi-detect', 'open-webui', 'notebook', 'gan', 'stellargraph', 'rockpool', 'lambdo', 'mindsdb', 'ColossalAI', 'pyqtgraph', 'pebl', 'tensorflow', 'mist', 'python-timbl', 'metric-learn', 'DeepPavlov', 'statsmodels', 'superset', 'xlearn', 'nupic.studio', 'breze', 'machine-learning', 'rgf', 'imbalanced-ensemble', 'recommenders', 'mars', 'bytehub', 'tpot', 'catboost', 'alibi', 'segmentation_models', 'pytorch', 'chainer', 'deeppy', 'PyTorchCV', 'dash', 'streamlit', 'snips-nlu', 'transformers', 'DIGITS', 'scikit-image']"
494,8,MemberOf,category,845,The CERT Oracle Secure Coding Standard for Java (2011) Chapter 2 - Input Validation and Data Sanitization (IDS),3,116,"['cornac', 'FEDOT', 'numpy', 'feast', 'pyod', 'pybrain', 'lifelines', 'cleanlab', 'couler', 'bowtie', 'bigartm', 'DI-engine', 'vigra', 'annoy', 'deepface', 'catalyst', 'scikit-multiflow', 'zpar', 'ggpy', 'seaborn', 'mlflow', 'alibi-detect', 'open-webui', 'notebook', 'gan', 'stellargraph', 'rockpool', 'lambdo', 'mindsdb', 'ColossalAI', 'pyqtgraph', 'pebl', 'tensorflow', 'mist', 'python-timbl', 'metric-learn', 'DeepPavlov', 'statsmodels', 'superset', 'xlearn', 'nupic.studio', 'breze', 'machine-learning', 'rgf', 'imbalanced-ensemble', 'recommenders', 'mars', 'bytehub', 'tpot', 'catboost', 'alibi', 'segmentation_models', 'pytorch', 'chainer', 'deeppy', 'PyTorchCV', 'dash', 'streamlit', 'snips-nlu', 'transformers', 'DIGITS', 'scikit-image']"
495,9,MemberOf,category,883,CERT C++ Secure Coding Section 49 - Miscellaneous (MSC),3,116,"['cornac', 'FEDOT', 'numpy', 'feast', 'pyod', 'pybrain', 'lifelines', 'cleanlab', 'couler', 'bowtie', 'bigartm', 'DI-engine', 'vigra', 'annoy', 'deepface', 'catalyst', 'scikit-multiflow', 'zpar', 'ggpy', 'seaborn', 'mlflow', 'alibi-detect', 'open-webui', 'notebook', 'gan', 'stellargraph', 'rockpool', 'lambdo', 'mindsdb', 'ColossalAI', 'pyqtgraph', 'pebl', 'tensorflow', 'mist', 'python-timbl', 'metric-learn', 'DeepPavlov', 'statsmodels', 'superset', 'xlearn', 'nupic.studio', 'breze', 'machine-learning', 'rgf', 'imbalanced-ensemble', 'recommenders', 'mars', 'bytehub', 'tpot', 'catboost', 'alibi', 'segmentation_models', 'pytorch', 'chainer', 'deeppy', 'PyTorchCV', 'dash', 'streamlit', 'snips-nlu', 'transformers', 'DIGITS', 'scikit-image']"
496,10,MemberOf,category,992,SFP Secondary Cluster: Faulty Input Transformation,3,116,"['cornac', 'FEDOT', 'numpy', 'feast', 'pyod', 'pybrain', 'lifelines', 'cleanlab', 'couler', 'bowtie', 'bigartm', 'DI-engine', 'vigra', 'annoy', 'deepface', 'catalyst', 'scikit-multiflow', 'zpar', 'ggpy', 'seaborn', 'mlflow', 'alibi-detect', 'open-webui', 'notebook', 'gan', 'stellargraph', 'rockpool', 'lambdo', 'mindsdb', 'ColossalAI', 'pyqtgraph', 'pebl', 'tensorflow', 'mist', 'python-timbl', 'metric-learn', 'DeepPavlov', 'statsmodels', 'superset', 'xlearn', 'nupic.studio', 'breze', 'machine-learning', 'rgf', 'imbalanced-ensemble', 'recommenders', 'mars', 'bytehub', 'tpot', 'catboost', 'alibi', 'segmentation_models', 'pytorch', 'chainer', 'deeppy', 'PyTorchCV', 'dash', 'streamlit', 'snips-nlu', 'transformers', 'DIGITS', 'scikit-image']"
497,11,MemberOf,category,1134,SEI CERT Oracle Secure Coding Standard for Java - Guidelines 00. Input Validation and Data Sanitization (IDS),3,116,"['cornac', 'FEDOT', 'numpy', 'feast', 'pyod', 'pybrain', 'lifelines', 'cleanlab', 'couler', 'bowtie', 'bigartm', 'DI-engine', 'vigra', 'annoy', 'deepface', 'catalyst', 'scikit-multiflow', 'zpar', 'ggpy', 'seaborn', 'mlflow', 'alibi-detect', 'open-webui', 'notebook', 'gan', 'stellargraph', 'rockpool', 'lambdo', 'mindsdb', 'ColossalAI', 'pyqtgraph', 'pebl', 'tensorflow', 'mist', 'python-timbl', 'metric-learn', 'DeepPavlov', 'statsmodels', 'superset', 'xlearn', 'nupic.studio', 'breze', 'machine-learning', 'rgf', 'imbalanced-ensemble', 'recommenders', 'mars', 'bytehub', 'tpot', 'catboost', 'alibi', 'segmentation_models', 'pytorch', 'chainer', 'deeppy', 'PyTorchCV', 'dash', 'streamlit', 'snips-nlu', 'transformers', 'DIGITS', 'scikit-image']"
498,12,MemberOf,category,1179,SEI CERT Perl Coding Standard - Guidelines 01. Input Validation and Data Sanitization (IDS),3,116,"['cornac', 'FEDOT', 'numpy', 'feast', 'pyod', 'pybrain', 'lifelines', 'cleanlab', 'couler', 'bowtie', 'bigartm', 'DI-engine', 'vigra', 'annoy', 'deepface', 'catalyst', 'scikit-multiflow', 'zpar', 'ggpy', 'seaborn', 'mlflow', 'alibi-detect', 'open-webui', 'notebook', 'gan', 'stellargraph', 'rockpool', 'lambdo', 'mindsdb', 'ColossalAI', 'pyqtgraph', 'pebl', 'tensorflow', 'mist', 'python-timbl', 'metric-learn', 'DeepPavlov', 'statsmodels', 'superset', 'xlearn', 'nupic.studio', 'breze', 'machine-learning', 'rgf', 'imbalanced-ensemble', 'recommenders', 'mars', 'bytehub', 'tpot', 'catboost', 'alibi', 'segmentation_models', 'pytorch', 'chainer', 'deeppy', 'PyTorchCV', 'dash', 'streamlit', 'snips-nlu', 'transformers', 'DIGITS', 'scikit-image']"
499,13,MemberOf,category,1347,OWASP Top Ten 2021 Category A03:2021 - Injection,3,116,"['cornac', 'FEDOT', 'numpy', 'feast', 'pyod', 'pybrain', 'lifelines', 'cleanlab', 'couler', 'bowtie', 'bigartm', 'DI-engine', 'vigra', 'annoy', 'deepface', 'catalyst', 'scikit-multiflow', 'zpar', 'ggpy', 'seaborn', 'mlflow', 'alibi-detect', 'open-webui', 'notebook', 'gan', 'stellargraph', 'rockpool', 'lambdo', 'mindsdb', 'ColossalAI', 'pyqtgraph', 'pebl', 'tensorflow', 'mist', 'python-timbl', 'metric-learn', 'DeepPavlov', 'statsmodels', 'superset', 'xlearn', 'nupic.studio', 'breze', 'machine-learning', 'rgf', 'imbalanced-ensemble', 'recommenders', 'mars', 'bytehub', 'tpot', 'catboost', 'alibi', 'segmentation_models', 'pytorch', 'chainer', 'deeppy', 'PyTorchCV', 'dash', 'streamlit', 'snips-nlu', 'transformers', 'DIGITS', 'scikit-image']"
500,14,MemberOf,category,1407,Comprehensive Categorization: Improper Neutralization,3,116,"['cornac', 'FEDOT', 'numpy', 'feast', 'pyod', 'pybrain', 'lifelines', 'cleanlab', 'couler', 'bowtie', 'bigartm', 'DI-engine', 'vigra', 'annoy', 'deepface', 'catalyst', 'scikit-multiflow', 'zpar', 'ggpy', 'seaborn', 'mlflow', 'alibi-detect', 'open-webui', 'notebook', 'gan', 'stellargraph', 'rockpool', 'lambdo', 'mindsdb', 'ColossalAI', 'pyqtgraph', 'pebl', 'tensorflow', 'mist', 'python-timbl', 'metric-learn', 'DeepPavlov', 'statsmodels', 'superset', 'xlearn', 'nupic.studio', 'breze', 'machine-learning', 'rgf', 'imbalanced-ensemble', 'recommenders', 'mars', 'bytehub', 'tpot', 'catboost', 'alibi', 'segmentation_models', 'pytorch', 'chainer', 'deeppy', 'PyTorchCV', 'dash', 'streamlit', 'snips-nlu', 'transformers', 'DIGITS', 'scikit-image']"
501,15,MemberOf,category,1440,OWASP Top Ten 2025 Category A05:2025 - Injection,3,116,"['cornac', 'FEDOT', 'numpy', 'feast', 'pyod', 'pybrain', 'lifelines', 'cleanlab', 'couler', 'bowtie', 'bigartm', 'DI-engine', 'vigra', 'annoy', 'deepface', 'catalyst', 'scikit-multiflow', 'zpar', 'ggpy', 'seaborn', 'mlflow', 'alibi-detect', 'open-webui', 'notebook', 'gan', 'stellargraph', 'rockpool', 'lambdo', 'mindsdb', 'ColossalAI', 'pyqtgraph', 'pebl', 'tensorflow', 'mist', 'python-timbl', 'metric-learn', 'DeepPavlov', 'statsmodels', 'superset', 'xlearn', 'nupic.studio', 'breze', 'machine-learning', 'rgf', 'imbalanced-ensemble', 'recommenders', 'mars', 'bytehub', 'tpot', 'catboost', 'alibi', 'segmentation_models', 'pytorch', 'chainer', 'deeppy', 'PyTorchCV', 'dash', 'streamlit', 'snips-nlu', 'transformers', 'DIGITS', 'scikit-image']"
502,16,MemberOf,category,1447,General Software Weaknesses that Appear in Products that Use or Support AI/ML Technology,3,116,"['cornac', 'FEDOT', 'numpy', 'feast', 'pyod', 'pybrain', 'lifelines', 'cleanlab', 'couler', 'bowtie', 'bigartm', 'DI-engine', 'vigra', 'annoy', 'deepface', 'catalyst', 'scikit-multiflow', 'zpar', 'ggpy', 'seaborn', 'mlflow', 'alibi-detect', 'open-webui', 'notebook', 'gan', 'stellargraph', 'rockpool', 'lambdo', 'mindsdb', 'ColossalAI', 'pyqtgraph', 'pebl', 'tensorflow', 'mist', 'python-timbl', 'metric-learn', 'DeepPavlov', 'statsmodels', 'superset', 'xlearn', 'nupic.studio', 'breze', 'machine-learning', 'rgf', 'imbalanced-ensemble', 'recommenders', 'mars', 'bytehub', 'tpot', 'catboost', 'alibi', 'segmentation_models', 'pytorch', 'chainer', 'deeppy', 'PyTorchCV', 'dash', 'streamlit', 'snips-nlu', 'transformers', 'DIGITS', 'scikit-image']"
503,17,Self,class,116,,3,116,"['cornac', 'FEDOT', 'numpy', 'feast', 'pyod', 'pybrain', 'lifelines', 'cleanlab', 'couler', 'bowtie', 'bigartm', 'DI-engine', 'vigra', 'annoy', 'deepface', 'catalyst', 'scikit-multiflow', 'zpar', 'ggpy', 'seaborn', 'mlflow', 'alibi-detect', 'open-webui', 'notebook', 'gan', 'stellargraph', 'rockpool', 'lambdo', 'mindsdb', 'ColossalAI', 'pyqtgraph', 'pebl', 'tensorflow', 'mist', 'python-timbl', 'metric-learn', 'DeepPavlov', 'statsmodels', 'superset', 'xlearn', 'nupic.studio', 'breze', 'machine-learning', 'rgf', 'imbalanced-ensemble', 'recommenders', 'mars', 'bytehub', 'tpot', 'catboost', 'alibi', 'segmentation_models', 'pytorch', 'chainer', 'deeppy', 'PyTorchCV', 'dash', 'streamlit', 'snips-nlu', 'transformers', 'DIGITS', 'scikit-image']"
504,0,ChildOf,pillar,697,Incorrect Comparison,3,185,"['superset', 'transformers']"
505,1,ParentOf,base,186,Overly Restrictive Regular Expression,3,185,"['superset', 'transformers']"
506,2,ParentOf,base,625,Permissive Regular Expression,3,185,"['superset', 'transformers']"
507,3,CanPrecede,base,182,Collapse of Data into Unsafe Value,3,185,"['superset', 'transformers']"
508,4,CanPrecede,variant,187,Partial String Comparison,3,185,"['superset', 'transformers']"
509,5,MemberOf,view,884,CWE Cross-section,3,185,"['superset', 'transformers']"
510,6,MemberOf,category,990,SFP Secondary Cluster: Tainted Input to Command,3,185,"['superset', 'transformers']"
511,7,MemberOf,category,1397,Comprehensive Categorization: Comparison,3,185,"['superset', 'transformers']"
512,8,Self,class,185,,3,185,"['superset', 'transformers']"
513,0,ChildOf,class,185,Incorrect Regular Expression,3,186,"['superset', 'transformers']"
514,1,MemberOf,category,19,Data Processing Errors,3,186,"['superset', 'transformers']"
515,2,MemberOf,category,990,SFP Secondary Cluster: Tainted Input to Command,3,186,"['superset', 'transformers']"
516,3,MemberOf,category,1397,Comprehensive Categorization: Comparison,3,186,"['superset', 'transformers']"
517,4,Self,base,186,,3,186,"['superset', 'transformers']"
518,0,ChildOf,pillar,707,Improper Neutralization,1,20,"['lightly', 'ViZDoom', 'numpy', 'feast', 'langflow', 'mlflow', 'open-webui', 'retro', 'mindsdb', 'pydantic', 'nalp', 'danswerai', 'rasa', 'pattern', 'superset', 'bokeh', 'Auto_ViML', 'fastapi', 'spammy', 'ray', 'PySyft', 'pytensor', 'pytorch', 'gradio', 'streamlit', 'transformers', 'DIGITS', 'AutoViz']"
519,1,ParentOf,base,179,Incorrect Behavior Order: Early Validation,1,20,"['lightly', 'ViZDoom', 'numpy', 'feast', 'langflow', 'mlflow', 'open-webui', 'retro', 'mindsdb', 'pydantic', 'nalp', 'danswerai', 'rasa', 'pattern', 'superset', 'bokeh', 'Auto_ViML', 'fastapi', 'spammy', 'ray', 'PySyft', 'pytensor', 'pytorch', 'gradio', 'streamlit', 'transformers', 'DIGITS', 'AutoViz']"
520,2,ParentOf,variant,622,Improper Validation of Function Hook Arguments,1,20,"['lightly', 'ViZDoom', 'numpy', 'feast', 'langflow', 'mlflow', 'open-webui', 'retro', 'mindsdb', 'pydantic', 'nalp', 'danswerai', 'rasa', 'pattern', 'superset', 'bokeh', 'Auto_ViML', 'fastapi', 'spammy', 'ray', 'PySyft', 'pytensor', 'pytorch', 'gradio', 'streamlit', 'transformers', 'DIGITS', 'AutoViz']"
521,3,ParentOf,base,1173,Improper Use of Validation Framework,1,20,"['lightly', 'ViZDoom', 'numpy', 'feast', 'langflow', 'mlflow', 'open-webui', 'retro', 'mindsdb', 'pydantic', 'nalp', 'danswerai', 'rasa', 'pattern', 'superset', 'bokeh', 'Auto_ViML', 'fastapi', 'spammy', 'ray', 'PySyft', 'pytensor', 'pytorch', 'gradio', 'streamlit', 'transformers', 'DIGITS', 'AutoViz']"
522,4,ParentOf,base,1284,Improper Validation of Specified Quantity in Input,1,20,"['lightly', 'ViZDoom', 'numpy', 'feast', 'langflow', 'mlflow', 'open-webui', 'retro', 'mindsdb', 'pydantic', 'nalp', 'danswerai', 'rasa', 'pattern', 'superset', 'bokeh', 'Auto_ViML', 'fastapi', 'spammy', 'ray', 'PySyft', 'pytensor', 'pytorch', 'gradio', 'streamlit', 'transformers', 'DIGITS', 'AutoViz']"
523,5,ParentOf,base,1285,"Improper Validation of Specified Index, Position, or Offset in Input",1,20,"['lightly', 'ViZDoom', 'numpy', 'feast', 'langflow', 'mlflow', 'open-webui', 'retro', 'mindsdb', 'pydantic', 'nalp', 'danswerai', 'rasa', 'pattern', 'superset', 'bokeh', 'Auto_ViML', 'fastapi', 'spammy', 'ray', 'PySyft', 'pytensor', 'pytorch', 'gradio', 'streamlit', 'transformers', 'DIGITS', 'AutoViz']"
524,6,ParentOf,base,1286,Improper Validation of Syntactic Correctness of Input,1,20,"['lightly', 'ViZDoom', 'numpy', 'feast', 'langflow', 'mlflow', 'open-webui', 'retro', 'mindsdb', 'pydantic', 'nalp', 'danswerai', 'rasa', 'pattern', 'superset', 'bokeh', 'Auto_ViML', 'fastapi', 'spammy', 'ray', 'PySyft', 'pytensor', 'pytorch', 'gradio', 'streamlit', 'transformers', 'DIGITS', 'AutoViz']"
525,7,ParentOf,base,1287,Improper Validation of Specified Type of Input,1,20,"['lightly', 'ViZDoom', 'numpy', 'feast', 'langflow', 'mlflow', 'open-webui', 'retro', 'mindsdb', 'pydantic', 'nalp', 'danswerai', 'rasa', 'pattern', 'superset', 'bokeh', 'Auto_ViML', 'fastapi', 'spammy', 'ray', 'PySyft', 'pytensor', 'pytorch', 'gradio', 'streamlit', 'transformers', 'DIGITS', 'AutoViz']"
526,8,ParentOf,base,1288,Improper Validation of Consistency within Input,1,20,"['lightly', 'ViZDoom', 'numpy', 'feast', 'langflow', 'mlflow', 'open-webui', 'retro', 'mindsdb', 'pydantic', 'nalp', 'danswerai', 'rasa', 'pattern', 'superset', 'bokeh', 'Auto_ViML', 'fastapi', 'spammy', 'ray', 'PySyft', 'pytensor', 'pytorch', 'gradio', 'streamlit', 'transformers', 'DIGITS', 'AutoViz']"
527,9,ParentOf,base,1289,Improper Validation of Unsafe Equivalence in Input,1,20,"['lightly', 'ViZDoom', 'numpy', 'feast', 'langflow', 'mlflow', 'open-webui', 'retro', 'mindsdb', 'pydantic', 'nalp', 'danswerai', 'rasa', 'pattern', 'superset', 'bokeh', 'Auto_ViML', 'fastapi', 'spammy', 'ray', 'PySyft', 'pytensor', 'pytorch', 'gradio', 'streamlit', 'transformers', 'DIGITS', 'AutoViz']"
528,10,PeerOf,class,345,Insufficient Verification of Data Authenticity,1,20,"['lightly', 'ViZDoom', 'numpy', 'feast', 'langflow', 'mlflow', 'open-webui', 'retro', 'mindsdb', 'pydantic', 'nalp', 'danswerai', 'rasa', 'pattern', 'superset', 'bokeh', 'Auto_ViML', 'fastapi', 'spammy', 'ray', 'PySyft', 'pytensor', 'pytorch', 'gradio', 'streamlit', 'transformers', 'DIGITS', 'AutoViz']"
529,11,CanPrecede,base,22,Improper Limitation of a Pathname to a Restricted Directory ('Path Traversal'),1,20,"['lightly', 'ViZDoom', 'numpy', 'feast', 'langflow', 'mlflow', 'open-webui', 'retro', 'mindsdb', 'pydantic', 'nalp', 'danswerai', 'rasa', 'pattern', 'superset', 'bokeh', 'Auto_ViML', 'fastapi', 'spammy', 'ray', 'PySyft', 'pytensor', 'pytorch', 'gradio', 'streamlit', 'transformers', 'DIGITS', 'AutoViz']"
530,12,CanPrecede,base,41,Improper Resolution of Path Equivalence,1,20,"['lightly', 'ViZDoom', 'numpy', 'feast', 'langflow', 'mlflow', 'open-webui', 'retro', 'mindsdb', 'pydantic', 'nalp', 'danswerai', 'rasa', 'pattern', 'superset', 'bokeh', 'Auto_ViML', 'fastapi', 'spammy', 'ray', 'PySyft', 'pytensor', 'pytorch', 'gradio', 'streamlit', 'transformers', 'DIGITS', 'AutoViz']"
531,13,CanPrecede,class,74,Improper Neutralization of Special Elements in Output Used by a Downstream Component ('Injection'),1,20,"['lightly', 'ViZDoom', 'numpy', 'feast', 'langflow', 'mlflow', 'open-webui', 'retro', 'mindsdb', 'pydantic', 'nalp', 'danswerai', 'rasa', 'pattern', 'superset', 'bokeh', 'Auto_ViML', 'fastapi', 'spammy', 'ray', 'PySyft', 'pytensor', 'pytorch', 'gradio', 'streamlit', 'transformers', 'DIGITS', 'AutoViz']"
532,14,CanPrecede,class,119,Improper Restriction of Operations within the Bounds of a Memory Buffer,1,20,"['lightly', 'ViZDoom', 'numpy', 'feast', 'langflow', 'mlflow', 'open-webui', 'retro', 'mindsdb', 'pydantic', 'nalp', 'danswerai', 'rasa', 'pattern', 'superset', 'bokeh', 'Auto_ViML', 'fastapi', 'spammy', 'ray', 'PySyft', 'pytensor', 'pytorch', 'gradio', 'streamlit', 'transformers', 'DIGITS', 'AutoViz']"
533,15,CanPrecede,base,770,Allocation of Resources Without Limits or Throttling,1,20,"['lightly', 'ViZDoom', 'numpy', 'feast', 'langflow', 'mlflow', 'open-webui', 'retro', 'mindsdb', 'pydantic', 'nalp', 'danswerai', 'rasa', 'pattern', 'superset', 'bokeh', 'Auto_ViML', 'fastapi', 'spammy', 'ray', 'PySyft', 'pytensor', 'pytorch', 'gradio', 'streamlit', 'transformers', 'DIGITS', 'AutoViz']"
534,16,MemberOf,view,1003,Weaknesses for Simplified Mapping of Published Vulnerabilities,1,20,"['lightly', 'ViZDoom', 'numpy', 'feast', 'langflow', 'mlflow', 'open-webui', 'retro', 'mindsdb', 'pydantic', 'nalp', 'danswerai', 'rasa', 'pattern', 'superset', 'bokeh', 'Auto_ViML', 'fastapi', 'spammy', 'ray', 'PySyft', 'pytensor', 'pytorch', 'gradio', 'streamlit', 'transformers', 'DIGITS', 'AutoViz']"
535,17,ParentOf,variant,129,Improper Validation of Array Index,1,20,"['lightly', 'ViZDoom', 'numpy', 'feast', 'langflow', 'mlflow', 'open-webui', 'retro', 'mindsdb', 'pydantic', 'nalp', 'danswerai', 'rasa', 'pattern', 'superset', 'bokeh', 'Auto_ViML', 'fastapi', 'spammy', 'ray', 'PySyft', 'pytensor', 'pytorch', 'gradio', 'streamlit', 'transformers', 'DIGITS', 'AutoViz']"
536,18,ParentOf,base,1284,Improper Validation of Specified Quantity in Input,1,20,"['lightly', 'ViZDoom', 'numpy', 'feast', 'langflow', 'mlflow', 'open-webui', 'retro', 'mindsdb', 'pydantic', 'nalp', 'danswerai', 'rasa', 'pattern', 'superset', 'bokeh', 'Auto_ViML', 'fastapi', 'spammy', 'ray', 'PySyft', 'pytensor', 'pytorch', 'gradio', 'streamlit', 'transformers', 'DIGITS', 'AutoViz']"
537,19,MemberOf,category,1019,Validate Inputs,1,20,"['lightly', 'ViZDoom', 'numpy', 'feast', 'langflow', 'mlflow', 'open-webui', 'retro', 'mindsdb', 'pydantic', 'nalp', 'danswerai', 'rasa', 'pattern', 'superset', 'bokeh', 'Auto_ViML', 'fastapi', 'spammy', 'ray', 'PySyft', 'pytensor', 'pytorch', 'gradio', 'streamlit', 'transformers', 'DIGITS', 'AutoViz']"
538,20,ParentOf,base,15,External Control of System or Configuration Setting,1,20,"['lightly', 'ViZDoom', 'numpy', 'feast', 'langflow', 'mlflow', 'open-webui', 'retro', 'mindsdb', 'pydantic', 'nalp', 'danswerai', 'rasa', 'pattern', 'superset', 'bokeh', 'Auto_ViML', 'fastapi', 'spammy', 'ray', 'PySyft', 'pytensor', 'pytorch', 'gradio', 'streamlit', 'transformers', 'DIGITS', 'AutoViz']"
539,21,ParentOf,base,73,External Control of File Name or Path,1,20,"['lightly', 'ViZDoom', 'numpy', 'feast', 'langflow', 'mlflow', 'open-webui', 'retro', 'mindsdb', 'pydantic', 'nalp', 'danswerai', 'rasa', 'pattern', 'superset', 'bokeh', 'Auto_ViML', 'fastapi', 'spammy', 'ray', 'PySyft', 'pytensor', 'pytorch', 'gradio', 'streamlit', 'transformers', 'DIGITS', 'AutoViz']"
540,22,ParentOf,variant,102,Struts: Duplicate Validation Forms,1,20,"['lightly', 'ViZDoom', 'numpy', 'feast', 'langflow', 'mlflow', 'open-webui', 'retro', 'mindsdb', 'pydantic', 'nalp', 'danswerai', 'rasa', 'pattern', 'superset', 'bokeh', 'Auto_ViML', 'fastapi', 'spammy', 'ray', 'PySyft', 'pytensor', 'pytorch', 'gradio', 'streamlit', 'transformers', 'DIGITS', 'AutoViz']"
541,23,ParentOf,variant,103,Struts: Incomplete validate() Method Definition,1,20,"['lightly', 'ViZDoom', 'numpy', 'feast', 'langflow', 'mlflow', 'open-webui', 'retro', 'mindsdb', 'pydantic', 'nalp', 'danswerai', 'rasa', 'pattern', 'superset', 'bokeh', 'Auto_ViML', 'fastapi', 'spammy', 'ray', 'PySyft', 'pytensor', 'pytorch', 'gradio', 'streamlit', 'transformers', 'DIGITS', 'AutoViz']"
542,24,ParentOf,variant,104,Struts: Form Bean Does Not Extend Validation Class,1,20,"['lightly', 'ViZDoom', 'numpy', 'feast', 'langflow', 'mlflow', 'open-webui', 'retro', 'mindsdb', 'pydantic', 'nalp', 'danswerai', 'rasa', 'pattern', 'superset', 'bokeh', 'Auto_ViML', 'fastapi', 'spammy', 'ray', 'PySyft', 'pytensor', 'pytorch', 'gradio', 'streamlit', 'transformers', 'DIGITS', 'AutoViz']"
543,25,ParentOf,variant,105,Struts: Form Field Without Validator,1,20,"['lightly', 'ViZDoom', 'numpy', 'feast', 'langflow', 'mlflow', 'open-webui', 'retro', 'mindsdb', 'pydantic', 'nalp', 'danswerai', 'rasa', 'pattern', 'superset', 'bokeh', 'Auto_ViML', 'fastapi', 'spammy', 'ray', 'PySyft', 'pytensor', 'pytorch', 'gradio', 'streamlit', 'transformers', 'DIGITS', 'AutoViz']"
544,26,ParentOf,variant,106,Struts: Plug-in Framework not in Use,1,20,"['lightly', 'ViZDoom', 'numpy', 'feast', 'langflow', 'mlflow', 'open-webui', 'retro', 'mindsdb', 'pydantic', 'nalp', 'danswerai', 'rasa', 'pattern', 'superset', 'bokeh', 'Auto_ViML', 'fastapi', 'spammy', 'ray', 'PySyft', 'pytensor', 'pytorch', 'gradio', 'streamlit', 'transformers', 'DIGITS', 'AutoViz']"
545,27,ParentOf,variant,107,Struts: Unused Validation Form,1,20,"['lightly', 'ViZDoom', 'numpy', 'feast', 'langflow', 'mlflow', 'open-webui', 'retro', 'mindsdb', 'pydantic', 'nalp', 'danswerai', 'rasa', 'pattern', 'superset', 'bokeh', 'Auto_ViML', 'fastapi', 'spammy', 'ray', 'PySyft', 'pytensor', 'pytorch', 'gradio', 'streamlit', 'transformers', 'DIGITS', 'AutoViz']"
546,28,ParentOf,variant,108,Struts: Unvalidated Action Form,1,20,"['lightly', 'ViZDoom', 'numpy', 'feast', 'langflow', 'mlflow', 'open-webui', 'retro', 'mindsdb', 'pydantic', 'nalp', 'danswerai', 'rasa', 'pattern', 'superset', 'bokeh', 'Auto_ViML', 'fastapi', 'spammy', 'ray', 'PySyft', 'pytensor', 'pytorch', 'gradio', 'streamlit', 'transformers', 'DIGITS', 'AutoViz']"
547,29,ParentOf,variant,109,Struts: Validator Turned Off,1,20,"['lightly', 'ViZDoom', 'numpy', 'feast', 'langflow', 'mlflow', 'open-webui', 'retro', 'mindsdb', 'pydantic', 'nalp', 'danswerai', 'rasa', 'pattern', 'superset', 'bokeh', 'Auto_ViML', 'fastapi', 'spammy', 'ray', 'PySyft', 'pytensor', 'pytorch', 'gradio', 'streamlit', 'transformers', 'DIGITS', 'AutoViz']"
548,30,ParentOf,variant,110,Struts: Validator Without Form Field,1,20,"['lightly', 'ViZDoom', 'numpy', 'feast', 'langflow', 'mlflow', 'open-webui', 'retro', 'mindsdb', 'pydantic', 'nalp', 'danswerai', 'rasa', 'pattern', 'superset', 'bokeh', 'Auto_ViML', 'fastapi', 'spammy', 'ray', 'PySyft', 'pytensor', 'pytorch', 'gradio', 'streamlit', 'transformers', 'DIGITS', 'AutoViz']"
549,31,ParentOf,variant,111,Direct Use of Unsafe JNI,1,20,"['lightly', 'ViZDoom', 'numpy', 'feast', 'langflow', 'mlflow', 'open-webui', 'retro', 'mindsdb', 'pydantic', 'nalp', 'danswerai', 'rasa', 'pattern', 'superset', 'bokeh', 'Auto_ViML', 'fastapi', 'spammy', 'ray', 'PySyft', 'pytensor', 'pytorch', 'gradio', 'streamlit', 'transformers', 'DIGITS', 'AutoViz']"
550,32,ParentOf,base,112,Missing XML Validation,1,20,"['lightly', 'ViZDoom', 'numpy', 'feast', 'langflow', 'mlflow', 'open-webui', 'retro', 'mindsdb', 'pydantic', 'nalp', 'danswerai', 'rasa', 'pattern', 'superset', 'bokeh', 'Auto_ViML', 'fastapi', 'spammy', 'ray', 'PySyft', 'pytensor', 'pytorch', 'gradio', 'streamlit', 'transformers', 'DIGITS', 'AutoViz']"
551,33,ParentOf,variant,113,Improper Neutralization of CRLF Sequences in HTTP Headers ('HTTP Request/Response Splitting'),1,20,"['lightly', 'ViZDoom', 'numpy', 'feast', 'langflow', 'mlflow', 'open-webui', 'retro', 'mindsdb', 'pydantic', 'nalp', 'danswerai', 'rasa', 'pattern', 'superset', 'bokeh', 'Auto_ViML', 'fastapi', 'spammy', 'ray', 'PySyft', 'pytensor', 'pytorch', 'gradio', 'streamlit', 'transformers', 'DIGITS', 'AutoViz']"
552,34,ParentOf,class,114,Process Control,1,20,"['lightly', 'ViZDoom', 'numpy', 'feast', 'langflow', 'mlflow', 'open-webui', 'retro', 'mindsdb', 'pydantic', 'nalp', 'danswerai', 'rasa', 'pattern', 'superset', 'bokeh', 'Auto_ViML', 'fastapi', 'spammy', 'ray', 'PySyft', 'pytensor', 'pytorch', 'gradio', 'streamlit', 'transformers', 'DIGITS', 'AutoViz']"
553,35,ParentOf,base,117,Improper Output Neutralization for Logs,1,20,"['lightly', 'ViZDoom', 'numpy', 'feast', 'langflow', 'mlflow', 'open-webui', 'retro', 'mindsdb', 'pydantic', 'nalp', 'danswerai', 'rasa', 'pattern', 'superset', 'bokeh', 'Auto_ViML', 'fastapi', 'spammy', 'ray', 'PySyft', 'pytensor', 'pytorch', 'gradio', 'streamlit', 'transformers', 'DIGITS', 'AutoViz']"
554,36,ParentOf,class,119,Improper Restriction of Operations within the Bounds of a Memory Buffer,1,20,"['lightly', 'ViZDoom', 'numpy', 'feast', 'langflow', 'mlflow', 'open-webui', 'retro', 'mindsdb', 'pydantic', 'nalp', 'danswerai', 'rasa', 'pattern', 'superset', 'bokeh', 'Auto_ViML', 'fastapi', 'spammy', 'ray', 'PySyft', 'pytensor', 'pytorch', 'gradio', 'streamlit', 'transformers', 'DIGITS', 'AutoViz']"
555,37,ParentOf,base,120,Buffer Copy without Checking Size of Input ('Classic Buffer Overflow'),1,20,"['lightly', 'ViZDoom', 'numpy', 'feast', 'langflow', 'mlflow', 'open-webui', 'retro', 'mindsdb', 'pydantic', 'nalp', 'danswerai', 'rasa', 'pattern', 'superset', 'bokeh', 'Auto_ViML', 'fastapi', 'spammy', 'ray', 'PySyft', 'pytensor', 'pytorch', 'gradio', 'streamlit', 'transformers', 'DIGITS', 'AutoViz']"
556,38,ParentOf,base,134,Use of Externally-Controlled Format String,1,20,"['lightly', 'ViZDoom', 'numpy', 'feast', 'langflow', 'mlflow', 'open-webui', 'retro', 'mindsdb', 'pydantic', 'nalp', 'danswerai', 'rasa', 'pattern', 'superset', 'bokeh', 'Auto_ViML', 'fastapi', 'spammy', 'ray', 'PySyft', 'pytensor', 'pytorch', 'gradio', 'streamlit', 'transformers', 'DIGITS', 'AutoViz']"
557,39,ParentOf,base,170,Improper Null Termination,1,20,"['lightly', 'ViZDoom', 'numpy', 'feast', 'langflow', 'mlflow', 'open-webui', 'retro', 'mindsdb', 'pydantic', 'nalp', 'danswerai', 'rasa', 'pattern', 'superset', 'bokeh', 'Auto_ViML', 'fastapi', 'spammy', 'ray', 'PySyft', 'pytensor', 'pytorch', 'gradio', 'streamlit', 'transformers', 'DIGITS', 'AutoViz']"
558,40,ParentOf,base,190,Integer Overflow or Wraparound,1,20,"['lightly', 'ViZDoom', 'numpy', 'feast', 'langflow', 'mlflow', 'open-webui', 'retro', 'mindsdb', 'pydantic', 'nalp', 'danswerai', 'rasa', 'pattern', 'superset', 'bokeh', 'Auto_ViML', 'fastapi', 'spammy', 'ray', 'PySyft', 'pytensor', 'pytorch', 'gradio', 'streamlit', 'transformers', 'DIGITS', 'AutoViz']"
559,41,ParentOf,base,466,Return of Pointer Value Outside of Expected Range,1,20,"['lightly', 'ViZDoom', 'numpy', 'feast', 'langflow', 'mlflow', 'open-webui', 'retro', 'mindsdb', 'pydantic', 'nalp', 'danswerai', 'rasa', 'pattern', 'superset', 'bokeh', 'Auto_ViML', 'fastapi', 'spammy', 'ray', 'PySyft', 'pytensor', 'pytorch', 'gradio', 'streamlit', 'transformers', 'DIGITS', 'AutoViz']"
560,42,ParentOf,base,470,Use of Externally-Controlled Input to Select Classes or Code ('Unsafe Reflection'),1,20,"['lightly', 'ViZDoom', 'numpy', 'feast', 'langflow', 'mlflow', 'open-webui', 'retro', 'mindsdb', 'pydantic', 'nalp', 'danswerai', 'rasa', 'pattern', 'superset', 'bokeh', 'Auto_ViML', 'fastapi', 'spammy', 'ray', 'PySyft', 'pytensor', 'pytorch', 'gradio', 'streamlit', 'transformers', 'DIGITS', 'AutoViz']"
561,43,ParentOf,variant,785,Use of Path Manipulation Function without Maximum-sized Buffer,1,20,"['lightly', 'ViZDoom', 'numpy', 'feast', 'langflow', 'mlflow', 'open-webui', 'retro', 'mindsdb', 'pydantic', 'nalp', 'danswerai', 'rasa', 'pattern', 'superset', 'bokeh', 'Auto_ViML', 'fastapi', 'spammy', 'ray', 'PySyft', 'pytensor', 'pytorch', 'gradio', 'streamlit', 'transformers', 'DIGITS', 'AutoViz']"
562,44,MemberOf,view,635,Weaknesses Originally Used by NVD from 2008 to 2016,1,20,"['lightly', 'ViZDoom', 'numpy', 'feast', 'langflow', 'mlflow', 'open-webui', 'retro', 'mindsdb', 'pydantic', 'nalp', 'danswerai', 'rasa', 'pattern', 'superset', 'bokeh', 'Auto_ViML', 'fastapi', 'spammy', 'ray', 'PySyft', 'pytensor', 'pytorch', 'gradio', 'streamlit', 'transformers', 'DIGITS', 'AutoViz']"
563,45,MemberOf,category,722,OWASP Top Ten 2004 Category A1 - Unvalidated Input,1,20,"['lightly', 'ViZDoom', 'numpy', 'feast', 'langflow', 'mlflow', 'open-webui', 'retro', 'mindsdb', 'pydantic', 'nalp', 'danswerai', 'rasa', 'pattern', 'superset', 'bokeh', 'Auto_ViML', 'fastapi', 'spammy', 'ray', 'PySyft', 'pytensor', 'pytorch', 'gradio', 'streamlit', 'transformers', 'DIGITS', 'AutoViz']"
564,46,MemberOf,category,738,CERT C Secure Coding Standard (2008) Chapter 5 - Integers (INT),1,20,"['lightly', 'ViZDoom', 'numpy', 'feast', 'langflow', 'mlflow', 'open-webui', 'retro', 'mindsdb', 'pydantic', 'nalp', 'danswerai', 'rasa', 'pattern', 'superset', 'bokeh', 'Auto_ViML', 'fastapi', 'spammy', 'ray', 'PySyft', 'pytensor', 'pytorch', 'gradio', 'streamlit', 'transformers', 'DIGITS', 'AutoViz']"
565,47,MemberOf,category,742,CERT C Secure Coding Standard (2008) Chapter 9 - Memory Management (MEM),1,20,"['lightly', 'ViZDoom', 'numpy', 'feast', 'langflow', 'mlflow', 'open-webui', 'retro', 'mindsdb', 'pydantic', 'nalp', 'danswerai', 'rasa', 'pattern', 'superset', 'bokeh', 'Auto_ViML', 'fastapi', 'spammy', 'ray', 'PySyft', 'pytensor', 'pytorch', 'gradio', 'streamlit', 'transformers', 'DIGITS', 'AutoViz']"
566,48,MemberOf,category,746,CERT C Secure Coding Standard (2008) Chapter 13 - Error Handling (ERR),1,20,"['lightly', 'ViZDoom', 'numpy', 'feast', 'langflow', 'mlflow', 'open-webui', 'retro', 'mindsdb', 'pydantic', 'nalp', 'danswerai', 'rasa', 'pattern', 'superset', 'bokeh', 'Auto_ViML', 'fastapi', 'spammy', 'ray', 'PySyft', 'pytensor', 'pytorch', 'gradio', 'streamlit', 'transformers', 'DIGITS', 'AutoViz']"
567,49,MemberOf,category,747,CERT C Secure Coding Standard (2008) Chapter 14 - Miscellaneous (MSC),1,20,"['lightly', 'ViZDoom', 'numpy', 'feast', 'langflow', 'mlflow', 'open-webui', 'retro', 'mindsdb', 'pydantic', 'nalp', 'danswerai', 'rasa', 'pattern', 'superset', 'bokeh', 'Auto_ViML', 'fastapi', 'spammy', 'ray', 'PySyft', 'pytensor', 'pytorch', 'gradio', 'streamlit', 'transformers', 'DIGITS', 'AutoViz']"
568,50,MemberOf,category,751,2009 Top 25 - Insecure Interaction Between Components,1,20,"['lightly', 'ViZDoom', 'numpy', 'feast', 'langflow', 'mlflow', 'open-webui', 'retro', 'mindsdb', 'pydantic', 'nalp', 'danswerai', 'rasa', 'pattern', 'superset', 'bokeh', 'Auto_ViML', 'fastapi', 'spammy', 'ray', 'PySyft', 'pytensor', 'pytorch', 'gradio', 'streamlit', 'transformers', 'DIGITS', 'AutoViz']"
569,51,MemberOf,category,872,CERT C++ Secure Coding Section 04 - Integers (INT),1,20,"['lightly', 'ViZDoom', 'numpy', 'feast', 'langflow', 'mlflow', 'open-webui', 'retro', 'mindsdb', 'pydantic', 'nalp', 'danswerai', 'rasa', 'pattern', 'superset', 'bokeh', 'Auto_ViML', 'fastapi', 'spammy', 'ray', 'PySyft', 'pytensor', 'pytorch', 'gradio', 'streamlit', 'transformers', 'DIGITS', 'AutoViz']"
570,52,MemberOf,category,876,CERT C++ Secure Coding Section 08 - Memory Management (MEM),1,20,"['lightly', 'ViZDoom', 'numpy', 'feast', 'langflow', 'mlflow', 'open-webui', 'retro', 'mindsdb', 'pydantic', 'nalp', 'danswerai', 'rasa', 'pattern', 'superset', 'bokeh', 'Auto_ViML', 'fastapi', 'spammy', 'ray', 'PySyft', 'pytensor', 'pytorch', 'gradio', 'streamlit', 'transformers', 'DIGITS', 'AutoViz']"
571,53,MemberOf,category,883,CERT C++ Secure Coding Section 49 - Miscellaneous (MSC),1,20,"['lightly', 'ViZDoom', 'numpy', 'feast', 'langflow', 'mlflow', 'open-webui', 'retro', 'mindsdb', 'pydantic', 'nalp', 'danswerai', 'rasa', 'pattern', 'superset', 'bokeh', 'Auto_ViML', 'fastapi', 'spammy', 'ray', 'PySyft', 'pytensor', 'pytorch', 'gradio', 'streamlit', 'transformers', 'DIGITS', 'AutoViz']"
572,54,MemberOf,category,994,SFP Secondary Cluster: Tainted Input to Variable,1,20,"['lightly', 'ViZDoom', 'numpy', 'feast', 'langflow', 'mlflow', 'open-webui', 'retro', 'mindsdb', 'pydantic', 'nalp', 'danswerai', 'rasa', 'pattern', 'superset', 'bokeh', 'Auto_ViML', 'fastapi', 'spammy', 'ray', 'PySyft', 'pytensor', 'pytorch', 'gradio', 'streamlit', 'transformers', 'DIGITS', 'AutoViz']"
573,55,MemberOf,category,1005,7PK - Input Validation and Representation,1,20,"['lightly', 'ViZDoom', 'numpy', 'feast', 'langflow', 'mlflow', 'open-webui', 'retro', 'mindsdb', 'pydantic', 'nalp', 'danswerai', 'rasa', 'pattern', 'superset', 'bokeh', 'Auto_ViML', 'fastapi', 'spammy', 'ray', 'PySyft', 'pytensor', 'pytorch', 'gradio', 'streamlit', 'transformers', 'DIGITS', 'AutoViz']"
574,56,MemberOf,category,1163,SEI CERT C Coding Standard - Guidelines 09. Input Output (FIO),1,20,"['lightly', 'ViZDoom', 'numpy', 'feast', 'langflow', 'mlflow', 'open-webui', 'retro', 'mindsdb', 'pydantic', 'nalp', 'danswerai', 'rasa', 'pattern', 'superset', 'bokeh', 'Auto_ViML', 'fastapi', 'spammy', 'ray', 'PySyft', 'pytensor', 'pytorch', 'gradio', 'streamlit', 'transformers', 'DIGITS', 'AutoViz']"
575,57,MemberOf,view,1200,Weaknesses in the 2019 CWE Top 25 Most Dangerous Software Errors,1,20,"['lightly', 'ViZDoom', 'numpy', 'feast', 'langflow', 'mlflow', 'open-webui', 'retro', 'mindsdb', 'pydantic', 'nalp', 'danswerai', 'rasa', 'pattern', 'superset', 'bokeh', 'Auto_ViML', 'fastapi', 'spammy', 'ray', 'PySyft', 'pytensor', 'pytorch', 'gradio', 'streamlit', 'transformers', 'DIGITS', 'AutoViz']"
576,58,MemberOf,view,1337,Weaknesses in the 2021 CWE Top 25 Most Dangerous Software Weaknesses,1,20,"['lightly', 'ViZDoom', 'numpy', 'feast', 'langflow', 'mlflow', 'open-webui', 'retro', 'mindsdb', 'pydantic', 'nalp', 'danswerai', 'rasa', 'pattern', 'superset', 'bokeh', 'Auto_ViML', 'fastapi', 'spammy', 'ray', 'PySyft', 'pytensor', 'pytorch', 'gradio', 'streamlit', 'transformers', 'DIGITS', 'AutoViz']"
577,59,MemberOf,category,1347,OWASP Top Ten 2021 Category A03:2021 - Injection,1,20,"['lightly', 'ViZDoom', 'numpy', 'feast', 'langflow', 'mlflow', 'open-webui', 'retro', 'mindsdb', 'pydantic', 'nalp', 'danswerai', 'rasa', 'pattern', 'superset', 'bokeh', 'Auto_ViML', 'fastapi', 'spammy', 'ray', 'PySyft', 'pytensor', 'pytorch', 'gradio', 'streamlit', 'transformers', 'DIGITS', 'AutoViz']"
578,60,MemberOf,view,1350,Weaknesses in the 2020 CWE Top 25 Most Dangerous Software Weaknesses,1,20,"['lightly', 'ViZDoom', 'numpy', 'feast', 'langflow', 'mlflow', 'open-webui', 'retro', 'mindsdb', 'pydantic', 'nalp', 'danswerai', 'rasa', 'pattern', 'superset', 'bokeh', 'Auto_ViML', 'fastapi', 'spammy', 'ray', 'PySyft', 'pytensor', 'pytorch', 'gradio', 'streamlit', 'transformers', 'DIGITS', 'AutoViz']"
579,61,MemberOf,category,1382,ICS Operations (& Maintenance): Emerging Energy Technologies,1,20,"['lightly', 'ViZDoom', 'numpy', 'feast', 'langflow', 'mlflow', 'open-webui', 'retro', 'mindsdb', 'pydantic', 'nalp', 'danswerai', 'rasa', 'pattern', 'superset', 'bokeh', 'Auto_ViML', 'fastapi', 'spammy', 'ray', 'PySyft', 'pytensor', 'pytorch', 'gradio', 'streamlit', 'transformers', 'DIGITS', 'AutoViz']"
580,62,MemberOf,view,1387,Weaknesses in the 2022 CWE Top 25 Most Dangerous Software Weaknesses,1,20,"['lightly', 'ViZDoom', 'numpy', 'feast', 'langflow', 'mlflow', 'open-webui', 'retro', 'mindsdb', 'pydantic', 'nalp', 'danswerai', 'rasa', 'pattern', 'superset', 'bokeh', 'Auto_ViML', 'fastapi', 'spammy', 'ray', 'PySyft', 'pytensor', 'pytorch', 'gradio', 'streamlit', 'transformers', 'DIGITS', 'AutoViz']"
581,63,MemberOf,category,1406,Comprehensive Categorization: Improper Input Validation,1,20,"['lightly', 'ViZDoom', 'numpy', 'feast', 'langflow', 'mlflow', 'open-webui', 'retro', 'mindsdb', 'pydantic', 'nalp', 'danswerai', 'rasa', 'pattern', 'superset', 'bokeh', 'Auto_ViML', 'fastapi', 'spammy', 'ray', 'PySyft', 'pytensor', 'pytorch', 'gradio', 'streamlit', 'transformers', 'DIGITS', 'AutoViz']"
582,64,MemberOf,view,1425,Weaknesses in the 2023 CWE Top 25 Most Dangerous Software Weaknesses,1,20,"['lightly', 'ViZDoom', 'numpy', 'feast', 'langflow', 'mlflow', 'open-webui', 'retro', 'mindsdb', 'pydantic', 'nalp', 'danswerai', 'rasa', 'pattern', 'superset', 'bokeh', 'Auto_ViML', 'fastapi', 'spammy', 'ray', 'PySyft', 'pytensor', 'pytorch', 'gradio', 'streamlit', 'transformers', 'DIGITS', 'AutoViz']"
583,65,MemberOf,view,1430,Weaknesses in the 2024 CWE Top 25 Most Dangerous Software Weaknesses,1,20,"['lightly', 'ViZDoom', 'numpy', 'feast', 'langflow', 'mlflow', 'open-webui', 'retro', 'mindsdb', 'pydantic', 'nalp', 'danswerai', 'rasa', 'pattern', 'superset', 'bokeh', 'Auto_ViML', 'fastapi', 'spammy', 'ray', 'PySyft', 'pytensor', 'pytorch', 'gradio', 'streamlit', 'transformers', 'DIGITS', 'AutoViz']"
584,66,MemberOf,view,1435,Weaknesses in the 2025 CWE Top 25 Most Dangerous Software Weaknesses,1,20,"['lightly', 'ViZDoom', 'numpy', 'feast', 'langflow', 'mlflow', 'open-webui', 'retro', 'mindsdb', 'pydantic', 'nalp', 'danswerai', 'rasa', 'pattern', 'superset', 'bokeh', 'Auto_ViML', 'fastapi', 'spammy', 'ray', 'PySyft', 'pytensor', 'pytorch', 'gradio', 'streamlit', 'transformers', 'DIGITS', 'AutoViz']"
585,67,MemberOf,category,1440,OWASP Top Ten 2025 Category A05:2025 - Injection,1,20,"['lightly', 'ViZDoom', 'numpy', 'feast', 'langflow', 'mlflow', 'open-webui', 'retro', 'mindsdb', 'pydantic', 'nalp', 'danswerai', 'rasa', 'pattern', 'superset', 'bokeh', 'Auto_ViML', 'fastapi', 'spammy', 'ray', 'PySyft', 'pytensor', 'pytorch', 'gradio', 'streamlit', 'transformers', 'DIGITS', 'AutoViz']"
586,68,Self,class,20,,1,20,"['lightly', 'ViZDoom', 'numpy', 'feast', 'langflow', 'mlflow', 'open-webui', 'retro', 'mindsdb', 'pydantic', 'nalp', 'danswerai', 'rasa', 'pattern', 'superset', 'bokeh', 'Auto_ViML', 'fastapi', 'spammy', 'ray', 'PySyft', 'pytensor', 'pytorch', 'gradio', 'streamlit', 'transformers', 'DIGITS', 'AutoViz']"
587,0,ChildOf,pillar,707,Improper Neutralization,49,20,"['lightly', 'ViZDoom', 'numpy', 'feast', 'langflow', 'mlflow', 'open-webui', 'retro', 'mindsdb', 'pydantic', 'nalp', 'danswerai', 'rasa', 'pattern', 'superset', 'bokeh', 'Auto_ViML', 'fastapi', 'spammy', 'ray', 'PySyft', 'pytensor', 'pytorch', 'gradio', 'streamlit', 'transformers', 'DIGITS', 'AutoViz']"
588,1,ParentOf,base,179,Incorrect Behavior Order: Early Validation,49,20,"['lightly', 'ViZDoom', 'numpy', 'feast', 'langflow', 'mlflow', 'open-webui', 'retro', 'mindsdb', 'pydantic', 'nalp', 'danswerai', 'rasa', 'pattern', 'superset', 'bokeh', 'Auto_ViML', 'fastapi', 'spammy', 'ray', 'PySyft', 'pytensor', 'pytorch', 'gradio', 'streamlit', 'transformers', 'DIGITS', 'AutoViz']"
589,2,ParentOf,variant,622,Improper Validation of Function Hook Arguments,49,20,"['lightly', 'ViZDoom', 'numpy', 'feast', 'langflow', 'mlflow', 'open-webui', 'retro', 'mindsdb', 'pydantic', 'nalp', 'danswerai', 'rasa', 'pattern', 'superset', 'bokeh', 'Auto_ViML', 'fastapi', 'spammy', 'ray', 'PySyft', 'pytensor', 'pytorch', 'gradio', 'streamlit', 'transformers', 'DIGITS', 'AutoViz']"
590,3,ParentOf,base,1173,Improper Use of Validation Framework,49,20,"['lightly', 'ViZDoom', 'numpy', 'feast', 'langflow', 'mlflow', 'open-webui', 'retro', 'mindsdb', 'pydantic', 'nalp', 'danswerai', 'rasa', 'pattern', 'superset', 'bokeh', 'Auto_ViML', 'fastapi', 'spammy', 'ray', 'PySyft', 'pytensor', 'pytorch', 'gradio', 'streamlit', 'transformers', 'DIGITS', 'AutoViz']"
591,4,ParentOf,base,1284,Improper Validation of Specified Quantity in Input,49,20,"['lightly', 'ViZDoom', 'numpy', 'feast', 'langflow', 'mlflow', 'open-webui', 'retro', 'mindsdb', 'pydantic', 'nalp', 'danswerai', 'rasa', 'pattern', 'superset', 'bokeh', 'Auto_ViML', 'fastapi', 'spammy', 'ray', 'PySyft', 'pytensor', 'pytorch', 'gradio', 'streamlit', 'transformers', 'DIGITS', 'AutoViz']"
592,5,ParentOf,base,1285,"Improper Validation of Specified Index, Position, or Offset in Input",49,20,"['lightly', 'ViZDoom', 'numpy', 'feast', 'langflow', 'mlflow', 'open-webui', 'retro', 'mindsdb', 'pydantic', 'nalp', 'danswerai', 'rasa', 'pattern', 'superset', 'bokeh', 'Auto_ViML', 'fastapi', 'spammy', 'ray', 'PySyft', 'pytensor', 'pytorch', 'gradio', 'streamlit', 'transformers', 'DIGITS', 'AutoViz']"
593,6,ParentOf,base,1286,Improper Validation of Syntactic Correctness of Input,49,20,"['lightly', 'ViZDoom', 'numpy', 'feast', 'langflow', 'mlflow', 'open-webui', 'retro', 'mindsdb', 'pydantic', 'nalp', 'danswerai', 'rasa', 'pattern', 'superset', 'bokeh', 'Auto_ViML', 'fastapi', 'spammy', 'ray', 'PySyft', 'pytensor', 'pytorch', 'gradio', 'streamlit', 'transformers', 'DIGITS', 'AutoViz']"
594,7,ParentOf,base,1287,Improper Validation of Specified Type of Input,49,20,"['lightly', 'ViZDoom', 'numpy', 'feast', 'langflow', 'mlflow', 'open-webui', 'retro', 'mindsdb', 'pydantic', 'nalp', 'danswerai', 'rasa', 'pattern', 'superset', 'bokeh', 'Auto_ViML', 'fastapi', 'spammy', 'ray', 'PySyft', 'pytensor', 'pytorch', 'gradio', 'streamlit', 'transformers', 'DIGITS', 'AutoViz']"
595,8,ParentOf,base,1288,Improper Validation of Consistency within Input,49,20,"['lightly', 'ViZDoom', 'numpy', 'feast', 'langflow', 'mlflow', 'open-webui', 'retro', 'mindsdb', 'pydantic', 'nalp', 'danswerai', 'rasa', 'pattern', 'superset', 'bokeh', 'Auto_ViML', 'fastapi', 'spammy', 'ray', 'PySyft', 'pytensor', 'pytorch', 'gradio', 'streamlit', 'transformers', 'DIGITS', 'AutoViz']"
596,9,ParentOf,base,1289,Improper Validation of Unsafe Equivalence in Input,49,20,"['lightly', 'ViZDoom', 'numpy', 'feast', 'langflow', 'mlflow', 'open-webui', 'retro', 'mindsdb', 'pydantic', 'nalp', 'danswerai', 'rasa', 'pattern', 'superset', 'bokeh', 'Auto_ViML', 'fastapi', 'spammy', 'ray', 'PySyft', 'pytensor', 'pytorch', 'gradio', 'streamlit', 'transformers', 'DIGITS', 'AutoViz']"
597,10,PeerOf,class,345,Insufficient Verification of Data Authenticity,49,20,"['lightly', 'ViZDoom', 'numpy', 'feast', 'langflow', 'mlflow', 'open-webui', 'retro', 'mindsdb', 'pydantic', 'nalp', 'danswerai', 'rasa', 'pattern', 'superset', 'bokeh', 'Auto_ViML', 'fastapi', 'spammy', 'ray', 'PySyft', 'pytensor', 'pytorch', 'gradio', 'streamlit', 'transformers', 'DIGITS', 'AutoViz']"
598,11,CanPrecede,base,22,Improper Limitation of a Pathname to a Restricted Directory ('Path Traversal'),49,20,"['lightly', 'ViZDoom', 'numpy', 'feast', 'langflow', 'mlflow', 'open-webui', 'retro', 'mindsdb', 'pydantic', 'nalp', 'danswerai', 'rasa', 'pattern', 'superset', 'bokeh', 'Auto_ViML', 'fastapi', 'spammy', 'ray', 'PySyft', 'pytensor', 'pytorch', 'gradio', 'streamlit', 'transformers', 'DIGITS', 'AutoViz']"
599,12,CanPrecede,base,41,Improper Resolution of Path Equivalence,49,20,"['lightly', 'ViZDoom', 'numpy', 'feast', 'langflow', 'mlflow', 'open-webui', 'retro', 'mindsdb', 'pydantic', 'nalp', 'danswerai', 'rasa', 'pattern', 'superset', 'bokeh', 'Auto_ViML', 'fastapi', 'spammy', 'ray', 'PySyft', 'pytensor', 'pytorch', 'gradio', 'streamlit', 'transformers', 'DIGITS', 'AutoViz']"
600,13,CanPrecede,class,74,Improper Neutralization of Special Elements in Output Used by a Downstream Component ('Injection'),49,20,"['lightly', 'ViZDoom', 'numpy', 'feast', 'langflow', 'mlflow', 'open-webui', 'retro', 'mindsdb', 'pydantic', 'nalp', 'danswerai', 'rasa', 'pattern', 'superset', 'bokeh', 'Auto_ViML', 'fastapi', 'spammy', 'ray', 'PySyft', 'pytensor', 'pytorch', 'gradio', 'streamlit', 'transformers', 'DIGITS', 'AutoViz']"
601,14,CanPrecede,class,119,Improper Restriction of Operations within the Bounds of a Memory Buffer,49,20,"['lightly', 'ViZDoom', 'numpy', 'feast', 'langflow', 'mlflow', 'open-webui', 'retro', 'mindsdb', 'pydantic', 'nalp', 'danswerai', 'rasa', 'pattern', 'superset', 'bokeh', 'Auto_ViML', 'fastapi', 'spammy', 'ray', 'PySyft', 'pytensor', 'pytorch', 'gradio', 'streamlit', 'transformers', 'DIGITS', 'AutoViz']"
602,15,CanPrecede,base,770,Allocation of Resources Without Limits or Throttling,49,20,"['lightly', 'ViZDoom', 'numpy', 'feast', 'langflow', 'mlflow', 'open-webui', 'retro', 'mindsdb', 'pydantic', 'nalp', 'danswerai', 'rasa', 'pattern', 'superset', 'bokeh', 'Auto_ViML', 'fastapi', 'spammy', 'ray', 'PySyft', 'pytensor', 'pytorch', 'gradio', 'streamlit', 'transformers', 'DIGITS', 'AutoViz']"
603,16,MemberOf,view,1003,Weaknesses for Simplified Mapping of Published Vulnerabilities,49,20,"['lightly', 'ViZDoom', 'numpy', 'feast', 'langflow', 'mlflow', 'open-webui', 'retro', 'mindsdb', 'pydantic', 'nalp', 'danswerai', 'rasa', 'pattern', 'superset', 'bokeh', 'Auto_ViML', 'fastapi', 'spammy', 'ray', 'PySyft', 'pytensor', 'pytorch', 'gradio', 'streamlit', 'transformers', 'DIGITS', 'AutoViz']"
604,17,ParentOf,variant,129,Improper Validation of Array Index,49,20,"['lightly', 'ViZDoom', 'numpy', 'feast', 'langflow', 'mlflow', 'open-webui', 'retro', 'mindsdb', 'pydantic', 'nalp', 'danswerai', 'rasa', 'pattern', 'superset', 'bokeh', 'Auto_ViML', 'fastapi', 'spammy', 'ray', 'PySyft', 'pytensor', 'pytorch', 'gradio', 'streamlit', 'transformers', 'DIGITS', 'AutoViz']"
605,18,ParentOf,base,1284,Improper Validation of Specified Quantity in Input,49,20,"['lightly', 'ViZDoom', 'numpy', 'feast', 'langflow', 'mlflow', 'open-webui', 'retro', 'mindsdb', 'pydantic', 'nalp', 'danswerai', 'rasa', 'pattern', 'superset', 'bokeh', 'Auto_ViML', 'fastapi', 'spammy', 'ray', 'PySyft', 'pytensor', 'pytorch', 'gradio', 'streamlit', 'transformers', 'DIGITS', 'AutoViz']"
606,19,MemberOf,category,1019,Validate Inputs,49,20,"['lightly', 'ViZDoom', 'numpy', 'feast', 'langflow', 'mlflow', 'open-webui', 'retro', 'mindsdb', 'pydantic', 'nalp', 'danswerai', 'rasa', 'pattern', 'superset', 'bokeh', 'Auto_ViML', 'fastapi', 'spammy', 'ray', 'PySyft', 'pytensor', 'pytorch', 'gradio', 'streamlit', 'transformers', 'DIGITS', 'AutoViz']"
607,20,ParentOf,base,15,External Control of System or Configuration Setting,49,20,"['lightly', 'ViZDoom', 'numpy', 'feast', 'langflow', 'mlflow', 'open-webui', 'retro', 'mindsdb', 'pydantic', 'nalp', 'danswerai', 'rasa', 'pattern', 'superset', 'bokeh', 'Auto_ViML', 'fastapi', 'spammy', 'ray', 'PySyft', 'pytensor', 'pytorch', 'gradio', 'streamlit', 'transformers', 'DIGITS', 'AutoViz']"
608,21,ParentOf,base,73,External Control of File Name or Path,49,20,"['lightly', 'ViZDoom', 'numpy', 'feast', 'langflow', 'mlflow', 'open-webui', 'retro', 'mindsdb', 'pydantic', 'nalp', 'danswerai', 'rasa', 'pattern', 'superset', 'bokeh', 'Auto_ViML', 'fastapi', 'spammy', 'ray', 'PySyft', 'pytensor', 'pytorch', 'gradio', 'streamlit', 'transformers', 'DIGITS', 'AutoViz']"
609,22,ParentOf,variant,102,Struts: Duplicate Validation Forms,49,20,"['lightly', 'ViZDoom', 'numpy', 'feast', 'langflow', 'mlflow', 'open-webui', 'retro', 'mindsdb', 'pydantic', 'nalp', 'danswerai', 'rasa', 'pattern', 'superset', 'bokeh', 'Auto_ViML', 'fastapi', 'spammy', 'ray', 'PySyft', 'pytensor', 'pytorch', 'gradio', 'streamlit', 'transformers', 'DIGITS', 'AutoViz']"
610,23,ParentOf,variant,103,Struts: Incomplete validate() Method Definition,49,20,"['lightly', 'ViZDoom', 'numpy', 'feast', 'langflow', 'mlflow', 'open-webui', 'retro', 'mindsdb', 'pydantic', 'nalp', 'danswerai', 'rasa', 'pattern', 'superset', 'bokeh', 'Auto_ViML', 'fastapi', 'spammy', 'ray', 'PySyft', 'pytensor', 'pytorch', 'gradio', 'streamlit', 'transformers', 'DIGITS', 'AutoViz']"
611,24,ParentOf,variant,104,Struts: Form Bean Does Not Extend Validation Class,49,20,"['lightly', 'ViZDoom', 'numpy', 'feast', 'langflow', 'mlflow', 'open-webui', 'retro', 'mindsdb', 'pydantic', 'nalp', 'danswerai', 'rasa', 'pattern', 'superset', 'bokeh', 'Auto_ViML', 'fastapi', 'spammy', 'ray', 'PySyft', 'pytensor', 'pytorch', 'gradio', 'streamlit', 'transformers', 'DIGITS', 'AutoViz']"
612,25,ParentOf,variant,105,Struts: Form Field Without Validator,49,20,"['lightly', 'ViZDoom', 'numpy', 'feast', 'langflow', 'mlflow', 'open-webui', 'retro', 'mindsdb', 'pydantic', 'nalp', 'danswerai', 'rasa', 'pattern', 'superset', 'bokeh', 'Auto_ViML', 'fastapi', 'spammy', 'ray', 'PySyft', 'pytensor', 'pytorch', 'gradio', 'streamlit', 'transformers', 'DIGITS', 'AutoViz']"
613,26,ParentOf,variant,106,Struts: Plug-in Framework not in Use,49,20,"['lightly', 'ViZDoom', 'numpy', 'feast', 'langflow', 'mlflow', 'open-webui', 'retro', 'mindsdb', 'pydantic', 'nalp', 'danswerai', 'rasa', 'pattern', 'superset', 'bokeh', 'Auto_ViML', 'fastapi', 'spammy', 'ray', 'PySyft', 'pytensor', 'pytorch', 'gradio', 'streamlit', 'transformers', 'DIGITS', 'AutoViz']"
614,27,ParentOf,variant,107,Struts: Unused Validation Form,49,20,"['lightly', 'ViZDoom', 'numpy', 'feast', 'langflow', 'mlflow', 'open-webui', 'retro', 'mindsdb', 'pydantic', 'nalp', 'danswerai', 'rasa', 'pattern', 'superset', 'bokeh', 'Auto_ViML', 'fastapi', 'spammy', 'ray', 'PySyft', 'pytensor', 'pytorch', 'gradio', 'streamlit', 'transformers', 'DIGITS', 'AutoViz']"
615,28,ParentOf,variant,108,Struts: Unvalidated Action Form,49,20,"['lightly', 'ViZDoom', 'numpy', 'feast', 'langflow', 'mlflow', 'open-webui', 'retro', 'mindsdb', 'pydantic', 'nalp', 'danswerai', 'rasa', 'pattern', 'superset', 'bokeh', 'Auto_ViML', 'fastapi', 'spammy', 'ray', 'PySyft', 'pytensor', 'pytorch', 'gradio', 'streamlit', 'transformers', 'DIGITS', 'AutoViz']"
616,29,ParentOf,variant,109,Struts: Validator Turned Off,49,20,"['lightly', 'ViZDoom', 'numpy', 'feast', 'langflow', 'mlflow', 'open-webui', 'retro', 'mindsdb', 'pydantic', 'nalp', 'danswerai', 'rasa', 'pattern', 'superset', 'bokeh', 'Auto_ViML', 'fastapi', 'spammy', 'ray', 'PySyft', 'pytensor', 'pytorch', 'gradio', 'streamlit', 'transformers', 'DIGITS', 'AutoViz']"
617,30,ParentOf,variant,110,Struts: Validator Without Form Field,49,20,"['lightly', 'ViZDoom', 'numpy', 'feast', 'langflow', 'mlflow', 'open-webui', 'retro', 'mindsdb', 'pydantic', 'nalp', 'danswerai', 'rasa', 'pattern', 'superset', 'bokeh', 'Auto_ViML', 'fastapi', 'spammy', 'ray', 'PySyft', 'pytensor', 'pytorch', 'gradio', 'streamlit', 'transformers', 'DIGITS', 'AutoViz']"
618,31,ParentOf,variant,111,Direct Use of Unsafe JNI,49,20,"['lightly', 'ViZDoom', 'numpy', 'feast', 'langflow', 'mlflow', 'open-webui', 'retro', 'mindsdb', 'pydantic', 'nalp', 'danswerai', 'rasa', 'pattern', 'superset', 'bokeh', 'Auto_ViML', 'fastapi', 'spammy', 'ray', 'PySyft', 'pytensor', 'pytorch', 'gradio', 'streamlit', 'transformers', 'DIGITS', 'AutoViz']"
619,32,ParentOf,base,112,Missing XML Validation,49,20,"['lightly', 'ViZDoom', 'numpy', 'feast', 'langflow', 'mlflow', 'open-webui', 'retro', 'mindsdb', 'pydantic', 'nalp', 'danswerai', 'rasa', 'pattern', 'superset', 'bokeh', 'Auto_ViML', 'fastapi', 'spammy', 'ray', 'PySyft', 'pytensor', 'pytorch', 'gradio', 'streamlit', 'transformers', 'DIGITS', 'AutoViz']"
620,33,ParentOf,variant,113,Improper Neutralization of CRLF Sequences in HTTP Headers ('HTTP Request/Response Splitting'),49,20,"['lightly', 'ViZDoom', 'numpy', 'feast', 'langflow', 'mlflow', 'open-webui', 'retro', 'mindsdb', 'pydantic', 'nalp', 'danswerai', 'rasa', 'pattern', 'superset', 'bokeh', 'Auto_ViML', 'fastapi', 'spammy', 'ray', 'PySyft', 'pytensor', 'pytorch', 'gradio', 'streamlit', 'transformers', 'DIGITS', 'AutoViz']"
621,34,ParentOf,class,114,Process Control,49,20,"['lightly', 'ViZDoom', 'numpy', 'feast', 'langflow', 'mlflow', 'open-webui', 'retro', 'mindsdb', 'pydantic', 'nalp', 'danswerai', 'rasa', 'pattern', 'superset', 'bokeh', 'Auto_ViML', 'fastapi', 'spammy', 'ray', 'PySyft', 'pytensor', 'pytorch', 'gradio', 'streamlit', 'transformers', 'DIGITS', 'AutoViz']"
622,35,ParentOf,base,117,Improper Output Neutralization for Logs,49,20,"['lightly', 'ViZDoom', 'numpy', 'feast', 'langflow', 'mlflow', 'open-webui', 'retro', 'mindsdb', 'pydantic', 'nalp', 'danswerai', 'rasa', 'pattern', 'superset', 'bokeh', 'Auto_ViML', 'fastapi', 'spammy', 'ray', 'PySyft', 'pytensor', 'pytorch', 'gradio', 'streamlit', 'transformers', 'DIGITS', 'AutoViz']"
623,36,ParentOf,class,119,Improper Restriction of Operations within the Bounds of a Memory Buffer,49,20,"['lightly', 'ViZDoom', 'numpy', 'feast', 'langflow', 'mlflow', 'open-webui', 'retro', 'mindsdb', 'pydantic', 'nalp', 'danswerai', 'rasa', 'pattern', 'superset', 'bokeh', 'Auto_ViML', 'fastapi', 'spammy', 'ray', 'PySyft', 'pytensor', 'pytorch', 'gradio', 'streamlit', 'transformers', 'DIGITS', 'AutoViz']"
624,37,ParentOf,base,120,Buffer Copy without Checking Size of Input ('Classic Buffer Overflow'),49,20,"['lightly', 'ViZDoom', 'numpy', 'feast', 'langflow', 'mlflow', 'open-webui', 'retro', 'mindsdb', 'pydantic', 'nalp', 'danswerai', 'rasa', 'pattern', 'superset', 'bokeh', 'Auto_ViML', 'fastapi', 'spammy', 'ray', 'PySyft', 'pytensor', 'pytorch', 'gradio', 'streamlit', 'transformers', 'DIGITS', 'AutoViz']"
625,38,ParentOf,base,134,Use of Externally-Controlled Format String,49,20,"['lightly', 'ViZDoom', 'numpy', 'feast', 'langflow', 'mlflow', 'open-webui', 'retro', 'mindsdb', 'pydantic', 'nalp', 'danswerai', 'rasa', 'pattern', 'superset', 'bokeh', 'Auto_ViML', 'fastapi', 'spammy', 'ray', 'PySyft', 'pytensor', 'pytorch', 'gradio', 'streamlit', 'transformers', 'DIGITS', 'AutoViz']"
626,39,ParentOf,base,170,Improper Null Termination,49,20,"['lightly', 'ViZDoom', 'numpy', 'feast', 'langflow', 'mlflow', 'open-webui', 'retro', 'mindsdb', 'pydantic', 'nalp', 'danswerai', 'rasa', 'pattern', 'superset', 'bokeh', 'Auto_ViML', 'fastapi', 'spammy', 'ray', 'PySyft', 'pytensor', 'pytorch', 'gradio', 'streamlit', 'transformers', 'DIGITS', 'AutoViz']"
627,40,ParentOf,base,190,Integer Overflow or Wraparound,49,20,"['lightly', 'ViZDoom', 'numpy', 'feast', 'langflow', 'mlflow', 'open-webui', 'retro', 'mindsdb', 'pydantic', 'nalp', 'danswerai', 'rasa', 'pattern', 'superset', 'bokeh', 'Auto_ViML', 'fastapi', 'spammy', 'ray', 'PySyft', 'pytensor', 'pytorch', 'gradio', 'streamlit', 'transformers', 'DIGITS', 'AutoViz']"
628,41,ParentOf,base,466,Return of Pointer Value Outside of Expected Range,49,20,"['lightly', 'ViZDoom', 'numpy', 'feast', 'langflow', 'mlflow', 'open-webui', 'retro', 'mindsdb', 'pydantic', 'nalp', 'danswerai', 'rasa', 'pattern', 'superset', 'bokeh', 'Auto_ViML', 'fastapi', 'spammy', 'ray', 'PySyft', 'pytensor', 'pytorch', 'gradio', 'streamlit', 'transformers', 'DIGITS', 'AutoViz']"
629,42,ParentOf,base,470,Use of Externally-Controlled Input to Select Classes or Code ('Unsafe Reflection'),49,20,"['lightly', 'ViZDoom', 'numpy', 'feast', 'langflow', 'mlflow', 'open-webui', 'retro', 'mindsdb', 'pydantic', 'nalp', 'danswerai', 'rasa', 'pattern', 'superset', 'bokeh', 'Auto_ViML', 'fastapi', 'spammy', 'ray', 'PySyft', 'pytensor', 'pytorch', 'gradio', 'streamlit', 'transformers', 'DIGITS', 'AutoViz']"
630,43,ParentOf,variant,785,Use of Path Manipulation Function without Maximum-sized Buffer,49,20,"['lightly', 'ViZDoom', 'numpy', 'feast', 'langflow', 'mlflow', 'open-webui', 'retro', 'mindsdb', 'pydantic', 'nalp', 'danswerai', 'rasa', 'pattern', 'superset', 'bokeh', 'Auto_ViML', 'fastapi', 'spammy', 'ray', 'PySyft', 'pytensor', 'pytorch', 'gradio', 'streamlit', 'transformers', 'DIGITS', 'AutoViz']"
631,44,MemberOf,view,635,Weaknesses Originally Used by NVD from 2008 to 2016,49,20,"['lightly', 'ViZDoom', 'numpy', 'feast', 'langflow', 'mlflow', 'open-webui', 'retro', 'mindsdb', 'pydantic', 'nalp', 'danswerai', 'rasa', 'pattern', 'superset', 'bokeh', 'Auto_ViML', 'fastapi', 'spammy', 'ray', 'PySyft', 'pytensor', 'pytorch', 'gradio', 'streamlit', 'transformers', 'DIGITS', 'AutoViz']"
632,45,MemberOf,category,722,OWASP Top Ten 2004 Category A1 - Unvalidated Input,49,20,"['lightly', 'ViZDoom', 'numpy', 'feast', 'langflow', 'mlflow', 'open-webui', 'retro', 'mindsdb', 'pydantic', 'nalp', 'danswerai', 'rasa', 'pattern', 'superset', 'bokeh', 'Auto_ViML', 'fastapi', 'spammy', 'ray', 'PySyft', 'pytensor', 'pytorch', 'gradio', 'streamlit', 'transformers', 'DIGITS', 'AutoViz']"
633,46,MemberOf,category,738,CERT C Secure Coding Standard (2008) Chapter 5 - Integers (INT),49,20,"['lightly', 'ViZDoom', 'numpy', 'feast', 'langflow', 'mlflow', 'open-webui', 'retro', 'mindsdb', 'pydantic', 'nalp', 'danswerai', 'rasa', 'pattern', 'superset', 'bokeh', 'Auto_ViML', 'fastapi', 'spammy', 'ray', 'PySyft', 'pytensor', 'pytorch', 'gradio', 'streamlit', 'transformers', 'DIGITS', 'AutoViz']"
634,47,MemberOf,category,742,CERT C Secure Coding Standard (2008) Chapter 9 - Memory Management (MEM),49,20,"['lightly', 'ViZDoom', 'numpy', 'feast', 'langflow', 'mlflow', 'open-webui', 'retro', 'mindsdb', 'pydantic', 'nalp', 'danswerai', 'rasa', 'pattern', 'superset', 'bokeh', 'Auto_ViML', 'fastapi', 'spammy', 'ray', 'PySyft', 'pytensor', 'pytorch', 'gradio', 'streamlit', 'transformers', 'DIGITS', 'AutoViz']"
635,48,MemberOf,category,746,CERT C Secure Coding Standard (2008) Chapter 13 - Error Handling (ERR),49,20,"['lightly', 'ViZDoom', 'numpy', 'feast', 'langflow', 'mlflow', 'open-webui', 'retro', 'mindsdb', 'pydantic', 'nalp', 'danswerai', 'rasa', 'pattern', 'superset', 'bokeh', 'Auto_ViML', 'fastapi', 'spammy', 'ray', 'PySyft', 'pytensor', 'pytorch', 'gradio', 'streamlit', 'transformers', 'DIGITS', 'AutoViz']"
636,49,MemberOf,category,747,CERT C Secure Coding Standard (2008) Chapter 14 - Miscellaneous (MSC),49,20,"['lightly', 'ViZDoom', 'numpy', 'feast', 'langflow', 'mlflow', 'open-webui', 'retro', 'mindsdb', 'pydantic', 'nalp', 'danswerai', 'rasa', 'pattern', 'superset', 'bokeh', 'Auto_ViML', 'fastapi', 'spammy', 'ray', 'PySyft', 'pytensor', 'pytorch', 'gradio', 'streamlit', 'transformers', 'DIGITS', 'AutoViz']"
637,50,MemberOf,category,751,2009 Top 25 - Insecure Interaction Between Components,49,20,"['lightly', 'ViZDoom', 'numpy', 'feast', 'langflow', 'mlflow', 'open-webui', 'retro', 'mindsdb', 'pydantic', 'nalp', 'danswerai', 'rasa', 'pattern', 'superset', 'bokeh', 'Auto_ViML', 'fastapi', 'spammy', 'ray', 'PySyft', 'pytensor', 'pytorch', 'gradio', 'streamlit', 'transformers', 'DIGITS', 'AutoViz']"
638,51,MemberOf,category,872,CERT C++ Secure Coding Section 04 - Integers (INT),49,20,"['lightly', 'ViZDoom', 'numpy', 'feast', 'langflow', 'mlflow', 'open-webui', 'retro', 'mindsdb', 'pydantic', 'nalp', 'danswerai', 'rasa', 'pattern', 'superset', 'bokeh', 'Auto_ViML', 'fastapi', 'spammy', 'ray', 'PySyft', 'pytensor', 'pytorch', 'gradio', 'streamlit', 'transformers', 'DIGITS', 'AutoViz']"
639,52,MemberOf,category,876,CERT C++ Secure Coding Section 08 - Memory Management (MEM),49,20,"['lightly', 'ViZDoom', 'numpy', 'feast', 'langflow', 'mlflow', 'open-webui', 'retro', 'mindsdb', 'pydantic', 'nalp', 'danswerai', 'rasa', 'pattern', 'superset', 'bokeh', 'Auto_ViML', 'fastapi', 'spammy', 'ray', 'PySyft', 'pytensor', 'pytorch', 'gradio', 'streamlit', 'transformers', 'DIGITS', 'AutoViz']"
640,53,MemberOf,category,883,CERT C++ Secure Coding Section 49 - Miscellaneous (MSC),49,20,"['lightly', 'ViZDoom', 'numpy', 'feast', 'langflow', 'mlflow', 'open-webui', 'retro', 'mindsdb', 'pydantic', 'nalp', 'danswerai', 'rasa', 'pattern', 'superset', 'bokeh', 'Auto_ViML', 'fastapi', 'spammy', 'ray', 'PySyft', 'pytensor', 'pytorch', 'gradio', 'streamlit', 'transformers', 'DIGITS', 'AutoViz']"
641,54,MemberOf,category,994,SFP Secondary Cluster: Tainted Input to Variable,49,20,"['lightly', 'ViZDoom', 'numpy', 'feast', 'langflow', 'mlflow', 'open-webui', 'retro', 'mindsdb', 'pydantic', 'nalp', 'danswerai', 'rasa', 'pattern', 'superset', 'bokeh', 'Auto_ViML', 'fastapi', 'spammy', 'ray', 'PySyft', 'pytensor', 'pytorch', 'gradio', 'streamlit', 'transformers', 'DIGITS', 'AutoViz']"
642,55,MemberOf,category,1005,7PK - Input Validation and Representation,49,20,"['lightly', 'ViZDoom', 'numpy', 'feast', 'langflow', 'mlflow', 'open-webui', 'retro', 'mindsdb', 'pydantic', 'nalp', 'danswerai', 'rasa', 'pattern', 'superset', 'bokeh', 'Auto_ViML', 'fastapi', 'spammy', 'ray', 'PySyft', 'pytensor', 'pytorch', 'gradio', 'streamlit', 'transformers', 'DIGITS', 'AutoViz']"
643,56,MemberOf,category,1163,SEI CERT C Coding Standard - Guidelines 09. Input Output (FIO),49,20,"['lightly', 'ViZDoom', 'numpy', 'feast', 'langflow', 'mlflow', 'open-webui', 'retro', 'mindsdb', 'pydantic', 'nalp', 'danswerai', 'rasa', 'pattern', 'superset', 'bokeh', 'Auto_ViML', 'fastapi', 'spammy', 'ray', 'PySyft', 'pytensor', 'pytorch', 'gradio', 'streamlit', 'transformers', 'DIGITS', 'AutoViz']"
644,57,MemberOf,view,1200,Weaknesses in the 2019 CWE Top 25 Most Dangerous Software Errors,49,20,"['lightly', 'ViZDoom', 'numpy', 'feast', 'langflow', 'mlflow', 'open-webui', 'retro', 'mindsdb', 'pydantic', 'nalp', 'danswerai', 'rasa', 'pattern', 'superset', 'bokeh', 'Auto_ViML', 'fastapi', 'spammy', 'ray', 'PySyft', 'pytensor', 'pytorch', 'gradio', 'streamlit', 'transformers', 'DIGITS', 'AutoViz']"
645,58,MemberOf,view,1337,Weaknesses in the 2021 CWE Top 25 Most Dangerous Software Weaknesses,49,20,"['lightly', 'ViZDoom', 'numpy', 'feast', 'langflow', 'mlflow', 'open-webui', 'retro', 'mindsdb', 'pydantic', 'nalp', 'danswerai', 'rasa', 'pattern', 'superset', 'bokeh', 'Auto_ViML', 'fastapi', 'spammy', 'ray', 'PySyft', 'pytensor', 'pytorch', 'gradio', 'streamlit', 'transformers', 'DIGITS', 'AutoViz']"
646,59,MemberOf,category,1347,OWASP Top Ten 2021 Category A03:2021 - Injection,49,20,"['lightly', 'ViZDoom', 'numpy', 'feast', 'langflow', 'mlflow', 'open-webui', 'retro', 'mindsdb', 'pydantic', 'nalp', 'danswerai', 'rasa', 'pattern', 'superset', 'bokeh', 'Auto_ViML', 'fastapi', 'spammy', 'ray', 'PySyft', 'pytensor', 'pytorch', 'gradio', 'streamlit', 'transformers', 'DIGITS', 'AutoViz']"
647,60,MemberOf,view,1350,Weaknesses in the 2020 CWE Top 25 Most Dangerous Software Weaknesses,49,20,"['lightly', 'ViZDoom', 'numpy', 'feast', 'langflow', 'mlflow', 'open-webui', 'retro', 'mindsdb', 'pydantic', 'nalp', 'danswerai', 'rasa', 'pattern', 'superset', 'bokeh', 'Auto_ViML', 'fastapi', 'spammy', 'ray', 'PySyft', 'pytensor', 'pytorch', 'gradio', 'streamlit', 'transformers', 'DIGITS', 'AutoViz']"
648,61,MemberOf,category,1382,ICS Operations (& Maintenance): Emerging Energy Technologies,49,20,"['lightly', 'ViZDoom', 'numpy', 'feast', 'langflow', 'mlflow', 'open-webui', 'retro', 'mindsdb', 'pydantic', 'nalp', 'danswerai', 'rasa', 'pattern', 'superset', 'bokeh', 'Auto_ViML', 'fastapi', 'spammy', 'ray', 'PySyft', 'pytensor', 'pytorch', 'gradio', 'streamlit', 'transformers', 'DIGITS', 'AutoViz']"
649,62,MemberOf,view,1387,Weaknesses in the 2022 CWE Top 25 Most Dangerous Software Weaknesses,49,20,"['lightly', 'ViZDoom', 'numpy', 'feast', 'langflow', 'mlflow', 'open-webui', 'retro', 'mindsdb', 'pydantic', 'nalp', 'danswerai', 'rasa', 'pattern', 'superset', 'bokeh', 'Auto_ViML', 'fastapi', 'spammy', 'ray', 'PySyft', 'pytensor', 'pytorch', 'gradio', 'streamlit', 'transformers', 'DIGITS', 'AutoViz']"
650,63,MemberOf,category,1406,Comprehensive Categorization: Improper Input Validation,49,20,"['lightly', 'ViZDoom', 'numpy', 'feast', 'langflow', 'mlflow', 'open-webui', 'retro', 'mindsdb', 'pydantic', 'nalp', 'danswerai', 'rasa', 'pattern', 'superset', 'bokeh', 'Auto_ViML', 'fastapi', 'spammy', 'ray', 'PySyft', 'pytensor', 'pytorch', 'gradio', 'streamlit', 'transformers', 'DIGITS', 'AutoViz']"
651,64,MemberOf,view,1425,Weaknesses in the 2023 CWE Top 25 Most Dangerous Software Weaknesses,49,20,"['lightly', 'ViZDoom', 'numpy', 'feast', 'langflow', 'mlflow', 'open-webui', 'retro', 'mindsdb', 'pydantic', 'nalp', 'danswerai', 'rasa', 'pattern', 'superset', 'bokeh', 'Auto_ViML', 'fastapi', 'spammy', 'ray', 'PySyft', 'pytensor', 'pytorch', 'gradio', 'streamlit', 'transformers', 'DIGITS', 'AutoViz']"
652,65,MemberOf,view,1430,Weaknesses in the 2024 CWE Top 25 Most Dangerous Software Weaknesses,49,20,"['lightly', 'ViZDoom', 'numpy', 'feast', 'langflow', 'mlflow', 'open-webui', 'retro', 'mindsdb', 'pydantic', 'nalp', 'danswerai', 'rasa', 'pattern', 'superset', 'bokeh', 'Auto_ViML', 'fastapi', 'spammy', 'ray', 'PySyft', 'pytensor', 'pytorch', 'gradio', 'streamlit', 'transformers', 'DIGITS', 'AutoViz']"
653,66,MemberOf,view,1435,Weaknesses in the 2025 CWE Top 25 Most Dangerous Software Weaknesses,49,20,"['lightly', 'ViZDoom', 'numpy', 'feast', 'langflow', 'mlflow', 'open-webui', 'retro', 'mindsdb', 'pydantic', 'nalp', 'danswerai', 'rasa', 'pattern', 'superset', 'bokeh', 'Auto_ViML', 'fastapi', 'spammy', 'ray', 'PySyft', 'pytensor', 'pytorch', 'gradio', 'streamlit', 'transformers', 'DIGITS', 'AutoViz']"
654,67,MemberOf,category,1440,OWASP Top Ten 2025 Category A05:2025 - Injection,49,20,"['lightly', 'ViZDoom', 'numpy', 'feast', 'langflow', 'mlflow', 'open-webui', 'retro', 'mindsdb', 'pydantic', 'nalp', 'danswerai', 'rasa', 'pattern', 'superset', 'bokeh', 'Auto_ViML', 'fastapi', 'spammy', 'ray', 'PySyft', 'pytensor', 'pytorch', 'gradio', 'streamlit', 'transformers', 'DIGITS', 'AutoViz']"
655,68,Self,class,20,,49,20,"['lightly', 'ViZDoom', 'numpy', 'feast', 'langflow', 'mlflow', 'open-webui', 'retro', 'mindsdb', 'pydantic', 'nalp', 'danswerai', 'rasa', 'pattern', 'superset', 'bokeh', 'Auto_ViML', 'fastapi', 'spammy', 'ray', 'PySyft', 'pytensor', 'pytorch', 'gradio', 'streamlit', 'transformers', 'DIGITS', 'AutoViz']"
656,0,ChildOf,class,706,Use of Incorrectly-Resolved Name or Reference,7057,22,"['cornac', 'FEDOT', 'feast', 'aim', 'pyss3', 'matplotlib', 'lab', 'DI-engine', 'dtaidistance', 'seaborn', 'determined', 'retro', 'BioPy', 'CompreFace', 'lambdo', 'mindsdb', 'Metaworld', 'ColossalAI', 'pyqtgraph', 'gensim', 'hebel', 'textacy', 'statsmodels', 'xlearn', 'deepchecks', 'mars', 'NeuroNER', 'PySyft', 'scikit-survival', 'haystack', 'emcee', 'transformers', 'streamlit', 'lightwood', 'prodmodel', 'joliGEN', 'ViZDoom', 'pybrain', 'langflow', 'mlxtend', 'Spearmint', 'bigartm', 'skorch', 'vigra', 'blaze', 'catalyst', 'sktime', 'ggpy', 'python-recsys', 'scikit-learn', 'river', 'tesseract', 'pytorch-lightning', 'shogun', 'spaCy', 'yalign', 'ray', 'pynlpl', 'DIGITS', 'LightGBM', 'pytorch', 'PyTorchCV', 'dash', 'polyglot', 'pymc', 'bentoml', 'pkuseg-python', 'scikit-image', 'Gymnasium', 'numpy', 'jProcessing', 'cltk', 'garage', 'zipline', 'alibi-detect', 'xcessiv', 'neural-style-pt', 'nut', 'langfuse', 'optuna', 'deeplake', 'cortex', 'tensorflow', 'pytorch-frame', 'python-timbl', 'danswerai', 'DeepPavlov', 'rasa', 'igel', 'loso', 'SynapseML', 'machine-learning', 'autogluon', 'mlens', 'scikit-learn-intelex', 'catboost', 'somoclu', 'colibri-core', 'keras-tuner', 'neuropredict', 'dowel', 'DrQA', 'deeppy', 'neuraltalk2', 'altair', 'pgmpy', 'evidently', 'detectron2', 'lightly', 'jieba', 'cleanlab', 'Petrel', 'deepface', 'caffe', 'zpar', 'typer', 'nilearn', 'mlflow', 'open-webui', 'jax', 'stellargraph', 'maze', 'pebl', 'mlx', 'open-metric-learning', 'pytorch_geometric', 'neuraltalk', 'retinaface', 'mljar-supervised', 'superset', 'bokeh', 'pytorch-image-models', 'rosetta', 'recommenders', 'tpot', 'Parris', 'pytensor', 'chainer', 'skll', 'pandas', 'bolt', 'scikit-opt', 'vispy', 'gradio', 'CoreNLP', 'xgboost']"
657,1,ParentOf,base,23,Relative Path Traversal,7057,22,"['cornac', 'FEDOT', 'feast', 'aim', 'pyss3', 'matplotlib', 'lab', 'DI-engine', 'dtaidistance', 'seaborn', 'determined', 'retro', 'BioPy', 'CompreFace', 'lambdo', 'mindsdb', 'Metaworld', 'ColossalAI', 'pyqtgraph', 'gensim', 'hebel', 'textacy', 'statsmodels', 'xlearn', 'deepchecks', 'mars', 'NeuroNER', 'PySyft', 'scikit-survival', 'haystack', 'emcee', 'transformers', 'streamlit', 'lightwood', 'prodmodel', 'joliGEN', 'ViZDoom', 'pybrain', 'langflow', 'mlxtend', 'Spearmint', 'bigartm', 'skorch', 'vigra', 'blaze', 'catalyst', 'sktime', 'ggpy', 'python-recsys', 'scikit-learn', 'river', 'tesseract', 'pytorch-lightning', 'shogun', 'spaCy', 'yalign', 'ray', 'pynlpl', 'DIGITS', 'LightGBM', 'pytorch', 'PyTorchCV', 'dash', 'polyglot', 'pymc', 'bentoml', 'pkuseg-python', 'scikit-image', 'Gymnasium', 'numpy', 'jProcessing', 'cltk', 'garage', 'zipline', 'alibi-detect', 'xcessiv', 'neural-style-pt', 'nut', 'langfuse', 'optuna', 'deeplake', 'cortex', 'tensorflow', 'pytorch-frame', 'python-timbl', 'danswerai', 'DeepPavlov', 'rasa', 'igel', 'loso', 'SynapseML', 'machine-learning', 'autogluon', 'mlens', 'scikit-learn-intelex', 'catboost', 'somoclu', 'colibri-core', 'keras-tuner', 'neuropredict', 'dowel', 'DrQA', 'deeppy', 'neuraltalk2', 'altair', 'pgmpy', 'evidently', 'detectron2', 'lightly', 'jieba', 'cleanlab', 'Petrel', 'deepface', 'caffe', 'zpar', 'typer', 'nilearn', 'mlflow', 'open-webui', 'jax', 'stellargraph', 'maze', 'pebl', 'mlx', 'open-metric-learning', 'pytorch_geometric', 'neuraltalk', 'retinaface', 'mljar-supervised', 'superset', 'bokeh', 'pytorch-image-models', 'rosetta', 'recommenders', 'tpot', 'Parris', 'pytensor', 'chainer', 'skll', 'pandas', 'bolt', 'scikit-opt', 'vispy', 'gradio', 'CoreNLP', 'xgboost']"
658,2,ParentOf,base,36,Absolute Path Traversal,7057,22,"['cornac', 'FEDOT', 'feast', 'aim', 'pyss3', 'matplotlib', 'lab', 'DI-engine', 'dtaidistance', 'seaborn', 'determined', 'retro', 'BioPy', 'CompreFace', 'lambdo', 'mindsdb', 'Metaworld', 'ColossalAI', 'pyqtgraph', 'gensim', 'hebel', 'textacy', 'statsmodels', 'xlearn', 'deepchecks', 'mars', 'NeuroNER', 'PySyft', 'scikit-survival', 'haystack', 'emcee', 'transformers', 'streamlit', 'lightwood', 'prodmodel', 'joliGEN', 'ViZDoom', 'pybrain', 'langflow', 'mlxtend', 'Spearmint', 'bigartm', 'skorch', 'vigra', 'blaze', 'catalyst', 'sktime', 'ggpy', 'python-recsys', 'scikit-learn', 'river', 'tesseract', 'pytorch-lightning', 'shogun', 'spaCy', 'yalign', 'ray', 'pynlpl', 'DIGITS', 'LightGBM', 'pytorch', 'PyTorchCV', 'dash', 'polyglot', 'pymc', 'bentoml', 'pkuseg-python', 'scikit-image', 'Gymnasium', 'numpy', 'jProcessing', 'cltk', 'garage', 'zipline', 'alibi-detect', 'xcessiv', 'neural-style-pt', 'nut', 'langfuse', 'optuna', 'deeplake', 'cortex', 'tensorflow', 'pytorch-frame', 'python-timbl', 'danswerai', 'DeepPavlov', 'rasa', 'igel', 'loso', 'SynapseML', 'machine-learning', 'autogluon', 'mlens', 'scikit-learn-intelex', 'catboost', 'somoclu', 'colibri-core', 'keras-tuner', 'neuropredict', 'dowel', 'DrQA', 'deeppy', 'neuraltalk2', 'altair', 'pgmpy', 'evidently', 'detectron2', 'lightly', 'jieba', 'cleanlab', 'Petrel', 'deepface', 'caffe', 'zpar', 'typer', 'nilearn', 'mlflow', 'open-webui', 'jax', 'stellargraph', 'maze', 'pebl', 'mlx', 'open-metric-learning', 'pytorch_geometric', 'neuraltalk', 'retinaface', 'mljar-supervised', 'superset', 'bokeh', 'pytorch-image-models', 'rosetta', 'recommenders', 'tpot', 'Parris', 'pytensor', 'chainer', 'skll', 'pandas', 'bolt', 'scikit-opt', 'vispy', 'gradio', 'CoreNLP', 'xgboost']"
659,3,CanFollow,class,20,Improper Input Validation,7057,22,"['cornac', 'FEDOT', 'feast', 'aim', 'pyss3', 'matplotlib', 'lab', 'DI-engine', 'dtaidistance', 'seaborn', 'determined', 'retro', 'BioPy', 'CompreFace', 'lambdo', 'mindsdb', 'Metaworld', 'ColossalAI', 'pyqtgraph', 'gensim', 'hebel', 'textacy', 'statsmodels', 'xlearn', 'deepchecks', 'mars', 'NeuroNER', 'PySyft', 'scikit-survival', 'haystack', 'emcee', 'transformers', 'streamlit', 'lightwood', 'prodmodel', 'joliGEN', 'ViZDoom', 'pybrain', 'langflow', 'mlxtend', 'Spearmint', 'bigartm', 'skorch', 'vigra', 'blaze', 'catalyst', 'sktime', 'ggpy', 'python-recsys', 'scikit-learn', 'river', 'tesseract', 'pytorch-lightning', 'shogun', 'spaCy', 'yalign', 'ray', 'pynlpl', 'DIGITS', 'LightGBM', 'pytorch', 'PyTorchCV', 'dash', 'polyglot', 'pymc', 'bentoml', 'pkuseg-python', 'scikit-image', 'Gymnasium', 'numpy', 'jProcessing', 'cltk', 'garage', 'zipline', 'alibi-detect', 'xcessiv', 'neural-style-pt', 'nut', 'langfuse', 'optuna', 'deeplake', 'cortex', 'tensorflow', 'pytorch-frame', 'python-timbl', 'danswerai', 'DeepPavlov', 'rasa', 'igel', 'loso', 'SynapseML', 'machine-learning', 'autogluon', 'mlens', 'scikit-learn-intelex', 'catboost', 'somoclu', 'colibri-core', 'keras-tuner', 'neuropredict', 'dowel', 'DrQA', 'deeppy', 'neuraltalk2', 'altair', 'pgmpy', 'evidently', 'detectron2', 'lightly', 'jieba', 'cleanlab', 'Petrel', 'deepface', 'caffe', 'zpar', 'typer', 'nilearn', 'mlflow', 'open-webui', 'jax', 'stellargraph', 'maze', 'pebl', 'mlx', 'open-metric-learning', 'pytorch_geometric', 'neuraltalk', 'retinaface', 'mljar-supervised', 'superset', 'bokeh', 'pytorch-image-models', 'rosetta', 'recommenders', 'tpot', 'Parris', 'pytensor', 'chainer', 'skll', 'pandas', 'bolt', 'scikit-opt', 'vispy', 'gradio', 'CoreNLP', 'xgboost']"
660,4,CanFollow,base,73,External Control of File Name or Path,7057,22,"['cornac', 'FEDOT', 'feast', 'aim', 'pyss3', 'matplotlib', 'lab', 'DI-engine', 'dtaidistance', 'seaborn', 'determined', 'retro', 'BioPy', 'CompreFace', 'lambdo', 'mindsdb', 'Metaworld', 'ColossalAI', 'pyqtgraph', 'gensim', 'hebel', 'textacy', 'statsmodels', 'xlearn', 'deepchecks', 'mars', 'NeuroNER', 'PySyft', 'scikit-survival', 'haystack', 'emcee', 'transformers', 'streamlit', 'lightwood', 'prodmodel', 'joliGEN', 'ViZDoom', 'pybrain', 'langflow', 'mlxtend', 'Spearmint', 'bigartm', 'skorch', 'vigra', 'blaze', 'catalyst', 'sktime', 'ggpy', 'python-recsys', 'scikit-learn', 'river', 'tesseract', 'pytorch-lightning', 'shogun', 'spaCy', 'yalign', 'ray', 'pynlpl', 'DIGITS', 'LightGBM', 'pytorch', 'PyTorchCV', 'dash', 'polyglot', 'pymc', 'bentoml', 'pkuseg-python', 'scikit-image', 'Gymnasium', 'numpy', 'jProcessing', 'cltk', 'garage', 'zipline', 'alibi-detect', 'xcessiv', 'neural-style-pt', 'nut', 'langfuse', 'optuna', 'deeplake', 'cortex', 'tensorflow', 'pytorch-frame', 'python-timbl', 'danswerai', 'DeepPavlov', 'rasa', 'igel', 'loso', 'SynapseML', 'machine-learning', 'autogluon', 'mlens', 'scikit-learn-intelex', 'catboost', 'somoclu', 'colibri-core', 'keras-tuner', 'neuropredict', 'dowel', 'DrQA', 'deeppy', 'neuraltalk2', 'altair', 'pgmpy', 'evidently', 'detectron2', 'lightly', 'jieba', 'cleanlab', 'Petrel', 'deepface', 'caffe', 'zpar', 'typer', 'nilearn', 'mlflow', 'open-webui', 'jax', 'stellargraph', 'maze', 'pebl', 'mlx', 'open-metric-learning', 'pytorch_geometric', 'neuraltalk', 'retinaface', 'mljar-supervised', 'superset', 'bokeh', 'pytorch-image-models', 'rosetta', 'recommenders', 'tpot', 'Parris', 'pytensor', 'chainer', 'skll', 'pandas', 'bolt', 'scikit-opt', 'vispy', 'gradio', 'CoreNLP', 'xgboost']"
661,5,CanFollow,class,172,Encoding Error,7057,22,"['cornac', 'FEDOT', 'feast', 'aim', 'pyss3', 'matplotlib', 'lab', 'DI-engine', 'dtaidistance', 'seaborn', 'determined', 'retro', 'BioPy', 'CompreFace', 'lambdo', 'mindsdb', 'Metaworld', 'ColossalAI', 'pyqtgraph', 'gensim', 'hebel', 'textacy', 'statsmodels', 'xlearn', 'deepchecks', 'mars', 'NeuroNER', 'PySyft', 'scikit-survival', 'haystack', 'emcee', 'transformers', 'streamlit', 'lightwood', 'prodmodel', 'joliGEN', 'ViZDoom', 'pybrain', 'langflow', 'mlxtend', 'Spearmint', 'bigartm', 'skorch', 'vigra', 'blaze', 'catalyst', 'sktime', 'ggpy', 'python-recsys', 'scikit-learn', 'river', 'tesseract', 'pytorch-lightning', 'shogun', 'spaCy', 'yalign', 'ray', 'pynlpl', 'DIGITS', 'LightGBM', 'pytorch', 'PyTorchCV', 'dash', 'polyglot', 'pymc', 'bentoml', 'pkuseg-python', 'scikit-image', 'Gymnasium', 'numpy', 'jProcessing', 'cltk', 'garage', 'zipline', 'alibi-detect', 'xcessiv', 'neural-style-pt', 'nut', 'langfuse', 'optuna', 'deeplake', 'cortex', 'tensorflow', 'pytorch-frame', 'python-timbl', 'danswerai', 'DeepPavlov', 'rasa', 'igel', 'loso', 'SynapseML', 'machine-learning', 'autogluon', 'mlens', 'scikit-learn-intelex', 'catboost', 'somoclu', 'colibri-core', 'keras-tuner', 'neuropredict', 'dowel', 'DrQA', 'deeppy', 'neuraltalk2', 'altair', 'pgmpy', 'evidently', 'detectron2', 'lightly', 'jieba', 'cleanlab', 'Petrel', 'deepface', 'caffe', 'zpar', 'typer', 'nilearn', 'mlflow', 'open-webui', 'jax', 'stellargraph', 'maze', 'pebl', 'mlx', 'open-metric-learning', 'pytorch_geometric', 'neuraltalk', 'retinaface', 'mljar-supervised', 'superset', 'bokeh', 'pytorch-image-models', 'rosetta', 'recommenders', 'tpot', 'Parris', 'pytensor', 'chainer', 'skll', 'pandas', 'bolt', 'scikit-opt', 'vispy', 'gradio', 'CoreNLP', 'xgboost']"
662,6,CanPrecede,class,668,Exposure of Resource to Wrong Sphere,7057,22,"['cornac', 'FEDOT', 'feast', 'aim', 'pyss3', 'matplotlib', 'lab', 'DI-engine', 'dtaidistance', 'seaborn', 'determined', 'retro', 'BioPy', 'CompreFace', 'lambdo', 'mindsdb', 'Metaworld', 'ColossalAI', 'pyqtgraph', 'gensim', 'hebel', 'textacy', 'statsmodels', 'xlearn', 'deepchecks', 'mars', 'NeuroNER', 'PySyft', 'scikit-survival', 'haystack', 'emcee', 'transformers', 'streamlit', 'lightwood', 'prodmodel', 'joliGEN', 'ViZDoom', 'pybrain', 'langflow', 'mlxtend', 'Spearmint', 'bigartm', 'skorch', 'vigra', 'blaze', 'catalyst', 'sktime', 'ggpy', 'python-recsys', 'scikit-learn', 'river', 'tesseract', 'pytorch-lightning', 'shogun', 'spaCy', 'yalign', 'ray', 'pynlpl', 'DIGITS', 'LightGBM', 'pytorch', 'PyTorchCV', 'dash', 'polyglot', 'pymc', 'bentoml', 'pkuseg-python', 'scikit-image', 'Gymnasium', 'numpy', 'jProcessing', 'cltk', 'garage', 'zipline', 'alibi-detect', 'xcessiv', 'neural-style-pt', 'nut', 'langfuse', 'optuna', 'deeplake', 'cortex', 'tensorflow', 'pytorch-frame', 'python-timbl', 'danswerai', 'DeepPavlov', 'rasa', 'igel', 'loso', 'SynapseML', 'machine-learning', 'autogluon', 'mlens', 'scikit-learn-intelex', 'catboost', 'somoclu', 'colibri-core', 'keras-tuner', 'neuropredict', 'dowel', 'DrQA', 'deeppy', 'neuraltalk2', 'altair', 'pgmpy', 'evidently', 'detectron2', 'lightly', 'jieba', 'cleanlab', 'Petrel', 'deepface', 'caffe', 'zpar', 'typer', 'nilearn', 'mlflow', 'open-webui', 'jax', 'stellargraph', 'maze', 'pebl', 'mlx', 'open-metric-learning', 'pytorch_geometric', 'neuraltalk', 'retinaface', 'mljar-supervised', 'superset', 'bokeh', 'pytorch-image-models', 'rosetta', 'recommenders', 'tpot', 'Parris', 'pytensor', 'chainer', 'skll', 'pandas', 'bolt', 'scikit-opt', 'vispy', 'gradio', 'CoreNLP', 'xgboost']"
663,7,MemberOf,category,1219,File Handling Issues,7057,22,"['cornac', 'FEDOT', 'feast', 'aim', 'pyss3', 'matplotlib', 'lab', 'DI-engine', 'dtaidistance', 'seaborn', 'determined', 'retro', 'BioPy', 'CompreFace', 'lambdo', 'mindsdb', 'Metaworld', 'ColossalAI', 'pyqtgraph', 'gensim', 'hebel', 'textacy', 'statsmodels', 'xlearn', 'deepchecks', 'mars', 'NeuroNER', 'PySyft', 'scikit-survival', 'haystack', 'emcee', 'transformers', 'streamlit', 'lightwood', 'prodmodel', 'joliGEN', 'ViZDoom', 'pybrain', 'langflow', 'mlxtend', 'Spearmint', 'bigartm', 'skorch', 'vigra', 'blaze', 'catalyst', 'sktime', 'ggpy', 'python-recsys', 'scikit-learn', 'river', 'tesseract', 'pytorch-lightning', 'shogun', 'spaCy', 'yalign', 'ray', 'pynlpl', 'DIGITS', 'LightGBM', 'pytorch', 'PyTorchCV', 'dash', 'polyglot', 'pymc', 'bentoml', 'pkuseg-python', 'scikit-image', 'Gymnasium', 'numpy', 'jProcessing', 'cltk', 'garage', 'zipline', 'alibi-detect', 'xcessiv', 'neural-style-pt', 'nut', 'langfuse', 'optuna', 'deeplake', 'cortex', 'tensorflow', 'pytorch-frame', 'python-timbl', 'danswerai', 'DeepPavlov', 'rasa', 'igel', 'loso', 'SynapseML', 'machine-learning', 'autogluon', 'mlens', 'scikit-learn-intelex', 'catboost', 'somoclu', 'colibri-core', 'keras-tuner', 'neuropredict', 'dowel', 'DrQA', 'deeppy', 'neuraltalk2', 'altair', 'pgmpy', 'evidently', 'detectron2', 'lightly', 'jieba', 'cleanlab', 'Petrel', 'deepface', 'caffe', 'zpar', 'typer', 'nilearn', 'mlflow', 'open-webui', 'jax', 'stellargraph', 'maze', 'pebl', 'mlx', 'open-metric-learning', 'pytorch_geometric', 'neuraltalk', 'retinaface', 'mljar-supervised', 'superset', 'bokeh', 'pytorch-image-models', 'rosetta', 'recommenders', 'tpot', 'Parris', 'pytensor', 'chainer', 'skll', 'pandas', 'bolt', 'scikit-opt', 'vispy', 'gradio', 'CoreNLP', 'xgboost']"
664,8,ChildOf,class,706,Use of Incorrectly-Resolved Name or Reference,7057,22,"['cornac', 'FEDOT', 'feast', 'aim', 'pyss3', 'matplotlib', 'lab', 'DI-engine', 'dtaidistance', 'seaborn', 'determined', 'retro', 'BioPy', 'CompreFace', 'lambdo', 'mindsdb', 'Metaworld', 'ColossalAI', 'pyqtgraph', 'gensim', 'hebel', 'textacy', 'statsmodels', 'xlearn', 'deepchecks', 'mars', 'NeuroNER', 'PySyft', 'scikit-survival', 'haystack', 'emcee', 'transformers', 'streamlit', 'lightwood', 'prodmodel', 'joliGEN', 'ViZDoom', 'pybrain', 'langflow', 'mlxtend', 'Spearmint', 'bigartm', 'skorch', 'vigra', 'blaze', 'catalyst', 'sktime', 'ggpy', 'python-recsys', 'scikit-learn', 'river', 'tesseract', 'pytorch-lightning', 'shogun', 'spaCy', 'yalign', 'ray', 'pynlpl', 'DIGITS', 'LightGBM', 'pytorch', 'PyTorchCV', 'dash', 'polyglot', 'pymc', 'bentoml', 'pkuseg-python', 'scikit-image', 'Gymnasium', 'numpy', 'jProcessing', 'cltk', 'garage', 'zipline', 'alibi-detect', 'xcessiv', 'neural-style-pt', 'nut', 'langfuse', 'optuna', 'deeplake', 'cortex', 'tensorflow', 'pytorch-frame', 'python-timbl', 'danswerai', 'DeepPavlov', 'rasa', 'igel', 'loso', 'SynapseML', 'machine-learning', 'autogluon', 'mlens', 'scikit-learn-intelex', 'catboost', 'somoclu', 'colibri-core', 'keras-tuner', 'neuropredict', 'dowel', 'DrQA', 'deeppy', 'neuraltalk2', 'altair', 'pgmpy', 'evidently', 'detectron2', 'lightly', 'jieba', 'cleanlab', 'Petrel', 'deepface', 'caffe', 'zpar', 'typer', 'nilearn', 'mlflow', 'open-webui', 'jax', 'stellargraph', 'maze', 'pebl', 'mlx', 'open-metric-learning', 'pytorch_geometric', 'neuraltalk', 'retinaface', 'mljar-supervised', 'superset', 'bokeh', 'pytorch-image-models', 'rosetta', 'recommenders', 'tpot', 'Parris', 'pytensor', 'chainer', 'skll', 'pandas', 'bolt', 'scikit-opt', 'vispy', 'gradio', 'CoreNLP', 'xgboost']"
665,9,ParentOf,base,23,Relative Path Traversal,7057,22,"['cornac', 'FEDOT', 'feast', 'aim', 'pyss3', 'matplotlib', 'lab', 'DI-engine', 'dtaidistance', 'seaborn', 'determined', 'retro', 'BioPy', 'CompreFace', 'lambdo', 'mindsdb', 'Metaworld', 'ColossalAI', 'pyqtgraph', 'gensim', 'hebel', 'textacy', 'statsmodels', 'xlearn', 'deepchecks', 'mars', 'NeuroNER', 'PySyft', 'scikit-survival', 'haystack', 'emcee', 'transformers', 'streamlit', 'lightwood', 'prodmodel', 'joliGEN', 'ViZDoom', 'pybrain', 'langflow', 'mlxtend', 'Spearmint', 'bigartm', 'skorch', 'vigra', 'blaze', 'catalyst', 'sktime', 'ggpy', 'python-recsys', 'scikit-learn', 'river', 'tesseract', 'pytorch-lightning', 'shogun', 'spaCy', 'yalign', 'ray', 'pynlpl', 'DIGITS', 'LightGBM', 'pytorch', 'PyTorchCV', 'dash', 'polyglot', 'pymc', 'bentoml', 'pkuseg-python', 'scikit-image', 'Gymnasium', 'numpy', 'jProcessing', 'cltk', 'garage', 'zipline', 'alibi-detect', 'xcessiv', 'neural-style-pt', 'nut', 'langfuse', 'optuna', 'deeplake', 'cortex', 'tensorflow', 'pytorch-frame', 'python-timbl', 'danswerai', 'DeepPavlov', 'rasa', 'igel', 'loso', 'SynapseML', 'machine-learning', 'autogluon', 'mlens', 'scikit-learn-intelex', 'catboost', 'somoclu', 'colibri-core', 'keras-tuner', 'neuropredict', 'dowel', 'DrQA', 'deeppy', 'neuraltalk2', 'altair', 'pgmpy', 'evidently', 'detectron2', 'lightly', 'jieba', 'cleanlab', 'Petrel', 'deepface', 'caffe', 'zpar', 'typer', 'nilearn', 'mlflow', 'open-webui', 'jax', 'stellargraph', 'maze', 'pebl', 'mlx', 'open-metric-learning', 'pytorch_geometric', 'neuraltalk', 'retinaface', 'mljar-supervised', 'superset', 'bokeh', 'pytorch-image-models', 'rosetta', 'recommenders', 'tpot', 'Parris', 'pytensor', 'chainer', 'skll', 'pandas', 'bolt', 'scikit-opt', 'vispy', 'gradio', 'CoreNLP', 'xgboost']"
666,10,ParentOf,base,36,Absolute Path Traversal,7057,22,"['cornac', 'FEDOT', 'feast', 'aim', 'pyss3', 'matplotlib', 'lab', 'DI-engine', 'dtaidistance', 'seaborn', 'determined', 'retro', 'BioPy', 'CompreFace', 'lambdo', 'mindsdb', 'Metaworld', 'ColossalAI', 'pyqtgraph', 'gensim', 'hebel', 'textacy', 'statsmodels', 'xlearn', 'deepchecks', 'mars', 'NeuroNER', 'PySyft', 'scikit-survival', 'haystack', 'emcee', 'transformers', 'streamlit', 'lightwood', 'prodmodel', 'joliGEN', 'ViZDoom', 'pybrain', 'langflow', 'mlxtend', 'Spearmint', 'bigartm', 'skorch', 'vigra', 'blaze', 'catalyst', 'sktime', 'ggpy', 'python-recsys', 'scikit-learn', 'river', 'tesseract', 'pytorch-lightning', 'shogun', 'spaCy', 'yalign', 'ray', 'pynlpl', 'DIGITS', 'LightGBM', 'pytorch', 'PyTorchCV', 'dash', 'polyglot', 'pymc', 'bentoml', 'pkuseg-python', 'scikit-image', 'Gymnasium', 'numpy', 'jProcessing', 'cltk', 'garage', 'zipline', 'alibi-detect', 'xcessiv', 'neural-style-pt', 'nut', 'langfuse', 'optuna', 'deeplake', 'cortex', 'tensorflow', 'pytorch-frame', 'python-timbl', 'danswerai', 'DeepPavlov', 'rasa', 'igel', 'loso', 'SynapseML', 'machine-learning', 'autogluon', 'mlens', 'scikit-learn-intelex', 'catboost', 'somoclu', 'colibri-core', 'keras-tuner', 'neuropredict', 'dowel', 'DrQA', 'deeppy', 'neuraltalk2', 'altair', 'pgmpy', 'evidently', 'detectron2', 'lightly', 'jieba', 'cleanlab', 'Petrel', 'deepface', 'caffe', 'zpar', 'typer', 'nilearn', 'mlflow', 'open-webui', 'jax', 'stellargraph', 'maze', 'pebl', 'mlx', 'open-metric-learning', 'pytorch_geometric', 'neuraltalk', 'retinaface', 'mljar-supervised', 'superset', 'bokeh', 'pytorch-image-models', 'rosetta', 'recommenders', 'tpot', 'Parris', 'pytensor', 'chainer', 'skll', 'pandas', 'bolt', 'scikit-opt', 'vispy', 'gradio', 'CoreNLP', 'xgboost']"
667,11,ParentOf,base,23,Relative Path Traversal,7057,22,"['cornac', 'FEDOT', 'feast', 'aim', 'pyss3', 'matplotlib', 'lab', 'DI-engine', 'dtaidistance', 'seaborn', 'determined', 'retro', 'BioPy', 'CompreFace', 'lambdo', 'mindsdb', 'Metaworld', 'ColossalAI', 'pyqtgraph', 'gensim', 'hebel', 'textacy', 'statsmodels', 'xlearn', 'deepchecks', 'mars', 'NeuroNER', 'PySyft', 'scikit-survival', 'haystack', 'emcee', 'transformers', 'streamlit', 'lightwood', 'prodmodel', 'joliGEN', 'ViZDoom', 'pybrain', 'langflow', 'mlxtend', 'Spearmint', 'bigartm', 'skorch', 'vigra', 'blaze', 'catalyst', 'sktime', 'ggpy', 'python-recsys', 'scikit-learn', 'river', 'tesseract', 'pytorch-lightning', 'shogun', 'spaCy', 'yalign', 'ray', 'pynlpl', 'DIGITS', 'LightGBM', 'pytorch', 'PyTorchCV', 'dash', 'polyglot', 'pymc', 'bentoml', 'pkuseg-python', 'scikit-image', 'Gymnasium', 'numpy', 'jProcessing', 'cltk', 'garage', 'zipline', 'alibi-detect', 'xcessiv', 'neural-style-pt', 'nut', 'langfuse', 'optuna', 'deeplake', 'cortex', 'tensorflow', 'pytorch-frame', 'python-timbl', 'danswerai', 'DeepPavlov', 'rasa', 'igel', 'loso', 'SynapseML', 'machine-learning', 'autogluon', 'mlens', 'scikit-learn-intelex', 'catboost', 'somoclu', 'colibri-core', 'keras-tuner', 'neuropredict', 'dowel', 'DrQA', 'deeppy', 'neuraltalk2', 'altair', 'pgmpy', 'evidently', 'detectron2', 'lightly', 'jieba', 'cleanlab', 'Petrel', 'deepface', 'caffe', 'zpar', 'typer', 'nilearn', 'mlflow', 'open-webui', 'jax', 'stellargraph', 'maze', 'pebl', 'mlx', 'open-metric-learning', 'pytorch_geometric', 'neuraltalk', 'retinaface', 'mljar-supervised', 'superset', 'bokeh', 'pytorch-image-models', 'rosetta', 'recommenders', 'tpot', 'Parris', 'pytensor', 'chainer', 'skll', 'pandas', 'bolt', 'scikit-opt', 'vispy', 'gradio', 'CoreNLP', 'xgboost']"
668,12,ParentOf,base,36,Absolute Path Traversal,7057,22,"['cornac', 'FEDOT', 'feast', 'aim', 'pyss3', 'matplotlib', 'lab', 'DI-engine', 'dtaidistance', 'seaborn', 'determined', 'retro', 'BioPy', 'CompreFace', 'lambdo', 'mindsdb', 'Metaworld', 'ColossalAI', 'pyqtgraph', 'gensim', 'hebel', 'textacy', 'statsmodels', 'xlearn', 'deepchecks', 'mars', 'NeuroNER', 'PySyft', 'scikit-survival', 'haystack', 'emcee', 'transformers', 'streamlit', 'lightwood', 'prodmodel', 'joliGEN', 'ViZDoom', 'pybrain', 'langflow', 'mlxtend', 'Spearmint', 'bigartm', 'skorch', 'vigra', 'blaze', 'catalyst', 'sktime', 'ggpy', 'python-recsys', 'scikit-learn', 'river', 'tesseract', 'pytorch-lightning', 'shogun', 'spaCy', 'yalign', 'ray', 'pynlpl', 'DIGITS', 'LightGBM', 'pytorch', 'PyTorchCV', 'dash', 'polyglot', 'pymc', 'bentoml', 'pkuseg-python', 'scikit-image', 'Gymnasium', 'numpy', 'jProcessing', 'cltk', 'garage', 'zipline', 'alibi-detect', 'xcessiv', 'neural-style-pt', 'nut', 'langfuse', 'optuna', 'deeplake', 'cortex', 'tensorflow', 'pytorch-frame', 'python-timbl', 'danswerai', 'DeepPavlov', 'rasa', 'igel', 'loso', 'SynapseML', 'machine-learning', 'autogluon', 'mlens', 'scikit-learn-intelex', 'catboost', 'somoclu', 'colibri-core', 'keras-tuner', 'neuropredict', 'dowel', 'DrQA', 'deeppy', 'neuraltalk2', 'altair', 'pgmpy', 'evidently', 'detectron2', 'lightly', 'jieba', 'cleanlab', 'Petrel', 'deepface', 'caffe', 'zpar', 'typer', 'nilearn', 'mlflow', 'open-webui', 'jax', 'stellargraph', 'maze', 'pebl', 'mlx', 'open-metric-learning', 'pytorch_geometric', 'neuraltalk', 'retinaface', 'mljar-supervised', 'superset', 'bokeh', 'pytorch-image-models', 'rosetta', 'recommenders', 'tpot', 'Parris', 'pytensor', 'chainer', 'skll', 'pandas', 'bolt', 'scikit-opt', 'vispy', 'gradio', 'CoreNLP', 'xgboost']"
669,13,MemberOf,view,635,Weaknesses Originally Used by NVD from 2008 to 2016,7057,22,"['cornac', 'FEDOT', 'feast', 'aim', 'pyss3', 'matplotlib', 'lab', 'DI-engine', 'dtaidistance', 'seaborn', 'determined', 'retro', 'BioPy', 'CompreFace', 'lambdo', 'mindsdb', 'Metaworld', 'ColossalAI', 'pyqtgraph', 'gensim', 'hebel', 'textacy', 'statsmodels', 'xlearn', 'deepchecks', 'mars', 'NeuroNER', 'PySyft', 'scikit-survival', 'haystack', 'emcee', 'transformers', 'streamlit', 'lightwood', 'prodmodel', 'joliGEN', 'ViZDoom', 'pybrain', 'langflow', 'mlxtend', 'Spearmint', 'bigartm', 'skorch', 'vigra', 'blaze', 'catalyst', 'sktime', 'ggpy', 'python-recsys', 'scikit-learn', 'river', 'tesseract', 'pytorch-lightning', 'shogun', 'spaCy', 'yalign', 'ray', 'pynlpl', 'DIGITS', 'LightGBM', 'pytorch', 'PyTorchCV', 'dash', 'polyglot', 'pymc', 'bentoml', 'pkuseg-python', 'scikit-image', 'Gymnasium', 'numpy', 'jProcessing', 'cltk', 'garage', 'zipline', 'alibi-detect', 'xcessiv', 'neural-style-pt', 'nut', 'langfuse', 'optuna', 'deeplake', 'cortex', 'tensorflow', 'pytorch-frame', 'python-timbl', 'danswerai', 'DeepPavlov', 'rasa', 'igel', 'loso', 'SynapseML', 'machine-learning', 'autogluon', 'mlens', 'scikit-learn-intelex', 'catboost', 'somoclu', 'colibri-core', 'keras-tuner', 'neuropredict', 'dowel', 'DrQA', 'deeppy', 'neuraltalk2', 'altair', 'pgmpy', 'evidently', 'detectron2', 'lightly', 'jieba', 'cleanlab', 'Petrel', 'deepface', 'caffe', 'zpar', 'typer', 'nilearn', 'mlflow', 'open-webui', 'jax', 'stellargraph', 'maze', 'pebl', 'mlx', 'open-metric-learning', 'pytorch_geometric', 'neuraltalk', 'retinaface', 'mljar-supervised', 'superset', 'bokeh', 'pytorch-image-models', 'rosetta', 'recommenders', 'tpot', 'Parris', 'pytensor', 'chainer', 'skll', 'pandas', 'bolt', 'scikit-opt', 'vispy', 'gradio', 'CoreNLP', 'xgboost']"
670,14,MemberOf,category,715,OWASP Top Ten 2007 Category A4 - Insecure Direct Object Reference,7057,22,"['cornac', 'FEDOT', 'feast', 'aim', 'pyss3', 'matplotlib', 'lab', 'DI-engine', 'dtaidistance', 'seaborn', 'determined', 'retro', 'BioPy', 'CompreFace', 'lambdo', 'mindsdb', 'Metaworld', 'ColossalAI', 'pyqtgraph', 'gensim', 'hebel', 'textacy', 'statsmodels', 'xlearn', 'deepchecks', 'mars', 'NeuroNER', 'PySyft', 'scikit-survival', 'haystack', 'emcee', 'transformers', 'streamlit', 'lightwood', 'prodmodel', 'joliGEN', 'ViZDoom', 'pybrain', 'langflow', 'mlxtend', 'Spearmint', 'bigartm', 'skorch', 'vigra', 'blaze', 'catalyst', 'sktime', 'ggpy', 'python-recsys', 'scikit-learn', 'river', 'tesseract', 'pytorch-lightning', 'shogun', 'spaCy', 'yalign', 'ray', 'pynlpl', 'DIGITS', 'LightGBM', 'pytorch', 'PyTorchCV', 'dash', 'polyglot', 'pymc', 'bentoml', 'pkuseg-python', 'scikit-image', 'Gymnasium', 'numpy', 'jProcessing', 'cltk', 'garage', 'zipline', 'alibi-detect', 'xcessiv', 'neural-style-pt', 'nut', 'langfuse', 'optuna', 'deeplake', 'cortex', 'tensorflow', 'pytorch-frame', 'python-timbl', 'danswerai', 'DeepPavlov', 'rasa', 'igel', 'loso', 'SynapseML', 'machine-learning', 'autogluon', 'mlens', 'scikit-learn-intelex', 'catboost', 'somoclu', 'colibri-core', 'keras-tuner', 'neuropredict', 'dowel', 'DrQA', 'deeppy', 'neuraltalk2', 'altair', 'pgmpy', 'evidently', 'detectron2', 'lightly', 'jieba', 'cleanlab', 'Petrel', 'deepface', 'caffe', 'zpar', 'typer', 'nilearn', 'mlflow', 'open-webui', 'jax', 'stellargraph', 'maze', 'pebl', 'mlx', 'open-metric-learning', 'pytorch_geometric', 'neuraltalk', 'retinaface', 'mljar-supervised', 'superset', 'bokeh', 'pytorch-image-models', 'rosetta', 'recommenders', 'tpot', 'Parris', 'pytensor', 'chainer', 'skll', 'pandas', 'bolt', 'scikit-opt', 'vispy', 'gradio', 'CoreNLP', 'xgboost']"
671,15,MemberOf,category,723,OWASP Top Ten 2004 Category A2 - Broken Access Control,7057,22,"['cornac', 'FEDOT', 'feast', 'aim', 'pyss3', 'matplotlib', 'lab', 'DI-engine', 'dtaidistance', 'seaborn', 'determined', 'retro', 'BioPy', 'CompreFace', 'lambdo', 'mindsdb', 'Metaworld', 'ColossalAI', 'pyqtgraph', 'gensim', 'hebel', 'textacy', 'statsmodels', 'xlearn', 'deepchecks', 'mars', 'NeuroNER', 'PySyft', 'scikit-survival', 'haystack', 'emcee', 'transformers', 'streamlit', 'lightwood', 'prodmodel', 'joliGEN', 'ViZDoom', 'pybrain', 'langflow', 'mlxtend', 'Spearmint', 'bigartm', 'skorch', 'vigra', 'blaze', 'catalyst', 'sktime', 'ggpy', 'python-recsys', 'scikit-learn', 'river', 'tesseract', 'pytorch-lightning', 'shogun', 'spaCy', 'yalign', 'ray', 'pynlpl', 'DIGITS', 'LightGBM', 'pytorch', 'PyTorchCV', 'dash', 'polyglot', 'pymc', 'bentoml', 'pkuseg-python', 'scikit-image', 'Gymnasium', 'numpy', 'jProcessing', 'cltk', 'garage', 'zipline', 'alibi-detect', 'xcessiv', 'neural-style-pt', 'nut', 'langfuse', 'optuna', 'deeplake', 'cortex', 'tensorflow', 'pytorch-frame', 'python-timbl', 'danswerai', 'DeepPavlov', 'rasa', 'igel', 'loso', 'SynapseML', 'machine-learning', 'autogluon', 'mlens', 'scikit-learn-intelex', 'catboost', 'somoclu', 'colibri-core', 'keras-tuner', 'neuropredict', 'dowel', 'DrQA', 'deeppy', 'neuraltalk2', 'altair', 'pgmpy', 'evidently', 'detectron2', 'lightly', 'jieba', 'cleanlab', 'Petrel', 'deepface', 'caffe', 'zpar', 'typer', 'nilearn', 'mlflow', 'open-webui', 'jax', 'stellargraph', 'maze', 'pebl', 'mlx', 'open-metric-learning', 'pytorch_geometric', 'neuraltalk', 'retinaface', 'mljar-supervised', 'superset', 'bokeh', 'pytorch-image-models', 'rosetta', 'recommenders', 'tpot', 'Parris', 'pytensor', 'chainer', 'skll', 'pandas', 'bolt', 'scikit-opt', 'vispy', 'gradio', 'CoreNLP', 'xgboost']"
672,16,MemberOf,category,743,CERT C Secure Coding Standard (2008) Chapter 10 - Input Output (FIO),7057,22,"['cornac', 'FEDOT', 'feast', 'aim', 'pyss3', 'matplotlib', 'lab', 'DI-engine', 'dtaidistance', 'seaborn', 'determined', 'retro', 'BioPy', 'CompreFace', 'lambdo', 'mindsdb', 'Metaworld', 'ColossalAI', 'pyqtgraph', 'gensim', 'hebel', 'textacy', 'statsmodels', 'xlearn', 'deepchecks', 'mars', 'NeuroNER', 'PySyft', 'scikit-survival', 'haystack', 'emcee', 'transformers', 'streamlit', 'lightwood', 'prodmodel', 'joliGEN', 'ViZDoom', 'pybrain', 'langflow', 'mlxtend', 'Spearmint', 'bigartm', 'skorch', 'vigra', 'blaze', 'catalyst', 'sktime', 'ggpy', 'python-recsys', 'scikit-learn', 'river', 'tesseract', 'pytorch-lightning', 'shogun', 'spaCy', 'yalign', 'ray', 'pynlpl', 'DIGITS', 'LightGBM', 'pytorch', 'PyTorchCV', 'dash', 'polyglot', 'pymc', 'bentoml', 'pkuseg-python', 'scikit-image', 'Gymnasium', 'numpy', 'jProcessing', 'cltk', 'garage', 'zipline', 'alibi-detect', 'xcessiv', 'neural-style-pt', 'nut', 'langfuse', 'optuna', 'deeplake', 'cortex', 'tensorflow', 'pytorch-frame', 'python-timbl', 'danswerai', 'DeepPavlov', 'rasa', 'igel', 'loso', 'SynapseML', 'machine-learning', 'autogluon', 'mlens', 'scikit-learn-intelex', 'catboost', 'somoclu', 'colibri-core', 'keras-tuner', 'neuropredict', 'dowel', 'DrQA', 'deeppy', 'neuraltalk2', 'altair', 'pgmpy', 'evidently', 'detectron2', 'lightly', 'jieba', 'cleanlab', 'Petrel', 'deepface', 'caffe', 'zpar', 'typer', 'nilearn', 'mlflow', 'open-webui', 'jax', 'stellargraph', 'maze', 'pebl', 'mlx', 'open-metric-learning', 'pytorch_geometric', 'neuraltalk', 'retinaface', 'mljar-supervised', 'superset', 'bokeh', 'pytorch-image-models', 'rosetta', 'recommenders', 'tpot', 'Parris', 'pytensor', 'chainer', 'skll', 'pandas', 'bolt', 'scikit-opt', 'vispy', 'gradio', 'CoreNLP', 'xgboost']"
673,17,MemberOf,category,802,2010 Top 25 - Risky Resource Management,7057,22,"['cornac', 'FEDOT', 'feast', 'aim', 'pyss3', 'matplotlib', 'lab', 'DI-engine', 'dtaidistance', 'seaborn', 'determined', 'retro', 'BioPy', 'CompreFace', 'lambdo', 'mindsdb', 'Metaworld', 'ColossalAI', 'pyqtgraph', 'gensim', 'hebel', 'textacy', 'statsmodels', 'xlearn', 'deepchecks', 'mars', 'NeuroNER', 'PySyft', 'scikit-survival', 'haystack', 'emcee', 'transformers', 'streamlit', 'lightwood', 'prodmodel', 'joliGEN', 'ViZDoom', 'pybrain', 'langflow', 'mlxtend', 'Spearmint', 'bigartm', 'skorch', 'vigra', 'blaze', 'catalyst', 'sktime', 'ggpy', 'python-recsys', 'scikit-learn', 'river', 'tesseract', 'pytorch-lightning', 'shogun', 'spaCy', 'yalign', 'ray', 'pynlpl', 'DIGITS', 'LightGBM', 'pytorch', 'PyTorchCV', 'dash', 'polyglot', 'pymc', 'bentoml', 'pkuseg-python', 'scikit-image', 'Gymnasium', 'numpy', 'jProcessing', 'cltk', 'garage', 'zipline', 'alibi-detect', 'xcessiv', 'neural-style-pt', 'nut', 'langfuse', 'optuna', 'deeplake', 'cortex', 'tensorflow', 'pytorch-frame', 'python-timbl', 'danswerai', 'DeepPavlov', 'rasa', 'igel', 'loso', 'SynapseML', 'machine-learning', 'autogluon', 'mlens', 'scikit-learn-intelex', 'catboost', 'somoclu', 'colibri-core', 'keras-tuner', 'neuropredict', 'dowel', 'DrQA', 'deeppy', 'neuraltalk2', 'altair', 'pgmpy', 'evidently', 'detectron2', 'lightly', 'jieba', 'cleanlab', 'Petrel', 'deepface', 'caffe', 'zpar', 'typer', 'nilearn', 'mlflow', 'open-webui', 'jax', 'stellargraph', 'maze', 'pebl', 'mlx', 'open-metric-learning', 'pytorch_geometric', 'neuraltalk', 'retinaface', 'mljar-supervised', 'superset', 'bokeh', 'pytorch-image-models', 'rosetta', 'recommenders', 'tpot', 'Parris', 'pytensor', 'chainer', 'skll', 'pandas', 'bolt', 'scikit-opt', 'vispy', 'gradio', 'CoreNLP', 'xgboost']"
674,18,MemberOf,category,813,OWASP Top Ten 2010 Category A4 - Insecure Direct Object References,7057,22,"['cornac', 'FEDOT', 'feast', 'aim', 'pyss3', 'matplotlib', 'lab', 'DI-engine', 'dtaidistance', 'seaborn', 'determined', 'retro', 'BioPy', 'CompreFace', 'lambdo', 'mindsdb', 'Metaworld', 'ColossalAI', 'pyqtgraph', 'gensim', 'hebel', 'textacy', 'statsmodels', 'xlearn', 'deepchecks', 'mars', 'NeuroNER', 'PySyft', 'scikit-survival', 'haystack', 'emcee', 'transformers', 'streamlit', 'lightwood', 'prodmodel', 'joliGEN', 'ViZDoom', 'pybrain', 'langflow', 'mlxtend', 'Spearmint', 'bigartm', 'skorch', 'vigra', 'blaze', 'catalyst', 'sktime', 'ggpy', 'python-recsys', 'scikit-learn', 'river', 'tesseract', 'pytorch-lightning', 'shogun', 'spaCy', 'yalign', 'ray', 'pynlpl', 'DIGITS', 'LightGBM', 'pytorch', 'PyTorchCV', 'dash', 'polyglot', 'pymc', 'bentoml', 'pkuseg-python', 'scikit-image', 'Gymnasium', 'numpy', 'jProcessing', 'cltk', 'garage', 'zipline', 'alibi-detect', 'xcessiv', 'neural-style-pt', 'nut', 'langfuse', 'optuna', 'deeplake', 'cortex', 'tensorflow', 'pytorch-frame', 'python-timbl', 'danswerai', 'DeepPavlov', 'rasa', 'igel', 'loso', 'SynapseML', 'machine-learning', 'autogluon', 'mlens', 'scikit-learn-intelex', 'catboost', 'somoclu', 'colibri-core', 'keras-tuner', 'neuropredict', 'dowel', 'DrQA', 'deeppy', 'neuraltalk2', 'altair', 'pgmpy', 'evidently', 'detectron2', 'lightly', 'jieba', 'cleanlab', 'Petrel', 'deepface', 'caffe', 'zpar', 'typer', 'nilearn', 'mlflow', 'open-webui', 'jax', 'stellargraph', 'maze', 'pebl', 'mlx', 'open-metric-learning', 'pytorch_geometric', 'neuraltalk', 'retinaface', 'mljar-supervised', 'superset', 'bokeh', 'pytorch-image-models', 'rosetta', 'recommenders', 'tpot', 'Parris', 'pytensor', 'chainer', 'skll', 'pandas', 'bolt', 'scikit-opt', 'vispy', 'gradio', 'CoreNLP', 'xgboost']"
675,19,MemberOf,category,865,2011 Top 25 - Risky Resource Management,7057,22,"['cornac', 'FEDOT', 'feast', 'aim', 'pyss3', 'matplotlib', 'lab', 'DI-engine', 'dtaidistance', 'seaborn', 'determined', 'retro', 'BioPy', 'CompreFace', 'lambdo', 'mindsdb', 'Metaworld', 'ColossalAI', 'pyqtgraph', 'gensim', 'hebel', 'textacy', 'statsmodels', 'xlearn', 'deepchecks', 'mars', 'NeuroNER', 'PySyft', 'scikit-survival', 'haystack', 'emcee', 'transformers', 'streamlit', 'lightwood', 'prodmodel', 'joliGEN', 'ViZDoom', 'pybrain', 'langflow', 'mlxtend', 'Spearmint', 'bigartm', 'skorch', 'vigra', 'blaze', 'catalyst', 'sktime', 'ggpy', 'python-recsys', 'scikit-learn', 'river', 'tesseract', 'pytorch-lightning', 'shogun', 'spaCy', 'yalign', 'ray', 'pynlpl', 'DIGITS', 'LightGBM', 'pytorch', 'PyTorchCV', 'dash', 'polyglot', 'pymc', 'bentoml', 'pkuseg-python', 'scikit-image', 'Gymnasium', 'numpy', 'jProcessing', 'cltk', 'garage', 'zipline', 'alibi-detect', 'xcessiv', 'neural-style-pt', 'nut', 'langfuse', 'optuna', 'deeplake', 'cortex', 'tensorflow', 'pytorch-frame', 'python-timbl', 'danswerai', 'DeepPavlov', 'rasa', 'igel', 'loso', 'SynapseML', 'machine-learning', 'autogluon', 'mlens', 'scikit-learn-intelex', 'catboost', 'somoclu', 'colibri-core', 'keras-tuner', 'neuropredict', 'dowel', 'DrQA', 'deeppy', 'neuraltalk2', 'altair', 'pgmpy', 'evidently', 'detectron2', 'lightly', 'jieba', 'cleanlab', 'Petrel', 'deepface', 'caffe', 'zpar', 'typer', 'nilearn', 'mlflow', 'open-webui', 'jax', 'stellargraph', 'maze', 'pebl', 'mlx', 'open-metric-learning', 'pytorch_geometric', 'neuraltalk', 'retinaface', 'mljar-supervised', 'superset', 'bokeh', 'pytorch-image-models', 'rosetta', 'recommenders', 'tpot', 'Parris', 'pytensor', 'chainer', 'skll', 'pandas', 'bolt', 'scikit-opt', 'vispy', 'gradio', 'CoreNLP', 'xgboost']"
676,20,MemberOf,category,877,CERT C++ Secure Coding Section 09 - Input Output (FIO),7057,22,"['cornac', 'FEDOT', 'feast', 'aim', 'pyss3', 'matplotlib', 'lab', 'DI-engine', 'dtaidistance', 'seaborn', 'determined', 'retro', 'BioPy', 'CompreFace', 'lambdo', 'mindsdb', 'Metaworld', 'ColossalAI', 'pyqtgraph', 'gensim', 'hebel', 'textacy', 'statsmodels', 'xlearn', 'deepchecks', 'mars', 'NeuroNER', 'PySyft', 'scikit-survival', 'haystack', 'emcee', 'transformers', 'streamlit', 'lightwood', 'prodmodel', 'joliGEN', 'ViZDoom', 'pybrain', 'langflow', 'mlxtend', 'Spearmint', 'bigartm', 'skorch', 'vigra', 'blaze', 'catalyst', 'sktime', 'ggpy', 'python-recsys', 'scikit-learn', 'river', 'tesseract', 'pytorch-lightning', 'shogun', 'spaCy', 'yalign', 'ray', 'pynlpl', 'DIGITS', 'LightGBM', 'pytorch', 'PyTorchCV', 'dash', 'polyglot', 'pymc', 'bentoml', 'pkuseg-python', 'scikit-image', 'Gymnasium', 'numpy', 'jProcessing', 'cltk', 'garage', 'zipline', 'alibi-detect', 'xcessiv', 'neural-style-pt', 'nut', 'langfuse', 'optuna', 'deeplake', 'cortex', 'tensorflow', 'pytorch-frame', 'python-timbl', 'danswerai', 'DeepPavlov', 'rasa', 'igel', 'loso', 'SynapseML', 'machine-learning', 'autogluon', 'mlens', 'scikit-learn-intelex', 'catboost', 'somoclu', 'colibri-core', 'keras-tuner', 'neuropredict', 'dowel', 'DrQA', 'deeppy', 'neuraltalk2', 'altair', 'pgmpy', 'evidently', 'detectron2', 'lightly', 'jieba', 'cleanlab', 'Petrel', 'deepface', 'caffe', 'zpar', 'typer', 'nilearn', 'mlflow', 'open-webui', 'jax', 'stellargraph', 'maze', 'pebl', 'mlx', 'open-metric-learning', 'pytorch_geometric', 'neuraltalk', 'retinaface', 'mljar-supervised', 'superset', 'bokeh', 'pytorch-image-models', 'rosetta', 'recommenders', 'tpot', 'Parris', 'pytensor', 'chainer', 'skll', 'pandas', 'bolt', 'scikit-opt', 'vispy', 'gradio', 'CoreNLP', 'xgboost']"
677,21,MemberOf,view,884,CWE Cross-section,7057,22,"['cornac', 'FEDOT', 'feast', 'aim', 'pyss3', 'matplotlib', 'lab', 'DI-engine', 'dtaidistance', 'seaborn', 'determined', 'retro', 'BioPy', 'CompreFace', 'lambdo', 'mindsdb', 'Metaworld', 'ColossalAI', 'pyqtgraph', 'gensim', 'hebel', 'textacy', 'statsmodels', 'xlearn', 'deepchecks', 'mars', 'NeuroNER', 'PySyft', 'scikit-survival', 'haystack', 'emcee', 'transformers', 'streamlit', 'lightwood', 'prodmodel', 'joliGEN', 'ViZDoom', 'pybrain', 'langflow', 'mlxtend', 'Spearmint', 'bigartm', 'skorch', 'vigra', 'blaze', 'catalyst', 'sktime', 'ggpy', 'python-recsys', 'scikit-learn', 'river', 'tesseract', 'pytorch-lightning', 'shogun', 'spaCy', 'yalign', 'ray', 'pynlpl', 'DIGITS', 'LightGBM', 'pytorch', 'PyTorchCV', 'dash', 'polyglot', 'pymc', 'bentoml', 'pkuseg-python', 'scikit-image', 'Gymnasium', 'numpy', 'jProcessing', 'cltk', 'garage', 'zipline', 'alibi-detect', 'xcessiv', 'neural-style-pt', 'nut', 'langfuse', 'optuna', 'deeplake', 'cortex', 'tensorflow', 'pytorch-frame', 'python-timbl', 'danswerai', 'DeepPavlov', 'rasa', 'igel', 'loso', 'SynapseML', 'machine-learning', 'autogluon', 'mlens', 'scikit-learn-intelex', 'catboost', 'somoclu', 'colibri-core', 'keras-tuner', 'neuropredict', 'dowel', 'DrQA', 'deeppy', 'neuraltalk2', 'altair', 'pgmpy', 'evidently', 'detectron2', 'lightly', 'jieba', 'cleanlab', 'Petrel', 'deepface', 'caffe', 'zpar', 'typer', 'nilearn', 'mlflow', 'open-webui', 'jax', 'stellargraph', 'maze', 'pebl', 'mlx', 'open-metric-learning', 'pytorch_geometric', 'neuraltalk', 'retinaface', 'mljar-supervised', 'superset', 'bokeh', 'pytorch-image-models', 'rosetta', 'recommenders', 'tpot', 'Parris', 'pytensor', 'chainer', 'skll', 'pandas', 'bolt', 'scikit-opt', 'vispy', 'gradio', 'CoreNLP', 'xgboost']"
678,22,MemberOf,category,932,OWASP Top Ten 2013 Category A4 - Insecure Direct Object References,7057,22,"['cornac', 'FEDOT', 'feast', 'aim', 'pyss3', 'matplotlib', 'lab', 'DI-engine', 'dtaidistance', 'seaborn', 'determined', 'retro', 'BioPy', 'CompreFace', 'lambdo', 'mindsdb', 'Metaworld', 'ColossalAI', 'pyqtgraph', 'gensim', 'hebel', 'textacy', 'statsmodels', 'xlearn', 'deepchecks', 'mars', 'NeuroNER', 'PySyft', 'scikit-survival', 'haystack', 'emcee', 'transformers', 'streamlit', 'lightwood', 'prodmodel', 'joliGEN', 'ViZDoom', 'pybrain', 'langflow', 'mlxtend', 'Spearmint', 'bigartm', 'skorch', 'vigra', 'blaze', 'catalyst', 'sktime', 'ggpy', 'python-recsys', 'scikit-learn', 'river', 'tesseract', 'pytorch-lightning', 'shogun', 'spaCy', 'yalign', 'ray', 'pynlpl', 'DIGITS', 'LightGBM', 'pytorch', 'PyTorchCV', 'dash', 'polyglot', 'pymc', 'bentoml', 'pkuseg-python', 'scikit-image', 'Gymnasium', 'numpy', 'jProcessing', 'cltk', 'garage', 'zipline', 'alibi-detect', 'xcessiv', 'neural-style-pt', 'nut', 'langfuse', 'optuna', 'deeplake', 'cortex', 'tensorflow', 'pytorch-frame', 'python-timbl', 'danswerai', 'DeepPavlov', 'rasa', 'igel', 'loso', 'SynapseML', 'machine-learning', 'autogluon', 'mlens', 'scikit-learn-intelex', 'catboost', 'somoclu', 'colibri-core', 'keras-tuner', 'neuropredict', 'dowel', 'DrQA', 'deeppy', 'neuraltalk2', 'altair', 'pgmpy', 'evidently', 'detectron2', 'lightly', 'jieba', 'cleanlab', 'Petrel', 'deepface', 'caffe', 'zpar', 'typer', 'nilearn', 'mlflow', 'open-webui', 'jax', 'stellargraph', 'maze', 'pebl', 'mlx', 'open-metric-learning', 'pytorch_geometric', 'neuraltalk', 'retinaface', 'mljar-supervised', 'superset', 'bokeh', 'pytorch-image-models', 'rosetta', 'recommenders', 'tpot', 'Parris', 'pytensor', 'chainer', 'skll', 'pandas', 'bolt', 'scikit-opt', 'vispy', 'gradio', 'CoreNLP', 'xgboost']"
679,23,MemberOf,category,981,SFP Secondary Cluster: Path Traversal,7057,22,"['cornac', 'FEDOT', 'feast', 'aim', 'pyss3', 'matplotlib', 'lab', 'DI-engine', 'dtaidistance', 'seaborn', 'determined', 'retro', 'BioPy', 'CompreFace', 'lambdo', 'mindsdb', 'Metaworld', 'ColossalAI', 'pyqtgraph', 'gensim', 'hebel', 'textacy', 'statsmodels', 'xlearn', 'deepchecks', 'mars', 'NeuroNER', 'PySyft', 'scikit-survival', 'haystack', 'emcee', 'transformers', 'streamlit', 'lightwood', 'prodmodel', 'joliGEN', 'ViZDoom', 'pybrain', 'langflow', 'mlxtend', 'Spearmint', 'bigartm', 'skorch', 'vigra', 'blaze', 'catalyst', 'sktime', 'ggpy', 'python-recsys', 'scikit-learn', 'river', 'tesseract', 'pytorch-lightning', 'shogun', 'spaCy', 'yalign', 'ray', 'pynlpl', 'DIGITS', 'LightGBM', 'pytorch', 'PyTorchCV', 'dash', 'polyglot', 'pymc', 'bentoml', 'pkuseg-python', 'scikit-image', 'Gymnasium', 'numpy', 'jProcessing', 'cltk', 'garage', 'zipline', 'alibi-detect', 'xcessiv', 'neural-style-pt', 'nut', 'langfuse', 'optuna', 'deeplake', 'cortex', 'tensorflow', 'pytorch-frame', 'python-timbl', 'danswerai', 'DeepPavlov', 'rasa', 'igel', 'loso', 'SynapseML', 'machine-learning', 'autogluon', 'mlens', 'scikit-learn-intelex', 'catboost', 'somoclu', 'colibri-core', 'keras-tuner', 'neuropredict', 'dowel', 'DrQA', 'deeppy', 'neuraltalk2', 'altair', 'pgmpy', 'evidently', 'detectron2', 'lightly', 'jieba', 'cleanlab', 'Petrel', 'deepface', 'caffe', 'zpar', 'typer', 'nilearn', 'mlflow', 'open-webui', 'jax', 'stellargraph', 'maze', 'pebl', 'mlx', 'open-metric-learning', 'pytorch_geometric', 'neuraltalk', 'retinaface', 'mljar-supervised', 'superset', 'bokeh', 'pytorch-image-models', 'rosetta', 'recommenders', 'tpot', 'Parris', 'pytensor', 'chainer', 'skll', 'pandas', 'bolt', 'scikit-opt', 'vispy', 'gradio', 'CoreNLP', 'xgboost']"
680,24,MemberOf,category,1031,OWASP Top Ten 2017 Category A5 - Broken Access Control,7057,22,"['cornac', 'FEDOT', 'feast', 'aim', 'pyss3', 'matplotlib', 'lab', 'DI-engine', 'dtaidistance', 'seaborn', 'determined', 'retro', 'BioPy', 'CompreFace', 'lambdo', 'mindsdb', 'Metaworld', 'ColossalAI', 'pyqtgraph', 'gensim', 'hebel', 'textacy', 'statsmodels', 'xlearn', 'deepchecks', 'mars', 'NeuroNER', 'PySyft', 'scikit-survival', 'haystack', 'emcee', 'transformers', 'streamlit', 'lightwood', 'prodmodel', 'joliGEN', 'ViZDoom', 'pybrain', 'langflow', 'mlxtend', 'Spearmint', 'bigartm', 'skorch', 'vigra', 'blaze', 'catalyst', 'sktime', 'ggpy', 'python-recsys', 'scikit-learn', 'river', 'tesseract', 'pytorch-lightning', 'shogun', 'spaCy', 'yalign', 'ray', 'pynlpl', 'DIGITS', 'LightGBM', 'pytorch', 'PyTorchCV', 'dash', 'polyglot', 'pymc', 'bentoml', 'pkuseg-python', 'scikit-image', 'Gymnasium', 'numpy', 'jProcessing', 'cltk', 'garage', 'zipline', 'alibi-detect', 'xcessiv', 'neural-style-pt', 'nut', 'langfuse', 'optuna', 'deeplake', 'cortex', 'tensorflow', 'pytorch-frame', 'python-timbl', 'danswerai', 'DeepPavlov', 'rasa', 'igel', 'loso', 'SynapseML', 'machine-learning', 'autogluon', 'mlens', 'scikit-learn-intelex', 'catboost', 'somoclu', 'colibri-core', 'keras-tuner', 'neuropredict', 'dowel', 'DrQA', 'deeppy', 'neuraltalk2', 'altair', 'pgmpy', 'evidently', 'detectron2', 'lightly', 'jieba', 'cleanlab', 'Petrel', 'deepface', 'caffe', 'zpar', 'typer', 'nilearn', 'mlflow', 'open-webui', 'jax', 'stellargraph', 'maze', 'pebl', 'mlx', 'open-metric-learning', 'pytorch_geometric', 'neuraltalk', 'retinaface', 'mljar-supervised', 'superset', 'bokeh', 'pytorch-image-models', 'rosetta', 'recommenders', 'tpot', 'Parris', 'pytensor', 'chainer', 'skll', 'pandas', 'bolt', 'scikit-opt', 'vispy', 'gradio', 'CoreNLP', 'xgboost']"
681,25,MemberOf,category,1131,CISQ Quality Measures (2016) - Security,7057,22,"['cornac', 'FEDOT', 'feast', 'aim', 'pyss3', 'matplotlib', 'lab', 'DI-engine', 'dtaidistance', 'seaborn', 'determined', 'retro', 'BioPy', 'CompreFace', 'lambdo', 'mindsdb', 'Metaworld', 'ColossalAI', 'pyqtgraph', 'gensim', 'hebel', 'textacy', 'statsmodels', 'xlearn', 'deepchecks', 'mars', 'NeuroNER', 'PySyft', 'scikit-survival', 'haystack', 'emcee', 'transformers', 'streamlit', 'lightwood', 'prodmodel', 'joliGEN', 'ViZDoom', 'pybrain', 'langflow', 'mlxtend', 'Spearmint', 'bigartm', 'skorch', 'vigra', 'blaze', 'catalyst', 'sktime', 'ggpy', 'python-recsys', 'scikit-learn', 'river', 'tesseract', 'pytorch-lightning', 'shogun', 'spaCy', 'yalign', 'ray', 'pynlpl', 'DIGITS', 'LightGBM', 'pytorch', 'PyTorchCV', 'dash', 'polyglot', 'pymc', 'bentoml', 'pkuseg-python', 'scikit-image', 'Gymnasium', 'numpy', 'jProcessing', 'cltk', 'garage', 'zipline', 'alibi-detect', 'xcessiv', 'neural-style-pt', 'nut', 'langfuse', 'optuna', 'deeplake', 'cortex', 'tensorflow', 'pytorch-frame', 'python-timbl', 'danswerai', 'DeepPavlov', 'rasa', 'igel', 'loso', 'SynapseML', 'machine-learning', 'autogluon', 'mlens', 'scikit-learn-intelex', 'catboost', 'somoclu', 'colibri-core', 'keras-tuner', 'neuropredict', 'dowel', 'DrQA', 'deeppy', 'neuraltalk2', 'altair', 'pgmpy', 'evidently', 'detectron2', 'lightly', 'jieba', 'cleanlab', 'Petrel', 'deepface', 'caffe', 'zpar', 'typer', 'nilearn', 'mlflow', 'open-webui', 'jax', 'stellargraph', 'maze', 'pebl', 'mlx', 'open-metric-learning', 'pytorch_geometric', 'neuraltalk', 'retinaface', 'mljar-supervised', 'superset', 'bokeh', 'pytorch-image-models', 'rosetta', 'recommenders', 'tpot', 'Parris', 'pytensor', 'chainer', 'skll', 'pandas', 'bolt', 'scikit-opt', 'vispy', 'gradio', 'CoreNLP', 'xgboost']"
682,26,MemberOf,category,1179,SEI CERT Perl Coding Standard - Guidelines 01. Input Validation and Data Sanitization (IDS),7057,22,"['cornac', 'FEDOT', 'feast', 'aim', 'pyss3', 'matplotlib', 'lab', 'DI-engine', 'dtaidistance', 'seaborn', 'determined', 'retro', 'BioPy', 'CompreFace', 'lambdo', 'mindsdb', 'Metaworld', 'ColossalAI', 'pyqtgraph', 'gensim', 'hebel', 'textacy', 'statsmodels', 'xlearn', 'deepchecks', 'mars', 'NeuroNER', 'PySyft', 'scikit-survival', 'haystack', 'emcee', 'transformers', 'streamlit', 'lightwood', 'prodmodel', 'joliGEN', 'ViZDoom', 'pybrain', 'langflow', 'mlxtend', 'Spearmint', 'bigartm', 'skorch', 'vigra', 'blaze', 'catalyst', 'sktime', 'ggpy', 'python-recsys', 'scikit-learn', 'river', 'tesseract', 'pytorch-lightning', 'shogun', 'spaCy', 'yalign', 'ray', 'pynlpl', 'DIGITS', 'LightGBM', 'pytorch', 'PyTorchCV', 'dash', 'polyglot', 'pymc', 'bentoml', 'pkuseg-python', 'scikit-image', 'Gymnasium', 'numpy', 'jProcessing', 'cltk', 'garage', 'zipline', 'alibi-detect', 'xcessiv', 'neural-style-pt', 'nut', 'langfuse', 'optuna', 'deeplake', 'cortex', 'tensorflow', 'pytorch-frame', 'python-timbl', 'danswerai', 'DeepPavlov', 'rasa', 'igel', 'loso', 'SynapseML', 'machine-learning', 'autogluon', 'mlens', 'scikit-learn-intelex', 'catboost', 'somoclu', 'colibri-core', 'keras-tuner', 'neuropredict', 'dowel', 'DrQA', 'deeppy', 'neuraltalk2', 'altair', 'pgmpy', 'evidently', 'detectron2', 'lightly', 'jieba', 'cleanlab', 'Petrel', 'deepface', 'caffe', 'zpar', 'typer', 'nilearn', 'mlflow', 'open-webui', 'jax', 'stellargraph', 'maze', 'pebl', 'mlx', 'open-metric-learning', 'pytorch_geometric', 'neuraltalk', 'retinaface', 'mljar-supervised', 'superset', 'bokeh', 'pytorch-image-models', 'rosetta', 'recommenders', 'tpot', 'Parris', 'pytensor', 'chainer', 'skll', 'pandas', 'bolt', 'scikit-opt', 'vispy', 'gradio', 'CoreNLP', 'xgboost']"
683,27,MemberOf,view,1200,Weaknesses in the 2019 CWE Top 25 Most Dangerous Software Errors,7057,22,"['cornac', 'FEDOT', 'feast', 'aim', 'pyss3', 'matplotlib', 'lab', 'DI-engine', 'dtaidistance', 'seaborn', 'determined', 'retro', 'BioPy', 'CompreFace', 'lambdo', 'mindsdb', 'Metaworld', 'ColossalAI', 'pyqtgraph', 'gensim', 'hebel', 'textacy', 'statsmodels', 'xlearn', 'deepchecks', 'mars', 'NeuroNER', 'PySyft', 'scikit-survival', 'haystack', 'emcee', 'transformers', 'streamlit', 'lightwood', 'prodmodel', 'joliGEN', 'ViZDoom', 'pybrain', 'langflow', 'mlxtend', 'Spearmint', 'bigartm', 'skorch', 'vigra', 'blaze', 'catalyst', 'sktime', 'ggpy', 'python-recsys', 'scikit-learn', 'river', 'tesseract', 'pytorch-lightning', 'shogun', 'spaCy', 'yalign', 'ray', 'pynlpl', 'DIGITS', 'LightGBM', 'pytorch', 'PyTorchCV', 'dash', 'polyglot', 'pymc', 'bentoml', 'pkuseg-python', 'scikit-image', 'Gymnasium', 'numpy', 'jProcessing', 'cltk', 'garage', 'zipline', 'alibi-detect', 'xcessiv', 'neural-style-pt', 'nut', 'langfuse', 'optuna', 'deeplake', 'cortex', 'tensorflow', 'pytorch-frame', 'python-timbl', 'danswerai', 'DeepPavlov', 'rasa', 'igel', 'loso', 'SynapseML', 'machine-learning', 'autogluon', 'mlens', 'scikit-learn-intelex', 'catboost', 'somoclu', 'colibri-core', 'keras-tuner', 'neuropredict', 'dowel', 'DrQA', 'deeppy', 'neuraltalk2', 'altair', 'pgmpy', 'evidently', 'detectron2', 'lightly', 'jieba', 'cleanlab', 'Petrel', 'deepface', 'caffe', 'zpar', 'typer', 'nilearn', 'mlflow', 'open-webui', 'jax', 'stellargraph', 'maze', 'pebl', 'mlx', 'open-metric-learning', 'pytorch_geometric', 'neuraltalk', 'retinaface', 'mljar-supervised', 'superset', 'bokeh', 'pytorch-image-models', 'rosetta', 'recommenders', 'tpot', 'Parris', 'pytensor', 'chainer', 'skll', 'pandas', 'bolt', 'scikit-opt', 'vispy', 'gradio', 'CoreNLP', 'xgboost']"
684,28,MemberOf,category,1308,CISQ Quality Measures - Security,7057,22,"['cornac', 'FEDOT', 'feast', 'aim', 'pyss3', 'matplotlib', 'lab', 'DI-engine', 'dtaidistance', 'seaborn', 'determined', 'retro', 'BioPy', 'CompreFace', 'lambdo', 'mindsdb', 'Metaworld', 'ColossalAI', 'pyqtgraph', 'gensim', 'hebel', 'textacy', 'statsmodels', 'xlearn', 'deepchecks', 'mars', 'NeuroNER', 'PySyft', 'scikit-survival', 'haystack', 'emcee', 'transformers', 'streamlit', 'lightwood', 'prodmodel', 'joliGEN', 'ViZDoom', 'pybrain', 'langflow', 'mlxtend', 'Spearmint', 'bigartm', 'skorch', 'vigra', 'blaze', 'catalyst', 'sktime', 'ggpy', 'python-recsys', 'scikit-learn', 'river', 'tesseract', 'pytorch-lightning', 'shogun', 'spaCy', 'yalign', 'ray', 'pynlpl', 'DIGITS', 'LightGBM', 'pytorch', 'PyTorchCV', 'dash', 'polyglot', 'pymc', 'bentoml', 'pkuseg-python', 'scikit-image', 'Gymnasium', 'numpy', 'jProcessing', 'cltk', 'garage', 'zipline', 'alibi-detect', 'xcessiv', 'neural-style-pt', 'nut', 'langfuse', 'optuna', 'deeplake', 'cortex', 'tensorflow', 'pytorch-frame', 'python-timbl', 'danswerai', 'DeepPavlov', 'rasa', 'igel', 'loso', 'SynapseML', 'machine-learning', 'autogluon', 'mlens', 'scikit-learn-intelex', 'catboost', 'somoclu', 'colibri-core', 'keras-tuner', 'neuropredict', 'dowel', 'DrQA', 'deeppy', 'neuraltalk2', 'altair', 'pgmpy', 'evidently', 'detectron2', 'lightly', 'jieba', 'cleanlab', 'Petrel', 'deepface', 'caffe', 'zpar', 'typer', 'nilearn', 'mlflow', 'open-webui', 'jax', 'stellargraph', 'maze', 'pebl', 'mlx', 'open-metric-learning', 'pytorch_geometric', 'neuraltalk', 'retinaface', 'mljar-supervised', 'superset', 'bokeh', 'pytorch-image-models', 'rosetta', 'recommenders', 'tpot', 'Parris', 'pytensor', 'chainer', 'skll', 'pandas', 'bolt', 'scikit-opt', 'vispy', 'gradio', 'CoreNLP', 'xgboost']"
685,29,MemberOf,view,1337,Weaknesses in the 2021 CWE Top 25 Most Dangerous Software Weaknesses,7057,22,"['cornac', 'FEDOT', 'feast', 'aim', 'pyss3', 'matplotlib', 'lab', 'DI-engine', 'dtaidistance', 'seaborn', 'determined', 'retro', 'BioPy', 'CompreFace', 'lambdo', 'mindsdb', 'Metaworld', 'ColossalAI', 'pyqtgraph', 'gensim', 'hebel', 'textacy', 'statsmodels', 'xlearn', 'deepchecks', 'mars', 'NeuroNER', 'PySyft', 'scikit-survival', 'haystack', 'emcee', 'transformers', 'streamlit', 'lightwood', 'prodmodel', 'joliGEN', 'ViZDoom', 'pybrain', 'langflow', 'mlxtend', 'Spearmint', 'bigartm', 'skorch', 'vigra', 'blaze', 'catalyst', 'sktime', 'ggpy', 'python-recsys', 'scikit-learn', 'river', 'tesseract', 'pytorch-lightning', 'shogun', 'spaCy', 'yalign', 'ray', 'pynlpl', 'DIGITS', 'LightGBM', 'pytorch', 'PyTorchCV', 'dash', 'polyglot', 'pymc', 'bentoml', 'pkuseg-python', 'scikit-image', 'Gymnasium', 'numpy', 'jProcessing', 'cltk', 'garage', 'zipline', 'alibi-detect', 'xcessiv', 'neural-style-pt', 'nut', 'langfuse', 'optuna', 'deeplake', 'cortex', 'tensorflow', 'pytorch-frame', 'python-timbl', 'danswerai', 'DeepPavlov', 'rasa', 'igel', 'loso', 'SynapseML', 'machine-learning', 'autogluon', 'mlens', 'scikit-learn-intelex', 'catboost', 'somoclu', 'colibri-core', 'keras-tuner', 'neuropredict', 'dowel', 'DrQA', 'deeppy', 'neuraltalk2', 'altair', 'pgmpy', 'evidently', 'detectron2', 'lightly', 'jieba', 'cleanlab', 'Petrel', 'deepface', 'caffe', 'zpar', 'typer', 'nilearn', 'mlflow', 'open-webui', 'jax', 'stellargraph', 'maze', 'pebl', 'mlx', 'open-metric-learning', 'pytorch_geometric', 'neuraltalk', 'retinaface', 'mljar-supervised', 'superset', 'bokeh', 'pytorch-image-models', 'rosetta', 'recommenders', 'tpot', 'Parris', 'pytensor', 'chainer', 'skll', 'pandas', 'bolt', 'scikit-opt', 'vispy', 'gradio', 'CoreNLP', 'xgboost']"
686,30,MemberOf,view,1340,CISQ Data Protection Measures,7057,22,"['cornac', 'FEDOT', 'feast', 'aim', 'pyss3', 'matplotlib', 'lab', 'DI-engine', 'dtaidistance', 'seaborn', 'determined', 'retro', 'BioPy', 'CompreFace', 'lambdo', 'mindsdb', 'Metaworld', 'ColossalAI', 'pyqtgraph', 'gensim', 'hebel', 'textacy', 'statsmodels', 'xlearn', 'deepchecks', 'mars', 'NeuroNER', 'PySyft', 'scikit-survival', 'haystack', 'emcee', 'transformers', 'streamlit', 'lightwood', 'prodmodel', 'joliGEN', 'ViZDoom', 'pybrain', 'langflow', 'mlxtend', 'Spearmint', 'bigartm', 'skorch', 'vigra', 'blaze', 'catalyst', 'sktime', 'ggpy', 'python-recsys', 'scikit-learn', 'river', 'tesseract', 'pytorch-lightning', 'shogun', 'spaCy', 'yalign', 'ray', 'pynlpl', 'DIGITS', 'LightGBM', 'pytorch', 'PyTorchCV', 'dash', 'polyglot', 'pymc', 'bentoml', 'pkuseg-python', 'scikit-image', 'Gymnasium', 'numpy', 'jProcessing', 'cltk', 'garage', 'zipline', 'alibi-detect', 'xcessiv', 'neural-style-pt', 'nut', 'langfuse', 'optuna', 'deeplake', 'cortex', 'tensorflow', 'pytorch-frame', 'python-timbl', 'danswerai', 'DeepPavlov', 'rasa', 'igel', 'loso', 'SynapseML', 'machine-learning', 'autogluon', 'mlens', 'scikit-learn-intelex', 'catboost', 'somoclu', 'colibri-core', 'keras-tuner', 'neuropredict', 'dowel', 'DrQA', 'deeppy', 'neuraltalk2', 'altair', 'pgmpy', 'evidently', 'detectron2', 'lightly', 'jieba', 'cleanlab', 'Petrel', 'deepface', 'caffe', 'zpar', 'typer', 'nilearn', 'mlflow', 'open-webui', 'jax', 'stellargraph', 'maze', 'pebl', 'mlx', 'open-metric-learning', 'pytorch_geometric', 'neuraltalk', 'retinaface', 'mljar-supervised', 'superset', 'bokeh', 'pytorch-image-models', 'rosetta', 'recommenders', 'tpot', 'Parris', 'pytensor', 'chainer', 'skll', 'pandas', 'bolt', 'scikit-opt', 'vispy', 'gradio', 'CoreNLP', 'xgboost']"
687,31,MemberOf,category,1345,OWASP Top Ten 2021 Category A01:2021 - Broken Access Control,7057,22,"['cornac', 'FEDOT', 'feast', 'aim', 'pyss3', 'matplotlib', 'lab', 'DI-engine', 'dtaidistance', 'seaborn', 'determined', 'retro', 'BioPy', 'CompreFace', 'lambdo', 'mindsdb', 'Metaworld', 'ColossalAI', 'pyqtgraph', 'gensim', 'hebel', 'textacy', 'statsmodels', 'xlearn', 'deepchecks', 'mars', 'NeuroNER', 'PySyft', 'scikit-survival', 'haystack', 'emcee', 'transformers', 'streamlit', 'lightwood', 'prodmodel', 'joliGEN', 'ViZDoom', 'pybrain', 'langflow', 'mlxtend', 'Spearmint', 'bigartm', 'skorch', 'vigra', 'blaze', 'catalyst', 'sktime', 'ggpy', 'python-recsys', 'scikit-learn', 'river', 'tesseract', 'pytorch-lightning', 'shogun', 'spaCy', 'yalign', 'ray', 'pynlpl', 'DIGITS', 'LightGBM', 'pytorch', 'PyTorchCV', 'dash', 'polyglot', 'pymc', 'bentoml', 'pkuseg-python', 'scikit-image', 'Gymnasium', 'numpy', 'jProcessing', 'cltk', 'garage', 'zipline', 'alibi-detect', 'xcessiv', 'neural-style-pt', 'nut', 'langfuse', 'optuna', 'deeplake', 'cortex', 'tensorflow', 'pytorch-frame', 'python-timbl', 'danswerai', 'DeepPavlov', 'rasa', 'igel', 'loso', 'SynapseML', 'machine-learning', 'autogluon', 'mlens', 'scikit-learn-intelex', 'catboost', 'somoclu', 'colibri-core', 'keras-tuner', 'neuropredict', 'dowel', 'DrQA', 'deeppy', 'neuraltalk2', 'altair', 'pgmpy', 'evidently', 'detectron2', 'lightly', 'jieba', 'cleanlab', 'Petrel', 'deepface', 'caffe', 'zpar', 'typer', 'nilearn', 'mlflow', 'open-webui', 'jax', 'stellargraph', 'maze', 'pebl', 'mlx', 'open-metric-learning', 'pytorch_geometric', 'neuraltalk', 'retinaface', 'mljar-supervised', 'superset', 'bokeh', 'pytorch-image-models', 'rosetta', 'recommenders', 'tpot', 'Parris', 'pytensor', 'chainer', 'skll', 'pandas', 'bolt', 'scikit-opt', 'vispy', 'gradio', 'CoreNLP', 'xgboost']"
688,32,MemberOf,view,1350,Weaknesses in the 2020 CWE Top 25 Most Dangerous Software Weaknesses,7057,22,"['cornac', 'FEDOT', 'feast', 'aim', 'pyss3', 'matplotlib', 'lab', 'DI-engine', 'dtaidistance', 'seaborn', 'determined', 'retro', 'BioPy', 'CompreFace', 'lambdo', 'mindsdb', 'Metaworld', 'ColossalAI', 'pyqtgraph', 'gensim', 'hebel', 'textacy', 'statsmodels', 'xlearn', 'deepchecks', 'mars', 'NeuroNER', 'PySyft', 'scikit-survival', 'haystack', 'emcee', 'transformers', 'streamlit', 'lightwood', 'prodmodel', 'joliGEN', 'ViZDoom', 'pybrain', 'langflow', 'mlxtend', 'Spearmint', 'bigartm', 'skorch', 'vigra', 'blaze', 'catalyst', 'sktime', 'ggpy', 'python-recsys', 'scikit-learn', 'river', 'tesseract', 'pytorch-lightning', 'shogun', 'spaCy', 'yalign', 'ray', 'pynlpl', 'DIGITS', 'LightGBM', 'pytorch', 'PyTorchCV', 'dash', 'polyglot', 'pymc', 'bentoml', 'pkuseg-python', 'scikit-image', 'Gymnasium', 'numpy', 'jProcessing', 'cltk', 'garage', 'zipline', 'alibi-detect', 'xcessiv', 'neural-style-pt', 'nut', 'langfuse', 'optuna', 'deeplake', 'cortex', 'tensorflow', 'pytorch-frame', 'python-timbl', 'danswerai', 'DeepPavlov', 'rasa', 'igel', 'loso', 'SynapseML', 'machine-learning', 'autogluon', 'mlens', 'scikit-learn-intelex', 'catboost', 'somoclu', 'colibri-core', 'keras-tuner', 'neuropredict', 'dowel', 'DrQA', 'deeppy', 'neuraltalk2', 'altair', 'pgmpy', 'evidently', 'detectron2', 'lightly', 'jieba', 'cleanlab', 'Petrel', 'deepface', 'caffe', 'zpar', 'typer', 'nilearn', 'mlflow', 'open-webui', 'jax', 'stellargraph', 'maze', 'pebl', 'mlx', 'open-metric-learning', 'pytorch_geometric', 'neuraltalk', 'retinaface', 'mljar-supervised', 'superset', 'bokeh', 'pytorch-image-models', 'rosetta', 'recommenders', 'tpot', 'Parris', 'pytensor', 'chainer', 'skll', 'pandas', 'bolt', 'scikit-opt', 'vispy', 'gradio', 'CoreNLP', 'xgboost']"
689,33,MemberOf,view,1387,Weaknesses in the 2022 CWE Top 25 Most Dangerous Software Weaknesses,7057,22,"['cornac', 'FEDOT', 'feast', 'aim', 'pyss3', 'matplotlib', 'lab', 'DI-engine', 'dtaidistance', 'seaborn', 'determined', 'retro', 'BioPy', 'CompreFace', 'lambdo', 'mindsdb', 'Metaworld', 'ColossalAI', 'pyqtgraph', 'gensim', 'hebel', 'textacy', 'statsmodels', 'xlearn', 'deepchecks', 'mars', 'NeuroNER', 'PySyft', 'scikit-survival', 'haystack', 'emcee', 'transformers', 'streamlit', 'lightwood', 'prodmodel', 'joliGEN', 'ViZDoom', 'pybrain', 'langflow', 'mlxtend', 'Spearmint', 'bigartm', 'skorch', 'vigra', 'blaze', 'catalyst', 'sktime', 'ggpy', 'python-recsys', 'scikit-learn', 'river', 'tesseract', 'pytorch-lightning', 'shogun', 'spaCy', 'yalign', 'ray', 'pynlpl', 'DIGITS', 'LightGBM', 'pytorch', 'PyTorchCV', 'dash', 'polyglot', 'pymc', 'bentoml', 'pkuseg-python', 'scikit-image', 'Gymnasium', 'numpy', 'jProcessing', 'cltk', 'garage', 'zipline', 'alibi-detect', 'xcessiv', 'neural-style-pt', 'nut', 'langfuse', 'optuna', 'deeplake', 'cortex', 'tensorflow', 'pytorch-frame', 'python-timbl', 'danswerai', 'DeepPavlov', 'rasa', 'igel', 'loso', 'SynapseML', 'machine-learning', 'autogluon', 'mlens', 'scikit-learn-intelex', 'catboost', 'somoclu', 'colibri-core', 'keras-tuner', 'neuropredict', 'dowel', 'DrQA', 'deeppy', 'neuraltalk2', 'altair', 'pgmpy', 'evidently', 'detectron2', 'lightly', 'jieba', 'cleanlab', 'Petrel', 'deepface', 'caffe', 'zpar', 'typer', 'nilearn', 'mlflow', 'open-webui', 'jax', 'stellargraph', 'maze', 'pebl', 'mlx', 'open-metric-learning', 'pytorch_geometric', 'neuraltalk', 'retinaface', 'mljar-supervised', 'superset', 'bokeh', 'pytorch-image-models', 'rosetta', 'recommenders', 'tpot', 'Parris', 'pytensor', 'chainer', 'skll', 'pandas', 'bolt', 'scikit-opt', 'vispy', 'gradio', 'CoreNLP', 'xgboost']"
690,34,MemberOf,category,1404,Comprehensive Categorization: File Handling,7057,22,"['cornac', 'FEDOT', 'feast', 'aim', 'pyss3', 'matplotlib', 'lab', 'DI-engine', 'dtaidistance', 'seaborn', 'determined', 'retro', 'BioPy', 'CompreFace', 'lambdo', 'mindsdb', 'Metaworld', 'ColossalAI', 'pyqtgraph', 'gensim', 'hebel', 'textacy', 'statsmodels', 'xlearn', 'deepchecks', 'mars', 'NeuroNER', 'PySyft', 'scikit-survival', 'haystack', 'emcee', 'transformers', 'streamlit', 'lightwood', 'prodmodel', 'joliGEN', 'ViZDoom', 'pybrain', 'langflow', 'mlxtend', 'Spearmint', 'bigartm', 'skorch', 'vigra', 'blaze', 'catalyst', 'sktime', 'ggpy', 'python-recsys', 'scikit-learn', 'river', 'tesseract', 'pytorch-lightning', 'shogun', 'spaCy', 'yalign', 'ray', 'pynlpl', 'DIGITS', 'LightGBM', 'pytorch', 'PyTorchCV', 'dash', 'polyglot', 'pymc', 'bentoml', 'pkuseg-python', 'scikit-image', 'Gymnasium', 'numpy', 'jProcessing', 'cltk', 'garage', 'zipline', 'alibi-detect', 'xcessiv', 'neural-style-pt', 'nut', 'langfuse', 'optuna', 'deeplake', 'cortex', 'tensorflow', 'pytorch-frame', 'python-timbl', 'danswerai', 'DeepPavlov', 'rasa', 'igel', 'loso', 'SynapseML', 'machine-learning', 'autogluon', 'mlens', 'scikit-learn-intelex', 'catboost', 'somoclu', 'colibri-core', 'keras-tuner', 'neuropredict', 'dowel', 'DrQA', 'deeppy', 'neuraltalk2', 'altair', 'pgmpy', 'evidently', 'detectron2', 'lightly', 'jieba', 'cleanlab', 'Petrel', 'deepface', 'caffe', 'zpar', 'typer', 'nilearn', 'mlflow', 'open-webui', 'jax', 'stellargraph', 'maze', 'pebl', 'mlx', 'open-metric-learning', 'pytorch_geometric', 'neuraltalk', 'retinaface', 'mljar-supervised', 'superset', 'bokeh', 'pytorch-image-models', 'rosetta', 'recommenders', 'tpot', 'Parris', 'pytensor', 'chainer', 'skll', 'pandas', 'bolt', 'scikit-opt', 'vispy', 'gradio', 'CoreNLP', 'xgboost']"
691,35,MemberOf,view,1425,Weaknesses in the 2023 CWE Top 25 Most Dangerous Software Weaknesses,7057,22,"['cornac', 'FEDOT', 'feast', 'aim', 'pyss3', 'matplotlib', 'lab', 'DI-engine', 'dtaidistance', 'seaborn', 'determined', 'retro', 'BioPy', 'CompreFace', 'lambdo', 'mindsdb', 'Metaworld', 'ColossalAI', 'pyqtgraph', 'gensim', 'hebel', 'textacy', 'statsmodels', 'xlearn', 'deepchecks', 'mars', 'NeuroNER', 'PySyft', 'scikit-survival', 'haystack', 'emcee', 'transformers', 'streamlit', 'lightwood', 'prodmodel', 'joliGEN', 'ViZDoom', 'pybrain', 'langflow', 'mlxtend', 'Spearmint', 'bigartm', 'skorch', 'vigra', 'blaze', 'catalyst', 'sktime', 'ggpy', 'python-recsys', 'scikit-learn', 'river', 'tesseract', 'pytorch-lightning', 'shogun', 'spaCy', 'yalign', 'ray', 'pynlpl', 'DIGITS', 'LightGBM', 'pytorch', 'PyTorchCV', 'dash', 'polyglot', 'pymc', 'bentoml', 'pkuseg-python', 'scikit-image', 'Gymnasium', 'numpy', 'jProcessing', 'cltk', 'garage', 'zipline', 'alibi-detect', 'xcessiv', 'neural-style-pt', 'nut', 'langfuse', 'optuna', 'deeplake', 'cortex', 'tensorflow', 'pytorch-frame', 'python-timbl', 'danswerai', 'DeepPavlov', 'rasa', 'igel', 'loso', 'SynapseML', 'machine-learning', 'autogluon', 'mlens', 'scikit-learn-intelex', 'catboost', 'somoclu', 'colibri-core', 'keras-tuner', 'neuropredict', 'dowel', 'DrQA', 'deeppy', 'neuraltalk2', 'altair', 'pgmpy', 'evidently', 'detectron2', 'lightly', 'jieba', 'cleanlab', 'Petrel', 'deepface', 'caffe', 'zpar', 'typer', 'nilearn', 'mlflow', 'open-webui', 'jax', 'stellargraph', 'maze', 'pebl', 'mlx', 'open-metric-learning', 'pytorch_geometric', 'neuraltalk', 'retinaface', 'mljar-supervised', 'superset', 'bokeh', 'pytorch-image-models', 'rosetta', 'recommenders', 'tpot', 'Parris', 'pytensor', 'chainer', 'skll', 'pandas', 'bolt', 'scikit-opt', 'vispy', 'gradio', 'CoreNLP', 'xgboost']"
692,36,MemberOf,view,1430,Weaknesses in the 2024 CWE Top 25 Most Dangerous Software Weaknesses,7057,22,"['cornac', 'FEDOT', 'feast', 'aim', 'pyss3', 'matplotlib', 'lab', 'DI-engine', 'dtaidistance', 'seaborn', 'determined', 'retro', 'BioPy', 'CompreFace', 'lambdo', 'mindsdb', 'Metaworld', 'ColossalAI', 'pyqtgraph', 'gensim', 'hebel', 'textacy', 'statsmodels', 'xlearn', 'deepchecks', 'mars', 'NeuroNER', 'PySyft', 'scikit-survival', 'haystack', 'emcee', 'transformers', 'streamlit', 'lightwood', 'prodmodel', 'joliGEN', 'ViZDoom', 'pybrain', 'langflow', 'mlxtend', 'Spearmint', 'bigartm', 'skorch', 'vigra', 'blaze', 'catalyst', 'sktime', 'ggpy', 'python-recsys', 'scikit-learn', 'river', 'tesseract', 'pytorch-lightning', 'shogun', 'spaCy', 'yalign', 'ray', 'pynlpl', 'DIGITS', 'LightGBM', 'pytorch', 'PyTorchCV', 'dash', 'polyglot', 'pymc', 'bentoml', 'pkuseg-python', 'scikit-image', 'Gymnasium', 'numpy', 'jProcessing', 'cltk', 'garage', 'zipline', 'alibi-detect', 'xcessiv', 'neural-style-pt', 'nut', 'langfuse', 'optuna', 'deeplake', 'cortex', 'tensorflow', 'pytorch-frame', 'python-timbl', 'danswerai', 'DeepPavlov', 'rasa', 'igel', 'loso', 'SynapseML', 'machine-learning', 'autogluon', 'mlens', 'scikit-learn-intelex', 'catboost', 'somoclu', 'colibri-core', 'keras-tuner', 'neuropredict', 'dowel', 'DrQA', 'deeppy', 'neuraltalk2', 'altair', 'pgmpy', 'evidently', 'detectron2', 'lightly', 'jieba', 'cleanlab', 'Petrel', 'deepface', 'caffe', 'zpar', 'typer', 'nilearn', 'mlflow', 'open-webui', 'jax', 'stellargraph', 'maze', 'pebl', 'mlx', 'open-metric-learning', 'pytorch_geometric', 'neuraltalk', 'retinaface', 'mljar-supervised', 'superset', 'bokeh', 'pytorch-image-models', 'rosetta', 'recommenders', 'tpot', 'Parris', 'pytensor', 'chainer', 'skll', 'pandas', 'bolt', 'scikit-opt', 'vispy', 'gradio', 'CoreNLP', 'xgboost']"
693,37,MemberOf,view,1435,Weaknesses in the 2025 CWE Top 25 Most Dangerous Software Weaknesses,7057,22,"['cornac', 'FEDOT', 'feast', 'aim', 'pyss3', 'matplotlib', 'lab', 'DI-engine', 'dtaidistance', 'seaborn', 'determined', 'retro', 'BioPy', 'CompreFace', 'lambdo', 'mindsdb', 'Metaworld', 'ColossalAI', 'pyqtgraph', 'gensim', 'hebel', 'textacy', 'statsmodels', 'xlearn', 'deepchecks', 'mars', 'NeuroNER', 'PySyft', 'scikit-survival', 'haystack', 'emcee', 'transformers', 'streamlit', 'lightwood', 'prodmodel', 'joliGEN', 'ViZDoom', 'pybrain', 'langflow', 'mlxtend', 'Spearmint', 'bigartm', 'skorch', 'vigra', 'blaze', 'catalyst', 'sktime', 'ggpy', 'python-recsys', 'scikit-learn', 'river', 'tesseract', 'pytorch-lightning', 'shogun', 'spaCy', 'yalign', 'ray', 'pynlpl', 'DIGITS', 'LightGBM', 'pytorch', 'PyTorchCV', 'dash', 'polyglot', 'pymc', 'bentoml', 'pkuseg-python', 'scikit-image', 'Gymnasium', 'numpy', 'jProcessing', 'cltk', 'garage', 'zipline', 'alibi-detect', 'xcessiv', 'neural-style-pt', 'nut', 'langfuse', 'optuna', 'deeplake', 'cortex', 'tensorflow', 'pytorch-frame', 'python-timbl', 'danswerai', 'DeepPavlov', 'rasa', 'igel', 'loso', 'SynapseML', 'machine-learning', 'autogluon', 'mlens', 'scikit-learn-intelex', 'catboost', 'somoclu', 'colibri-core', 'keras-tuner', 'neuropredict', 'dowel', 'DrQA', 'deeppy', 'neuraltalk2', 'altair', 'pgmpy', 'evidently', 'detectron2', 'lightly', 'jieba', 'cleanlab', 'Petrel', 'deepface', 'caffe', 'zpar', 'typer', 'nilearn', 'mlflow', 'open-webui', 'jax', 'stellargraph', 'maze', 'pebl', 'mlx', 'open-metric-learning', 'pytorch_geometric', 'neuraltalk', 'retinaface', 'mljar-supervised', 'superset', 'bokeh', 'pytorch-image-models', 'rosetta', 'recommenders', 'tpot', 'Parris', 'pytensor', 'chainer', 'skll', 'pandas', 'bolt', 'scikit-opt', 'vispy', 'gradio', 'CoreNLP', 'xgboost']"
694,38,MemberOf,category,1436,OWASP Top Ten 2025 Category A01:2025 - Broken Access Control,7057,22,"['cornac', 'FEDOT', 'feast', 'aim', 'pyss3', 'matplotlib', 'lab', 'DI-engine', 'dtaidistance', 'seaborn', 'determined', 'retro', 'BioPy', 'CompreFace', 'lambdo', 'mindsdb', 'Metaworld', 'ColossalAI', 'pyqtgraph', 'gensim', 'hebel', 'textacy', 'statsmodels', 'xlearn', 'deepchecks', 'mars', 'NeuroNER', 'PySyft', 'scikit-survival', 'haystack', 'emcee', 'transformers', 'streamlit', 'lightwood', 'prodmodel', 'joliGEN', 'ViZDoom', 'pybrain', 'langflow', 'mlxtend', 'Spearmint', 'bigartm', 'skorch', 'vigra', 'blaze', 'catalyst', 'sktime', 'ggpy', 'python-recsys', 'scikit-learn', 'river', 'tesseract', 'pytorch-lightning', 'shogun', 'spaCy', 'yalign', 'ray', 'pynlpl', 'DIGITS', 'LightGBM', 'pytorch', 'PyTorchCV', 'dash', 'polyglot', 'pymc', 'bentoml', 'pkuseg-python', 'scikit-image', 'Gymnasium', 'numpy', 'jProcessing', 'cltk', 'garage', 'zipline', 'alibi-detect', 'xcessiv', 'neural-style-pt', 'nut', 'langfuse', 'optuna', 'deeplake', 'cortex', 'tensorflow', 'pytorch-frame', 'python-timbl', 'danswerai', 'DeepPavlov', 'rasa', 'igel', 'loso', 'SynapseML', 'machine-learning', 'autogluon', 'mlens', 'scikit-learn-intelex', 'catboost', 'somoclu', 'colibri-core', 'keras-tuner', 'neuropredict', 'dowel', 'DrQA', 'deeppy', 'neuraltalk2', 'altair', 'pgmpy', 'evidently', 'detectron2', 'lightly', 'jieba', 'cleanlab', 'Petrel', 'deepface', 'caffe', 'zpar', 'typer', 'nilearn', 'mlflow', 'open-webui', 'jax', 'stellargraph', 'maze', 'pebl', 'mlx', 'open-metric-learning', 'pytorch_geometric', 'neuraltalk', 'retinaface', 'mljar-supervised', 'superset', 'bokeh', 'pytorch-image-models', 'rosetta', 'recommenders', 'tpot', 'Parris', 'pytensor', 'chainer', 'skll', 'pandas', 'bolt', 'scikit-opt', 'vispy', 'gradio', 'CoreNLP', 'xgboost']"
695,39,MemberOf,category,1447,General Software Weaknesses that Appear in Products that Use or Support AI/ML Technology,7057,22,"['cornac', 'FEDOT', 'feast', 'aim', 'pyss3', 'matplotlib', 'lab', 'DI-engine', 'dtaidistance', 'seaborn', 'determined', 'retro', 'BioPy', 'CompreFace', 'lambdo', 'mindsdb', 'Metaworld', 'ColossalAI', 'pyqtgraph', 'gensim', 'hebel', 'textacy', 'statsmodels', 'xlearn', 'deepchecks', 'mars', 'NeuroNER', 'PySyft', 'scikit-survival', 'haystack', 'emcee', 'transformers', 'streamlit', 'lightwood', 'prodmodel', 'joliGEN', 'ViZDoom', 'pybrain', 'langflow', 'mlxtend', 'Spearmint', 'bigartm', 'skorch', 'vigra', 'blaze', 'catalyst', 'sktime', 'ggpy', 'python-recsys', 'scikit-learn', 'river', 'tesseract', 'pytorch-lightning', 'shogun', 'spaCy', 'yalign', 'ray', 'pynlpl', 'DIGITS', 'LightGBM', 'pytorch', 'PyTorchCV', 'dash', 'polyglot', 'pymc', 'bentoml', 'pkuseg-python', 'scikit-image', 'Gymnasium', 'numpy', 'jProcessing', 'cltk', 'garage', 'zipline', 'alibi-detect', 'xcessiv', 'neural-style-pt', 'nut', 'langfuse', 'optuna', 'deeplake', 'cortex', 'tensorflow', 'pytorch-frame', 'python-timbl', 'danswerai', 'DeepPavlov', 'rasa', 'igel', 'loso', 'SynapseML', 'machine-learning', 'autogluon', 'mlens', 'scikit-learn-intelex', 'catboost', 'somoclu', 'colibri-core', 'keras-tuner', 'neuropredict', 'dowel', 'DrQA', 'deeppy', 'neuraltalk2', 'altair', 'pgmpy', 'evidently', 'detectron2', 'lightly', 'jieba', 'cleanlab', 'Petrel', 'deepface', 'caffe', 'zpar', 'typer', 'nilearn', 'mlflow', 'open-webui', 'jax', 'stellargraph', 'maze', 'pebl', 'mlx', 'open-metric-learning', 'pytorch_geometric', 'neuraltalk', 'retinaface', 'mljar-supervised', 'superset', 'bokeh', 'pytorch-image-models', 'rosetta', 'recommenders', 'tpot', 'Parris', 'pytensor', 'chainer', 'skll', 'pandas', 'bolt', 'scikit-opt', 'vispy', 'gradio', 'CoreNLP', 'xgboost']"
696,40,Self,base,22,,7057,22,"['cornac', 'FEDOT', 'feast', 'aim', 'pyss3', 'matplotlib', 'lab', 'DI-engine', 'dtaidistance', 'seaborn', 'determined', 'retro', 'BioPy', 'CompreFace', 'lambdo', 'mindsdb', 'Metaworld', 'ColossalAI', 'pyqtgraph', 'gensim', 'hebel', 'textacy', 'statsmodels', 'xlearn', 'deepchecks', 'mars', 'NeuroNER', 'PySyft', 'scikit-survival', 'haystack', 'emcee', 'transformers', 'streamlit', 'lightwood', 'prodmodel', 'joliGEN', 'ViZDoom', 'pybrain', 'langflow', 'mlxtend', 'Spearmint', 'bigartm', 'skorch', 'vigra', 'blaze', 'catalyst', 'sktime', 'ggpy', 'python-recsys', 'scikit-learn', 'river', 'tesseract', 'pytorch-lightning', 'shogun', 'spaCy', 'yalign', 'ray', 'pynlpl', 'DIGITS', 'LightGBM', 'pytorch', 'PyTorchCV', 'dash', 'polyglot', 'pymc', 'bentoml', 'pkuseg-python', 'scikit-image', 'Gymnasium', 'numpy', 'jProcessing', 'cltk', 'garage', 'zipline', 'alibi-detect', 'xcessiv', 'neural-style-pt', 'nut', 'langfuse', 'optuna', 'deeplake', 'cortex', 'tensorflow', 'pytorch-frame', 'python-timbl', 'danswerai', 'DeepPavlov', 'rasa', 'igel', 'loso', 'SynapseML', 'machine-learning', 'autogluon', 'mlens', 'scikit-learn-intelex', 'catboost', 'somoclu', 'colibri-core', 'keras-tuner', 'neuropredict', 'dowel', 'DrQA', 'deeppy', 'neuraltalk2', 'altair', 'pgmpy', 'evidently', 'detectron2', 'lightly', 'jieba', 'cleanlab', 'Petrel', 'deepface', 'caffe', 'zpar', 'typer', 'nilearn', 'mlflow', 'open-webui', 'jax', 'stellargraph', 'maze', 'pebl', 'mlx', 'open-metric-learning', 'pytorch_geometric', 'neuraltalk', 'retinaface', 'mljar-supervised', 'superset', 'bokeh', 'pytorch-image-models', 'rosetta', 'recommenders', 'tpot', 'Parris', 'pytensor', 'chainer', 'skll', 'pandas', 'bolt', 'scikit-opt', 'vispy', 'gradio', 'CoreNLP', 'xgboost']"
697,0,ChildOf,base,22,Improper Limitation of a Pathname to a Restricted Directory ('Path Traversal'),7057,23,"['cornac', 'FEDOT', 'feast', 'aim', 'pyss3', 'matplotlib', 'lab', 'DI-engine', 'dtaidistance', 'seaborn', 'determined', 'retro', 'BioPy', 'CompreFace', 'lambdo', 'mindsdb', 'Metaworld', 'ColossalAI', 'pyqtgraph', 'gensim', 'hebel', 'textacy', 'statsmodels', 'xlearn', 'deepchecks', 'mars', 'NeuroNER', 'PySyft', 'scikit-survival', 'haystack', 'emcee', 'transformers', 'streamlit', 'lightwood', 'prodmodel', 'joliGEN', 'ViZDoom', 'pybrain', 'langflow', 'mlxtend', 'Spearmint', 'bigartm', 'skorch', 'vigra', 'blaze', 'catalyst', 'sktime', 'ggpy', 'python-recsys', 'scikit-learn', 'river', 'tesseract', 'pytorch-lightning', 'shogun', 'spaCy', 'yalign', 'ray', 'pynlpl', 'DIGITS', 'LightGBM', 'pytorch', 'PyTorchCV', 'dash', 'polyglot', 'pymc', 'bentoml', 'pkuseg-python', 'scikit-image', 'Gymnasium', 'numpy', 'jProcessing', 'cltk', 'garage', 'zipline', 'alibi-detect', 'xcessiv', 'neural-style-pt', 'nut', 'langfuse', 'optuna', 'deeplake', 'cortex', 'tensorflow', 'pytorch-frame', 'python-timbl', 'danswerai', 'DeepPavlov', 'rasa', 'igel', 'loso', 'SynapseML', 'machine-learning', 'autogluon', 'mlens', 'scikit-learn-intelex', 'catboost', 'somoclu', 'colibri-core', 'keras-tuner', 'neuropredict', 'dowel', 'DrQA', 'deeppy', 'neuraltalk2', 'altair', 'pgmpy', 'evidently', 'detectron2', 'lightly', 'jieba', 'cleanlab', 'Petrel', 'deepface', 'caffe', 'zpar', 'typer', 'nilearn', 'mlflow', 'open-webui', 'jax', 'stellargraph', 'maze', 'pebl', 'mlx', 'open-metric-learning', 'pytorch_geometric', 'neuraltalk', 'retinaface', 'mljar-supervised', 'superset', 'bokeh', 'pytorch-image-models', 'rosetta', 'recommenders', 'tpot', 'Parris', 'pytensor', 'chainer', 'skll', 'pandas', 'bolt', 'scikit-opt', 'vispy', 'gradio', 'CoreNLP', 'xgboost']"
698,1,ParentOf,variant,24,Path Traversal: '../filedir',7057,23,"['cornac', 'FEDOT', 'feast', 'aim', 'pyss3', 'matplotlib', 'lab', 'DI-engine', 'dtaidistance', 'seaborn', 'determined', 'retro', 'BioPy', 'CompreFace', 'lambdo', 'mindsdb', 'Metaworld', 'ColossalAI', 'pyqtgraph', 'gensim', 'hebel', 'textacy', 'statsmodels', 'xlearn', 'deepchecks', 'mars', 'NeuroNER', 'PySyft', 'scikit-survival', 'haystack', 'emcee', 'transformers', 'streamlit', 'lightwood', 'prodmodel', 'joliGEN', 'ViZDoom', 'pybrain', 'langflow', 'mlxtend', 'Spearmint', 'bigartm', 'skorch', 'vigra', 'blaze', 'catalyst', 'sktime', 'ggpy', 'python-recsys', 'scikit-learn', 'river', 'tesseract', 'pytorch-lightning', 'shogun', 'spaCy', 'yalign', 'ray', 'pynlpl', 'DIGITS', 'LightGBM', 'pytorch', 'PyTorchCV', 'dash', 'polyglot', 'pymc', 'bentoml', 'pkuseg-python', 'scikit-image', 'Gymnasium', 'numpy', 'jProcessing', 'cltk', 'garage', 'zipline', 'alibi-detect', 'xcessiv', 'neural-style-pt', 'nut', 'langfuse', 'optuna', 'deeplake', 'cortex', 'tensorflow', 'pytorch-frame', 'python-timbl', 'danswerai', 'DeepPavlov', 'rasa', 'igel', 'loso', 'SynapseML', 'machine-learning', 'autogluon', 'mlens', 'scikit-learn-intelex', 'catboost', 'somoclu', 'colibri-core', 'keras-tuner', 'neuropredict', 'dowel', 'DrQA', 'deeppy', 'neuraltalk2', 'altair', 'pgmpy', 'evidently', 'detectron2', 'lightly', 'jieba', 'cleanlab', 'Petrel', 'deepface', 'caffe', 'zpar', 'typer', 'nilearn', 'mlflow', 'open-webui', 'jax', 'stellargraph', 'maze', 'pebl', 'mlx', 'open-metric-learning', 'pytorch_geometric', 'neuraltalk', 'retinaface', 'mljar-supervised', 'superset', 'bokeh', 'pytorch-image-models', 'rosetta', 'recommenders', 'tpot', 'Parris', 'pytensor', 'chainer', 'skll', 'pandas', 'bolt', 'scikit-opt', 'vispy', 'gradio', 'CoreNLP', 'xgboost']"
699,2,ParentOf,variant,25,Path Traversal: '/../filedir',7057,23,"['cornac', 'FEDOT', 'feast', 'aim', 'pyss3', 'matplotlib', 'lab', 'DI-engine', 'dtaidistance', 'seaborn', 'determined', 'retro', 'BioPy', 'CompreFace', 'lambdo', 'mindsdb', 'Metaworld', 'ColossalAI', 'pyqtgraph', 'gensim', 'hebel', 'textacy', 'statsmodels', 'xlearn', 'deepchecks', 'mars', 'NeuroNER', 'PySyft', 'scikit-survival', 'haystack', 'emcee', 'transformers', 'streamlit', 'lightwood', 'prodmodel', 'joliGEN', 'ViZDoom', 'pybrain', 'langflow', 'mlxtend', 'Spearmint', 'bigartm', 'skorch', 'vigra', 'blaze', 'catalyst', 'sktime', 'ggpy', 'python-recsys', 'scikit-learn', 'river', 'tesseract', 'pytorch-lightning', 'shogun', 'spaCy', 'yalign', 'ray', 'pynlpl', 'DIGITS', 'LightGBM', 'pytorch', 'PyTorchCV', 'dash', 'polyglot', 'pymc', 'bentoml', 'pkuseg-python', 'scikit-image', 'Gymnasium', 'numpy', 'jProcessing', 'cltk', 'garage', 'zipline', 'alibi-detect', 'xcessiv', 'neural-style-pt', 'nut', 'langfuse', 'optuna', 'deeplake', 'cortex', 'tensorflow', 'pytorch-frame', 'python-timbl', 'danswerai', 'DeepPavlov', 'rasa', 'igel', 'loso', 'SynapseML', 'machine-learning', 'autogluon', 'mlens', 'scikit-learn-intelex', 'catboost', 'somoclu', 'colibri-core', 'keras-tuner', 'neuropredict', 'dowel', 'DrQA', 'deeppy', 'neuraltalk2', 'altair', 'pgmpy', 'evidently', 'detectron2', 'lightly', 'jieba', 'cleanlab', 'Petrel', 'deepface', 'caffe', 'zpar', 'typer', 'nilearn', 'mlflow', 'open-webui', 'jax', 'stellargraph', 'maze', 'pebl', 'mlx', 'open-metric-learning', 'pytorch_geometric', 'neuraltalk', 'retinaface', 'mljar-supervised', 'superset', 'bokeh', 'pytorch-image-models', 'rosetta', 'recommenders', 'tpot', 'Parris', 'pytensor', 'chainer', 'skll', 'pandas', 'bolt', 'scikit-opt', 'vispy', 'gradio', 'CoreNLP', 'xgboost']"
700,3,ParentOf,variant,26,Path Traversal: '/dir/../filename',7057,23,"['cornac', 'FEDOT', 'feast', 'aim', 'pyss3', 'matplotlib', 'lab', 'DI-engine', 'dtaidistance', 'seaborn', 'determined', 'retro', 'BioPy', 'CompreFace', 'lambdo', 'mindsdb', 'Metaworld', 'ColossalAI', 'pyqtgraph', 'gensim', 'hebel', 'textacy', 'statsmodels', 'xlearn', 'deepchecks', 'mars', 'NeuroNER', 'PySyft', 'scikit-survival', 'haystack', 'emcee', 'transformers', 'streamlit', 'lightwood', 'prodmodel', 'joliGEN', 'ViZDoom', 'pybrain', 'langflow', 'mlxtend', 'Spearmint', 'bigartm', 'skorch', 'vigra', 'blaze', 'catalyst', 'sktime', 'ggpy', 'python-recsys', 'scikit-learn', 'river', 'tesseract', 'pytorch-lightning', 'shogun', 'spaCy', 'yalign', 'ray', 'pynlpl', 'DIGITS', 'LightGBM', 'pytorch', 'PyTorchCV', 'dash', 'polyglot', 'pymc', 'bentoml', 'pkuseg-python', 'scikit-image', 'Gymnasium', 'numpy', 'jProcessing', 'cltk', 'garage', 'zipline', 'alibi-detect', 'xcessiv', 'neural-style-pt', 'nut', 'langfuse', 'optuna', 'deeplake', 'cortex', 'tensorflow', 'pytorch-frame', 'python-timbl', 'danswerai', 'DeepPavlov', 'rasa', 'igel', 'loso', 'SynapseML', 'machine-learning', 'autogluon', 'mlens', 'scikit-learn-intelex', 'catboost', 'somoclu', 'colibri-core', 'keras-tuner', 'neuropredict', 'dowel', 'DrQA', 'deeppy', 'neuraltalk2', 'altair', 'pgmpy', 'evidently', 'detectron2', 'lightly', 'jieba', 'cleanlab', 'Petrel', 'deepface', 'caffe', 'zpar', 'typer', 'nilearn', 'mlflow', 'open-webui', 'jax', 'stellargraph', 'maze', 'pebl', 'mlx', 'open-metric-learning', 'pytorch_geometric', 'neuraltalk', 'retinaface', 'mljar-supervised', 'superset', 'bokeh', 'pytorch-image-models', 'rosetta', 'recommenders', 'tpot', 'Parris', 'pytensor', 'chainer', 'skll', 'pandas', 'bolt', 'scikit-opt', 'vispy', 'gradio', 'CoreNLP', 'xgboost']"
701,4,ParentOf,variant,27,Path Traversal: 'dir/../../filename',7057,23,"['cornac', 'FEDOT', 'feast', 'aim', 'pyss3', 'matplotlib', 'lab', 'DI-engine', 'dtaidistance', 'seaborn', 'determined', 'retro', 'BioPy', 'CompreFace', 'lambdo', 'mindsdb', 'Metaworld', 'ColossalAI', 'pyqtgraph', 'gensim', 'hebel', 'textacy', 'statsmodels', 'xlearn', 'deepchecks', 'mars', 'NeuroNER', 'PySyft', 'scikit-survival', 'haystack', 'emcee', 'transformers', 'streamlit', 'lightwood', 'prodmodel', 'joliGEN', 'ViZDoom', 'pybrain', 'langflow', 'mlxtend', 'Spearmint', 'bigartm', 'skorch', 'vigra', 'blaze', 'catalyst', 'sktime', 'ggpy', 'python-recsys', 'scikit-learn', 'river', 'tesseract', 'pytorch-lightning', 'shogun', 'spaCy', 'yalign', 'ray', 'pynlpl', 'DIGITS', 'LightGBM', 'pytorch', 'PyTorchCV', 'dash', 'polyglot', 'pymc', 'bentoml', 'pkuseg-python', 'scikit-image', 'Gymnasium', 'numpy', 'jProcessing', 'cltk', 'garage', 'zipline', 'alibi-detect', 'xcessiv', 'neural-style-pt', 'nut', 'langfuse', 'optuna', 'deeplake', 'cortex', 'tensorflow', 'pytorch-frame', 'python-timbl', 'danswerai', 'DeepPavlov', 'rasa', 'igel', 'loso', 'SynapseML', 'machine-learning', 'autogluon', 'mlens', 'scikit-learn-intelex', 'catboost', 'somoclu', 'colibri-core', 'keras-tuner', 'neuropredict', 'dowel', 'DrQA', 'deeppy', 'neuraltalk2', 'altair', 'pgmpy', 'evidently', 'detectron2', 'lightly', 'jieba', 'cleanlab', 'Petrel', 'deepface', 'caffe', 'zpar', 'typer', 'nilearn', 'mlflow', 'open-webui', 'jax', 'stellargraph', 'maze', 'pebl', 'mlx', 'open-metric-learning', 'pytorch_geometric', 'neuraltalk', 'retinaface', 'mljar-supervised', 'superset', 'bokeh', 'pytorch-image-models', 'rosetta', 'recommenders', 'tpot', 'Parris', 'pytensor', 'chainer', 'skll', 'pandas', 'bolt', 'scikit-opt', 'vispy', 'gradio', 'CoreNLP', 'xgboost']"
702,5,ParentOf,variant,28,Path Traversal: '..\filedir',7057,23,"['cornac', 'FEDOT', 'feast', 'aim', 'pyss3', 'matplotlib', 'lab', 'DI-engine', 'dtaidistance', 'seaborn', 'determined', 'retro', 'BioPy', 'CompreFace', 'lambdo', 'mindsdb', 'Metaworld', 'ColossalAI', 'pyqtgraph', 'gensim', 'hebel', 'textacy', 'statsmodels', 'xlearn', 'deepchecks', 'mars', 'NeuroNER', 'PySyft', 'scikit-survival', 'haystack', 'emcee', 'transformers', 'streamlit', 'lightwood', 'prodmodel', 'joliGEN', 'ViZDoom', 'pybrain', 'langflow', 'mlxtend', 'Spearmint', 'bigartm', 'skorch', 'vigra', 'blaze', 'catalyst', 'sktime', 'ggpy', 'python-recsys', 'scikit-learn', 'river', 'tesseract', 'pytorch-lightning', 'shogun', 'spaCy', 'yalign', 'ray', 'pynlpl', 'DIGITS', 'LightGBM', 'pytorch', 'PyTorchCV', 'dash', 'polyglot', 'pymc', 'bentoml', 'pkuseg-python', 'scikit-image', 'Gymnasium', 'numpy', 'jProcessing', 'cltk', 'garage', 'zipline', 'alibi-detect', 'xcessiv', 'neural-style-pt', 'nut', 'langfuse', 'optuna', 'deeplake', 'cortex', 'tensorflow', 'pytorch-frame', 'python-timbl', 'danswerai', 'DeepPavlov', 'rasa', 'igel', 'loso', 'SynapseML', 'machine-learning', 'autogluon', 'mlens', 'scikit-learn-intelex', 'catboost', 'somoclu', 'colibri-core', 'keras-tuner', 'neuropredict', 'dowel', 'DrQA', 'deeppy', 'neuraltalk2', 'altair', 'pgmpy', 'evidently', 'detectron2', 'lightly', 'jieba', 'cleanlab', 'Petrel', 'deepface', 'caffe', 'zpar', 'typer', 'nilearn', 'mlflow', 'open-webui', 'jax', 'stellargraph', 'maze', 'pebl', 'mlx', 'open-metric-learning', 'pytorch_geometric', 'neuraltalk', 'retinaface', 'mljar-supervised', 'superset', 'bokeh', 'pytorch-image-models', 'rosetta', 'recommenders', 'tpot', 'Parris', 'pytensor', 'chainer', 'skll', 'pandas', 'bolt', 'scikit-opt', 'vispy', 'gradio', 'CoreNLP', 'xgboost']"
703,6,ParentOf,variant,29,Path Traversal: '\..\filename',7057,23,"['cornac', 'FEDOT', 'feast', 'aim', 'pyss3', 'matplotlib', 'lab', 'DI-engine', 'dtaidistance', 'seaborn', 'determined', 'retro', 'BioPy', 'CompreFace', 'lambdo', 'mindsdb', 'Metaworld', 'ColossalAI', 'pyqtgraph', 'gensim', 'hebel', 'textacy', 'statsmodels', 'xlearn', 'deepchecks', 'mars', 'NeuroNER', 'PySyft', 'scikit-survival', 'haystack', 'emcee', 'transformers', 'streamlit', 'lightwood', 'prodmodel', 'joliGEN', 'ViZDoom', 'pybrain', 'langflow', 'mlxtend', 'Spearmint', 'bigartm', 'skorch', 'vigra', 'blaze', 'catalyst', 'sktime', 'ggpy', 'python-recsys', 'scikit-learn', 'river', 'tesseract', 'pytorch-lightning', 'shogun', 'spaCy', 'yalign', 'ray', 'pynlpl', 'DIGITS', 'LightGBM', 'pytorch', 'PyTorchCV', 'dash', 'polyglot', 'pymc', 'bentoml', 'pkuseg-python', 'scikit-image', 'Gymnasium', 'numpy', 'jProcessing', 'cltk', 'garage', 'zipline', 'alibi-detect', 'xcessiv', 'neural-style-pt', 'nut', 'langfuse', 'optuna', 'deeplake', 'cortex', 'tensorflow', 'pytorch-frame', 'python-timbl', 'danswerai', 'DeepPavlov', 'rasa', 'igel', 'loso', 'SynapseML', 'machine-learning', 'autogluon', 'mlens', 'scikit-learn-intelex', 'catboost', 'somoclu', 'colibri-core', 'keras-tuner', 'neuropredict', 'dowel', 'DrQA', 'deeppy', 'neuraltalk2', 'altair', 'pgmpy', 'evidently', 'detectron2', 'lightly', 'jieba', 'cleanlab', 'Petrel', 'deepface', 'caffe', 'zpar', 'typer', 'nilearn', 'mlflow', 'open-webui', 'jax', 'stellargraph', 'maze', 'pebl', 'mlx', 'open-metric-learning', 'pytorch_geometric', 'neuraltalk', 'retinaface', 'mljar-supervised', 'superset', 'bokeh', 'pytorch-image-models', 'rosetta', 'recommenders', 'tpot', 'Parris', 'pytensor', 'chainer', 'skll', 'pandas', 'bolt', 'scikit-opt', 'vispy', 'gradio', 'CoreNLP', 'xgboost']"
704,7,ParentOf,variant,30,Path Traversal: '\dir\..\filename',7057,23,"['cornac', 'FEDOT', 'feast', 'aim', 'pyss3', 'matplotlib', 'lab', 'DI-engine', 'dtaidistance', 'seaborn', 'determined', 'retro', 'BioPy', 'CompreFace', 'lambdo', 'mindsdb', 'Metaworld', 'ColossalAI', 'pyqtgraph', 'gensim', 'hebel', 'textacy', 'statsmodels', 'xlearn', 'deepchecks', 'mars', 'NeuroNER', 'PySyft', 'scikit-survival', 'haystack', 'emcee', 'transformers', 'streamlit', 'lightwood', 'prodmodel', 'joliGEN', 'ViZDoom', 'pybrain', 'langflow', 'mlxtend', 'Spearmint', 'bigartm', 'skorch', 'vigra', 'blaze', 'catalyst', 'sktime', 'ggpy', 'python-recsys', 'scikit-learn', 'river', 'tesseract', 'pytorch-lightning', 'shogun', 'spaCy', 'yalign', 'ray', 'pynlpl', 'DIGITS', 'LightGBM', 'pytorch', 'PyTorchCV', 'dash', 'polyglot', 'pymc', 'bentoml', 'pkuseg-python', 'scikit-image', 'Gymnasium', 'numpy', 'jProcessing', 'cltk', 'garage', 'zipline', 'alibi-detect', 'xcessiv', 'neural-style-pt', 'nut', 'langfuse', 'optuna', 'deeplake', 'cortex', 'tensorflow', 'pytorch-frame', 'python-timbl', 'danswerai', 'DeepPavlov', 'rasa', 'igel', 'loso', 'SynapseML', 'machine-learning', 'autogluon', 'mlens', 'scikit-learn-intelex', 'catboost', 'somoclu', 'colibri-core', 'keras-tuner', 'neuropredict', 'dowel', 'DrQA', 'deeppy', 'neuraltalk2', 'altair', 'pgmpy', 'evidently', 'detectron2', 'lightly', 'jieba', 'cleanlab', 'Petrel', 'deepface', 'caffe', 'zpar', 'typer', 'nilearn', 'mlflow', 'open-webui', 'jax', 'stellargraph', 'maze', 'pebl', 'mlx', 'open-metric-learning', 'pytorch_geometric', 'neuraltalk', 'retinaface', 'mljar-supervised', 'superset', 'bokeh', 'pytorch-image-models', 'rosetta', 'recommenders', 'tpot', 'Parris', 'pytensor', 'chainer', 'skll', 'pandas', 'bolt', 'scikit-opt', 'vispy', 'gradio', 'CoreNLP', 'xgboost']"
705,8,ParentOf,variant,31,Path Traversal: 'dir\..\..\filename',7057,23,"['cornac', 'FEDOT', 'feast', 'aim', 'pyss3', 'matplotlib', 'lab', 'DI-engine', 'dtaidistance', 'seaborn', 'determined', 'retro', 'BioPy', 'CompreFace', 'lambdo', 'mindsdb', 'Metaworld', 'ColossalAI', 'pyqtgraph', 'gensim', 'hebel', 'textacy', 'statsmodels', 'xlearn', 'deepchecks', 'mars', 'NeuroNER', 'PySyft', 'scikit-survival', 'haystack', 'emcee', 'transformers', 'streamlit', 'lightwood', 'prodmodel', 'joliGEN', 'ViZDoom', 'pybrain', 'langflow', 'mlxtend', 'Spearmint', 'bigartm', 'skorch', 'vigra', 'blaze', 'catalyst', 'sktime', 'ggpy', 'python-recsys', 'scikit-learn', 'river', 'tesseract', 'pytorch-lightning', 'shogun', 'spaCy', 'yalign', 'ray', 'pynlpl', 'DIGITS', 'LightGBM', 'pytorch', 'PyTorchCV', 'dash', 'polyglot', 'pymc', 'bentoml', 'pkuseg-python', 'scikit-image', 'Gymnasium', 'numpy', 'jProcessing', 'cltk', 'garage', 'zipline', 'alibi-detect', 'xcessiv', 'neural-style-pt', 'nut', 'langfuse', 'optuna', 'deeplake', 'cortex', 'tensorflow', 'pytorch-frame', 'python-timbl', 'danswerai', 'DeepPavlov', 'rasa', 'igel', 'loso', 'SynapseML', 'machine-learning', 'autogluon', 'mlens', 'scikit-learn-intelex', 'catboost', 'somoclu', 'colibri-core', 'keras-tuner', 'neuropredict', 'dowel', 'DrQA', 'deeppy', 'neuraltalk2', 'altair', 'pgmpy', 'evidently', 'detectron2', 'lightly', 'jieba', 'cleanlab', 'Petrel', 'deepface', 'caffe', 'zpar', 'typer', 'nilearn', 'mlflow', 'open-webui', 'jax', 'stellargraph', 'maze', 'pebl', 'mlx', 'open-metric-learning', 'pytorch_geometric', 'neuraltalk', 'retinaface', 'mljar-supervised', 'superset', 'bokeh', 'pytorch-image-models', 'rosetta', 'recommenders', 'tpot', 'Parris', 'pytensor', 'chainer', 'skll', 'pandas', 'bolt', 'scikit-opt', 'vispy', 'gradio', 'CoreNLP', 'xgboost']"
706,9,ParentOf,variant,32,Path Traversal: '...' (Triple Dot),7057,23,"['cornac', 'FEDOT', 'feast', 'aim', 'pyss3', 'matplotlib', 'lab', 'DI-engine', 'dtaidistance', 'seaborn', 'determined', 'retro', 'BioPy', 'CompreFace', 'lambdo', 'mindsdb', 'Metaworld', 'ColossalAI', 'pyqtgraph', 'gensim', 'hebel', 'textacy', 'statsmodels', 'xlearn', 'deepchecks', 'mars', 'NeuroNER', 'PySyft', 'scikit-survival', 'haystack', 'emcee', 'transformers', 'streamlit', 'lightwood', 'prodmodel', 'joliGEN', 'ViZDoom', 'pybrain', 'langflow', 'mlxtend', 'Spearmint', 'bigartm', 'skorch', 'vigra', 'blaze', 'catalyst', 'sktime', 'ggpy', 'python-recsys', 'scikit-learn', 'river', 'tesseract', 'pytorch-lightning', 'shogun', 'spaCy', 'yalign', 'ray', 'pynlpl', 'DIGITS', 'LightGBM', 'pytorch', 'PyTorchCV', 'dash', 'polyglot', 'pymc', 'bentoml', 'pkuseg-python', 'scikit-image', 'Gymnasium', 'numpy', 'jProcessing', 'cltk', 'garage', 'zipline', 'alibi-detect', 'xcessiv', 'neural-style-pt', 'nut', 'langfuse', 'optuna', 'deeplake', 'cortex', 'tensorflow', 'pytorch-frame', 'python-timbl', 'danswerai', 'DeepPavlov', 'rasa', 'igel', 'loso', 'SynapseML', 'machine-learning', 'autogluon', 'mlens', 'scikit-learn-intelex', 'catboost', 'somoclu', 'colibri-core', 'keras-tuner', 'neuropredict', 'dowel', 'DrQA', 'deeppy', 'neuraltalk2', 'altair', 'pgmpy', 'evidently', 'detectron2', 'lightly', 'jieba', 'cleanlab', 'Petrel', 'deepface', 'caffe', 'zpar', 'typer', 'nilearn', 'mlflow', 'open-webui', 'jax', 'stellargraph', 'maze', 'pebl', 'mlx', 'open-metric-learning', 'pytorch_geometric', 'neuraltalk', 'retinaface', 'mljar-supervised', 'superset', 'bokeh', 'pytorch-image-models', 'rosetta', 'recommenders', 'tpot', 'Parris', 'pytensor', 'chainer', 'skll', 'pandas', 'bolt', 'scikit-opt', 'vispy', 'gradio', 'CoreNLP', 'xgboost']"
707,10,ParentOf,variant,33,Path Traversal: '....' (Multiple Dot),7057,23,"['cornac', 'FEDOT', 'feast', 'aim', 'pyss3', 'matplotlib', 'lab', 'DI-engine', 'dtaidistance', 'seaborn', 'determined', 'retro', 'BioPy', 'CompreFace', 'lambdo', 'mindsdb', 'Metaworld', 'ColossalAI', 'pyqtgraph', 'gensim', 'hebel', 'textacy', 'statsmodels', 'xlearn', 'deepchecks', 'mars', 'NeuroNER', 'PySyft', 'scikit-survival', 'haystack', 'emcee', 'transformers', 'streamlit', 'lightwood', 'prodmodel', 'joliGEN', 'ViZDoom', 'pybrain', 'langflow', 'mlxtend', 'Spearmint', 'bigartm', 'skorch', 'vigra', 'blaze', 'catalyst', 'sktime', 'ggpy', 'python-recsys', 'scikit-learn', 'river', 'tesseract', 'pytorch-lightning', 'shogun', 'spaCy', 'yalign', 'ray', 'pynlpl', 'DIGITS', 'LightGBM', 'pytorch', 'PyTorchCV', 'dash', 'polyglot', 'pymc', 'bentoml', 'pkuseg-python', 'scikit-image', 'Gymnasium', 'numpy', 'jProcessing', 'cltk', 'garage', 'zipline', 'alibi-detect', 'xcessiv', 'neural-style-pt', 'nut', 'langfuse', 'optuna', 'deeplake', 'cortex', 'tensorflow', 'pytorch-frame', 'python-timbl', 'danswerai', 'DeepPavlov', 'rasa', 'igel', 'loso', 'SynapseML', 'machine-learning', 'autogluon', 'mlens', 'scikit-learn-intelex', 'catboost', 'somoclu', 'colibri-core', 'keras-tuner', 'neuropredict', 'dowel', 'DrQA', 'deeppy', 'neuraltalk2', 'altair', 'pgmpy', 'evidently', 'detectron2', 'lightly', 'jieba', 'cleanlab', 'Petrel', 'deepface', 'caffe', 'zpar', 'typer', 'nilearn', 'mlflow', 'open-webui', 'jax', 'stellargraph', 'maze', 'pebl', 'mlx', 'open-metric-learning', 'pytorch_geometric', 'neuraltalk', 'retinaface', 'mljar-supervised', 'superset', 'bokeh', 'pytorch-image-models', 'rosetta', 'recommenders', 'tpot', 'Parris', 'pytensor', 'chainer', 'skll', 'pandas', 'bolt', 'scikit-opt', 'vispy', 'gradio', 'CoreNLP', 'xgboost']"
708,11,ParentOf,variant,34,Path Traversal: '....//',7057,23,"['cornac', 'FEDOT', 'feast', 'aim', 'pyss3', 'matplotlib', 'lab', 'DI-engine', 'dtaidistance', 'seaborn', 'determined', 'retro', 'BioPy', 'CompreFace', 'lambdo', 'mindsdb', 'Metaworld', 'ColossalAI', 'pyqtgraph', 'gensim', 'hebel', 'textacy', 'statsmodels', 'xlearn', 'deepchecks', 'mars', 'NeuroNER', 'PySyft', 'scikit-survival', 'haystack', 'emcee', 'transformers', 'streamlit', 'lightwood', 'prodmodel', 'joliGEN', 'ViZDoom', 'pybrain', 'langflow', 'mlxtend', 'Spearmint', 'bigartm', 'skorch', 'vigra', 'blaze', 'catalyst', 'sktime', 'ggpy', 'python-recsys', 'scikit-learn', 'river', 'tesseract', 'pytorch-lightning', 'shogun', 'spaCy', 'yalign', 'ray', 'pynlpl', 'DIGITS', 'LightGBM', 'pytorch', 'PyTorchCV', 'dash', 'polyglot', 'pymc', 'bentoml', 'pkuseg-python', 'scikit-image', 'Gymnasium', 'numpy', 'jProcessing', 'cltk', 'garage', 'zipline', 'alibi-detect', 'xcessiv', 'neural-style-pt', 'nut', 'langfuse', 'optuna', 'deeplake', 'cortex', 'tensorflow', 'pytorch-frame', 'python-timbl', 'danswerai', 'DeepPavlov', 'rasa', 'igel', 'loso', 'SynapseML', 'machine-learning', 'autogluon', 'mlens', 'scikit-learn-intelex', 'catboost', 'somoclu', 'colibri-core', 'keras-tuner', 'neuropredict', 'dowel', 'DrQA', 'deeppy', 'neuraltalk2', 'altair', 'pgmpy', 'evidently', 'detectron2', 'lightly', 'jieba', 'cleanlab', 'Petrel', 'deepface', 'caffe', 'zpar', 'typer', 'nilearn', 'mlflow', 'open-webui', 'jax', 'stellargraph', 'maze', 'pebl', 'mlx', 'open-metric-learning', 'pytorch_geometric', 'neuraltalk', 'retinaface', 'mljar-supervised', 'superset', 'bokeh', 'pytorch-image-models', 'rosetta', 'recommenders', 'tpot', 'Parris', 'pytensor', 'chainer', 'skll', 'pandas', 'bolt', 'scikit-opt', 'vispy', 'gradio', 'CoreNLP', 'xgboost']"
709,12,ParentOf,variant,35,Path Traversal: '.../...//',7057,23,"['cornac', 'FEDOT', 'feast', 'aim', 'pyss3', 'matplotlib', 'lab', 'DI-engine', 'dtaidistance', 'seaborn', 'determined', 'retro', 'BioPy', 'CompreFace', 'lambdo', 'mindsdb', 'Metaworld', 'ColossalAI', 'pyqtgraph', 'gensim', 'hebel', 'textacy', 'statsmodels', 'xlearn', 'deepchecks', 'mars', 'NeuroNER', 'PySyft', 'scikit-survival', 'haystack', 'emcee', 'transformers', 'streamlit', 'lightwood', 'prodmodel', 'joliGEN', 'ViZDoom', 'pybrain', 'langflow', 'mlxtend', 'Spearmint', 'bigartm', 'skorch', 'vigra', 'blaze', 'catalyst', 'sktime', 'ggpy', 'python-recsys', 'scikit-learn', 'river', 'tesseract', 'pytorch-lightning', 'shogun', 'spaCy', 'yalign', 'ray', 'pynlpl', 'DIGITS', 'LightGBM', 'pytorch', 'PyTorchCV', 'dash', 'polyglot', 'pymc', 'bentoml', 'pkuseg-python', 'scikit-image', 'Gymnasium', 'numpy', 'jProcessing', 'cltk', 'garage', 'zipline', 'alibi-detect', 'xcessiv', 'neural-style-pt', 'nut', 'langfuse', 'optuna', 'deeplake', 'cortex', 'tensorflow', 'pytorch-frame', 'python-timbl', 'danswerai', 'DeepPavlov', 'rasa', 'igel', 'loso', 'SynapseML', 'machine-learning', 'autogluon', 'mlens', 'scikit-learn-intelex', 'catboost', 'somoclu', 'colibri-core', 'keras-tuner', 'neuropredict', 'dowel', 'DrQA', 'deeppy', 'neuraltalk2', 'altair', 'pgmpy', 'evidently', 'detectron2', 'lightly', 'jieba', 'cleanlab', 'Petrel', 'deepface', 'caffe', 'zpar', 'typer', 'nilearn', 'mlflow', 'open-webui', 'jax', 'stellargraph', 'maze', 'pebl', 'mlx', 'open-metric-learning', 'pytorch_geometric', 'neuraltalk', 'retinaface', 'mljar-supervised', 'superset', 'bokeh', 'pytorch-image-models', 'rosetta', 'recommenders', 'tpot', 'Parris', 'pytensor', 'chainer', 'skll', 'pandas', 'bolt', 'scikit-opt', 'vispy', 'gradio', 'CoreNLP', 'xgboost']"
710,13,ChildOf,base,22,Improper Limitation of a Pathname to a Restricted Directory ('Path Traversal'),7057,23,"['cornac', 'FEDOT', 'feast', 'aim', 'pyss3', 'matplotlib', 'lab', 'DI-engine', 'dtaidistance', 'seaborn', 'determined', 'retro', 'BioPy', 'CompreFace', 'lambdo', 'mindsdb', 'Metaworld', 'ColossalAI', 'pyqtgraph', 'gensim', 'hebel', 'textacy', 'statsmodels', 'xlearn', 'deepchecks', 'mars', 'NeuroNER', 'PySyft', 'scikit-survival', 'haystack', 'emcee', 'transformers', 'streamlit', 'lightwood', 'prodmodel', 'joliGEN', 'ViZDoom', 'pybrain', 'langflow', 'mlxtend', 'Spearmint', 'bigartm', 'skorch', 'vigra', 'blaze', 'catalyst', 'sktime', 'ggpy', 'python-recsys', 'scikit-learn', 'river', 'tesseract', 'pytorch-lightning', 'shogun', 'spaCy', 'yalign', 'ray', 'pynlpl', 'DIGITS', 'LightGBM', 'pytorch', 'PyTorchCV', 'dash', 'polyglot', 'pymc', 'bentoml', 'pkuseg-python', 'scikit-image', 'Gymnasium', 'numpy', 'jProcessing', 'cltk', 'garage', 'zipline', 'alibi-detect', 'xcessiv', 'neural-style-pt', 'nut', 'langfuse', 'optuna', 'deeplake', 'cortex', 'tensorflow', 'pytorch-frame', 'python-timbl', 'danswerai', 'DeepPavlov', 'rasa', 'igel', 'loso', 'SynapseML', 'machine-learning', 'autogluon', 'mlens', 'scikit-learn-intelex', 'catboost', 'somoclu', 'colibri-core', 'keras-tuner', 'neuropredict', 'dowel', 'DrQA', 'deeppy', 'neuraltalk2', 'altair', 'pgmpy', 'evidently', 'detectron2', 'lightly', 'jieba', 'cleanlab', 'Petrel', 'deepface', 'caffe', 'zpar', 'typer', 'nilearn', 'mlflow', 'open-webui', 'jax', 'stellargraph', 'maze', 'pebl', 'mlx', 'open-metric-learning', 'pytorch_geometric', 'neuraltalk', 'retinaface', 'mljar-supervised', 'superset', 'bokeh', 'pytorch-image-models', 'rosetta', 'recommenders', 'tpot', 'Parris', 'pytensor', 'chainer', 'skll', 'pandas', 'bolt', 'scikit-opt', 'vispy', 'gradio', 'CoreNLP', 'xgboost']"
711,14,ChildOf,base,22,Improper Limitation of a Pathname to a Restricted Directory ('Path Traversal'),7057,23,"['cornac', 'FEDOT', 'feast', 'aim', 'pyss3', 'matplotlib', 'lab', 'DI-engine', 'dtaidistance', 'seaborn', 'determined', 'retro', 'BioPy', 'CompreFace', 'lambdo', 'mindsdb', 'Metaworld', 'ColossalAI', 'pyqtgraph', 'gensim', 'hebel', 'textacy', 'statsmodels', 'xlearn', 'deepchecks', 'mars', 'NeuroNER', 'PySyft', 'scikit-survival', 'haystack', 'emcee', 'transformers', 'streamlit', 'lightwood', 'prodmodel', 'joliGEN', 'ViZDoom', 'pybrain', 'langflow', 'mlxtend', 'Spearmint', 'bigartm', 'skorch', 'vigra', 'blaze', 'catalyst', 'sktime', 'ggpy', 'python-recsys', 'scikit-learn', 'river', 'tesseract', 'pytorch-lightning', 'shogun', 'spaCy', 'yalign', 'ray', 'pynlpl', 'DIGITS', 'LightGBM', 'pytorch', 'PyTorchCV', 'dash', 'polyglot', 'pymc', 'bentoml', 'pkuseg-python', 'scikit-image', 'Gymnasium', 'numpy', 'jProcessing', 'cltk', 'garage', 'zipline', 'alibi-detect', 'xcessiv', 'neural-style-pt', 'nut', 'langfuse', 'optuna', 'deeplake', 'cortex', 'tensorflow', 'pytorch-frame', 'python-timbl', 'danswerai', 'DeepPavlov', 'rasa', 'igel', 'loso', 'SynapseML', 'machine-learning', 'autogluon', 'mlens', 'scikit-learn-intelex', 'catboost', 'somoclu', 'colibri-core', 'keras-tuner', 'neuropredict', 'dowel', 'DrQA', 'deeppy', 'neuraltalk2', 'altair', 'pgmpy', 'evidently', 'detectron2', 'lightly', 'jieba', 'cleanlab', 'Petrel', 'deepface', 'caffe', 'zpar', 'typer', 'nilearn', 'mlflow', 'open-webui', 'jax', 'stellargraph', 'maze', 'pebl', 'mlx', 'open-metric-learning', 'pytorch_geometric', 'neuraltalk', 'retinaface', 'mljar-supervised', 'superset', 'bokeh', 'pytorch-image-models', 'rosetta', 'recommenders', 'tpot', 'Parris', 'pytensor', 'chainer', 'skll', 'pandas', 'bolt', 'scikit-opt', 'vispy', 'gradio', 'CoreNLP', 'xgboost']"
712,15,MemberOf,view,884,CWE Cross-section,7057,23,"['cornac', 'FEDOT', 'feast', 'aim', 'pyss3', 'matplotlib', 'lab', 'DI-engine', 'dtaidistance', 'seaborn', 'determined', 'retro', 'BioPy', 'CompreFace', 'lambdo', 'mindsdb', 'Metaworld', 'ColossalAI', 'pyqtgraph', 'gensim', 'hebel', 'textacy', 'statsmodels', 'xlearn', 'deepchecks', 'mars', 'NeuroNER', 'PySyft', 'scikit-survival', 'haystack', 'emcee', 'transformers', 'streamlit', 'lightwood', 'prodmodel', 'joliGEN', 'ViZDoom', 'pybrain', 'langflow', 'mlxtend', 'Spearmint', 'bigartm', 'skorch', 'vigra', 'blaze', 'catalyst', 'sktime', 'ggpy', 'python-recsys', 'scikit-learn', 'river', 'tesseract', 'pytorch-lightning', 'shogun', 'spaCy', 'yalign', 'ray', 'pynlpl', 'DIGITS', 'LightGBM', 'pytorch', 'PyTorchCV', 'dash', 'polyglot', 'pymc', 'bentoml', 'pkuseg-python', 'scikit-image', 'Gymnasium', 'numpy', 'jProcessing', 'cltk', 'garage', 'zipline', 'alibi-detect', 'xcessiv', 'neural-style-pt', 'nut', 'langfuse', 'optuna', 'deeplake', 'cortex', 'tensorflow', 'pytorch-frame', 'python-timbl', 'danswerai', 'DeepPavlov', 'rasa', 'igel', 'loso', 'SynapseML', 'machine-learning', 'autogluon', 'mlens', 'scikit-learn-intelex', 'catboost', 'somoclu', 'colibri-core', 'keras-tuner', 'neuropredict', 'dowel', 'DrQA', 'deeppy', 'neuraltalk2', 'altair', 'pgmpy', 'evidently', 'detectron2', 'lightly', 'jieba', 'cleanlab', 'Petrel', 'deepface', 'caffe', 'zpar', 'typer', 'nilearn', 'mlflow', 'open-webui', 'jax', 'stellargraph', 'maze', 'pebl', 'mlx', 'open-metric-learning', 'pytorch_geometric', 'neuraltalk', 'retinaface', 'mljar-supervised', 'superset', 'bokeh', 'pytorch-image-models', 'rosetta', 'recommenders', 'tpot', 'Parris', 'pytensor', 'chainer', 'skll', 'pandas', 'bolt', 'scikit-opt', 'vispy', 'gradio', 'CoreNLP', 'xgboost']"
713,16,MemberOf,category,981,SFP Secondary Cluster: Path Traversal,7057,23,"['cornac', 'FEDOT', 'feast', 'aim', 'pyss3', 'matplotlib', 'lab', 'DI-engine', 'dtaidistance', 'seaborn', 'determined', 'retro', 'BioPy', 'CompreFace', 'lambdo', 'mindsdb', 'Metaworld', 'ColossalAI', 'pyqtgraph', 'gensim', 'hebel', 'textacy', 'statsmodels', 'xlearn', 'deepchecks', 'mars', 'NeuroNER', 'PySyft', 'scikit-survival', 'haystack', 'emcee', 'transformers', 'streamlit', 'lightwood', 'prodmodel', 'joliGEN', 'ViZDoom', 'pybrain', 'langflow', 'mlxtend', 'Spearmint', 'bigartm', 'skorch', 'vigra', 'blaze', 'catalyst', 'sktime', 'ggpy', 'python-recsys', 'scikit-learn', 'river', 'tesseract', 'pytorch-lightning', 'shogun', 'spaCy', 'yalign', 'ray', 'pynlpl', 'DIGITS', 'LightGBM', 'pytorch', 'PyTorchCV', 'dash', 'polyglot', 'pymc', 'bentoml', 'pkuseg-python', 'scikit-image', 'Gymnasium', 'numpy', 'jProcessing', 'cltk', 'garage', 'zipline', 'alibi-detect', 'xcessiv', 'neural-style-pt', 'nut', 'langfuse', 'optuna', 'deeplake', 'cortex', 'tensorflow', 'pytorch-frame', 'python-timbl', 'danswerai', 'DeepPavlov', 'rasa', 'igel', 'loso', 'SynapseML', 'machine-learning', 'autogluon', 'mlens', 'scikit-learn-intelex', 'catboost', 'somoclu', 'colibri-core', 'keras-tuner', 'neuropredict', 'dowel', 'DrQA', 'deeppy', 'neuraltalk2', 'altair', 'pgmpy', 'evidently', 'detectron2', 'lightly', 'jieba', 'cleanlab', 'Petrel', 'deepface', 'caffe', 'zpar', 'typer', 'nilearn', 'mlflow', 'open-webui', 'jax', 'stellargraph', 'maze', 'pebl', 'mlx', 'open-metric-learning', 'pytorch_geometric', 'neuraltalk', 'retinaface', 'mljar-supervised', 'superset', 'bokeh', 'pytorch-image-models', 'rosetta', 'recommenders', 'tpot', 'Parris', 'pytensor', 'chainer', 'skll', 'pandas', 'bolt', 'scikit-opt', 'vispy', 'gradio', 'CoreNLP', 'xgboost']"
714,17,MemberOf,category,1345,OWASP Top Ten 2021 Category A01:2021 - Broken Access Control,7057,23,"['cornac', 'FEDOT', 'feast', 'aim', 'pyss3', 'matplotlib', 'lab', 'DI-engine', 'dtaidistance', 'seaborn', 'determined', 'retro', 'BioPy', 'CompreFace', 'lambdo', 'mindsdb', 'Metaworld', 'ColossalAI', 'pyqtgraph', 'gensim', 'hebel', 'textacy', 'statsmodels', 'xlearn', 'deepchecks', 'mars', 'NeuroNER', 'PySyft', 'scikit-survival', 'haystack', 'emcee', 'transformers', 'streamlit', 'lightwood', 'prodmodel', 'joliGEN', 'ViZDoom', 'pybrain', 'langflow', 'mlxtend', 'Spearmint', 'bigartm', 'skorch', 'vigra', 'blaze', 'catalyst', 'sktime', 'ggpy', 'python-recsys', 'scikit-learn', 'river', 'tesseract', 'pytorch-lightning', 'shogun', 'spaCy', 'yalign', 'ray', 'pynlpl', 'DIGITS', 'LightGBM', 'pytorch', 'PyTorchCV', 'dash', 'polyglot', 'pymc', 'bentoml', 'pkuseg-python', 'scikit-image', 'Gymnasium', 'numpy', 'jProcessing', 'cltk', 'garage', 'zipline', 'alibi-detect', 'xcessiv', 'neural-style-pt', 'nut', 'langfuse', 'optuna', 'deeplake', 'cortex', 'tensorflow', 'pytorch-frame', 'python-timbl', 'danswerai', 'DeepPavlov', 'rasa', 'igel', 'loso', 'SynapseML', 'machine-learning', 'autogluon', 'mlens', 'scikit-learn-intelex', 'catboost', 'somoclu', 'colibri-core', 'keras-tuner', 'neuropredict', 'dowel', 'DrQA', 'deeppy', 'neuraltalk2', 'altair', 'pgmpy', 'evidently', 'detectron2', 'lightly', 'jieba', 'cleanlab', 'Petrel', 'deepface', 'caffe', 'zpar', 'typer', 'nilearn', 'mlflow', 'open-webui', 'jax', 'stellargraph', 'maze', 'pebl', 'mlx', 'open-metric-learning', 'pytorch_geometric', 'neuraltalk', 'retinaface', 'mljar-supervised', 'superset', 'bokeh', 'pytorch-image-models', 'rosetta', 'recommenders', 'tpot', 'Parris', 'pytensor', 'chainer', 'skll', 'pandas', 'bolt', 'scikit-opt', 'vispy', 'gradio', 'CoreNLP', 'xgboost']"
715,18,MemberOf,category,1404,Comprehensive Categorization: File Handling,7057,23,"['cornac', 'FEDOT', 'feast', 'aim', 'pyss3', 'matplotlib', 'lab', 'DI-engine', 'dtaidistance', 'seaborn', 'determined', 'retro', 'BioPy', 'CompreFace', 'lambdo', 'mindsdb', 'Metaworld', 'ColossalAI', 'pyqtgraph', 'gensim', 'hebel', 'textacy', 'statsmodels', 'xlearn', 'deepchecks', 'mars', 'NeuroNER', 'PySyft', 'scikit-survival', 'haystack', 'emcee', 'transformers', 'streamlit', 'lightwood', 'prodmodel', 'joliGEN', 'ViZDoom', 'pybrain', 'langflow', 'mlxtend', 'Spearmint', 'bigartm', 'skorch', 'vigra', 'blaze', 'catalyst', 'sktime', 'ggpy', 'python-recsys', 'scikit-learn', 'river', 'tesseract', 'pytorch-lightning', 'shogun', 'spaCy', 'yalign', 'ray', 'pynlpl', 'DIGITS', 'LightGBM', 'pytorch', 'PyTorchCV', 'dash', 'polyglot', 'pymc', 'bentoml', 'pkuseg-python', 'scikit-image', 'Gymnasium', 'numpy', 'jProcessing', 'cltk', 'garage', 'zipline', 'alibi-detect', 'xcessiv', 'neural-style-pt', 'nut', 'langfuse', 'optuna', 'deeplake', 'cortex', 'tensorflow', 'pytorch-frame', 'python-timbl', 'danswerai', 'DeepPavlov', 'rasa', 'igel', 'loso', 'SynapseML', 'machine-learning', 'autogluon', 'mlens', 'scikit-learn-intelex', 'catboost', 'somoclu', 'colibri-core', 'keras-tuner', 'neuropredict', 'dowel', 'DrQA', 'deeppy', 'neuraltalk2', 'altair', 'pgmpy', 'evidently', 'detectron2', 'lightly', 'jieba', 'cleanlab', 'Petrel', 'deepface', 'caffe', 'zpar', 'typer', 'nilearn', 'mlflow', 'open-webui', 'jax', 'stellargraph', 'maze', 'pebl', 'mlx', 'open-metric-learning', 'pytorch_geometric', 'neuraltalk', 'retinaface', 'mljar-supervised', 'superset', 'bokeh', 'pytorch-image-models', 'rosetta', 'recommenders', 'tpot', 'Parris', 'pytensor', 'chainer', 'skll', 'pandas', 'bolt', 'scikit-opt', 'vispy', 'gradio', 'CoreNLP', 'xgboost']"
716,19,MemberOf,category,1436,OWASP Top Ten 2025 Category A01:2025 - Broken Access Control,7057,23,"['cornac', 'FEDOT', 'feast', 'aim', 'pyss3', 'matplotlib', 'lab', 'DI-engine', 'dtaidistance', 'seaborn', 'determined', 'retro', 'BioPy', 'CompreFace', 'lambdo', 'mindsdb', 'Metaworld', 'ColossalAI', 'pyqtgraph', 'gensim', 'hebel', 'textacy', 'statsmodels', 'xlearn', 'deepchecks', 'mars', 'NeuroNER', 'PySyft', 'scikit-survival', 'haystack', 'emcee', 'transformers', 'streamlit', 'lightwood', 'prodmodel', 'joliGEN', 'ViZDoom', 'pybrain', 'langflow', 'mlxtend', 'Spearmint', 'bigartm', 'skorch', 'vigra', 'blaze', 'catalyst', 'sktime', 'ggpy', 'python-recsys', 'scikit-learn', 'river', 'tesseract', 'pytorch-lightning', 'shogun', 'spaCy', 'yalign', 'ray', 'pynlpl', 'DIGITS', 'LightGBM', 'pytorch', 'PyTorchCV', 'dash', 'polyglot', 'pymc', 'bentoml', 'pkuseg-python', 'scikit-image', 'Gymnasium', 'numpy', 'jProcessing', 'cltk', 'garage', 'zipline', 'alibi-detect', 'xcessiv', 'neural-style-pt', 'nut', 'langfuse', 'optuna', 'deeplake', 'cortex', 'tensorflow', 'pytorch-frame', 'python-timbl', 'danswerai', 'DeepPavlov', 'rasa', 'igel', 'loso', 'SynapseML', 'machine-learning', 'autogluon', 'mlens', 'scikit-learn-intelex', 'catboost', 'somoclu', 'colibri-core', 'keras-tuner', 'neuropredict', 'dowel', 'DrQA', 'deeppy', 'neuraltalk2', 'altair', 'pgmpy', 'evidently', 'detectron2', 'lightly', 'jieba', 'cleanlab', 'Petrel', 'deepface', 'caffe', 'zpar', 'typer', 'nilearn', 'mlflow', 'open-webui', 'jax', 'stellargraph', 'maze', 'pebl', 'mlx', 'open-metric-learning', 'pytorch_geometric', 'neuraltalk', 'retinaface', 'mljar-supervised', 'superset', 'bokeh', 'pytorch-image-models', 'rosetta', 'recommenders', 'tpot', 'Parris', 'pytensor', 'chainer', 'skll', 'pandas', 'bolt', 'scikit-opt', 'vispy', 'gradio', 'CoreNLP', 'xgboost']"
717,20,Self,base,23,,7057,23,"['cornac', 'FEDOT', 'feast', 'aim', 'pyss3', 'matplotlib', 'lab', 'DI-engine', 'dtaidistance', 'seaborn', 'determined', 'retro', 'BioPy', 'CompreFace', 'lambdo', 'mindsdb', 'Metaworld', 'ColossalAI', 'pyqtgraph', 'gensim', 'hebel', 'textacy', 'statsmodels', 'xlearn', 'deepchecks', 'mars', 'NeuroNER', 'PySyft', 'scikit-survival', 'haystack', 'emcee', 'transformers', 'streamlit', 'lightwood', 'prodmodel', 'joliGEN', 'ViZDoom', 'pybrain', 'langflow', 'mlxtend', 'Spearmint', 'bigartm', 'skorch', 'vigra', 'blaze', 'catalyst', 'sktime', 'ggpy', 'python-recsys', 'scikit-learn', 'river', 'tesseract', 'pytorch-lightning', 'shogun', 'spaCy', 'yalign', 'ray', 'pynlpl', 'DIGITS', 'LightGBM', 'pytorch', 'PyTorchCV', 'dash', 'polyglot', 'pymc', 'bentoml', 'pkuseg-python', 'scikit-image', 'Gymnasium', 'numpy', 'jProcessing', 'cltk', 'garage', 'zipline', 'alibi-detect', 'xcessiv', 'neural-style-pt', 'nut', 'langfuse', 'optuna', 'deeplake', 'cortex', 'tensorflow', 'pytorch-frame', 'python-timbl', 'danswerai', 'DeepPavlov', 'rasa', 'igel', 'loso', 'SynapseML', 'machine-learning', 'autogluon', 'mlens', 'scikit-learn-intelex', 'catboost', 'somoclu', 'colibri-core', 'keras-tuner', 'neuropredict', 'dowel', 'DrQA', 'deeppy', 'neuraltalk2', 'altair', 'pgmpy', 'evidently', 'detectron2', 'lightly', 'jieba', 'cleanlab', 'Petrel', 'deepface', 'caffe', 'zpar', 'typer', 'nilearn', 'mlflow', 'open-webui', 'jax', 'stellargraph', 'maze', 'pebl', 'mlx', 'open-metric-learning', 'pytorch_geometric', 'neuraltalk', 'retinaface', 'mljar-supervised', 'superset', 'bokeh', 'pytorch-image-models', 'rosetta', 'recommenders', 'tpot', 'Parris', 'pytensor', 'chainer', 'skll', 'pandas', 'bolt', 'scikit-opt', 'vispy', 'gradio', 'CoreNLP', 'xgboost']"
718,0,ChildOf,base,22,Improper Limitation of a Pathname to a Restricted Directory ('Path Traversal'),7057,36,"['cornac', 'FEDOT', 'feast', 'aim', 'pyss3', 'matplotlib', 'lab', 'DI-engine', 'dtaidistance', 'seaborn', 'determined', 'retro', 'BioPy', 'CompreFace', 'lambdo', 'mindsdb', 'Metaworld', 'ColossalAI', 'pyqtgraph', 'gensim', 'hebel', 'textacy', 'statsmodels', 'xlearn', 'deepchecks', 'mars', 'NeuroNER', 'PySyft', 'scikit-survival', 'haystack', 'emcee', 'transformers', 'streamlit', 'lightwood', 'prodmodel', 'joliGEN', 'ViZDoom', 'pybrain', 'langflow', 'mlxtend', 'Spearmint', 'bigartm', 'skorch', 'vigra', 'blaze', 'catalyst', 'sktime', 'ggpy', 'python-recsys', 'scikit-learn', 'river', 'tesseract', 'pytorch-lightning', 'shogun', 'spaCy', 'yalign', 'ray', 'pynlpl', 'DIGITS', 'LightGBM', 'pytorch', 'PyTorchCV', 'dash', 'polyglot', 'pymc', 'bentoml', 'pkuseg-python', 'scikit-image', 'Gymnasium', 'numpy', 'jProcessing', 'cltk', 'garage', 'zipline', 'alibi-detect', 'xcessiv', 'neural-style-pt', 'nut', 'langfuse', 'optuna', 'deeplake', 'cortex', 'tensorflow', 'pytorch-frame', 'python-timbl', 'danswerai', 'DeepPavlov', 'rasa', 'igel', 'loso', 'SynapseML', 'machine-learning', 'autogluon', 'mlens', 'scikit-learn-intelex', 'catboost', 'somoclu', 'colibri-core', 'keras-tuner', 'neuropredict', 'dowel', 'DrQA', 'deeppy', 'neuraltalk2', 'altair', 'pgmpy', 'evidently', 'detectron2', 'lightly', 'jieba', 'cleanlab', 'Petrel', 'deepface', 'caffe', 'zpar', 'typer', 'nilearn', 'mlflow', 'open-webui', 'jax', 'stellargraph', 'maze', 'pebl', 'mlx', 'open-metric-learning', 'pytorch_geometric', 'neuraltalk', 'retinaface', 'mljar-supervised', 'superset', 'bokeh', 'pytorch-image-models', 'rosetta', 'recommenders', 'tpot', 'Parris', 'pytensor', 'chainer', 'skll', 'pandas', 'bolt', 'scikit-opt', 'vispy', 'gradio', 'CoreNLP', 'xgboost']"
719,1,ParentOf,variant,37,Path Traversal: '/absolute/pathname/here',7057,36,"['cornac', 'FEDOT', 'feast', 'aim', 'pyss3', 'matplotlib', 'lab', 'DI-engine', 'dtaidistance', 'seaborn', 'determined', 'retro', 'BioPy', 'CompreFace', 'lambdo', 'mindsdb', 'Metaworld', 'ColossalAI', 'pyqtgraph', 'gensim', 'hebel', 'textacy', 'statsmodels', 'xlearn', 'deepchecks', 'mars', 'NeuroNER', 'PySyft', 'scikit-survival', 'haystack', 'emcee', 'transformers', 'streamlit', 'lightwood', 'prodmodel', 'joliGEN', 'ViZDoom', 'pybrain', 'langflow', 'mlxtend', 'Spearmint', 'bigartm', 'skorch', 'vigra', 'blaze', 'catalyst', 'sktime', 'ggpy', 'python-recsys', 'scikit-learn', 'river', 'tesseract', 'pytorch-lightning', 'shogun', 'spaCy', 'yalign', 'ray', 'pynlpl', 'DIGITS', 'LightGBM', 'pytorch', 'PyTorchCV', 'dash', 'polyglot', 'pymc', 'bentoml', 'pkuseg-python', 'scikit-image', 'Gymnasium', 'numpy', 'jProcessing', 'cltk', 'garage', 'zipline', 'alibi-detect', 'xcessiv', 'neural-style-pt', 'nut', 'langfuse', 'optuna', 'deeplake', 'cortex', 'tensorflow', 'pytorch-frame', 'python-timbl', 'danswerai', 'DeepPavlov', 'rasa', 'igel', 'loso', 'SynapseML', 'machine-learning', 'autogluon', 'mlens', 'scikit-learn-intelex', 'catboost', 'somoclu', 'colibri-core', 'keras-tuner', 'neuropredict', 'dowel', 'DrQA', 'deeppy', 'neuraltalk2', 'altair', 'pgmpy', 'evidently', 'detectron2', 'lightly', 'jieba', 'cleanlab', 'Petrel', 'deepface', 'caffe', 'zpar', 'typer', 'nilearn', 'mlflow', 'open-webui', 'jax', 'stellargraph', 'maze', 'pebl', 'mlx', 'open-metric-learning', 'pytorch_geometric', 'neuraltalk', 'retinaface', 'mljar-supervised', 'superset', 'bokeh', 'pytorch-image-models', 'rosetta', 'recommenders', 'tpot', 'Parris', 'pytensor', 'chainer', 'skll', 'pandas', 'bolt', 'scikit-opt', 'vispy', 'gradio', 'CoreNLP', 'xgboost']"
720,2,ParentOf,variant,38,Path Traversal: '\absolute\pathname\here',7057,36,"['cornac', 'FEDOT', 'feast', 'aim', 'pyss3', 'matplotlib', 'lab', 'DI-engine', 'dtaidistance', 'seaborn', 'determined', 'retro', 'BioPy', 'CompreFace', 'lambdo', 'mindsdb', 'Metaworld', 'ColossalAI', 'pyqtgraph', 'gensim', 'hebel', 'textacy', 'statsmodels', 'xlearn', 'deepchecks', 'mars', 'NeuroNER', 'PySyft', 'scikit-survival', 'haystack', 'emcee', 'transformers', 'streamlit', 'lightwood', 'prodmodel', 'joliGEN', 'ViZDoom', 'pybrain', 'langflow', 'mlxtend', 'Spearmint', 'bigartm', 'skorch', 'vigra', 'blaze', 'catalyst', 'sktime', 'ggpy', 'python-recsys', 'scikit-learn', 'river', 'tesseract', 'pytorch-lightning', 'shogun', 'spaCy', 'yalign', 'ray', 'pynlpl', 'DIGITS', 'LightGBM', 'pytorch', 'PyTorchCV', 'dash', 'polyglot', 'pymc', 'bentoml', 'pkuseg-python', 'scikit-image', 'Gymnasium', 'numpy', 'jProcessing', 'cltk', 'garage', 'zipline', 'alibi-detect', 'xcessiv', 'neural-style-pt', 'nut', 'langfuse', 'optuna', 'deeplake', 'cortex', 'tensorflow', 'pytorch-frame', 'python-timbl', 'danswerai', 'DeepPavlov', 'rasa', 'igel', 'loso', 'SynapseML', 'machine-learning', 'autogluon', 'mlens', 'scikit-learn-intelex', 'catboost', 'somoclu', 'colibri-core', 'keras-tuner', 'neuropredict', 'dowel', 'DrQA', 'deeppy', 'neuraltalk2', 'altair', 'pgmpy', 'evidently', 'detectron2', 'lightly', 'jieba', 'cleanlab', 'Petrel', 'deepface', 'caffe', 'zpar', 'typer', 'nilearn', 'mlflow', 'open-webui', 'jax', 'stellargraph', 'maze', 'pebl', 'mlx', 'open-metric-learning', 'pytorch_geometric', 'neuraltalk', 'retinaface', 'mljar-supervised', 'superset', 'bokeh', 'pytorch-image-models', 'rosetta', 'recommenders', 'tpot', 'Parris', 'pytensor', 'chainer', 'skll', 'pandas', 'bolt', 'scikit-opt', 'vispy', 'gradio', 'CoreNLP', 'xgboost']"
721,3,ParentOf,variant,39,Path Traversal: 'C:dirname',7057,36,"['cornac', 'FEDOT', 'feast', 'aim', 'pyss3', 'matplotlib', 'lab', 'DI-engine', 'dtaidistance', 'seaborn', 'determined', 'retro', 'BioPy', 'CompreFace', 'lambdo', 'mindsdb', 'Metaworld', 'ColossalAI', 'pyqtgraph', 'gensim', 'hebel', 'textacy', 'statsmodels', 'xlearn', 'deepchecks', 'mars', 'NeuroNER', 'PySyft', 'scikit-survival', 'haystack', 'emcee', 'transformers', 'streamlit', 'lightwood', 'prodmodel', 'joliGEN', 'ViZDoom', 'pybrain', 'langflow', 'mlxtend', 'Spearmint', 'bigartm', 'skorch', 'vigra', 'blaze', 'catalyst', 'sktime', 'ggpy', 'python-recsys', 'scikit-learn', 'river', 'tesseract', 'pytorch-lightning', 'shogun', 'spaCy', 'yalign', 'ray', 'pynlpl', 'DIGITS', 'LightGBM', 'pytorch', 'PyTorchCV', 'dash', 'polyglot', 'pymc', 'bentoml', 'pkuseg-python', 'scikit-image', 'Gymnasium', 'numpy', 'jProcessing', 'cltk', 'garage', 'zipline', 'alibi-detect', 'xcessiv', 'neural-style-pt', 'nut', 'langfuse', 'optuna', 'deeplake', 'cortex', 'tensorflow', 'pytorch-frame', 'python-timbl', 'danswerai', 'DeepPavlov', 'rasa', 'igel', 'loso', 'SynapseML', 'machine-learning', 'autogluon', 'mlens', 'scikit-learn-intelex', 'catboost', 'somoclu', 'colibri-core', 'keras-tuner', 'neuropredict', 'dowel', 'DrQA', 'deeppy', 'neuraltalk2', 'altair', 'pgmpy', 'evidently', 'detectron2', 'lightly', 'jieba', 'cleanlab', 'Petrel', 'deepface', 'caffe', 'zpar', 'typer', 'nilearn', 'mlflow', 'open-webui', 'jax', 'stellargraph', 'maze', 'pebl', 'mlx', 'open-metric-learning', 'pytorch_geometric', 'neuraltalk', 'retinaface', 'mljar-supervised', 'superset', 'bokeh', 'pytorch-image-models', 'rosetta', 'recommenders', 'tpot', 'Parris', 'pytensor', 'chainer', 'skll', 'pandas', 'bolt', 'scikit-opt', 'vispy', 'gradio', 'CoreNLP', 'xgboost']"
722,4,ParentOf,variant,40,Path Traversal: '\\UNC\share\name\' (Windows UNC Share),7057,36,"['cornac', 'FEDOT', 'feast', 'aim', 'pyss3', 'matplotlib', 'lab', 'DI-engine', 'dtaidistance', 'seaborn', 'determined', 'retro', 'BioPy', 'CompreFace', 'lambdo', 'mindsdb', 'Metaworld', 'ColossalAI', 'pyqtgraph', 'gensim', 'hebel', 'textacy', 'statsmodels', 'xlearn', 'deepchecks', 'mars', 'NeuroNER', 'PySyft', 'scikit-survival', 'haystack', 'emcee', 'transformers', 'streamlit', 'lightwood', 'prodmodel', 'joliGEN', 'ViZDoom', 'pybrain', 'langflow', 'mlxtend', 'Spearmint', 'bigartm', 'skorch', 'vigra', 'blaze', 'catalyst', 'sktime', 'ggpy', 'python-recsys', 'scikit-learn', 'river', 'tesseract', 'pytorch-lightning', 'shogun', 'spaCy', 'yalign', 'ray', 'pynlpl', 'DIGITS', 'LightGBM', 'pytorch', 'PyTorchCV', 'dash', 'polyglot', 'pymc', 'bentoml', 'pkuseg-python', 'scikit-image', 'Gymnasium', 'numpy', 'jProcessing', 'cltk', 'garage', 'zipline', 'alibi-detect', 'xcessiv', 'neural-style-pt', 'nut', 'langfuse', 'optuna', 'deeplake', 'cortex', 'tensorflow', 'pytorch-frame', 'python-timbl', 'danswerai', 'DeepPavlov', 'rasa', 'igel', 'loso', 'SynapseML', 'machine-learning', 'autogluon', 'mlens', 'scikit-learn-intelex', 'catboost', 'somoclu', 'colibri-core', 'keras-tuner', 'neuropredict', 'dowel', 'DrQA', 'deeppy', 'neuraltalk2', 'altair', 'pgmpy', 'evidently', 'detectron2', 'lightly', 'jieba', 'cleanlab', 'Petrel', 'deepface', 'caffe', 'zpar', 'typer', 'nilearn', 'mlflow', 'open-webui', 'jax', 'stellargraph', 'maze', 'pebl', 'mlx', 'open-metric-learning', 'pytorch_geometric', 'neuraltalk', 'retinaface', 'mljar-supervised', 'superset', 'bokeh', 'pytorch-image-models', 'rosetta', 'recommenders', 'tpot', 'Parris', 'pytensor', 'chainer', 'skll', 'pandas', 'bolt', 'scikit-opt', 'vispy', 'gradio', 'CoreNLP', 'xgboost']"
723,5,ChildOf,base,22,Improper Limitation of a Pathname to a Restricted Directory ('Path Traversal'),7057,36,"['cornac', 'FEDOT', 'feast', 'aim', 'pyss3', 'matplotlib', 'lab', 'DI-engine', 'dtaidistance', 'seaborn', 'determined', 'retro', 'BioPy', 'CompreFace', 'lambdo', 'mindsdb', 'Metaworld', 'ColossalAI', 'pyqtgraph', 'gensim', 'hebel', 'textacy', 'statsmodels', 'xlearn', 'deepchecks', 'mars', 'NeuroNER', 'PySyft', 'scikit-survival', 'haystack', 'emcee', 'transformers', 'streamlit', 'lightwood', 'prodmodel', 'joliGEN', 'ViZDoom', 'pybrain', 'langflow', 'mlxtend', 'Spearmint', 'bigartm', 'skorch', 'vigra', 'blaze', 'catalyst', 'sktime', 'ggpy', 'python-recsys', 'scikit-learn', 'river', 'tesseract', 'pytorch-lightning', 'shogun', 'spaCy', 'yalign', 'ray', 'pynlpl', 'DIGITS', 'LightGBM', 'pytorch', 'PyTorchCV', 'dash', 'polyglot', 'pymc', 'bentoml', 'pkuseg-python', 'scikit-image', 'Gymnasium', 'numpy', 'jProcessing', 'cltk', 'garage', 'zipline', 'alibi-detect', 'xcessiv', 'neural-style-pt', 'nut', 'langfuse', 'optuna', 'deeplake', 'cortex', 'tensorflow', 'pytorch-frame', 'python-timbl', 'danswerai', 'DeepPavlov', 'rasa', 'igel', 'loso', 'SynapseML', 'machine-learning', 'autogluon', 'mlens', 'scikit-learn-intelex', 'catboost', 'somoclu', 'colibri-core', 'keras-tuner', 'neuropredict', 'dowel', 'DrQA', 'deeppy', 'neuraltalk2', 'altair', 'pgmpy', 'evidently', 'detectron2', 'lightly', 'jieba', 'cleanlab', 'Petrel', 'deepface', 'caffe', 'zpar', 'typer', 'nilearn', 'mlflow', 'open-webui', 'jax', 'stellargraph', 'maze', 'pebl', 'mlx', 'open-metric-learning', 'pytorch_geometric', 'neuraltalk', 'retinaface', 'mljar-supervised', 'superset', 'bokeh', 'pytorch-image-models', 'rosetta', 'recommenders', 'tpot', 'Parris', 'pytensor', 'chainer', 'skll', 'pandas', 'bolt', 'scikit-opt', 'vispy', 'gradio', 'CoreNLP', 'xgboost']"
724,6,ChildOf,base,22,Improper Limitation of a Pathname to a Restricted Directory ('Path Traversal'),7057,36,"['cornac', 'FEDOT', 'feast', 'aim', 'pyss3', 'matplotlib', 'lab', 'DI-engine', 'dtaidistance', 'seaborn', 'determined', 'retro', 'BioPy', 'CompreFace', 'lambdo', 'mindsdb', 'Metaworld', 'ColossalAI', 'pyqtgraph', 'gensim', 'hebel', 'textacy', 'statsmodels', 'xlearn', 'deepchecks', 'mars', 'NeuroNER', 'PySyft', 'scikit-survival', 'haystack', 'emcee', 'transformers', 'streamlit', 'lightwood', 'prodmodel', 'joliGEN', 'ViZDoom', 'pybrain', 'langflow', 'mlxtend', 'Spearmint', 'bigartm', 'skorch', 'vigra', 'blaze', 'catalyst', 'sktime', 'ggpy', 'python-recsys', 'scikit-learn', 'river', 'tesseract', 'pytorch-lightning', 'shogun', 'spaCy', 'yalign', 'ray', 'pynlpl', 'DIGITS', 'LightGBM', 'pytorch', 'PyTorchCV', 'dash', 'polyglot', 'pymc', 'bentoml', 'pkuseg-python', 'scikit-image', 'Gymnasium', 'numpy', 'jProcessing', 'cltk', 'garage', 'zipline', 'alibi-detect', 'xcessiv', 'neural-style-pt', 'nut', 'langfuse', 'optuna', 'deeplake', 'cortex', 'tensorflow', 'pytorch-frame', 'python-timbl', 'danswerai', 'DeepPavlov', 'rasa', 'igel', 'loso', 'SynapseML', 'machine-learning', 'autogluon', 'mlens', 'scikit-learn-intelex', 'catboost', 'somoclu', 'colibri-core', 'keras-tuner', 'neuropredict', 'dowel', 'DrQA', 'deeppy', 'neuraltalk2', 'altair', 'pgmpy', 'evidently', 'detectron2', 'lightly', 'jieba', 'cleanlab', 'Petrel', 'deepface', 'caffe', 'zpar', 'typer', 'nilearn', 'mlflow', 'open-webui', 'jax', 'stellargraph', 'maze', 'pebl', 'mlx', 'open-metric-learning', 'pytorch_geometric', 'neuraltalk', 'retinaface', 'mljar-supervised', 'superset', 'bokeh', 'pytorch-image-models', 'rosetta', 'recommenders', 'tpot', 'Parris', 'pytensor', 'chainer', 'skll', 'pandas', 'bolt', 'scikit-opt', 'vispy', 'gradio', 'CoreNLP', 'xgboost']"
725,7,MemberOf,view,884,CWE Cross-section,7057,36,"['cornac', 'FEDOT', 'feast', 'aim', 'pyss3', 'matplotlib', 'lab', 'DI-engine', 'dtaidistance', 'seaborn', 'determined', 'retro', 'BioPy', 'CompreFace', 'lambdo', 'mindsdb', 'Metaworld', 'ColossalAI', 'pyqtgraph', 'gensim', 'hebel', 'textacy', 'statsmodels', 'xlearn', 'deepchecks', 'mars', 'NeuroNER', 'PySyft', 'scikit-survival', 'haystack', 'emcee', 'transformers', 'streamlit', 'lightwood', 'prodmodel', 'joliGEN', 'ViZDoom', 'pybrain', 'langflow', 'mlxtend', 'Spearmint', 'bigartm', 'skorch', 'vigra', 'blaze', 'catalyst', 'sktime', 'ggpy', 'python-recsys', 'scikit-learn', 'river', 'tesseract', 'pytorch-lightning', 'shogun', 'spaCy', 'yalign', 'ray', 'pynlpl', 'DIGITS', 'LightGBM', 'pytorch', 'PyTorchCV', 'dash', 'polyglot', 'pymc', 'bentoml', 'pkuseg-python', 'scikit-image', 'Gymnasium', 'numpy', 'jProcessing', 'cltk', 'garage', 'zipline', 'alibi-detect', 'xcessiv', 'neural-style-pt', 'nut', 'langfuse', 'optuna', 'deeplake', 'cortex', 'tensorflow', 'pytorch-frame', 'python-timbl', 'danswerai', 'DeepPavlov', 'rasa', 'igel', 'loso', 'SynapseML', 'machine-learning', 'autogluon', 'mlens', 'scikit-learn-intelex', 'catboost', 'somoclu', 'colibri-core', 'keras-tuner', 'neuropredict', 'dowel', 'DrQA', 'deeppy', 'neuraltalk2', 'altair', 'pgmpy', 'evidently', 'detectron2', 'lightly', 'jieba', 'cleanlab', 'Petrel', 'deepface', 'caffe', 'zpar', 'typer', 'nilearn', 'mlflow', 'open-webui', 'jax', 'stellargraph', 'maze', 'pebl', 'mlx', 'open-metric-learning', 'pytorch_geometric', 'neuraltalk', 'retinaface', 'mljar-supervised', 'superset', 'bokeh', 'pytorch-image-models', 'rosetta', 'recommenders', 'tpot', 'Parris', 'pytensor', 'chainer', 'skll', 'pandas', 'bolt', 'scikit-opt', 'vispy', 'gradio', 'CoreNLP', 'xgboost']"
726,8,MemberOf,category,981,SFP Secondary Cluster: Path Traversal,7057,36,"['cornac', 'FEDOT', 'feast', 'aim', 'pyss3', 'matplotlib', 'lab', 'DI-engine', 'dtaidistance', 'seaborn', 'determined', 'retro', 'BioPy', 'CompreFace', 'lambdo', 'mindsdb', 'Metaworld', 'ColossalAI', 'pyqtgraph', 'gensim', 'hebel', 'textacy', 'statsmodels', 'xlearn', 'deepchecks', 'mars', 'NeuroNER', 'PySyft', 'scikit-survival', 'haystack', 'emcee', 'transformers', 'streamlit', 'lightwood', 'prodmodel', 'joliGEN', 'ViZDoom', 'pybrain', 'langflow', 'mlxtend', 'Spearmint', 'bigartm', 'skorch', 'vigra', 'blaze', 'catalyst', 'sktime', 'ggpy', 'python-recsys', 'scikit-learn', 'river', 'tesseract', 'pytorch-lightning', 'shogun', 'spaCy', 'yalign', 'ray', 'pynlpl', 'DIGITS', 'LightGBM', 'pytorch', 'PyTorchCV', 'dash', 'polyglot', 'pymc', 'bentoml', 'pkuseg-python', 'scikit-image', 'Gymnasium', 'numpy', 'jProcessing', 'cltk', 'garage', 'zipline', 'alibi-detect', 'xcessiv', 'neural-style-pt', 'nut', 'langfuse', 'optuna', 'deeplake', 'cortex', 'tensorflow', 'pytorch-frame', 'python-timbl', 'danswerai', 'DeepPavlov', 'rasa', 'igel', 'loso', 'SynapseML', 'machine-learning', 'autogluon', 'mlens', 'scikit-learn-intelex', 'catboost', 'somoclu', 'colibri-core', 'keras-tuner', 'neuropredict', 'dowel', 'DrQA', 'deeppy', 'neuraltalk2', 'altair', 'pgmpy', 'evidently', 'detectron2', 'lightly', 'jieba', 'cleanlab', 'Petrel', 'deepface', 'caffe', 'zpar', 'typer', 'nilearn', 'mlflow', 'open-webui', 'jax', 'stellargraph', 'maze', 'pebl', 'mlx', 'open-metric-learning', 'pytorch_geometric', 'neuraltalk', 'retinaface', 'mljar-supervised', 'superset', 'bokeh', 'pytorch-image-models', 'rosetta', 'recommenders', 'tpot', 'Parris', 'pytensor', 'chainer', 'skll', 'pandas', 'bolt', 'scikit-opt', 'vispy', 'gradio', 'CoreNLP', 'xgboost']"
727,9,MemberOf,category,1404,Comprehensive Categorization: File Handling,7057,36,"['cornac', 'FEDOT', 'feast', 'aim', 'pyss3', 'matplotlib', 'lab', 'DI-engine', 'dtaidistance', 'seaborn', 'determined', 'retro', 'BioPy', 'CompreFace', 'lambdo', 'mindsdb', 'Metaworld', 'ColossalAI', 'pyqtgraph', 'gensim', 'hebel', 'textacy', 'statsmodels', 'xlearn', 'deepchecks', 'mars', 'NeuroNER', 'PySyft', 'scikit-survival', 'haystack', 'emcee', 'transformers', 'streamlit', 'lightwood', 'prodmodel', 'joliGEN', 'ViZDoom', 'pybrain', 'langflow', 'mlxtend', 'Spearmint', 'bigartm', 'skorch', 'vigra', 'blaze', 'catalyst', 'sktime', 'ggpy', 'python-recsys', 'scikit-learn', 'river', 'tesseract', 'pytorch-lightning', 'shogun', 'spaCy', 'yalign', 'ray', 'pynlpl', 'DIGITS', 'LightGBM', 'pytorch', 'PyTorchCV', 'dash', 'polyglot', 'pymc', 'bentoml', 'pkuseg-python', 'scikit-image', 'Gymnasium', 'numpy', 'jProcessing', 'cltk', 'garage', 'zipline', 'alibi-detect', 'xcessiv', 'neural-style-pt', 'nut', 'langfuse', 'optuna', 'deeplake', 'cortex', 'tensorflow', 'pytorch-frame', 'python-timbl', 'danswerai', 'DeepPavlov', 'rasa', 'igel', 'loso', 'SynapseML', 'machine-learning', 'autogluon', 'mlens', 'scikit-learn-intelex', 'catboost', 'somoclu', 'colibri-core', 'keras-tuner', 'neuropredict', 'dowel', 'DrQA', 'deeppy', 'neuraltalk2', 'altair', 'pgmpy', 'evidently', 'detectron2', 'lightly', 'jieba', 'cleanlab', 'Petrel', 'deepface', 'caffe', 'zpar', 'typer', 'nilearn', 'mlflow', 'open-webui', 'jax', 'stellargraph', 'maze', 'pebl', 'mlx', 'open-metric-learning', 'pytorch_geometric', 'neuraltalk', 'retinaface', 'mljar-supervised', 'superset', 'bokeh', 'pytorch-image-models', 'rosetta', 'recommenders', 'tpot', 'Parris', 'pytensor', 'chainer', 'skll', 'pandas', 'bolt', 'scikit-opt', 'vispy', 'gradio', 'CoreNLP', 'xgboost']"
728,10,MemberOf,category,1436,OWASP Top Ten 2025 Category A01:2025 - Broken Access Control,7057,36,"['cornac', 'FEDOT', 'feast', 'aim', 'pyss3', 'matplotlib', 'lab', 'DI-engine', 'dtaidistance', 'seaborn', 'determined', 'retro', 'BioPy', 'CompreFace', 'lambdo', 'mindsdb', 'Metaworld', 'ColossalAI', 'pyqtgraph', 'gensim', 'hebel', 'textacy', 'statsmodels', 'xlearn', 'deepchecks', 'mars', 'NeuroNER', 'PySyft', 'scikit-survival', 'haystack', 'emcee', 'transformers', 'streamlit', 'lightwood', 'prodmodel', 'joliGEN', 'ViZDoom', 'pybrain', 'langflow', 'mlxtend', 'Spearmint', 'bigartm', 'skorch', 'vigra', 'blaze', 'catalyst', 'sktime', 'ggpy', 'python-recsys', 'scikit-learn', 'river', 'tesseract', 'pytorch-lightning', 'shogun', 'spaCy', 'yalign', 'ray', 'pynlpl', 'DIGITS', 'LightGBM', 'pytorch', 'PyTorchCV', 'dash', 'polyglot', 'pymc', 'bentoml', 'pkuseg-python', 'scikit-image', 'Gymnasium', 'numpy', 'jProcessing', 'cltk', 'garage', 'zipline', 'alibi-detect', 'xcessiv', 'neural-style-pt', 'nut', 'langfuse', 'optuna', 'deeplake', 'cortex', 'tensorflow', 'pytorch-frame', 'python-timbl', 'danswerai', 'DeepPavlov', 'rasa', 'igel', 'loso', 'SynapseML', 'machine-learning', 'autogluon', 'mlens', 'scikit-learn-intelex', 'catboost', 'somoclu', 'colibri-core', 'keras-tuner', 'neuropredict', 'dowel', 'DrQA', 'deeppy', 'neuraltalk2', 'altair', 'pgmpy', 'evidently', 'detectron2', 'lightly', 'jieba', 'cleanlab', 'Petrel', 'deepface', 'caffe', 'zpar', 'typer', 'nilearn', 'mlflow', 'open-webui', 'jax', 'stellargraph', 'maze', 'pebl', 'mlx', 'open-metric-learning', 'pytorch_geometric', 'neuraltalk', 'retinaface', 'mljar-supervised', 'superset', 'bokeh', 'pytorch-image-models', 'rosetta', 'recommenders', 'tpot', 'Parris', 'pytensor', 'chainer', 'skll', 'pandas', 'bolt', 'scikit-opt', 'vispy', 'gradio', 'CoreNLP', 'xgboost']"
729,11,Self,base,36,,7057,36,"['cornac', 'FEDOT', 'feast', 'aim', 'pyss3', 'matplotlib', 'lab', 'DI-engine', 'dtaidistance', 'seaborn', 'determined', 'retro', 'BioPy', 'CompreFace', 'lambdo', 'mindsdb', 'Metaworld', 'ColossalAI', 'pyqtgraph', 'gensim', 'hebel', 'textacy', 'statsmodels', 'xlearn', 'deepchecks', 'mars', 'NeuroNER', 'PySyft', 'scikit-survival', 'haystack', 'emcee', 'transformers', 'streamlit', 'lightwood', 'prodmodel', 'joliGEN', 'ViZDoom', 'pybrain', 'langflow', 'mlxtend', 'Spearmint', 'bigartm', 'skorch', 'vigra', 'blaze', 'catalyst', 'sktime', 'ggpy', 'python-recsys', 'scikit-learn', 'river', 'tesseract', 'pytorch-lightning', 'shogun', 'spaCy', 'yalign', 'ray', 'pynlpl', 'DIGITS', 'LightGBM', 'pytorch', 'PyTorchCV', 'dash', 'polyglot', 'pymc', 'bentoml', 'pkuseg-python', 'scikit-image', 'Gymnasium', 'numpy', 'jProcessing', 'cltk', 'garage', 'zipline', 'alibi-detect', 'xcessiv', 'neural-style-pt', 'nut', 'langfuse', 'optuna', 'deeplake', 'cortex', 'tensorflow', 'pytorch-frame', 'python-timbl', 'danswerai', 'DeepPavlov', 'rasa', 'igel', 'loso', 'SynapseML', 'machine-learning', 'autogluon', 'mlens', 'scikit-learn-intelex', 'catboost', 'somoclu', 'colibri-core', 'keras-tuner', 'neuropredict', 'dowel', 'DrQA', 'deeppy', 'neuraltalk2', 'altair', 'pgmpy', 'evidently', 'detectron2', 'lightly', 'jieba', 'cleanlab', 'Petrel', 'deepface', 'caffe', 'zpar', 'typer', 'nilearn', 'mlflow', 'open-webui', 'jax', 'stellargraph', 'maze', 'pebl', 'mlx', 'open-metric-learning', 'pytorch_geometric', 'neuraltalk', 'retinaface', 'mljar-supervised', 'superset', 'bokeh', 'pytorch-image-models', 'rosetta', 'recommenders', 'tpot', 'Parris', 'pytensor', 'chainer', 'skll', 'pandas', 'bolt', 'scikit-opt', 'vispy', 'gradio', 'CoreNLP', 'xgboost']"
730,0,ChildOf,class,610,Externally Controlled Reference to a Resource in Another Sphere,7057,73,"['cornac', 'FEDOT', 'feast', 'aim', 'pyss3', 'matplotlib', 'lab', 'DI-engine', 'dtaidistance', 'seaborn', 'determined', 'retro', 'BioPy', 'CompreFace', 'lambdo', 'mindsdb', 'Metaworld', 'ColossalAI', 'pyqtgraph', 'gensim', 'hebel', 'textacy', 'statsmodels', 'xlearn', 'deepchecks', 'mars', 'NeuroNER', 'PySyft', 'scikit-survival', 'haystack', 'emcee', 'transformers', 'streamlit', 'lightwood', 'prodmodel', 'joliGEN', 'ViZDoom', 'pybrain', 'langflow', 'mlxtend', 'Spearmint', 'bigartm', 'skorch', 'vigra', 'blaze', 'catalyst', 'sktime', 'ggpy', 'python-recsys', 'scikit-learn', 'river', 'tesseract', 'pytorch-lightning', 'shogun', 'spaCy', 'yalign', 'ray', 'pynlpl', 'DIGITS', 'LightGBM', 'pytorch', 'PyTorchCV', 'dash', 'polyglot', 'pymc', 'bentoml', 'pkuseg-python', 'scikit-image', 'Gymnasium', 'numpy', 'jProcessing', 'cltk', 'garage', 'zipline', 'alibi-detect', 'xcessiv', 'neural-style-pt', 'nut', 'langfuse', 'optuna', 'deeplake', 'cortex', 'tensorflow', 'pytorch-frame', 'python-timbl', 'danswerai', 'DeepPavlov', 'rasa', 'igel', 'loso', 'SynapseML', 'machine-learning', 'autogluon', 'mlens', 'scikit-learn-intelex', 'catboost', 'somoclu', 'colibri-core', 'keras-tuner', 'neuropredict', 'dowel', 'DrQA', 'deeppy', 'neuraltalk2', 'altair', 'pgmpy', 'evidently', 'detectron2', 'lightly', 'jieba', 'cleanlab', 'Petrel', 'deepface', 'caffe', 'zpar', 'typer', 'nilearn', 'mlflow', 'open-webui', 'jax', 'stellargraph', 'maze', 'pebl', 'mlx', 'open-metric-learning', 'pytorch_geometric', 'neuraltalk', 'retinaface', 'mljar-supervised', 'superset', 'bokeh', 'pytorch-image-models', 'rosetta', 'recommenders', 'tpot', 'Parris', 'pytensor', 'chainer', 'skll', 'pandas', 'bolt', 'scikit-opt', 'vispy', 'gradio', 'CoreNLP', 'xgboost']"
731,1,ChildOf,class,642,External Control of Critical State Data,7057,73,"['cornac', 'FEDOT', 'feast', 'aim', 'pyss3', 'matplotlib', 'lab', 'DI-engine', 'dtaidistance', 'seaborn', 'determined', 'retro', 'BioPy', 'CompreFace', 'lambdo', 'mindsdb', 'Metaworld', 'ColossalAI', 'pyqtgraph', 'gensim', 'hebel', 'textacy', 'statsmodels', 'xlearn', 'deepchecks', 'mars', 'NeuroNER', 'PySyft', 'scikit-survival', 'haystack', 'emcee', 'transformers', 'streamlit', 'lightwood', 'prodmodel', 'joliGEN', 'ViZDoom', 'pybrain', 'langflow', 'mlxtend', 'Spearmint', 'bigartm', 'skorch', 'vigra', 'blaze', 'catalyst', 'sktime', 'ggpy', 'python-recsys', 'scikit-learn', 'river', 'tesseract', 'pytorch-lightning', 'shogun', 'spaCy', 'yalign', 'ray', 'pynlpl', 'DIGITS', 'LightGBM', 'pytorch', 'PyTorchCV', 'dash', 'polyglot', 'pymc', 'bentoml', 'pkuseg-python', 'scikit-image', 'Gymnasium', 'numpy', 'jProcessing', 'cltk', 'garage', 'zipline', 'alibi-detect', 'xcessiv', 'neural-style-pt', 'nut', 'langfuse', 'optuna', 'deeplake', 'cortex', 'tensorflow', 'pytorch-frame', 'python-timbl', 'danswerai', 'DeepPavlov', 'rasa', 'igel', 'loso', 'SynapseML', 'machine-learning', 'autogluon', 'mlens', 'scikit-learn-intelex', 'catboost', 'somoclu', 'colibri-core', 'keras-tuner', 'neuropredict', 'dowel', 'DrQA', 'deeppy', 'neuraltalk2', 'altair', 'pgmpy', 'evidently', 'detectron2', 'lightly', 'jieba', 'cleanlab', 'Petrel', 'deepface', 'caffe', 'zpar', 'typer', 'nilearn', 'mlflow', 'open-webui', 'jax', 'stellargraph', 'maze', 'pebl', 'mlx', 'open-metric-learning', 'pytorch_geometric', 'neuraltalk', 'retinaface', 'mljar-supervised', 'superset', 'bokeh', 'pytorch-image-models', 'rosetta', 'recommenders', 'tpot', 'Parris', 'pytensor', 'chainer', 'skll', 'pandas', 'bolt', 'scikit-opt', 'vispy', 'gradio', 'CoreNLP', 'xgboost']"
732,2,ParentOf,class,114,Process Control,7057,73,"['cornac', 'FEDOT', 'feast', 'aim', 'pyss3', 'matplotlib', 'lab', 'DI-engine', 'dtaidistance', 'seaborn', 'determined', 'retro', 'BioPy', 'CompreFace', 'lambdo', 'mindsdb', 'Metaworld', 'ColossalAI', 'pyqtgraph', 'gensim', 'hebel', 'textacy', 'statsmodels', 'xlearn', 'deepchecks', 'mars', 'NeuroNER', 'PySyft', 'scikit-survival', 'haystack', 'emcee', 'transformers', 'streamlit', 'lightwood', 'prodmodel', 'joliGEN', 'ViZDoom', 'pybrain', 'langflow', 'mlxtend', 'Spearmint', 'bigartm', 'skorch', 'vigra', 'blaze', 'catalyst', 'sktime', 'ggpy', 'python-recsys', 'scikit-learn', 'river', 'tesseract', 'pytorch-lightning', 'shogun', 'spaCy', 'yalign', 'ray', 'pynlpl', 'DIGITS', 'LightGBM', 'pytorch', 'PyTorchCV', 'dash', 'polyglot', 'pymc', 'bentoml', 'pkuseg-python', 'scikit-image', 'Gymnasium', 'numpy', 'jProcessing', 'cltk', 'garage', 'zipline', 'alibi-detect', 'xcessiv', 'neural-style-pt', 'nut', 'langfuse', 'optuna', 'deeplake', 'cortex', 'tensorflow', 'pytorch-frame', 'python-timbl', 'danswerai', 'DeepPavlov', 'rasa', 'igel', 'loso', 'SynapseML', 'machine-learning', 'autogluon', 'mlens', 'scikit-learn-intelex', 'catboost', 'somoclu', 'colibri-core', 'keras-tuner', 'neuropredict', 'dowel', 'DrQA', 'deeppy', 'neuraltalk2', 'altair', 'pgmpy', 'evidently', 'detectron2', 'lightly', 'jieba', 'cleanlab', 'Petrel', 'deepface', 'caffe', 'zpar', 'typer', 'nilearn', 'mlflow', 'open-webui', 'jax', 'stellargraph', 'maze', 'pebl', 'mlx', 'open-metric-learning', 'pytorch_geometric', 'neuraltalk', 'retinaface', 'mljar-supervised', 'superset', 'bokeh', 'pytorch-image-models', 'rosetta', 'recommenders', 'tpot', 'Parris', 'pytensor', 'chainer', 'skll', 'pandas', 'bolt', 'scikit-opt', 'vispy', 'gradio', 'CoreNLP', 'xgboost']"
733,3,CanPrecede,base,22,Improper Limitation of a Pathname to a Restricted Directory ('Path Traversal'),7057,73,"['cornac', 'FEDOT', 'feast', 'aim', 'pyss3', 'matplotlib', 'lab', 'DI-engine', 'dtaidistance', 'seaborn', 'determined', 'retro', 'BioPy', 'CompreFace', 'lambdo', 'mindsdb', 'Metaworld', 'ColossalAI', 'pyqtgraph', 'gensim', 'hebel', 'textacy', 'statsmodels', 'xlearn', 'deepchecks', 'mars', 'NeuroNER', 'PySyft', 'scikit-survival', 'haystack', 'emcee', 'transformers', 'streamlit', 'lightwood', 'prodmodel', 'joliGEN', 'ViZDoom', 'pybrain', 'langflow', 'mlxtend', 'Spearmint', 'bigartm', 'skorch', 'vigra', 'blaze', 'catalyst', 'sktime', 'ggpy', 'python-recsys', 'scikit-learn', 'river', 'tesseract', 'pytorch-lightning', 'shogun', 'spaCy', 'yalign', 'ray', 'pynlpl', 'DIGITS', 'LightGBM', 'pytorch', 'PyTorchCV', 'dash', 'polyglot', 'pymc', 'bentoml', 'pkuseg-python', 'scikit-image', 'Gymnasium', 'numpy', 'jProcessing', 'cltk', 'garage', 'zipline', 'alibi-detect', 'xcessiv', 'neural-style-pt', 'nut', 'langfuse', 'optuna', 'deeplake', 'cortex', 'tensorflow', 'pytorch-frame', 'python-timbl', 'danswerai', 'DeepPavlov', 'rasa', 'igel', 'loso', 'SynapseML', 'machine-learning', 'autogluon', 'mlens', 'scikit-learn-intelex', 'catboost', 'somoclu', 'colibri-core', 'keras-tuner', 'neuropredict', 'dowel', 'DrQA', 'deeppy', 'neuraltalk2', 'altair', 'pgmpy', 'evidently', 'detectron2', 'lightly', 'jieba', 'cleanlab', 'Petrel', 'deepface', 'caffe', 'zpar', 'typer', 'nilearn', 'mlflow', 'open-webui', 'jax', 'stellargraph', 'maze', 'pebl', 'mlx', 'open-metric-learning', 'pytorch_geometric', 'neuraltalk', 'retinaface', 'mljar-supervised', 'superset', 'bokeh', 'pytorch-image-models', 'rosetta', 'recommenders', 'tpot', 'Parris', 'pytensor', 'chainer', 'skll', 'pandas', 'bolt', 'scikit-opt', 'vispy', 'gradio', 'CoreNLP', 'xgboost']"
734,4,CanPrecede,base,41,Improper Resolution of Path Equivalence,7057,73,"['cornac', 'FEDOT', 'feast', 'aim', 'pyss3', 'matplotlib', 'lab', 'DI-engine', 'dtaidistance', 'seaborn', 'determined', 'retro', 'BioPy', 'CompreFace', 'lambdo', 'mindsdb', 'Metaworld', 'ColossalAI', 'pyqtgraph', 'gensim', 'hebel', 'textacy', 'statsmodels', 'xlearn', 'deepchecks', 'mars', 'NeuroNER', 'PySyft', 'scikit-survival', 'haystack', 'emcee', 'transformers', 'streamlit', 'lightwood', 'prodmodel', 'joliGEN', 'ViZDoom', 'pybrain', 'langflow', 'mlxtend', 'Spearmint', 'bigartm', 'skorch', 'vigra', 'blaze', 'catalyst', 'sktime', 'ggpy', 'python-recsys', 'scikit-learn', 'river', 'tesseract', 'pytorch-lightning', 'shogun', 'spaCy', 'yalign', 'ray', 'pynlpl', 'DIGITS', 'LightGBM', 'pytorch', 'PyTorchCV', 'dash', 'polyglot', 'pymc', 'bentoml', 'pkuseg-python', 'scikit-image', 'Gymnasium', 'numpy', 'jProcessing', 'cltk', 'garage', 'zipline', 'alibi-detect', 'xcessiv', 'neural-style-pt', 'nut', 'langfuse', 'optuna', 'deeplake', 'cortex', 'tensorflow', 'pytorch-frame', 'python-timbl', 'danswerai', 'DeepPavlov', 'rasa', 'igel', 'loso', 'SynapseML', 'machine-learning', 'autogluon', 'mlens', 'scikit-learn-intelex', 'catboost', 'somoclu', 'colibri-core', 'keras-tuner', 'neuropredict', 'dowel', 'DrQA', 'deeppy', 'neuraltalk2', 'altair', 'pgmpy', 'evidently', 'detectron2', 'lightly', 'jieba', 'cleanlab', 'Petrel', 'deepface', 'caffe', 'zpar', 'typer', 'nilearn', 'mlflow', 'open-webui', 'jax', 'stellargraph', 'maze', 'pebl', 'mlx', 'open-metric-learning', 'pytorch_geometric', 'neuraltalk', 'retinaface', 'mljar-supervised', 'superset', 'bokeh', 'pytorch-image-models', 'rosetta', 'recommenders', 'tpot', 'Parris', 'pytensor', 'chainer', 'skll', 'pandas', 'bolt', 'scikit-opt', 'vispy', 'gradio', 'CoreNLP', 'xgboost']"
735,5,CanPrecede,base,59,Improper Link Resolution Before File Access ('Link Following'),7057,73,"['cornac', 'FEDOT', 'feast', 'aim', 'pyss3', 'matplotlib', 'lab', 'DI-engine', 'dtaidistance', 'seaborn', 'determined', 'retro', 'BioPy', 'CompreFace', 'lambdo', 'mindsdb', 'Metaworld', 'ColossalAI', 'pyqtgraph', 'gensim', 'hebel', 'textacy', 'statsmodels', 'xlearn', 'deepchecks', 'mars', 'NeuroNER', 'PySyft', 'scikit-survival', 'haystack', 'emcee', 'transformers', 'streamlit', 'lightwood', 'prodmodel', 'joliGEN', 'ViZDoom', 'pybrain', 'langflow', 'mlxtend', 'Spearmint', 'bigartm', 'skorch', 'vigra', 'blaze', 'catalyst', 'sktime', 'ggpy', 'python-recsys', 'scikit-learn', 'river', 'tesseract', 'pytorch-lightning', 'shogun', 'spaCy', 'yalign', 'ray', 'pynlpl', 'DIGITS', 'LightGBM', 'pytorch', 'PyTorchCV', 'dash', 'polyglot', 'pymc', 'bentoml', 'pkuseg-python', 'scikit-image', 'Gymnasium', 'numpy', 'jProcessing', 'cltk', 'garage', 'zipline', 'alibi-detect', 'xcessiv', 'neural-style-pt', 'nut', 'langfuse', 'optuna', 'deeplake', 'cortex', 'tensorflow', 'pytorch-frame', 'python-timbl', 'danswerai', 'DeepPavlov', 'rasa', 'igel', 'loso', 'SynapseML', 'machine-learning', 'autogluon', 'mlens', 'scikit-learn-intelex', 'catboost', 'somoclu', 'colibri-core', 'keras-tuner', 'neuropredict', 'dowel', 'DrQA', 'deeppy', 'neuraltalk2', 'altair', 'pgmpy', 'evidently', 'detectron2', 'lightly', 'jieba', 'cleanlab', 'Petrel', 'deepface', 'caffe', 'zpar', 'typer', 'nilearn', 'mlflow', 'open-webui', 'jax', 'stellargraph', 'maze', 'pebl', 'mlx', 'open-metric-learning', 'pytorch_geometric', 'neuraltalk', 'retinaface', 'mljar-supervised', 'superset', 'bokeh', 'pytorch-image-models', 'rosetta', 'recommenders', 'tpot', 'Parris', 'pytensor', 'chainer', 'skll', 'pandas', 'bolt', 'scikit-opt', 'vispy', 'gradio', 'CoreNLP', 'xgboost']"
736,6,CanPrecede,variant,98,Improper Control of Filename for Include/Require Statement in PHP Program ('PHP Remote File Inclusion'),7057,73,"['cornac', 'FEDOT', 'feast', 'aim', 'pyss3', 'matplotlib', 'lab', 'DI-engine', 'dtaidistance', 'seaborn', 'determined', 'retro', 'BioPy', 'CompreFace', 'lambdo', 'mindsdb', 'Metaworld', 'ColossalAI', 'pyqtgraph', 'gensim', 'hebel', 'textacy', 'statsmodels', 'xlearn', 'deepchecks', 'mars', 'NeuroNER', 'PySyft', 'scikit-survival', 'haystack', 'emcee', 'transformers', 'streamlit', 'lightwood', 'prodmodel', 'joliGEN', 'ViZDoom', 'pybrain', 'langflow', 'mlxtend', 'Spearmint', 'bigartm', 'skorch', 'vigra', 'blaze', 'catalyst', 'sktime', 'ggpy', 'python-recsys', 'scikit-learn', 'river', 'tesseract', 'pytorch-lightning', 'shogun', 'spaCy', 'yalign', 'ray', 'pynlpl', 'DIGITS', 'LightGBM', 'pytorch', 'PyTorchCV', 'dash', 'polyglot', 'pymc', 'bentoml', 'pkuseg-python', 'scikit-image', 'Gymnasium', 'numpy', 'jProcessing', 'cltk', 'garage', 'zipline', 'alibi-detect', 'xcessiv', 'neural-style-pt', 'nut', 'langfuse', 'optuna', 'deeplake', 'cortex', 'tensorflow', 'pytorch-frame', 'python-timbl', 'danswerai', 'DeepPavlov', 'rasa', 'igel', 'loso', 'SynapseML', 'machine-learning', 'autogluon', 'mlens', 'scikit-learn-intelex', 'catboost', 'somoclu', 'colibri-core', 'keras-tuner', 'neuropredict', 'dowel', 'DrQA', 'deeppy', 'neuraltalk2', 'altair', 'pgmpy', 'evidently', 'detectron2', 'lightly', 'jieba', 'cleanlab', 'Petrel', 'deepface', 'caffe', 'zpar', 'typer', 'nilearn', 'mlflow', 'open-webui', 'jax', 'stellargraph', 'maze', 'pebl', 'mlx', 'open-metric-learning', 'pytorch_geometric', 'neuraltalk', 'retinaface', 'mljar-supervised', 'superset', 'bokeh', 'pytorch-image-models', 'rosetta', 'recommenders', 'tpot', 'Parris', 'pytensor', 'chainer', 'skll', 'pandas', 'bolt', 'scikit-opt', 'vispy', 'gradio', 'CoreNLP', 'xgboost']"
737,7,CanPrecede,base,434,Unrestricted Upload of File with Dangerous Type,7057,73,"['cornac', 'FEDOT', 'feast', 'aim', 'pyss3', 'matplotlib', 'lab', 'DI-engine', 'dtaidistance', 'seaborn', 'determined', 'retro', 'BioPy', 'CompreFace', 'lambdo', 'mindsdb', 'Metaworld', 'ColossalAI', 'pyqtgraph', 'gensim', 'hebel', 'textacy', 'statsmodels', 'xlearn', 'deepchecks', 'mars', 'NeuroNER', 'PySyft', 'scikit-survival', 'haystack', 'emcee', 'transformers', 'streamlit', 'lightwood', 'prodmodel', 'joliGEN', 'ViZDoom', 'pybrain', 'langflow', 'mlxtend', 'Spearmint', 'bigartm', 'skorch', 'vigra', 'blaze', 'catalyst', 'sktime', 'ggpy', 'python-recsys', 'scikit-learn', 'river', 'tesseract', 'pytorch-lightning', 'shogun', 'spaCy', 'yalign', 'ray', 'pynlpl', 'DIGITS', 'LightGBM', 'pytorch', 'PyTorchCV', 'dash', 'polyglot', 'pymc', 'bentoml', 'pkuseg-python', 'scikit-image', 'Gymnasium', 'numpy', 'jProcessing', 'cltk', 'garage', 'zipline', 'alibi-detect', 'xcessiv', 'neural-style-pt', 'nut', 'langfuse', 'optuna', 'deeplake', 'cortex', 'tensorflow', 'pytorch-frame', 'python-timbl', 'danswerai', 'DeepPavlov', 'rasa', 'igel', 'loso', 'SynapseML', 'machine-learning', 'autogluon', 'mlens', 'scikit-learn-intelex', 'catboost', 'somoclu', 'colibri-core', 'keras-tuner', 'neuropredict', 'dowel', 'DrQA', 'deeppy', 'neuraltalk2', 'altair', 'pgmpy', 'evidently', 'detectron2', 'lightly', 'jieba', 'cleanlab', 'Petrel', 'deepface', 'caffe', 'zpar', 'typer', 'nilearn', 'mlflow', 'open-webui', 'jax', 'stellargraph', 'maze', 'pebl', 'mlx', 'open-metric-learning', 'pytorch_geometric', 'neuraltalk', 'retinaface', 'mljar-supervised', 'superset', 'bokeh', 'pytorch-image-models', 'rosetta', 'recommenders', 'tpot', 'Parris', 'pytensor', 'chainer', 'skll', 'pandas', 'bolt', 'scikit-opt', 'vispy', 'gradio', 'CoreNLP', 'xgboost']"
738,8,MemberOf,category,399,Resource Management Errors,7057,73,"['cornac', 'FEDOT', 'feast', 'aim', 'pyss3', 'matplotlib', 'lab', 'DI-engine', 'dtaidistance', 'seaborn', 'determined', 'retro', 'BioPy', 'CompreFace', 'lambdo', 'mindsdb', 'Metaworld', 'ColossalAI', 'pyqtgraph', 'gensim', 'hebel', 'textacy', 'statsmodels', 'xlearn', 'deepchecks', 'mars', 'NeuroNER', 'PySyft', 'scikit-survival', 'haystack', 'emcee', 'transformers', 'streamlit', 'lightwood', 'prodmodel', 'joliGEN', 'ViZDoom', 'pybrain', 'langflow', 'mlxtend', 'Spearmint', 'bigartm', 'skorch', 'vigra', 'blaze', 'catalyst', 'sktime', 'ggpy', 'python-recsys', 'scikit-learn', 'river', 'tesseract', 'pytorch-lightning', 'shogun', 'spaCy', 'yalign', 'ray', 'pynlpl', 'DIGITS', 'LightGBM', 'pytorch', 'PyTorchCV', 'dash', 'polyglot', 'pymc', 'bentoml', 'pkuseg-python', 'scikit-image', 'Gymnasium', 'numpy', 'jProcessing', 'cltk', 'garage', 'zipline', 'alibi-detect', 'xcessiv', 'neural-style-pt', 'nut', 'langfuse', 'optuna', 'deeplake', 'cortex', 'tensorflow', 'pytorch-frame', 'python-timbl', 'danswerai', 'DeepPavlov', 'rasa', 'igel', 'loso', 'SynapseML', 'machine-learning', 'autogluon', 'mlens', 'scikit-learn-intelex', 'catboost', 'somoclu', 'colibri-core', 'keras-tuner', 'neuropredict', 'dowel', 'DrQA', 'deeppy', 'neuraltalk2', 'altair', 'pgmpy', 'evidently', 'detectron2', 'lightly', 'jieba', 'cleanlab', 'Petrel', 'deepface', 'caffe', 'zpar', 'typer', 'nilearn', 'mlflow', 'open-webui', 'jax', 'stellargraph', 'maze', 'pebl', 'mlx', 'open-metric-learning', 'pytorch_geometric', 'neuraltalk', 'retinaface', 'mljar-supervised', 'superset', 'bokeh', 'pytorch-image-models', 'rosetta', 'recommenders', 'tpot', 'Parris', 'pytensor', 'chainer', 'skll', 'pandas', 'bolt', 'scikit-opt', 'vispy', 'gradio', 'CoreNLP', 'xgboost']"
739,9,MemberOf,category,1015,Limit Access,7057,73,"['cornac', 'FEDOT', 'feast', 'aim', 'pyss3', 'matplotlib', 'lab', 'DI-engine', 'dtaidistance', 'seaborn', 'determined', 'retro', 'BioPy', 'CompreFace', 'lambdo', 'mindsdb', 'Metaworld', 'ColossalAI', 'pyqtgraph', 'gensim', 'hebel', 'textacy', 'statsmodels', 'xlearn', 'deepchecks', 'mars', 'NeuroNER', 'PySyft', 'scikit-survival', 'haystack', 'emcee', 'transformers', 'streamlit', 'lightwood', 'prodmodel', 'joliGEN', 'ViZDoom', 'pybrain', 'langflow', 'mlxtend', 'Spearmint', 'bigartm', 'skorch', 'vigra', 'blaze', 'catalyst', 'sktime', 'ggpy', 'python-recsys', 'scikit-learn', 'river', 'tesseract', 'pytorch-lightning', 'shogun', 'spaCy', 'yalign', 'ray', 'pynlpl', 'DIGITS', 'LightGBM', 'pytorch', 'PyTorchCV', 'dash', 'polyglot', 'pymc', 'bentoml', 'pkuseg-python', 'scikit-image', 'Gymnasium', 'numpy', 'jProcessing', 'cltk', 'garage', 'zipline', 'alibi-detect', 'xcessiv', 'neural-style-pt', 'nut', 'langfuse', 'optuna', 'deeplake', 'cortex', 'tensorflow', 'pytorch-frame', 'python-timbl', 'danswerai', 'DeepPavlov', 'rasa', 'igel', 'loso', 'SynapseML', 'machine-learning', 'autogluon', 'mlens', 'scikit-learn-intelex', 'catboost', 'somoclu', 'colibri-core', 'keras-tuner', 'neuropredict', 'dowel', 'DrQA', 'deeppy', 'neuraltalk2', 'altair', 'pgmpy', 'evidently', 'detectron2', 'lightly', 'jieba', 'cleanlab', 'Petrel', 'deepface', 'caffe', 'zpar', 'typer', 'nilearn', 'mlflow', 'open-webui', 'jax', 'stellargraph', 'maze', 'pebl', 'mlx', 'open-metric-learning', 'pytorch_geometric', 'neuraltalk', 'retinaface', 'mljar-supervised', 'superset', 'bokeh', 'pytorch-image-models', 'rosetta', 'recommenders', 'tpot', 'Parris', 'pytensor', 'chainer', 'skll', 'pandas', 'bolt', 'scikit-opt', 'vispy', 'gradio', 'CoreNLP', 'xgboost']"
740,10,ChildOf,class,20,Improper Input Validation,7057,73,"['cornac', 'FEDOT', 'feast', 'aim', 'pyss3', 'matplotlib', 'lab', 'DI-engine', 'dtaidistance', 'seaborn', 'determined', 'retro', 'BioPy', 'CompreFace', 'lambdo', 'mindsdb', 'Metaworld', 'ColossalAI', 'pyqtgraph', 'gensim', 'hebel', 'textacy', 'statsmodels', 'xlearn', 'deepchecks', 'mars', 'NeuroNER', 'PySyft', 'scikit-survival', 'haystack', 'emcee', 'transformers', 'streamlit', 'lightwood', 'prodmodel', 'joliGEN', 'ViZDoom', 'pybrain', 'langflow', 'mlxtend', 'Spearmint', 'bigartm', 'skorch', 'vigra', 'blaze', 'catalyst', 'sktime', 'ggpy', 'python-recsys', 'scikit-learn', 'river', 'tesseract', 'pytorch-lightning', 'shogun', 'spaCy', 'yalign', 'ray', 'pynlpl', 'DIGITS', 'LightGBM', 'pytorch', 'PyTorchCV', 'dash', 'polyglot', 'pymc', 'bentoml', 'pkuseg-python', 'scikit-image', 'Gymnasium', 'numpy', 'jProcessing', 'cltk', 'garage', 'zipline', 'alibi-detect', 'xcessiv', 'neural-style-pt', 'nut', 'langfuse', 'optuna', 'deeplake', 'cortex', 'tensorflow', 'pytorch-frame', 'python-timbl', 'danswerai', 'DeepPavlov', 'rasa', 'igel', 'loso', 'SynapseML', 'machine-learning', 'autogluon', 'mlens', 'scikit-learn-intelex', 'catboost', 'somoclu', 'colibri-core', 'keras-tuner', 'neuropredict', 'dowel', 'DrQA', 'deeppy', 'neuraltalk2', 'altair', 'pgmpy', 'evidently', 'detectron2', 'lightly', 'jieba', 'cleanlab', 'Petrel', 'deepface', 'caffe', 'zpar', 'typer', 'nilearn', 'mlflow', 'open-webui', 'jax', 'stellargraph', 'maze', 'pebl', 'mlx', 'open-metric-learning', 'pytorch_geometric', 'neuraltalk', 'retinaface', 'mljar-supervised', 'superset', 'bokeh', 'pytorch-image-models', 'rosetta', 'recommenders', 'tpot', 'Parris', 'pytensor', 'chainer', 'skll', 'pandas', 'bolt', 'scikit-opt', 'vispy', 'gradio', 'CoreNLP', 'xgboost']"
741,11,MemberOf,category,723,OWASP Top Ten 2004 Category A2 - Broken Access Control,7057,73,"['cornac', 'FEDOT', 'feast', 'aim', 'pyss3', 'matplotlib', 'lab', 'DI-engine', 'dtaidistance', 'seaborn', 'determined', 'retro', 'BioPy', 'CompreFace', 'lambdo', 'mindsdb', 'Metaworld', 'ColossalAI', 'pyqtgraph', 'gensim', 'hebel', 'textacy', 'statsmodels', 'xlearn', 'deepchecks', 'mars', 'NeuroNER', 'PySyft', 'scikit-survival', 'haystack', 'emcee', 'transformers', 'streamlit', 'lightwood', 'prodmodel', 'joliGEN', 'ViZDoom', 'pybrain', 'langflow', 'mlxtend', 'Spearmint', 'bigartm', 'skorch', 'vigra', 'blaze', 'catalyst', 'sktime', 'ggpy', 'python-recsys', 'scikit-learn', 'river', 'tesseract', 'pytorch-lightning', 'shogun', 'spaCy', 'yalign', 'ray', 'pynlpl', 'DIGITS', 'LightGBM', 'pytorch', 'PyTorchCV', 'dash', 'polyglot', 'pymc', 'bentoml', 'pkuseg-python', 'scikit-image', 'Gymnasium', 'numpy', 'jProcessing', 'cltk', 'garage', 'zipline', 'alibi-detect', 'xcessiv', 'neural-style-pt', 'nut', 'langfuse', 'optuna', 'deeplake', 'cortex', 'tensorflow', 'pytorch-frame', 'python-timbl', 'danswerai', 'DeepPavlov', 'rasa', 'igel', 'loso', 'SynapseML', 'machine-learning', 'autogluon', 'mlens', 'scikit-learn-intelex', 'catboost', 'somoclu', 'colibri-core', 'keras-tuner', 'neuropredict', 'dowel', 'DrQA', 'deeppy', 'neuraltalk2', 'altair', 'pgmpy', 'evidently', 'detectron2', 'lightly', 'jieba', 'cleanlab', 'Petrel', 'deepface', 'caffe', 'zpar', 'typer', 'nilearn', 'mlflow', 'open-webui', 'jax', 'stellargraph', 'maze', 'pebl', 'mlx', 'open-metric-learning', 'pytorch_geometric', 'neuraltalk', 'retinaface', 'mljar-supervised', 'superset', 'bokeh', 'pytorch-image-models', 'rosetta', 'recommenders', 'tpot', 'Parris', 'pytensor', 'chainer', 'skll', 'pandas', 'bolt', 'scikit-opt', 'vispy', 'gradio', 'CoreNLP', 'xgboost']"
742,12,MemberOf,category,752,2009 Top 25 - Risky Resource Management,7057,73,"['cornac', 'FEDOT', 'feast', 'aim', 'pyss3', 'matplotlib', 'lab', 'DI-engine', 'dtaidistance', 'seaborn', 'determined', 'retro', 'BioPy', 'CompreFace', 'lambdo', 'mindsdb', 'Metaworld', 'ColossalAI', 'pyqtgraph', 'gensim', 'hebel', 'textacy', 'statsmodels', 'xlearn', 'deepchecks', 'mars', 'NeuroNER', 'PySyft', 'scikit-survival', 'haystack', 'emcee', 'transformers', 'streamlit', 'lightwood', 'prodmodel', 'joliGEN', 'ViZDoom', 'pybrain', 'langflow', 'mlxtend', 'Spearmint', 'bigartm', 'skorch', 'vigra', 'blaze', 'catalyst', 'sktime', 'ggpy', 'python-recsys', 'scikit-learn', 'river', 'tesseract', 'pytorch-lightning', 'shogun', 'spaCy', 'yalign', 'ray', 'pynlpl', 'DIGITS', 'LightGBM', 'pytorch', 'PyTorchCV', 'dash', 'polyglot', 'pymc', 'bentoml', 'pkuseg-python', 'scikit-image', 'Gymnasium', 'numpy', 'jProcessing', 'cltk', 'garage', 'zipline', 'alibi-detect', 'xcessiv', 'neural-style-pt', 'nut', 'langfuse', 'optuna', 'deeplake', 'cortex', 'tensorflow', 'pytorch-frame', 'python-timbl', 'danswerai', 'DeepPavlov', 'rasa', 'igel', 'loso', 'SynapseML', 'machine-learning', 'autogluon', 'mlens', 'scikit-learn-intelex', 'catboost', 'somoclu', 'colibri-core', 'keras-tuner', 'neuropredict', 'dowel', 'DrQA', 'deeppy', 'neuraltalk2', 'altair', 'pgmpy', 'evidently', 'detectron2', 'lightly', 'jieba', 'cleanlab', 'Petrel', 'deepface', 'caffe', 'zpar', 'typer', 'nilearn', 'mlflow', 'open-webui', 'jax', 'stellargraph', 'maze', 'pebl', 'mlx', 'open-metric-learning', 'pytorch_geometric', 'neuraltalk', 'retinaface', 'mljar-supervised', 'superset', 'bokeh', 'pytorch-image-models', 'rosetta', 'recommenders', 'tpot', 'Parris', 'pytensor', 'chainer', 'skll', 'pandas', 'bolt', 'scikit-opt', 'vispy', 'gradio', 'CoreNLP', 'xgboost']"
743,13,MemberOf,category,877,CERT C++ Secure Coding Section 09 - Input Output (FIO),7057,73,"['cornac', 'FEDOT', 'feast', 'aim', 'pyss3', 'matplotlib', 'lab', 'DI-engine', 'dtaidistance', 'seaborn', 'determined', 'retro', 'BioPy', 'CompreFace', 'lambdo', 'mindsdb', 'Metaworld', 'ColossalAI', 'pyqtgraph', 'gensim', 'hebel', 'textacy', 'statsmodels', 'xlearn', 'deepchecks', 'mars', 'NeuroNER', 'PySyft', 'scikit-survival', 'haystack', 'emcee', 'transformers', 'streamlit', 'lightwood', 'prodmodel', 'joliGEN', 'ViZDoom', 'pybrain', 'langflow', 'mlxtend', 'Spearmint', 'bigartm', 'skorch', 'vigra', 'blaze', 'catalyst', 'sktime', 'ggpy', 'python-recsys', 'scikit-learn', 'river', 'tesseract', 'pytorch-lightning', 'shogun', 'spaCy', 'yalign', 'ray', 'pynlpl', 'DIGITS', 'LightGBM', 'pytorch', 'PyTorchCV', 'dash', 'polyglot', 'pymc', 'bentoml', 'pkuseg-python', 'scikit-image', 'Gymnasium', 'numpy', 'jProcessing', 'cltk', 'garage', 'zipline', 'alibi-detect', 'xcessiv', 'neural-style-pt', 'nut', 'langfuse', 'optuna', 'deeplake', 'cortex', 'tensorflow', 'pytorch-frame', 'python-timbl', 'danswerai', 'DeepPavlov', 'rasa', 'igel', 'loso', 'SynapseML', 'machine-learning', 'autogluon', 'mlens', 'scikit-learn-intelex', 'catboost', 'somoclu', 'colibri-core', 'keras-tuner', 'neuropredict', 'dowel', 'DrQA', 'deeppy', 'neuraltalk2', 'altair', 'pgmpy', 'evidently', 'detectron2', 'lightly', 'jieba', 'cleanlab', 'Petrel', 'deepface', 'caffe', 'zpar', 'typer', 'nilearn', 'mlflow', 'open-webui', 'jax', 'stellargraph', 'maze', 'pebl', 'mlx', 'open-metric-learning', 'pytorch_geometric', 'neuraltalk', 'retinaface', 'mljar-supervised', 'superset', 'bokeh', 'pytorch-image-models', 'rosetta', 'recommenders', 'tpot', 'Parris', 'pytensor', 'chainer', 'skll', 'pandas', 'bolt', 'scikit-opt', 'vispy', 'gradio', 'CoreNLP', 'xgboost']"
744,14,MemberOf,category,981,SFP Secondary Cluster: Path Traversal,7057,73,"['cornac', 'FEDOT', 'feast', 'aim', 'pyss3', 'matplotlib', 'lab', 'DI-engine', 'dtaidistance', 'seaborn', 'determined', 'retro', 'BioPy', 'CompreFace', 'lambdo', 'mindsdb', 'Metaworld', 'ColossalAI', 'pyqtgraph', 'gensim', 'hebel', 'textacy', 'statsmodels', 'xlearn', 'deepchecks', 'mars', 'NeuroNER', 'PySyft', 'scikit-survival', 'haystack', 'emcee', 'transformers', 'streamlit', 'lightwood', 'prodmodel', 'joliGEN', 'ViZDoom', 'pybrain', 'langflow', 'mlxtend', 'Spearmint', 'bigartm', 'skorch', 'vigra', 'blaze', 'catalyst', 'sktime', 'ggpy', 'python-recsys', 'scikit-learn', 'river', 'tesseract', 'pytorch-lightning', 'shogun', 'spaCy', 'yalign', 'ray', 'pynlpl', 'DIGITS', 'LightGBM', 'pytorch', 'PyTorchCV', 'dash', 'polyglot', 'pymc', 'bentoml', 'pkuseg-python', 'scikit-image', 'Gymnasium', 'numpy', 'jProcessing', 'cltk', 'garage', 'zipline', 'alibi-detect', 'xcessiv', 'neural-style-pt', 'nut', 'langfuse', 'optuna', 'deeplake', 'cortex', 'tensorflow', 'pytorch-frame', 'python-timbl', 'danswerai', 'DeepPavlov', 'rasa', 'igel', 'loso', 'SynapseML', 'machine-learning', 'autogluon', 'mlens', 'scikit-learn-intelex', 'catboost', 'somoclu', 'colibri-core', 'keras-tuner', 'neuropredict', 'dowel', 'DrQA', 'deeppy', 'neuraltalk2', 'altair', 'pgmpy', 'evidently', 'detectron2', 'lightly', 'jieba', 'cleanlab', 'Petrel', 'deepface', 'caffe', 'zpar', 'typer', 'nilearn', 'mlflow', 'open-webui', 'jax', 'stellargraph', 'maze', 'pebl', 'mlx', 'open-metric-learning', 'pytorch_geometric', 'neuraltalk', 'retinaface', 'mljar-supervised', 'superset', 'bokeh', 'pytorch-image-models', 'rosetta', 'recommenders', 'tpot', 'Parris', 'pytensor', 'chainer', 'skll', 'pandas', 'bolt', 'scikit-opt', 'vispy', 'gradio', 'CoreNLP', 'xgboost']"
745,15,MemberOf,category,1348,OWASP Top Ten 2021 Category A04:2021 - Insecure Design,7057,73,"['cornac', 'FEDOT', 'feast', 'aim', 'pyss3', 'matplotlib', 'lab', 'DI-engine', 'dtaidistance', 'seaborn', 'determined', 'retro', 'BioPy', 'CompreFace', 'lambdo', 'mindsdb', 'Metaworld', 'ColossalAI', 'pyqtgraph', 'gensim', 'hebel', 'textacy', 'statsmodels', 'xlearn', 'deepchecks', 'mars', 'NeuroNER', 'PySyft', 'scikit-survival', 'haystack', 'emcee', 'transformers', 'streamlit', 'lightwood', 'prodmodel', 'joliGEN', 'ViZDoom', 'pybrain', 'langflow', 'mlxtend', 'Spearmint', 'bigartm', 'skorch', 'vigra', 'blaze', 'catalyst', 'sktime', 'ggpy', 'python-recsys', 'scikit-learn', 'river', 'tesseract', 'pytorch-lightning', 'shogun', 'spaCy', 'yalign', 'ray', 'pynlpl', 'DIGITS', 'LightGBM', 'pytorch', 'PyTorchCV', 'dash', 'polyglot', 'pymc', 'bentoml', 'pkuseg-python', 'scikit-image', 'Gymnasium', 'numpy', 'jProcessing', 'cltk', 'garage', 'zipline', 'alibi-detect', 'xcessiv', 'neural-style-pt', 'nut', 'langfuse', 'optuna', 'deeplake', 'cortex', 'tensorflow', 'pytorch-frame', 'python-timbl', 'danswerai', 'DeepPavlov', 'rasa', 'igel', 'loso', 'SynapseML', 'machine-learning', 'autogluon', 'mlens', 'scikit-learn-intelex', 'catboost', 'somoclu', 'colibri-core', 'keras-tuner', 'neuropredict', 'dowel', 'DrQA', 'deeppy', 'neuraltalk2', 'altair', 'pgmpy', 'evidently', 'detectron2', 'lightly', 'jieba', 'cleanlab', 'Petrel', 'deepface', 'caffe', 'zpar', 'typer', 'nilearn', 'mlflow', 'open-webui', 'jax', 'stellargraph', 'maze', 'pebl', 'mlx', 'open-metric-learning', 'pytorch_geometric', 'neuraltalk', 'retinaface', 'mljar-supervised', 'superset', 'bokeh', 'pytorch-image-models', 'rosetta', 'recommenders', 'tpot', 'Parris', 'pytensor', 'chainer', 'skll', 'pandas', 'bolt', 'scikit-opt', 'vispy', 'gradio', 'CoreNLP', 'xgboost']"
746,16,MemberOf,category,1403,Comprehensive Categorization: Exposed Resource,7057,73,"['cornac', 'FEDOT', 'feast', 'aim', 'pyss3', 'matplotlib', 'lab', 'DI-engine', 'dtaidistance', 'seaborn', 'determined', 'retro', 'BioPy', 'CompreFace', 'lambdo', 'mindsdb', 'Metaworld', 'ColossalAI', 'pyqtgraph', 'gensim', 'hebel', 'textacy', 'statsmodels', 'xlearn', 'deepchecks', 'mars', 'NeuroNER', 'PySyft', 'scikit-survival', 'haystack', 'emcee', 'transformers', 'streamlit', 'lightwood', 'prodmodel', 'joliGEN', 'ViZDoom', 'pybrain', 'langflow', 'mlxtend', 'Spearmint', 'bigartm', 'skorch', 'vigra', 'blaze', 'catalyst', 'sktime', 'ggpy', 'python-recsys', 'scikit-learn', 'river', 'tesseract', 'pytorch-lightning', 'shogun', 'spaCy', 'yalign', 'ray', 'pynlpl', 'DIGITS', 'LightGBM', 'pytorch', 'PyTorchCV', 'dash', 'polyglot', 'pymc', 'bentoml', 'pkuseg-python', 'scikit-image', 'Gymnasium', 'numpy', 'jProcessing', 'cltk', 'garage', 'zipline', 'alibi-detect', 'xcessiv', 'neural-style-pt', 'nut', 'langfuse', 'optuna', 'deeplake', 'cortex', 'tensorflow', 'pytorch-frame', 'python-timbl', 'danswerai', 'DeepPavlov', 'rasa', 'igel', 'loso', 'SynapseML', 'machine-learning', 'autogluon', 'mlens', 'scikit-learn-intelex', 'catboost', 'somoclu', 'colibri-core', 'keras-tuner', 'neuropredict', 'dowel', 'DrQA', 'deeppy', 'neuraltalk2', 'altair', 'pgmpy', 'evidently', 'detectron2', 'lightly', 'jieba', 'cleanlab', 'Petrel', 'deepface', 'caffe', 'zpar', 'typer', 'nilearn', 'mlflow', 'open-webui', 'jax', 'stellargraph', 'maze', 'pebl', 'mlx', 'open-metric-learning', 'pytorch_geometric', 'neuraltalk', 'retinaface', 'mljar-supervised', 'superset', 'bokeh', 'pytorch-image-models', 'rosetta', 'recommenders', 'tpot', 'Parris', 'pytensor', 'chainer', 'skll', 'pandas', 'bolt', 'scikit-opt', 'vispy', 'gradio', 'CoreNLP', 'xgboost']"
747,17,MemberOf,category,1441,OWASP Top Ten 2025 Category A06:2025 - Insecure Design,7057,73,"['cornac', 'FEDOT', 'feast', 'aim', 'pyss3', 'matplotlib', 'lab', 'DI-engine', 'dtaidistance', 'seaborn', 'determined', 'retro', 'BioPy', 'CompreFace', 'lambdo', 'mindsdb', 'Metaworld', 'ColossalAI', 'pyqtgraph', 'gensim', 'hebel', 'textacy', 'statsmodels', 'xlearn', 'deepchecks', 'mars', 'NeuroNER', 'PySyft', 'scikit-survival', 'haystack', 'emcee', 'transformers', 'streamlit', 'lightwood', 'prodmodel', 'joliGEN', 'ViZDoom', 'pybrain', 'langflow', 'mlxtend', 'Spearmint', 'bigartm', 'skorch', 'vigra', 'blaze', 'catalyst', 'sktime', 'ggpy', 'python-recsys', 'scikit-learn', 'river', 'tesseract', 'pytorch-lightning', 'shogun', 'spaCy', 'yalign', 'ray', 'pynlpl', 'DIGITS', 'LightGBM', 'pytorch', 'PyTorchCV', 'dash', 'polyglot', 'pymc', 'bentoml', 'pkuseg-python', 'scikit-image', 'Gymnasium', 'numpy', 'jProcessing', 'cltk', 'garage', 'zipline', 'alibi-detect', 'xcessiv', 'neural-style-pt', 'nut', 'langfuse', 'optuna', 'deeplake', 'cortex', 'tensorflow', 'pytorch-frame', 'python-timbl', 'danswerai', 'DeepPavlov', 'rasa', 'igel', 'loso', 'SynapseML', 'machine-learning', 'autogluon', 'mlens', 'scikit-learn-intelex', 'catboost', 'somoclu', 'colibri-core', 'keras-tuner', 'neuropredict', 'dowel', 'DrQA', 'deeppy', 'neuraltalk2', 'altair', 'pgmpy', 'evidently', 'detectron2', 'lightly', 'jieba', 'cleanlab', 'Petrel', 'deepface', 'caffe', 'zpar', 'typer', 'nilearn', 'mlflow', 'open-webui', 'jax', 'stellargraph', 'maze', 'pebl', 'mlx', 'open-metric-learning', 'pytorch_geometric', 'neuraltalk', 'retinaface', 'mljar-supervised', 'superset', 'bokeh', 'pytorch-image-models', 'rosetta', 'recommenders', 'tpot', 'Parris', 'pytensor', 'chainer', 'skll', 'pandas', 'bolt', 'scikit-opt', 'vispy', 'gradio', 'CoreNLP', 'xgboost']"
748,18,Self,base,73,,7057,73,"['cornac', 'FEDOT', 'feast', 'aim', 'pyss3', 'matplotlib', 'lab', 'DI-engine', 'dtaidistance', 'seaborn', 'determined', 'retro', 'BioPy', 'CompreFace', 'lambdo', 'mindsdb', 'Metaworld', 'ColossalAI', 'pyqtgraph', 'gensim', 'hebel', 'textacy', 'statsmodels', 'xlearn', 'deepchecks', 'mars', 'NeuroNER', 'PySyft', 'scikit-survival', 'haystack', 'emcee', 'transformers', 'streamlit', 'lightwood', 'prodmodel', 'joliGEN', 'ViZDoom', 'pybrain', 'langflow', 'mlxtend', 'Spearmint', 'bigartm', 'skorch', 'vigra', 'blaze', 'catalyst', 'sktime', 'ggpy', 'python-recsys', 'scikit-learn', 'river', 'tesseract', 'pytorch-lightning', 'shogun', 'spaCy', 'yalign', 'ray', 'pynlpl', 'DIGITS', 'LightGBM', 'pytorch', 'PyTorchCV', 'dash', 'polyglot', 'pymc', 'bentoml', 'pkuseg-python', 'scikit-image', 'Gymnasium', 'numpy', 'jProcessing', 'cltk', 'garage', 'zipline', 'alibi-detect', 'xcessiv', 'neural-style-pt', 'nut', 'langfuse', 'optuna', 'deeplake', 'cortex', 'tensorflow', 'pytorch-frame', 'python-timbl', 'danswerai', 'DeepPavlov', 'rasa', 'igel', 'loso', 'SynapseML', 'machine-learning', 'autogluon', 'mlens', 'scikit-learn-intelex', 'catboost', 'somoclu', 'colibri-core', 'keras-tuner', 'neuropredict', 'dowel', 'DrQA', 'deeppy', 'neuraltalk2', 'altair', 'pgmpy', 'evidently', 'detectron2', 'lightly', 'jieba', 'cleanlab', 'Petrel', 'deepface', 'caffe', 'zpar', 'typer', 'nilearn', 'mlflow', 'open-webui', 'jax', 'stellargraph', 'maze', 'pebl', 'mlx', 'open-metric-learning', 'pytorch_geometric', 'neuraltalk', 'retinaface', 'mljar-supervised', 'superset', 'bokeh', 'pytorch-image-models', 'rosetta', 'recommenders', 'tpot', 'Parris', 'pytensor', 'chainer', 'skll', 'pandas', 'bolt', 'scikit-opt', 'vispy', 'gradio', 'CoreNLP', 'xgboost']"
749,0,ChildOf,class,74,Improper Neutralization of Special Elements in Output Used by a Downstream Component ('Injection'),7057,99,"['cornac', 'FEDOT', 'feast', 'aim', 'pyss3', 'matplotlib', 'lab', 'DI-engine', 'dtaidistance', 'seaborn', 'determined', 'retro', 'BioPy', 'CompreFace', 'lambdo', 'mindsdb', 'Metaworld', 'ColossalAI', 'pyqtgraph', 'gensim', 'hebel', 'textacy', 'statsmodels', 'xlearn', 'deepchecks', 'mars', 'NeuroNER', 'PySyft', 'scikit-survival', 'haystack', 'emcee', 'transformers', 'streamlit', 'lightwood', 'prodmodel', 'joliGEN', 'ViZDoom', 'pybrain', 'langflow', 'mlxtend', 'Spearmint', 'bigartm', 'skorch', 'vigra', 'blaze', 'catalyst', 'sktime', 'ggpy', 'python-recsys', 'scikit-learn', 'river', 'tesseract', 'pytorch-lightning', 'shogun', 'spaCy', 'yalign', 'ray', 'pynlpl', 'DIGITS', 'LightGBM', 'pytorch', 'PyTorchCV', 'dash', 'polyglot', 'pymc', 'bentoml', 'pkuseg-python', 'scikit-image', 'Gymnasium', 'numpy', 'jProcessing', 'cltk', 'garage', 'zipline', 'alibi-detect', 'xcessiv', 'neural-style-pt', 'nut', 'langfuse', 'optuna', 'deeplake', 'cortex', 'tensorflow', 'pytorch-frame', 'python-timbl', 'danswerai', 'DeepPavlov', 'rasa', 'igel', 'loso', 'SynapseML', 'machine-learning', 'autogluon', 'mlens', 'scikit-learn-intelex', 'catboost', 'somoclu', 'colibri-core', 'keras-tuner', 'neuropredict', 'dowel', 'DrQA', 'deeppy', 'neuraltalk2', 'altair', 'pgmpy', 'evidently', 'detectron2', 'lightly', 'jieba', 'cleanlab', 'Petrel', 'deepface', 'caffe', 'zpar', 'typer', 'nilearn', 'mlflow', 'open-webui', 'jax', 'stellargraph', 'maze', 'pebl', 'mlx', 'open-metric-learning', 'pytorch_geometric', 'neuraltalk', 'retinaface', 'mljar-supervised', 'superset', 'bokeh', 'pytorch-image-models', 'rosetta', 'recommenders', 'tpot', 'Parris', 'pytensor', 'chainer', 'skll', 'pandas', 'bolt', 'scikit-opt', 'vispy', 'gradio', 'CoreNLP', 'xgboost']"
750,1,ParentOf,base,641,Improper Restriction of Names for Files and Other Resources,7057,99,"['cornac', 'FEDOT', 'feast', 'aim', 'pyss3', 'matplotlib', 'lab', 'DI-engine', 'dtaidistance', 'seaborn', 'determined', 'retro', 'BioPy', 'CompreFace', 'lambdo', 'mindsdb', 'Metaworld', 'ColossalAI', 'pyqtgraph', 'gensim', 'hebel', 'textacy', 'statsmodels', 'xlearn', 'deepchecks', 'mars', 'NeuroNER', 'PySyft', 'scikit-survival', 'haystack', 'emcee', 'transformers', 'streamlit', 'lightwood', 'prodmodel', 'joliGEN', 'ViZDoom', 'pybrain', 'langflow', 'mlxtend', 'Spearmint', 'bigartm', 'skorch', 'vigra', 'blaze', 'catalyst', 'sktime', 'ggpy', 'python-recsys', 'scikit-learn', 'river', 'tesseract', 'pytorch-lightning', 'shogun', 'spaCy', 'yalign', 'ray', 'pynlpl', 'DIGITS', 'LightGBM', 'pytorch', 'PyTorchCV', 'dash', 'polyglot', 'pymc', 'bentoml', 'pkuseg-python', 'scikit-image', 'Gymnasium', 'numpy', 'jProcessing', 'cltk', 'garage', 'zipline', 'alibi-detect', 'xcessiv', 'neural-style-pt', 'nut', 'langfuse', 'optuna', 'deeplake', 'cortex', 'tensorflow', 'pytorch-frame', 'python-timbl', 'danswerai', 'DeepPavlov', 'rasa', 'igel', 'loso', 'SynapseML', 'machine-learning', 'autogluon', 'mlens', 'scikit-learn-intelex', 'catboost', 'somoclu', 'colibri-core', 'keras-tuner', 'neuropredict', 'dowel', 'DrQA', 'deeppy', 'neuraltalk2', 'altair', 'pgmpy', 'evidently', 'detectron2', 'lightly', 'jieba', 'cleanlab', 'Petrel', 'deepface', 'caffe', 'zpar', 'typer', 'nilearn', 'mlflow', 'open-webui', 'jax', 'stellargraph', 'maze', 'pebl', 'mlx', 'open-metric-learning', 'pytorch_geometric', 'neuraltalk', 'retinaface', 'mljar-supervised', 'superset', 'bokeh', 'pytorch-image-models', 'rosetta', 'recommenders', 'tpot', 'Parris', 'pytensor', 'chainer', 'skll', 'pandas', 'bolt', 'scikit-opt', 'vispy', 'gradio', 'CoreNLP', 'xgboost']"
751,2,ParentOf,base,694,Use of Multiple Resources with Duplicate Identifier,7057,99,"['cornac', 'FEDOT', 'feast', 'aim', 'pyss3', 'matplotlib', 'lab', 'DI-engine', 'dtaidistance', 'seaborn', 'determined', 'retro', 'BioPy', 'CompreFace', 'lambdo', 'mindsdb', 'Metaworld', 'ColossalAI', 'pyqtgraph', 'gensim', 'hebel', 'textacy', 'statsmodels', 'xlearn', 'deepchecks', 'mars', 'NeuroNER', 'PySyft', 'scikit-survival', 'haystack', 'emcee', 'transformers', 'streamlit', 'lightwood', 'prodmodel', 'joliGEN', 'ViZDoom', 'pybrain', 'langflow', 'mlxtend', 'Spearmint', 'bigartm', 'skorch', 'vigra', 'blaze', 'catalyst', 'sktime', 'ggpy', 'python-recsys', 'scikit-learn', 'river', 'tesseract', 'pytorch-lightning', 'shogun', 'spaCy', 'yalign', 'ray', 'pynlpl', 'DIGITS', 'LightGBM', 'pytorch', 'PyTorchCV', 'dash', 'polyglot', 'pymc', 'bentoml', 'pkuseg-python', 'scikit-image', 'Gymnasium', 'numpy', 'jProcessing', 'cltk', 'garage', 'zipline', 'alibi-detect', 'xcessiv', 'neural-style-pt', 'nut', 'langfuse', 'optuna', 'deeplake', 'cortex', 'tensorflow', 'pytorch-frame', 'python-timbl', 'danswerai', 'DeepPavlov', 'rasa', 'igel', 'loso', 'SynapseML', 'machine-learning', 'autogluon', 'mlens', 'scikit-learn-intelex', 'catboost', 'somoclu', 'colibri-core', 'keras-tuner', 'neuropredict', 'dowel', 'DrQA', 'deeppy', 'neuraltalk2', 'altair', 'pgmpy', 'evidently', 'detectron2', 'lightly', 'jieba', 'cleanlab', 'Petrel', 'deepface', 'caffe', 'zpar', 'typer', 'nilearn', 'mlflow', 'open-webui', 'jax', 'stellargraph', 'maze', 'pebl', 'mlx', 'open-metric-learning', 'pytorch_geometric', 'neuraltalk', 'retinaface', 'mljar-supervised', 'superset', 'bokeh', 'pytorch-image-models', 'rosetta', 'recommenders', 'tpot', 'Parris', 'pytensor', 'chainer', 'skll', 'pandas', 'bolt', 'scikit-opt', 'vispy', 'gradio', 'CoreNLP', 'xgboost']"
752,3,ParentOf,base,914,Improper Control of Dynamically-Identified Variables,7057,99,"['cornac', 'FEDOT', 'feast', 'aim', 'pyss3', 'matplotlib', 'lab', 'DI-engine', 'dtaidistance', 'seaborn', 'determined', 'retro', 'BioPy', 'CompreFace', 'lambdo', 'mindsdb', 'Metaworld', 'ColossalAI', 'pyqtgraph', 'gensim', 'hebel', 'textacy', 'statsmodels', 'xlearn', 'deepchecks', 'mars', 'NeuroNER', 'PySyft', 'scikit-survival', 'haystack', 'emcee', 'transformers', 'streamlit', 'lightwood', 'prodmodel', 'joliGEN', 'ViZDoom', 'pybrain', 'langflow', 'mlxtend', 'Spearmint', 'bigartm', 'skorch', 'vigra', 'blaze', 'catalyst', 'sktime', 'ggpy', 'python-recsys', 'scikit-learn', 'river', 'tesseract', 'pytorch-lightning', 'shogun', 'spaCy', 'yalign', 'ray', 'pynlpl', 'DIGITS', 'LightGBM', 'pytorch', 'PyTorchCV', 'dash', 'polyglot', 'pymc', 'bentoml', 'pkuseg-python', 'scikit-image', 'Gymnasium', 'numpy', 'jProcessing', 'cltk', 'garage', 'zipline', 'alibi-detect', 'xcessiv', 'neural-style-pt', 'nut', 'langfuse', 'optuna', 'deeplake', 'cortex', 'tensorflow', 'pytorch-frame', 'python-timbl', 'danswerai', 'DeepPavlov', 'rasa', 'igel', 'loso', 'SynapseML', 'machine-learning', 'autogluon', 'mlens', 'scikit-learn-intelex', 'catboost', 'somoclu', 'colibri-core', 'keras-tuner', 'neuropredict', 'dowel', 'DrQA', 'deeppy', 'neuraltalk2', 'altair', 'pgmpy', 'evidently', 'detectron2', 'lightly', 'jieba', 'cleanlab', 'Petrel', 'deepface', 'caffe', 'zpar', 'typer', 'nilearn', 'mlflow', 'open-webui', 'jax', 'stellargraph', 'maze', 'pebl', 'mlx', 'open-metric-learning', 'pytorch_geometric', 'neuraltalk', 'retinaface', 'mljar-supervised', 'superset', 'bokeh', 'pytorch-image-models', 'rosetta', 'recommenders', 'tpot', 'Parris', 'pytensor', 'chainer', 'skll', 'pandas', 'bolt', 'scikit-opt', 'vispy', 'gradio', 'CoreNLP', 'xgboost']"
753,4,PeerOf,class,706,Use of Incorrectly-Resolved Name or Reference,7057,99,"['cornac', 'FEDOT', 'feast', 'aim', 'pyss3', 'matplotlib', 'lab', 'DI-engine', 'dtaidistance', 'seaborn', 'determined', 'retro', 'BioPy', 'CompreFace', 'lambdo', 'mindsdb', 'Metaworld', 'ColossalAI', 'pyqtgraph', 'gensim', 'hebel', 'textacy', 'statsmodels', 'xlearn', 'deepchecks', 'mars', 'NeuroNER', 'PySyft', 'scikit-survival', 'haystack', 'emcee', 'transformers', 'streamlit', 'lightwood', 'prodmodel', 'joliGEN', 'ViZDoom', 'pybrain', 'langflow', 'mlxtend', 'Spearmint', 'bigartm', 'skorch', 'vigra', 'blaze', 'catalyst', 'sktime', 'ggpy', 'python-recsys', 'scikit-learn', 'river', 'tesseract', 'pytorch-lightning', 'shogun', 'spaCy', 'yalign', 'ray', 'pynlpl', 'DIGITS', 'LightGBM', 'pytorch', 'PyTorchCV', 'dash', 'polyglot', 'pymc', 'bentoml', 'pkuseg-python', 'scikit-image', 'Gymnasium', 'numpy', 'jProcessing', 'cltk', 'garage', 'zipline', 'alibi-detect', 'xcessiv', 'neural-style-pt', 'nut', 'langfuse', 'optuna', 'deeplake', 'cortex', 'tensorflow', 'pytorch-frame', 'python-timbl', 'danswerai', 'DeepPavlov', 'rasa', 'igel', 'loso', 'SynapseML', 'machine-learning', 'autogluon', 'mlens', 'scikit-learn-intelex', 'catboost', 'somoclu', 'colibri-core', 'keras-tuner', 'neuropredict', 'dowel', 'DrQA', 'deeppy', 'neuraltalk2', 'altair', 'pgmpy', 'evidently', 'detectron2', 'lightly', 'jieba', 'cleanlab', 'Petrel', 'deepface', 'caffe', 'zpar', 'typer', 'nilearn', 'mlflow', 'open-webui', 'jax', 'stellargraph', 'maze', 'pebl', 'mlx', 'open-metric-learning', 'pytorch_geometric', 'neuraltalk', 'retinaface', 'mljar-supervised', 'superset', 'bokeh', 'pytorch-image-models', 'rosetta', 'recommenders', 'tpot', 'Parris', 'pytensor', 'chainer', 'skll', 'pandas', 'bolt', 'scikit-opt', 'vispy', 'gradio', 'CoreNLP', 'xgboost']"
754,5,MemberOf,category,1019,Validate Inputs,7057,99,"['cornac', 'FEDOT', 'feast', 'aim', 'pyss3', 'matplotlib', 'lab', 'DI-engine', 'dtaidistance', 'seaborn', 'determined', 'retro', 'BioPy', 'CompreFace', 'lambdo', 'mindsdb', 'Metaworld', 'ColossalAI', 'pyqtgraph', 'gensim', 'hebel', 'textacy', 'statsmodels', 'xlearn', 'deepchecks', 'mars', 'NeuroNER', 'PySyft', 'scikit-survival', 'haystack', 'emcee', 'transformers', 'streamlit', 'lightwood', 'prodmodel', 'joliGEN', 'ViZDoom', 'pybrain', 'langflow', 'mlxtend', 'Spearmint', 'bigartm', 'skorch', 'vigra', 'blaze', 'catalyst', 'sktime', 'ggpy', 'python-recsys', 'scikit-learn', 'river', 'tesseract', 'pytorch-lightning', 'shogun', 'spaCy', 'yalign', 'ray', 'pynlpl', 'DIGITS', 'LightGBM', 'pytorch', 'PyTorchCV', 'dash', 'polyglot', 'pymc', 'bentoml', 'pkuseg-python', 'scikit-image', 'Gymnasium', 'numpy', 'jProcessing', 'cltk', 'garage', 'zipline', 'alibi-detect', 'xcessiv', 'neural-style-pt', 'nut', 'langfuse', 'optuna', 'deeplake', 'cortex', 'tensorflow', 'pytorch-frame', 'python-timbl', 'danswerai', 'DeepPavlov', 'rasa', 'igel', 'loso', 'SynapseML', 'machine-learning', 'autogluon', 'mlens', 'scikit-learn-intelex', 'catboost', 'somoclu', 'colibri-core', 'keras-tuner', 'neuropredict', 'dowel', 'DrQA', 'deeppy', 'neuraltalk2', 'altair', 'pgmpy', 'evidently', 'detectron2', 'lightly', 'jieba', 'cleanlab', 'Petrel', 'deepface', 'caffe', 'zpar', 'typer', 'nilearn', 'mlflow', 'open-webui', 'jax', 'stellargraph', 'maze', 'pebl', 'mlx', 'open-metric-learning', 'pytorch_geometric', 'neuraltalk', 'retinaface', 'mljar-supervised', 'superset', 'bokeh', 'pytorch-image-models', 'rosetta', 'recommenders', 'tpot', 'Parris', 'pytensor', 'chainer', 'skll', 'pandas', 'bolt', 'scikit-opt', 'vispy', 'gradio', 'CoreNLP', 'xgboost']"
755,6,MemberOf,category,813,OWASP Top Ten 2010 Category A4 - Insecure Direct Object References,7057,99,"['cornac', 'FEDOT', 'feast', 'aim', 'pyss3', 'matplotlib', 'lab', 'DI-engine', 'dtaidistance', 'seaborn', 'determined', 'retro', 'BioPy', 'CompreFace', 'lambdo', 'mindsdb', 'Metaworld', 'ColossalAI', 'pyqtgraph', 'gensim', 'hebel', 'textacy', 'statsmodels', 'xlearn', 'deepchecks', 'mars', 'NeuroNER', 'PySyft', 'scikit-survival', 'haystack', 'emcee', 'transformers', 'streamlit', 'lightwood', 'prodmodel', 'joliGEN', 'ViZDoom', 'pybrain', 'langflow', 'mlxtend', 'Spearmint', 'bigartm', 'skorch', 'vigra', 'blaze', 'catalyst', 'sktime', 'ggpy', 'python-recsys', 'scikit-learn', 'river', 'tesseract', 'pytorch-lightning', 'shogun', 'spaCy', 'yalign', 'ray', 'pynlpl', 'DIGITS', 'LightGBM', 'pytorch', 'PyTorchCV', 'dash', 'polyglot', 'pymc', 'bentoml', 'pkuseg-python', 'scikit-image', 'Gymnasium', 'numpy', 'jProcessing', 'cltk', 'garage', 'zipline', 'alibi-detect', 'xcessiv', 'neural-style-pt', 'nut', 'langfuse', 'optuna', 'deeplake', 'cortex', 'tensorflow', 'pytorch-frame', 'python-timbl', 'danswerai', 'DeepPavlov', 'rasa', 'igel', 'loso', 'SynapseML', 'machine-learning', 'autogluon', 'mlens', 'scikit-learn-intelex', 'catboost', 'somoclu', 'colibri-core', 'keras-tuner', 'neuropredict', 'dowel', 'DrQA', 'deeppy', 'neuraltalk2', 'altair', 'pgmpy', 'evidently', 'detectron2', 'lightly', 'jieba', 'cleanlab', 'Petrel', 'deepface', 'caffe', 'zpar', 'typer', 'nilearn', 'mlflow', 'open-webui', 'jax', 'stellargraph', 'maze', 'pebl', 'mlx', 'open-metric-learning', 'pytorch_geometric', 'neuraltalk', 'retinaface', 'mljar-supervised', 'superset', 'bokeh', 'pytorch-image-models', 'rosetta', 'recommenders', 'tpot', 'Parris', 'pytensor', 'chainer', 'skll', 'pandas', 'bolt', 'scikit-opt', 'vispy', 'gradio', 'CoreNLP', 'xgboost']"
756,7,MemberOf,view,884,CWE Cross-section,7057,99,"['cornac', 'FEDOT', 'feast', 'aim', 'pyss3', 'matplotlib', 'lab', 'DI-engine', 'dtaidistance', 'seaborn', 'determined', 'retro', 'BioPy', 'CompreFace', 'lambdo', 'mindsdb', 'Metaworld', 'ColossalAI', 'pyqtgraph', 'gensim', 'hebel', 'textacy', 'statsmodels', 'xlearn', 'deepchecks', 'mars', 'NeuroNER', 'PySyft', 'scikit-survival', 'haystack', 'emcee', 'transformers', 'streamlit', 'lightwood', 'prodmodel', 'joliGEN', 'ViZDoom', 'pybrain', 'langflow', 'mlxtend', 'Spearmint', 'bigartm', 'skorch', 'vigra', 'blaze', 'catalyst', 'sktime', 'ggpy', 'python-recsys', 'scikit-learn', 'river', 'tesseract', 'pytorch-lightning', 'shogun', 'spaCy', 'yalign', 'ray', 'pynlpl', 'DIGITS', 'LightGBM', 'pytorch', 'PyTorchCV', 'dash', 'polyglot', 'pymc', 'bentoml', 'pkuseg-python', 'scikit-image', 'Gymnasium', 'numpy', 'jProcessing', 'cltk', 'garage', 'zipline', 'alibi-detect', 'xcessiv', 'neural-style-pt', 'nut', 'langfuse', 'optuna', 'deeplake', 'cortex', 'tensorflow', 'pytorch-frame', 'python-timbl', 'danswerai', 'DeepPavlov', 'rasa', 'igel', 'loso', 'SynapseML', 'machine-learning', 'autogluon', 'mlens', 'scikit-learn-intelex', 'catboost', 'somoclu', 'colibri-core', 'keras-tuner', 'neuropredict', 'dowel', 'DrQA', 'deeppy', 'neuraltalk2', 'altair', 'pgmpy', 'evidently', 'detectron2', 'lightly', 'jieba', 'cleanlab', 'Petrel', 'deepface', 'caffe', 'zpar', 'typer', 'nilearn', 'mlflow', 'open-webui', 'jax', 'stellargraph', 'maze', 'pebl', 'mlx', 'open-metric-learning', 'pytorch_geometric', 'neuraltalk', 'retinaface', 'mljar-supervised', 'superset', 'bokeh', 'pytorch-image-models', 'rosetta', 'recommenders', 'tpot', 'Parris', 'pytensor', 'chainer', 'skll', 'pandas', 'bolt', 'scikit-opt', 'vispy', 'gradio', 'CoreNLP', 'xgboost']"
757,8,MemberOf,category,932,OWASP Top Ten 2013 Category A4 - Insecure Direct Object References,7057,99,"['cornac', 'FEDOT', 'feast', 'aim', 'pyss3', 'matplotlib', 'lab', 'DI-engine', 'dtaidistance', 'seaborn', 'determined', 'retro', 'BioPy', 'CompreFace', 'lambdo', 'mindsdb', 'Metaworld', 'ColossalAI', 'pyqtgraph', 'gensim', 'hebel', 'textacy', 'statsmodels', 'xlearn', 'deepchecks', 'mars', 'NeuroNER', 'PySyft', 'scikit-survival', 'haystack', 'emcee', 'transformers', 'streamlit', 'lightwood', 'prodmodel', 'joliGEN', 'ViZDoom', 'pybrain', 'langflow', 'mlxtend', 'Spearmint', 'bigartm', 'skorch', 'vigra', 'blaze', 'catalyst', 'sktime', 'ggpy', 'python-recsys', 'scikit-learn', 'river', 'tesseract', 'pytorch-lightning', 'shogun', 'spaCy', 'yalign', 'ray', 'pynlpl', 'DIGITS', 'LightGBM', 'pytorch', 'PyTorchCV', 'dash', 'polyglot', 'pymc', 'bentoml', 'pkuseg-python', 'scikit-image', 'Gymnasium', 'numpy', 'jProcessing', 'cltk', 'garage', 'zipline', 'alibi-detect', 'xcessiv', 'neural-style-pt', 'nut', 'langfuse', 'optuna', 'deeplake', 'cortex', 'tensorflow', 'pytorch-frame', 'python-timbl', 'danswerai', 'DeepPavlov', 'rasa', 'igel', 'loso', 'SynapseML', 'machine-learning', 'autogluon', 'mlens', 'scikit-learn-intelex', 'catboost', 'somoclu', 'colibri-core', 'keras-tuner', 'neuropredict', 'dowel', 'DrQA', 'deeppy', 'neuraltalk2', 'altair', 'pgmpy', 'evidently', 'detectron2', 'lightly', 'jieba', 'cleanlab', 'Petrel', 'deepface', 'caffe', 'zpar', 'typer', 'nilearn', 'mlflow', 'open-webui', 'jax', 'stellargraph', 'maze', 'pebl', 'mlx', 'open-metric-learning', 'pytorch_geometric', 'neuraltalk', 'retinaface', 'mljar-supervised', 'superset', 'bokeh', 'pytorch-image-models', 'rosetta', 'recommenders', 'tpot', 'Parris', 'pytensor', 'chainer', 'skll', 'pandas', 'bolt', 'scikit-opt', 'vispy', 'gradio', 'CoreNLP', 'xgboost']"
758,9,MemberOf,category,990,SFP Secondary Cluster: Tainted Input to Command,7057,99,"['cornac', 'FEDOT', 'feast', 'aim', 'pyss3', 'matplotlib', 'lab', 'DI-engine', 'dtaidistance', 'seaborn', 'determined', 'retro', 'BioPy', 'CompreFace', 'lambdo', 'mindsdb', 'Metaworld', 'ColossalAI', 'pyqtgraph', 'gensim', 'hebel', 'textacy', 'statsmodels', 'xlearn', 'deepchecks', 'mars', 'NeuroNER', 'PySyft', 'scikit-survival', 'haystack', 'emcee', 'transformers', 'streamlit', 'lightwood', 'prodmodel', 'joliGEN', 'ViZDoom', 'pybrain', 'langflow', 'mlxtend', 'Spearmint', 'bigartm', 'skorch', 'vigra', 'blaze', 'catalyst', 'sktime', 'ggpy', 'python-recsys', 'scikit-learn', 'river', 'tesseract', 'pytorch-lightning', 'shogun', 'spaCy', 'yalign', 'ray', 'pynlpl', 'DIGITS', 'LightGBM', 'pytorch', 'PyTorchCV', 'dash', 'polyglot', 'pymc', 'bentoml', 'pkuseg-python', 'scikit-image', 'Gymnasium', 'numpy', 'jProcessing', 'cltk', 'garage', 'zipline', 'alibi-detect', 'xcessiv', 'neural-style-pt', 'nut', 'langfuse', 'optuna', 'deeplake', 'cortex', 'tensorflow', 'pytorch-frame', 'python-timbl', 'danswerai', 'DeepPavlov', 'rasa', 'igel', 'loso', 'SynapseML', 'machine-learning', 'autogluon', 'mlens', 'scikit-learn-intelex', 'catboost', 'somoclu', 'colibri-core', 'keras-tuner', 'neuropredict', 'dowel', 'DrQA', 'deeppy', 'neuraltalk2', 'altair', 'pgmpy', 'evidently', 'detectron2', 'lightly', 'jieba', 'cleanlab', 'Petrel', 'deepface', 'caffe', 'zpar', 'typer', 'nilearn', 'mlflow', 'open-webui', 'jax', 'stellargraph', 'maze', 'pebl', 'mlx', 'open-metric-learning', 'pytorch_geometric', 'neuraltalk', 'retinaface', 'mljar-supervised', 'superset', 'bokeh', 'pytorch-image-models', 'rosetta', 'recommenders', 'tpot', 'Parris', 'pytensor', 'chainer', 'skll', 'pandas', 'bolt', 'scikit-opt', 'vispy', 'gradio', 'CoreNLP', 'xgboost']"
759,10,MemberOf,category,1005,7PK - Input Validation and Representation,7057,99,"['cornac', 'FEDOT', 'feast', 'aim', 'pyss3', 'matplotlib', 'lab', 'DI-engine', 'dtaidistance', 'seaborn', 'determined', 'retro', 'BioPy', 'CompreFace', 'lambdo', 'mindsdb', 'Metaworld', 'ColossalAI', 'pyqtgraph', 'gensim', 'hebel', 'textacy', 'statsmodels', 'xlearn', 'deepchecks', 'mars', 'NeuroNER', 'PySyft', 'scikit-survival', 'haystack', 'emcee', 'transformers', 'streamlit', 'lightwood', 'prodmodel', 'joliGEN', 'ViZDoom', 'pybrain', 'langflow', 'mlxtend', 'Spearmint', 'bigartm', 'skorch', 'vigra', 'blaze', 'catalyst', 'sktime', 'ggpy', 'python-recsys', 'scikit-learn', 'river', 'tesseract', 'pytorch-lightning', 'shogun', 'spaCy', 'yalign', 'ray', 'pynlpl', 'DIGITS', 'LightGBM', 'pytorch', 'PyTorchCV', 'dash', 'polyglot', 'pymc', 'bentoml', 'pkuseg-python', 'scikit-image', 'Gymnasium', 'numpy', 'jProcessing', 'cltk', 'garage', 'zipline', 'alibi-detect', 'xcessiv', 'neural-style-pt', 'nut', 'langfuse', 'optuna', 'deeplake', 'cortex', 'tensorflow', 'pytorch-frame', 'python-timbl', 'danswerai', 'DeepPavlov', 'rasa', 'igel', 'loso', 'SynapseML', 'machine-learning', 'autogluon', 'mlens', 'scikit-learn-intelex', 'catboost', 'somoclu', 'colibri-core', 'keras-tuner', 'neuropredict', 'dowel', 'DrQA', 'deeppy', 'neuraltalk2', 'altair', 'pgmpy', 'evidently', 'detectron2', 'lightly', 'jieba', 'cleanlab', 'Petrel', 'deepface', 'caffe', 'zpar', 'typer', 'nilearn', 'mlflow', 'open-webui', 'jax', 'stellargraph', 'maze', 'pebl', 'mlx', 'open-metric-learning', 'pytorch_geometric', 'neuraltalk', 'retinaface', 'mljar-supervised', 'superset', 'bokeh', 'pytorch-image-models', 'rosetta', 'recommenders', 'tpot', 'Parris', 'pytensor', 'chainer', 'skll', 'pandas', 'bolt', 'scikit-opt', 'vispy', 'gradio', 'CoreNLP', 'xgboost']"
760,11,MemberOf,category,1131,CISQ Quality Measures (2016) - Security,7057,99,"['cornac', 'FEDOT', 'feast', 'aim', 'pyss3', 'matplotlib', 'lab', 'DI-engine', 'dtaidistance', 'seaborn', 'determined', 'retro', 'BioPy', 'CompreFace', 'lambdo', 'mindsdb', 'Metaworld', 'ColossalAI', 'pyqtgraph', 'gensim', 'hebel', 'textacy', 'statsmodels', 'xlearn', 'deepchecks', 'mars', 'NeuroNER', 'PySyft', 'scikit-survival', 'haystack', 'emcee', 'transformers', 'streamlit', 'lightwood', 'prodmodel', 'joliGEN', 'ViZDoom', 'pybrain', 'langflow', 'mlxtend', 'Spearmint', 'bigartm', 'skorch', 'vigra', 'blaze', 'catalyst', 'sktime', 'ggpy', 'python-recsys', 'scikit-learn', 'river', 'tesseract', 'pytorch-lightning', 'shogun', 'spaCy', 'yalign', 'ray', 'pynlpl', 'DIGITS', 'LightGBM', 'pytorch', 'PyTorchCV', 'dash', 'polyglot', 'pymc', 'bentoml', 'pkuseg-python', 'scikit-image', 'Gymnasium', 'numpy', 'jProcessing', 'cltk', 'garage', 'zipline', 'alibi-detect', 'xcessiv', 'neural-style-pt', 'nut', 'langfuse', 'optuna', 'deeplake', 'cortex', 'tensorflow', 'pytorch-frame', 'python-timbl', 'danswerai', 'DeepPavlov', 'rasa', 'igel', 'loso', 'SynapseML', 'machine-learning', 'autogluon', 'mlens', 'scikit-learn-intelex', 'catboost', 'somoclu', 'colibri-core', 'keras-tuner', 'neuropredict', 'dowel', 'DrQA', 'deeppy', 'neuraltalk2', 'altair', 'pgmpy', 'evidently', 'detectron2', 'lightly', 'jieba', 'cleanlab', 'Petrel', 'deepface', 'caffe', 'zpar', 'typer', 'nilearn', 'mlflow', 'open-webui', 'jax', 'stellargraph', 'maze', 'pebl', 'mlx', 'open-metric-learning', 'pytorch_geometric', 'neuraltalk', 'retinaface', 'mljar-supervised', 'superset', 'bokeh', 'pytorch-image-models', 'rosetta', 'recommenders', 'tpot', 'Parris', 'pytensor', 'chainer', 'skll', 'pandas', 'bolt', 'scikit-opt', 'vispy', 'gradio', 'CoreNLP', 'xgboost']"
761,12,MemberOf,category,1308,CISQ Quality Measures - Security,7057,99,"['cornac', 'FEDOT', 'feast', 'aim', 'pyss3', 'matplotlib', 'lab', 'DI-engine', 'dtaidistance', 'seaborn', 'determined', 'retro', 'BioPy', 'CompreFace', 'lambdo', 'mindsdb', 'Metaworld', 'ColossalAI', 'pyqtgraph', 'gensim', 'hebel', 'textacy', 'statsmodels', 'xlearn', 'deepchecks', 'mars', 'NeuroNER', 'PySyft', 'scikit-survival', 'haystack', 'emcee', 'transformers', 'streamlit', 'lightwood', 'prodmodel', 'joliGEN', 'ViZDoom', 'pybrain', 'langflow', 'mlxtend', 'Spearmint', 'bigartm', 'skorch', 'vigra', 'blaze', 'catalyst', 'sktime', 'ggpy', 'python-recsys', 'scikit-learn', 'river', 'tesseract', 'pytorch-lightning', 'shogun', 'spaCy', 'yalign', 'ray', 'pynlpl', 'DIGITS', 'LightGBM', 'pytorch', 'PyTorchCV', 'dash', 'polyglot', 'pymc', 'bentoml', 'pkuseg-python', 'scikit-image', 'Gymnasium', 'numpy', 'jProcessing', 'cltk', 'garage', 'zipline', 'alibi-detect', 'xcessiv', 'neural-style-pt', 'nut', 'langfuse', 'optuna', 'deeplake', 'cortex', 'tensorflow', 'pytorch-frame', 'python-timbl', 'danswerai', 'DeepPavlov', 'rasa', 'igel', 'loso', 'SynapseML', 'machine-learning', 'autogluon', 'mlens', 'scikit-learn-intelex', 'catboost', 'somoclu', 'colibri-core', 'keras-tuner', 'neuropredict', 'dowel', 'DrQA', 'deeppy', 'neuraltalk2', 'altair', 'pgmpy', 'evidently', 'detectron2', 'lightly', 'jieba', 'cleanlab', 'Petrel', 'deepface', 'caffe', 'zpar', 'typer', 'nilearn', 'mlflow', 'open-webui', 'jax', 'stellargraph', 'maze', 'pebl', 'mlx', 'open-metric-learning', 'pytorch_geometric', 'neuraltalk', 'retinaface', 'mljar-supervised', 'superset', 'bokeh', 'pytorch-image-models', 'rosetta', 'recommenders', 'tpot', 'Parris', 'pytensor', 'chainer', 'skll', 'pandas', 'bolt', 'scikit-opt', 'vispy', 'gradio', 'CoreNLP', 'xgboost']"
762,13,MemberOf,view,1340,CISQ Data Protection Measures,7057,99,"['cornac', 'FEDOT', 'feast', 'aim', 'pyss3', 'matplotlib', 'lab', 'DI-engine', 'dtaidistance', 'seaborn', 'determined', 'retro', 'BioPy', 'CompreFace', 'lambdo', 'mindsdb', 'Metaworld', 'ColossalAI', 'pyqtgraph', 'gensim', 'hebel', 'textacy', 'statsmodels', 'xlearn', 'deepchecks', 'mars', 'NeuroNER', 'PySyft', 'scikit-survival', 'haystack', 'emcee', 'transformers', 'streamlit', 'lightwood', 'prodmodel', 'joliGEN', 'ViZDoom', 'pybrain', 'langflow', 'mlxtend', 'Spearmint', 'bigartm', 'skorch', 'vigra', 'blaze', 'catalyst', 'sktime', 'ggpy', 'python-recsys', 'scikit-learn', 'river', 'tesseract', 'pytorch-lightning', 'shogun', 'spaCy', 'yalign', 'ray', 'pynlpl', 'DIGITS', 'LightGBM', 'pytorch', 'PyTorchCV', 'dash', 'polyglot', 'pymc', 'bentoml', 'pkuseg-python', 'scikit-image', 'Gymnasium', 'numpy', 'jProcessing', 'cltk', 'garage', 'zipline', 'alibi-detect', 'xcessiv', 'neural-style-pt', 'nut', 'langfuse', 'optuna', 'deeplake', 'cortex', 'tensorflow', 'pytorch-frame', 'python-timbl', 'danswerai', 'DeepPavlov', 'rasa', 'igel', 'loso', 'SynapseML', 'machine-learning', 'autogluon', 'mlens', 'scikit-learn-intelex', 'catboost', 'somoclu', 'colibri-core', 'keras-tuner', 'neuropredict', 'dowel', 'DrQA', 'deeppy', 'neuraltalk2', 'altair', 'pgmpy', 'evidently', 'detectron2', 'lightly', 'jieba', 'cleanlab', 'Petrel', 'deepface', 'caffe', 'zpar', 'typer', 'nilearn', 'mlflow', 'open-webui', 'jax', 'stellargraph', 'maze', 'pebl', 'mlx', 'open-metric-learning', 'pytorch_geometric', 'neuraltalk', 'retinaface', 'mljar-supervised', 'superset', 'bokeh', 'pytorch-image-models', 'rosetta', 'recommenders', 'tpot', 'Parris', 'pytensor', 'chainer', 'skll', 'pandas', 'bolt', 'scikit-opt', 'vispy', 'gradio', 'CoreNLP', 'xgboost']"
763,14,MemberOf,category,1347,OWASP Top Ten 2021 Category A03:2021 - Injection,7057,99,"['cornac', 'FEDOT', 'feast', 'aim', 'pyss3', 'matplotlib', 'lab', 'DI-engine', 'dtaidistance', 'seaborn', 'determined', 'retro', 'BioPy', 'CompreFace', 'lambdo', 'mindsdb', 'Metaworld', 'ColossalAI', 'pyqtgraph', 'gensim', 'hebel', 'textacy', 'statsmodels', 'xlearn', 'deepchecks', 'mars', 'NeuroNER', 'PySyft', 'scikit-survival', 'haystack', 'emcee', 'transformers', 'streamlit', 'lightwood', 'prodmodel', 'joliGEN', 'ViZDoom', 'pybrain', 'langflow', 'mlxtend', 'Spearmint', 'bigartm', 'skorch', 'vigra', 'blaze', 'catalyst', 'sktime', 'ggpy', 'python-recsys', 'scikit-learn', 'river', 'tesseract', 'pytorch-lightning', 'shogun', 'spaCy', 'yalign', 'ray', 'pynlpl', 'DIGITS', 'LightGBM', 'pytorch', 'PyTorchCV', 'dash', 'polyglot', 'pymc', 'bentoml', 'pkuseg-python', 'scikit-image', 'Gymnasium', 'numpy', 'jProcessing', 'cltk', 'garage', 'zipline', 'alibi-detect', 'xcessiv', 'neural-style-pt', 'nut', 'langfuse', 'optuna', 'deeplake', 'cortex', 'tensorflow', 'pytorch-frame', 'python-timbl', 'danswerai', 'DeepPavlov', 'rasa', 'igel', 'loso', 'SynapseML', 'machine-learning', 'autogluon', 'mlens', 'scikit-learn-intelex', 'catboost', 'somoclu', 'colibri-core', 'keras-tuner', 'neuropredict', 'dowel', 'DrQA', 'deeppy', 'neuraltalk2', 'altair', 'pgmpy', 'evidently', 'detectron2', 'lightly', 'jieba', 'cleanlab', 'Petrel', 'deepface', 'caffe', 'zpar', 'typer', 'nilearn', 'mlflow', 'open-webui', 'jax', 'stellargraph', 'maze', 'pebl', 'mlx', 'open-metric-learning', 'pytorch_geometric', 'neuraltalk', 'retinaface', 'mljar-supervised', 'superset', 'bokeh', 'pytorch-image-models', 'rosetta', 'recommenders', 'tpot', 'Parris', 'pytensor', 'chainer', 'skll', 'pandas', 'bolt', 'scikit-opt', 'vispy', 'gradio', 'CoreNLP', 'xgboost']"
764,15,MemberOf,category,1409,Comprehensive Categorization: Injection,7057,99,"['cornac', 'FEDOT', 'feast', 'aim', 'pyss3', 'matplotlib', 'lab', 'DI-engine', 'dtaidistance', 'seaborn', 'determined', 'retro', 'BioPy', 'CompreFace', 'lambdo', 'mindsdb', 'Metaworld', 'ColossalAI', 'pyqtgraph', 'gensim', 'hebel', 'textacy', 'statsmodels', 'xlearn', 'deepchecks', 'mars', 'NeuroNER', 'PySyft', 'scikit-survival', 'haystack', 'emcee', 'transformers', 'streamlit', 'lightwood', 'prodmodel', 'joliGEN', 'ViZDoom', 'pybrain', 'langflow', 'mlxtend', 'Spearmint', 'bigartm', 'skorch', 'vigra', 'blaze', 'catalyst', 'sktime', 'ggpy', 'python-recsys', 'scikit-learn', 'river', 'tesseract', 'pytorch-lightning', 'shogun', 'spaCy', 'yalign', 'ray', 'pynlpl', 'DIGITS', 'LightGBM', 'pytorch', 'PyTorchCV', 'dash', 'polyglot', 'pymc', 'bentoml', 'pkuseg-python', 'scikit-image', 'Gymnasium', 'numpy', 'jProcessing', 'cltk', 'garage', 'zipline', 'alibi-detect', 'xcessiv', 'neural-style-pt', 'nut', 'langfuse', 'optuna', 'deeplake', 'cortex', 'tensorflow', 'pytorch-frame', 'python-timbl', 'danswerai', 'DeepPavlov', 'rasa', 'igel', 'loso', 'SynapseML', 'machine-learning', 'autogluon', 'mlens', 'scikit-learn-intelex', 'catboost', 'somoclu', 'colibri-core', 'keras-tuner', 'neuropredict', 'dowel', 'DrQA', 'deeppy', 'neuraltalk2', 'altair', 'pgmpy', 'evidently', 'detectron2', 'lightly', 'jieba', 'cleanlab', 'Petrel', 'deepface', 'caffe', 'zpar', 'typer', 'nilearn', 'mlflow', 'open-webui', 'jax', 'stellargraph', 'maze', 'pebl', 'mlx', 'open-metric-learning', 'pytorch_geometric', 'neuraltalk', 'retinaface', 'mljar-supervised', 'superset', 'bokeh', 'pytorch-image-models', 'rosetta', 'recommenders', 'tpot', 'Parris', 'pytensor', 'chainer', 'skll', 'pandas', 'bolt', 'scikit-opt', 'vispy', 'gradio', 'CoreNLP', 'xgboost']"
765,16,MemberOf,category,1440,OWASP Top Ten 2025 Category A05:2025 - Injection,7057,99,"['cornac', 'FEDOT', 'feast', 'aim', 'pyss3', 'matplotlib', 'lab', 'DI-engine', 'dtaidistance', 'seaborn', 'determined', 'retro', 'BioPy', 'CompreFace', 'lambdo', 'mindsdb', 'Metaworld', 'ColossalAI', 'pyqtgraph', 'gensim', 'hebel', 'textacy', 'statsmodels', 'xlearn', 'deepchecks', 'mars', 'NeuroNER', 'PySyft', 'scikit-survival', 'haystack', 'emcee', 'transformers', 'streamlit', 'lightwood', 'prodmodel', 'joliGEN', 'ViZDoom', 'pybrain', 'langflow', 'mlxtend', 'Spearmint', 'bigartm', 'skorch', 'vigra', 'blaze', 'catalyst', 'sktime', 'ggpy', 'python-recsys', 'scikit-learn', 'river', 'tesseract', 'pytorch-lightning', 'shogun', 'spaCy', 'yalign', 'ray', 'pynlpl', 'DIGITS', 'LightGBM', 'pytorch', 'PyTorchCV', 'dash', 'polyglot', 'pymc', 'bentoml', 'pkuseg-python', 'scikit-image', 'Gymnasium', 'numpy', 'jProcessing', 'cltk', 'garage', 'zipline', 'alibi-detect', 'xcessiv', 'neural-style-pt', 'nut', 'langfuse', 'optuna', 'deeplake', 'cortex', 'tensorflow', 'pytorch-frame', 'python-timbl', 'danswerai', 'DeepPavlov', 'rasa', 'igel', 'loso', 'SynapseML', 'machine-learning', 'autogluon', 'mlens', 'scikit-learn-intelex', 'catboost', 'somoclu', 'colibri-core', 'keras-tuner', 'neuropredict', 'dowel', 'DrQA', 'deeppy', 'neuraltalk2', 'altair', 'pgmpy', 'evidently', 'detectron2', 'lightly', 'jieba', 'cleanlab', 'Petrel', 'deepface', 'caffe', 'zpar', 'typer', 'nilearn', 'mlflow', 'open-webui', 'jax', 'stellargraph', 'maze', 'pebl', 'mlx', 'open-metric-learning', 'pytorch_geometric', 'neuraltalk', 'retinaface', 'mljar-supervised', 'superset', 'bokeh', 'pytorch-image-models', 'rosetta', 'recommenders', 'tpot', 'Parris', 'pytensor', 'chainer', 'skll', 'pandas', 'bolt', 'scikit-opt', 'vispy', 'gradio', 'CoreNLP', 'xgboost']"
766,17,Self,class,99,,7057,99,"['cornac', 'FEDOT', 'feast', 'aim', 'pyss3', 'matplotlib', 'lab', 'DI-engine', 'dtaidistance', 'seaborn', 'determined', 'retro', 'BioPy', 'CompreFace', 'lambdo', 'mindsdb', 'Metaworld', 'ColossalAI', 'pyqtgraph', 'gensim', 'hebel', 'textacy', 'statsmodels', 'xlearn', 'deepchecks', 'mars', 'NeuroNER', 'PySyft', 'scikit-survival', 'haystack', 'emcee', 'transformers', 'streamlit', 'lightwood', 'prodmodel', 'joliGEN', 'ViZDoom', 'pybrain', 'langflow', 'mlxtend', 'Spearmint', 'bigartm', 'skorch', 'vigra', 'blaze', 'catalyst', 'sktime', 'ggpy', 'python-recsys', 'scikit-learn', 'river', 'tesseract', 'pytorch-lightning', 'shogun', 'spaCy', 'yalign', 'ray', 'pynlpl', 'DIGITS', 'LightGBM', 'pytorch', 'PyTorchCV', 'dash', 'polyglot', 'pymc', 'bentoml', 'pkuseg-python', 'scikit-image', 'Gymnasium', 'numpy', 'jProcessing', 'cltk', 'garage', 'zipline', 'alibi-detect', 'xcessiv', 'neural-style-pt', 'nut', 'langfuse', 'optuna', 'deeplake', 'cortex', 'tensorflow', 'pytorch-frame', 'python-timbl', 'danswerai', 'DeepPavlov', 'rasa', 'igel', 'loso', 'SynapseML', 'machine-learning', 'autogluon', 'mlens', 'scikit-learn-intelex', 'catboost', 'somoclu', 'colibri-core', 'keras-tuner', 'neuropredict', 'dowel', 'DrQA', 'deeppy', 'neuraltalk2', 'altair', 'pgmpy', 'evidently', 'detectron2', 'lightly', 'jieba', 'cleanlab', 'Petrel', 'deepface', 'caffe', 'zpar', 'typer', 'nilearn', 'mlflow', 'open-webui', 'jax', 'stellargraph', 'maze', 'pebl', 'mlx', 'open-metric-learning', 'pytorch_geometric', 'neuraltalk', 'retinaface', 'mljar-supervised', 'superset', 'bokeh', 'pytorch-image-models', 'rosetta', 'recommenders', 'tpot', 'Parris', 'pytensor', 'chainer', 'skll', 'pandas', 'bolt', 'scikit-opt', 'vispy', 'gradio', 'CoreNLP', 'xgboost']"
767,0,ChildOf,class,74,Improper Neutralization of Special Elements in Output Used by a Downstream Component ('Injection'),30,79,"['cornac', 'feast', 'mindsdb', 'bowtie', 'PyTorchCV', 'machine-learning', 'deepface', 'mars', 'DIGITS', 'mlflow']"
768,1,ParentOf,variant,80,Improper Neutralization of Script-Related HTML Tags in a Web Page (Basic XSS),30,79,"['cornac', 'feast', 'mindsdb', 'bowtie', 'PyTorchCV', 'machine-learning', 'deepface', 'mars', 'DIGITS', 'mlflow']"
769,2,ParentOf,variant,81,Improper Neutralization of Script in an Error Message Web Page,30,79,"['cornac', 'feast', 'mindsdb', 'bowtie', 'PyTorchCV', 'machine-learning', 'deepface', 'mars', 'DIGITS', 'mlflow']"
770,3,ParentOf,variant,83,Improper Neutralization of Script in Attributes in a Web Page,30,79,"['cornac', 'feast', 'mindsdb', 'bowtie', 'PyTorchCV', 'machine-learning', 'deepface', 'mars', 'DIGITS', 'mlflow']"
771,4,ParentOf,variant,84,Improper Neutralization of Encoded URI Schemes in a Web Page,30,79,"['cornac', 'feast', 'mindsdb', 'bowtie', 'PyTorchCV', 'machine-learning', 'deepface', 'mars', 'DIGITS', 'mlflow']"
772,5,ParentOf,variant,85,Doubled Character XSS Manipulations,30,79,"['cornac', 'feast', 'mindsdb', 'bowtie', 'PyTorchCV', 'machine-learning', 'deepface', 'mars', 'DIGITS', 'mlflow']"
773,6,ParentOf,variant,86,Improper Neutralization of Invalid Characters in Identifiers in Web Pages,30,79,"['cornac', 'feast', 'mindsdb', 'bowtie', 'PyTorchCV', 'machine-learning', 'deepface', 'mars', 'DIGITS', 'mlflow']"
774,7,ParentOf,variant,87,Improper Neutralization of Alternate XSS Syntax,30,79,"['cornac', 'feast', 'mindsdb', 'bowtie', 'PyTorchCV', 'machine-learning', 'deepface', 'mars', 'DIGITS', 'mlflow']"
775,8,PeerOf,composite,352,Cross-Site Request Forgery (CSRF),30,79,"['cornac', 'feast', 'mindsdb', 'bowtie', 'PyTorchCV', 'machine-learning', 'deepface', 'mars', 'DIGITS', 'mlflow']"
776,9,CanFollow,variant,113,Improper Neutralization of CRLF Sequences in HTTP Headers ('HTTP Request/Response Splitting'),30,79,"['cornac', 'feast', 'mindsdb', 'bowtie', 'PyTorchCV', 'machine-learning', 'deepface', 'mars', 'DIGITS', 'mlflow']"
777,10,CanFollow,base,184,Incomplete List of Disallowed Inputs,30,79,"['cornac', 'feast', 'mindsdb', 'bowtie', 'PyTorchCV', 'machine-learning', 'deepface', 'mars', 'DIGITS', 'mlflow']"
778,11,CanPrecede,base,494,Download of Code Without Integrity Check,30,79,"['cornac', 'feast', 'mindsdb', 'bowtie', 'PyTorchCV', 'machine-learning', 'deepface', 'mars', 'DIGITS', 'mlflow']"
779,12,MemberOf,category,137,Data Neutralization Issues,30,79,"['cornac', 'feast', 'mindsdb', 'bowtie', 'PyTorchCV', 'machine-learning', 'deepface', 'mars', 'DIGITS', 'mlflow']"
780,13,ChildOf,class,74,Improper Neutralization of Special Elements in Output Used by a Downstream Component ('Injection'),30,79,"['cornac', 'feast', 'mindsdb', 'bowtie', 'PyTorchCV', 'machine-learning', 'deepface', 'mars', 'DIGITS', 'mlflow']"
781,14,MemberOf,category,1019,Validate Inputs,30,79,"['cornac', 'feast', 'mindsdb', 'bowtie', 'PyTorchCV', 'machine-learning', 'deepface', 'mars', 'DIGITS', 'mlflow']"
782,15,MemberOf,view,635,Weaknesses Originally Used by NVD from 2008 to 2016,30,79,"['cornac', 'feast', 'mindsdb', 'bowtie', 'PyTorchCV', 'machine-learning', 'deepface', 'mars', 'DIGITS', 'mlflow']"
783,16,MemberOf,category,712,OWASP Top Ten 2007 Category A1 - Cross Site Scripting (XSS),30,79,"['cornac', 'feast', 'mindsdb', 'bowtie', 'PyTorchCV', 'machine-learning', 'deepface', 'mars', 'DIGITS', 'mlflow']"
784,17,MemberOf,category,722,OWASP Top Ten 2004 Category A1 - Unvalidated Input,30,79,"['cornac', 'feast', 'mindsdb', 'bowtie', 'PyTorchCV', 'machine-learning', 'deepface', 'mars', 'DIGITS', 'mlflow']"
785,18,MemberOf,category,725,OWASP Top Ten 2004 Category A4 - Cross-Site Scripting (XSS) Flaws,30,79,"['cornac', 'feast', 'mindsdb', 'bowtie', 'PyTorchCV', 'machine-learning', 'deepface', 'mars', 'DIGITS', 'mlflow']"
786,19,MemberOf,category,751,2009 Top 25 - Insecure Interaction Between Components,30,79,"['cornac', 'feast', 'mindsdb', 'bowtie', 'PyTorchCV', 'machine-learning', 'deepface', 'mars', 'DIGITS', 'mlflow']"
787,20,MemberOf,category,801,2010 Top 25 - Insecure Interaction Between Components,30,79,"['cornac', 'feast', 'mindsdb', 'bowtie', 'PyTorchCV', 'machine-learning', 'deepface', 'mars', 'DIGITS', 'mlflow']"
788,21,MemberOf,category,811,OWASP Top Ten 2010 Category A2 - Cross-Site Scripting (XSS),30,79,"['cornac', 'feast', 'mindsdb', 'bowtie', 'PyTorchCV', 'machine-learning', 'deepface', 'mars', 'DIGITS', 'mlflow']"
789,22,MemberOf,category,864,2011 Top 25 - Insecure Interaction Between Components,30,79,"['cornac', 'feast', 'mindsdb', 'bowtie', 'PyTorchCV', 'machine-learning', 'deepface', 'mars', 'DIGITS', 'mlflow']"
790,23,MemberOf,view,884,CWE Cross-section,30,79,"['cornac', 'feast', 'mindsdb', 'bowtie', 'PyTorchCV', 'machine-learning', 'deepface', 'mars', 'DIGITS', 'mlflow']"
791,24,MemberOf,category,931,OWASP Top Ten 2013 Category A3 - Cross-Site Scripting (XSS),30,79,"['cornac', 'feast', 'mindsdb', 'bowtie', 'PyTorchCV', 'machine-learning', 'deepface', 'mars', 'DIGITS', 'mlflow']"
792,25,MemberOf,category,990,SFP Secondary Cluster: Tainted Input to Command,30,79,"['cornac', 'feast', 'mindsdb', 'bowtie', 'PyTorchCV', 'machine-learning', 'deepface', 'mars', 'DIGITS', 'mlflow']"
793,26,MemberOf,category,1005,7PK - Input Validation and Representation,30,79,"['cornac', 'feast', 'mindsdb', 'bowtie', 'PyTorchCV', 'machine-learning', 'deepface', 'mars', 'DIGITS', 'mlflow']"
794,27,MemberOf,category,1033,OWASP Top Ten 2017 Category A7 - Cross-Site Scripting (XSS),30,79,"['cornac', 'feast', 'mindsdb', 'bowtie', 'PyTorchCV', 'machine-learning', 'deepface', 'mars', 'DIGITS', 'mlflow']"
795,28,MemberOf,category,1131,CISQ Quality Measures (2016) - Security,30,79,"['cornac', 'feast', 'mindsdb', 'bowtie', 'PyTorchCV', 'machine-learning', 'deepface', 'mars', 'DIGITS', 'mlflow']"
796,29,MemberOf,view,1200,Weaknesses in the 2019 CWE Top 25 Most Dangerous Software Errors,30,79,"['cornac', 'feast', 'mindsdb', 'bowtie', 'PyTorchCV', 'machine-learning', 'deepface', 'mars', 'DIGITS', 'mlflow']"
797,30,MemberOf,category,1308,CISQ Quality Measures - Security,30,79,"['cornac', 'feast', 'mindsdb', 'bowtie', 'PyTorchCV', 'machine-learning', 'deepface', 'mars', 'DIGITS', 'mlflow']"
798,31,MemberOf,view,1337,Weaknesses in the 2021 CWE Top 25 Most Dangerous Software Weaknesses,30,79,"['cornac', 'feast', 'mindsdb', 'bowtie', 'PyTorchCV', 'machine-learning', 'deepface', 'mars', 'DIGITS', 'mlflow']"
799,32,MemberOf,view,1340,CISQ Data Protection Measures,30,79,"['cornac', 'feast', 'mindsdb', 'bowtie', 'PyTorchCV', 'machine-learning', 'deepface', 'mars', 'DIGITS', 'mlflow']"
800,33,MemberOf,category,1347,OWASP Top Ten 2021 Category A03:2021 - Injection,30,79,"['cornac', 'feast', 'mindsdb', 'bowtie', 'PyTorchCV', 'machine-learning', 'deepface', 'mars', 'DIGITS', 'mlflow']"
801,34,MemberOf,view,1350,Weaknesses in the 2020 CWE Top 25 Most Dangerous Software Weaknesses,30,79,"['cornac', 'feast', 'mindsdb', 'bowtie', 'PyTorchCV', 'machine-learning', 'deepface', 'mars', 'DIGITS', 'mlflow']"
802,35,MemberOf,view,1387,Weaknesses in the 2022 CWE Top 25 Most Dangerous Software Weaknesses,30,79,"['cornac', 'feast', 'mindsdb', 'bowtie', 'PyTorchCV', 'machine-learning', 'deepface', 'mars', 'DIGITS', 'mlflow']"
803,36,MemberOf,category,1409,Comprehensive Categorization: Injection,30,79,"['cornac', 'feast', 'mindsdb', 'bowtie', 'PyTorchCV', 'machine-learning', 'deepface', 'mars', 'DIGITS', 'mlflow']"
804,37,MemberOf,view,1425,Weaknesses in the 2023 CWE Top 25 Most Dangerous Software Weaknesses,30,79,"['cornac', 'feast', 'mindsdb', 'bowtie', 'PyTorchCV', 'machine-learning', 'deepface', 'mars', 'DIGITS', 'mlflow']"
805,38,MemberOf,view,1430,Weaknesses in the 2024 CWE Top 25 Most Dangerous Software Weaknesses,30,79,"['cornac', 'feast', 'mindsdb', 'bowtie', 'PyTorchCV', 'machine-learning', 'deepface', 'mars', 'DIGITS', 'mlflow']"
806,39,MemberOf,view,1435,Weaknesses in the 2025 CWE Top 25 Most Dangerous Software Weaknesses,30,79,"['cornac', 'feast', 'mindsdb', 'bowtie', 'PyTorchCV', 'machine-learning', 'deepface', 'mars', 'DIGITS', 'mlflow']"
807,40,MemberOf,category,1440,OWASP Top Ten 2025 Category A05:2025 - Injection,30,79,"['cornac', 'feast', 'mindsdb', 'bowtie', 'PyTorchCV', 'machine-learning', 'deepface', 'mars', 'DIGITS', 'mlflow']"
808,41,MemberOf,category,1447,General Software Weaknesses that Appear in Products that Use or Support AI/ML Technology,30,79,"['cornac', 'feast', 'mindsdb', 'bowtie', 'PyTorchCV', 'machine-learning', 'deepface', 'mars', 'DIGITS', 'mlflow']"
809,42,Self,base,79,,30,79,"['cornac', 'feast', 'mindsdb', 'bowtie', 'PyTorchCV', 'machine-learning', 'deepface', 'mars', 'DIGITS', 'mlflow']"
810,0,ChildOf,pillar,707,Improper Neutralization,30,116,"['cornac', 'FEDOT', 'numpy', 'feast', 'pyod', 'pybrain', 'lifelines', 'cleanlab', 'couler', 'bowtie', 'bigartm', 'DI-engine', 'vigra', 'annoy', 'deepface', 'catalyst', 'scikit-multiflow', 'zpar', 'ggpy', 'seaborn', 'mlflow', 'alibi-detect', 'open-webui', 'notebook', 'gan', 'stellargraph', 'rockpool', 'lambdo', 'mindsdb', 'ColossalAI', 'pyqtgraph', 'pebl', 'tensorflow', 'mist', 'python-timbl', 'metric-learn', 'DeepPavlov', 'statsmodels', 'superset', 'xlearn', 'nupic.studio', 'breze', 'machine-learning', 'rgf', 'imbalanced-ensemble', 'recommenders', 'mars', 'bytehub', 'tpot', 'catboost', 'alibi', 'segmentation_models', 'pytorch', 'chainer', 'deeppy', 'PyTorchCV', 'dash', 'streamlit', 'snips-nlu', 'transformers', 'DIGITS', 'scikit-image']"
811,1,ParentOf,base,117,Improper Output Neutralization for Logs,30,116,"['cornac', 'FEDOT', 'numpy', 'feast', 'pyod', 'pybrain', 'lifelines', 'cleanlab', 'couler', 'bowtie', 'bigartm', 'DI-engine', 'vigra', 'annoy', 'deepface', 'catalyst', 'scikit-multiflow', 'zpar', 'ggpy', 'seaborn', 'mlflow', 'alibi-detect', 'open-webui', 'notebook', 'gan', 'stellargraph', 'rockpool', 'lambdo', 'mindsdb', 'ColossalAI', 'pyqtgraph', 'pebl', 'tensorflow', 'mist', 'python-timbl', 'metric-learn', 'DeepPavlov', 'statsmodels', 'superset', 'xlearn', 'nupic.studio', 'breze', 'machine-learning', 'rgf', 'imbalanced-ensemble', 'recommenders', 'mars', 'bytehub', 'tpot', 'catboost', 'alibi', 'segmentation_models', 'pytorch', 'chainer', 'deeppy', 'PyTorchCV', 'dash', 'streamlit', 'snips-nlu', 'transformers', 'DIGITS', 'scikit-image']"
812,2,ParentOf,variant,644,Improper Neutralization of HTTP Headers for Scripting Syntax,30,116,"['cornac', 'FEDOT', 'numpy', 'feast', 'pyod', 'pybrain', 'lifelines', 'cleanlab', 'couler', 'bowtie', 'bigartm', 'DI-engine', 'vigra', 'annoy', 'deepface', 'catalyst', 'scikit-multiflow', 'zpar', 'ggpy', 'seaborn', 'mlflow', 'alibi-detect', 'open-webui', 'notebook', 'gan', 'stellargraph', 'rockpool', 'lambdo', 'mindsdb', 'ColossalAI', 'pyqtgraph', 'pebl', 'tensorflow', 'mist', 'python-timbl', 'metric-learn', 'DeepPavlov', 'statsmodels', 'superset', 'xlearn', 'nupic.studio', 'breze', 'machine-learning', 'rgf', 'imbalanced-ensemble', 'recommenders', 'mars', 'bytehub', 'tpot', 'catboost', 'alibi', 'segmentation_models', 'pytorch', 'chainer', 'deeppy', 'PyTorchCV', 'dash', 'streamlit', 'snips-nlu', 'transformers', 'DIGITS', 'scikit-image']"
813,3,ParentOf,base,838,Inappropriate Encoding for Output Context,30,116,"['cornac', 'FEDOT', 'numpy', 'feast', 'pyod', 'pybrain', 'lifelines', 'cleanlab', 'couler', 'bowtie', 'bigartm', 'DI-engine', 'vigra', 'annoy', 'deepface', 'catalyst', 'scikit-multiflow', 'zpar', 'ggpy', 'seaborn', 'mlflow', 'alibi-detect', 'open-webui', 'notebook', 'gan', 'stellargraph', 'rockpool', 'lambdo', 'mindsdb', 'ColossalAI', 'pyqtgraph', 'pebl', 'tensorflow', 'mist', 'python-timbl', 'metric-learn', 'DeepPavlov', 'statsmodels', 'superset', 'xlearn', 'nupic.studio', 'breze', 'machine-learning', 'rgf', 'imbalanced-ensemble', 'recommenders', 'mars', 'bytehub', 'tpot', 'catboost', 'alibi', 'segmentation_models', 'pytorch', 'chainer', 'deeppy', 'PyTorchCV', 'dash', 'streamlit', 'snips-nlu', 'transformers', 'DIGITS', 'scikit-image']"
814,4,CanPrecede,class,74,Improper Neutralization of Special Elements in Output Used by a Downstream Component ('Injection'),30,116,"['cornac', 'FEDOT', 'numpy', 'feast', 'pyod', 'pybrain', 'lifelines', 'cleanlab', 'couler', 'bowtie', 'bigartm', 'DI-engine', 'vigra', 'annoy', 'deepface', 'catalyst', 'scikit-multiflow', 'zpar', 'ggpy', 'seaborn', 'mlflow', 'alibi-detect', 'open-webui', 'notebook', 'gan', 'stellargraph', 'rockpool', 'lambdo', 'mindsdb', 'ColossalAI', 'pyqtgraph', 'pebl', 'tensorflow', 'mist', 'python-timbl', 'metric-learn', 'DeepPavlov', 'statsmodels', 'superset', 'xlearn', 'nupic.studio', 'breze', 'machine-learning', 'rgf', 'imbalanced-ensemble', 'recommenders', 'mars', 'bytehub', 'tpot', 'catboost', 'alibi', 'segmentation_models', 'pytorch', 'chainer', 'deeppy', 'PyTorchCV', 'dash', 'streamlit', 'snips-nlu', 'transformers', 'DIGITS', 'scikit-image']"
815,5,MemberOf,view,1003,Weaknesses for Simplified Mapping of Published Vulnerabilities,30,116,"['cornac', 'FEDOT', 'numpy', 'feast', 'pyod', 'pybrain', 'lifelines', 'cleanlab', 'couler', 'bowtie', 'bigartm', 'DI-engine', 'vigra', 'annoy', 'deepface', 'catalyst', 'scikit-multiflow', 'zpar', 'ggpy', 'seaborn', 'mlflow', 'alibi-detect', 'open-webui', 'notebook', 'gan', 'stellargraph', 'rockpool', 'lambdo', 'mindsdb', 'ColossalAI', 'pyqtgraph', 'pebl', 'tensorflow', 'mist', 'python-timbl', 'metric-learn', 'DeepPavlov', 'statsmodels', 'superset', 'xlearn', 'nupic.studio', 'breze', 'machine-learning', 'rgf', 'imbalanced-ensemble', 'recommenders', 'mars', 'bytehub', 'tpot', 'catboost', 'alibi', 'segmentation_models', 'pytorch', 'chainer', 'deeppy', 'PyTorchCV', 'dash', 'streamlit', 'snips-nlu', 'transformers', 'DIGITS', 'scikit-image']"
816,6,ParentOf,base,838,Inappropriate Encoding for Output Context,30,116,"['cornac', 'FEDOT', 'numpy', 'feast', 'pyod', 'pybrain', 'lifelines', 'cleanlab', 'couler', 'bowtie', 'bigartm', 'DI-engine', 'vigra', 'annoy', 'deepface', 'catalyst', 'scikit-multiflow', 'zpar', 'ggpy', 'seaborn', 'mlflow', 'alibi-detect', 'open-webui', 'notebook', 'gan', 'stellargraph', 'rockpool', 'lambdo', 'mindsdb', 'ColossalAI', 'pyqtgraph', 'pebl', 'tensorflow', 'mist', 'python-timbl', 'metric-learn', 'DeepPavlov', 'statsmodels', 'superset', 'xlearn', 'nupic.studio', 'breze', 'machine-learning', 'rgf', 'imbalanced-ensemble', 'recommenders', 'mars', 'bytehub', 'tpot', 'catboost', 'alibi', 'segmentation_models', 'pytorch', 'chainer', 'deeppy', 'PyTorchCV', 'dash', 'streamlit', 'snips-nlu', 'transformers', 'DIGITS', 'scikit-image']"
817,7,MemberOf,category,751,2009 Top 25 - Insecure Interaction Between Components,30,116,"['cornac', 'FEDOT', 'numpy', 'feast', 'pyod', 'pybrain', 'lifelines', 'cleanlab', 'couler', 'bowtie', 'bigartm', 'DI-engine', 'vigra', 'annoy', 'deepface', 'catalyst', 'scikit-multiflow', 'zpar', 'ggpy', 'seaborn', 'mlflow', 'alibi-detect', 'open-webui', 'notebook', 'gan', 'stellargraph', 'rockpool', 'lambdo', 'mindsdb', 'ColossalAI', 'pyqtgraph', 'pebl', 'tensorflow', 'mist', 'python-timbl', 'metric-learn', 'DeepPavlov', 'statsmodels', 'superset', 'xlearn', 'nupic.studio', 'breze', 'machine-learning', 'rgf', 'imbalanced-ensemble', 'recommenders', 'mars', 'bytehub', 'tpot', 'catboost', 'alibi', 'segmentation_models', 'pytorch', 'chainer', 'deeppy', 'PyTorchCV', 'dash', 'streamlit', 'snips-nlu', 'transformers', 'DIGITS', 'scikit-image']"
818,8,MemberOf,category,845,The CERT Oracle Secure Coding Standard for Java (2011) Chapter 2 - Input Validation and Data Sanitization (IDS),30,116,"['cornac', 'FEDOT', 'numpy', 'feast', 'pyod', 'pybrain', 'lifelines', 'cleanlab', 'couler', 'bowtie', 'bigartm', 'DI-engine', 'vigra', 'annoy', 'deepface', 'catalyst', 'scikit-multiflow', 'zpar', 'ggpy', 'seaborn', 'mlflow', 'alibi-detect', 'open-webui', 'notebook', 'gan', 'stellargraph', 'rockpool', 'lambdo', 'mindsdb', 'ColossalAI', 'pyqtgraph', 'pebl', 'tensorflow', 'mist', 'python-timbl', 'metric-learn', 'DeepPavlov', 'statsmodels', 'superset', 'xlearn', 'nupic.studio', 'breze', 'machine-learning', 'rgf', 'imbalanced-ensemble', 'recommenders', 'mars', 'bytehub', 'tpot', 'catboost', 'alibi', 'segmentation_models', 'pytorch', 'chainer', 'deeppy', 'PyTorchCV', 'dash', 'streamlit', 'snips-nlu', 'transformers', 'DIGITS', 'scikit-image']"
819,9,MemberOf,category,883,CERT C++ Secure Coding Section 49 - Miscellaneous (MSC),30,116,"['cornac', 'FEDOT', 'numpy', 'feast', 'pyod', 'pybrain', 'lifelines', 'cleanlab', 'couler', 'bowtie', 'bigartm', 'DI-engine', 'vigra', 'annoy', 'deepface', 'catalyst', 'scikit-multiflow', 'zpar', 'ggpy', 'seaborn', 'mlflow', 'alibi-detect', 'open-webui', 'notebook', 'gan', 'stellargraph', 'rockpool', 'lambdo', 'mindsdb', 'ColossalAI', 'pyqtgraph', 'pebl', 'tensorflow', 'mist', 'python-timbl', 'metric-learn', 'DeepPavlov', 'statsmodels', 'superset', 'xlearn', 'nupic.studio', 'breze', 'machine-learning', 'rgf', 'imbalanced-ensemble', 'recommenders', 'mars', 'bytehub', 'tpot', 'catboost', 'alibi', 'segmentation_models', 'pytorch', 'chainer', 'deeppy', 'PyTorchCV', 'dash', 'streamlit', 'snips-nlu', 'transformers', 'DIGITS', 'scikit-image']"
820,10,MemberOf,category,992,SFP Secondary Cluster: Faulty Input Transformation,30,116,"['cornac', 'FEDOT', 'numpy', 'feast', 'pyod', 'pybrain', 'lifelines', 'cleanlab', 'couler', 'bowtie', 'bigartm', 'DI-engine', 'vigra', 'annoy', 'deepface', 'catalyst', 'scikit-multiflow', 'zpar', 'ggpy', 'seaborn', 'mlflow', 'alibi-detect', 'open-webui', 'notebook', 'gan', 'stellargraph', 'rockpool', 'lambdo', 'mindsdb', 'ColossalAI', 'pyqtgraph', 'pebl', 'tensorflow', 'mist', 'python-timbl', 'metric-learn', 'DeepPavlov', 'statsmodels', 'superset', 'xlearn', 'nupic.studio', 'breze', 'machine-learning', 'rgf', 'imbalanced-ensemble', 'recommenders', 'mars', 'bytehub', 'tpot', 'catboost', 'alibi', 'segmentation_models', 'pytorch', 'chainer', 'deeppy', 'PyTorchCV', 'dash', 'streamlit', 'snips-nlu', 'transformers', 'DIGITS', 'scikit-image']"
821,11,MemberOf,category,1134,SEI CERT Oracle Secure Coding Standard for Java - Guidelines 00. Input Validation and Data Sanitization (IDS),30,116,"['cornac', 'FEDOT', 'numpy', 'feast', 'pyod', 'pybrain', 'lifelines', 'cleanlab', 'couler', 'bowtie', 'bigartm', 'DI-engine', 'vigra', 'annoy', 'deepface', 'catalyst', 'scikit-multiflow', 'zpar', 'ggpy', 'seaborn', 'mlflow', 'alibi-detect', 'open-webui', 'notebook', 'gan', 'stellargraph', 'rockpool', 'lambdo', 'mindsdb', 'ColossalAI', 'pyqtgraph', 'pebl', 'tensorflow', 'mist', 'python-timbl', 'metric-learn', 'DeepPavlov', 'statsmodels', 'superset', 'xlearn', 'nupic.studio', 'breze', 'machine-learning', 'rgf', 'imbalanced-ensemble', 'recommenders', 'mars', 'bytehub', 'tpot', 'catboost', 'alibi', 'segmentation_models', 'pytorch', 'chainer', 'deeppy', 'PyTorchCV', 'dash', 'streamlit', 'snips-nlu', 'transformers', 'DIGITS', 'scikit-image']"
822,12,MemberOf,category,1179,SEI CERT Perl Coding Standard - Guidelines 01. Input Validation and Data Sanitization (IDS),30,116,"['cornac', 'FEDOT', 'numpy', 'feast', 'pyod', 'pybrain', 'lifelines', 'cleanlab', 'couler', 'bowtie', 'bigartm', 'DI-engine', 'vigra', 'annoy', 'deepface', 'catalyst', 'scikit-multiflow', 'zpar', 'ggpy', 'seaborn', 'mlflow', 'alibi-detect', 'open-webui', 'notebook', 'gan', 'stellargraph', 'rockpool', 'lambdo', 'mindsdb', 'ColossalAI', 'pyqtgraph', 'pebl', 'tensorflow', 'mist', 'python-timbl', 'metric-learn', 'DeepPavlov', 'statsmodels', 'superset', 'xlearn', 'nupic.studio', 'breze', 'machine-learning', 'rgf', 'imbalanced-ensemble', 'recommenders', 'mars', 'bytehub', 'tpot', 'catboost', 'alibi', 'segmentation_models', 'pytorch', 'chainer', 'deeppy', 'PyTorchCV', 'dash', 'streamlit', 'snips-nlu', 'transformers', 'DIGITS', 'scikit-image']"
823,13,MemberOf,category,1347,OWASP Top Ten 2021 Category A03:2021 - Injection,30,116,"['cornac', 'FEDOT', 'numpy', 'feast', 'pyod', 'pybrain', 'lifelines', 'cleanlab', 'couler', 'bowtie', 'bigartm', 'DI-engine', 'vigra', 'annoy', 'deepface', 'catalyst', 'scikit-multiflow', 'zpar', 'ggpy', 'seaborn', 'mlflow', 'alibi-detect', 'open-webui', 'notebook', 'gan', 'stellargraph', 'rockpool', 'lambdo', 'mindsdb', 'ColossalAI', 'pyqtgraph', 'pebl', 'tensorflow', 'mist', 'python-timbl', 'metric-learn', 'DeepPavlov', 'statsmodels', 'superset', 'xlearn', 'nupic.studio', 'breze', 'machine-learning', 'rgf', 'imbalanced-ensemble', 'recommenders', 'mars', 'bytehub', 'tpot', 'catboost', 'alibi', 'segmentation_models', 'pytorch', 'chainer', 'deeppy', 'PyTorchCV', 'dash', 'streamlit', 'snips-nlu', 'transformers', 'DIGITS', 'scikit-image']"
824,14,MemberOf,category,1407,Comprehensive Categorization: Improper Neutralization,30,116,"['cornac', 'FEDOT', 'numpy', 'feast', 'pyod', 'pybrain', 'lifelines', 'cleanlab', 'couler', 'bowtie', 'bigartm', 'DI-engine', 'vigra', 'annoy', 'deepface', 'catalyst', 'scikit-multiflow', 'zpar', 'ggpy', 'seaborn', 'mlflow', 'alibi-detect', 'open-webui', 'notebook', 'gan', 'stellargraph', 'rockpool', 'lambdo', 'mindsdb', 'ColossalAI', 'pyqtgraph', 'pebl', 'tensorflow', 'mist', 'python-timbl', 'metric-learn', 'DeepPavlov', 'statsmodels', 'superset', 'xlearn', 'nupic.studio', 'breze', 'machine-learning', 'rgf', 'imbalanced-ensemble', 'recommenders', 'mars', 'bytehub', 'tpot', 'catboost', 'alibi', 'segmentation_models', 'pytorch', 'chainer', 'deeppy', 'PyTorchCV', 'dash', 'streamlit', 'snips-nlu', 'transformers', 'DIGITS', 'scikit-image']"
825,15,MemberOf,category,1440,OWASP Top Ten 2025 Category A05:2025 - Injection,30,116,"['cornac', 'FEDOT', 'numpy', 'feast', 'pyod', 'pybrain', 'lifelines', 'cleanlab', 'couler', 'bowtie', 'bigartm', 'DI-engine', 'vigra', 'annoy', 'deepface', 'catalyst', 'scikit-multiflow', 'zpar', 'ggpy', 'seaborn', 'mlflow', 'alibi-detect', 'open-webui', 'notebook', 'gan', 'stellargraph', 'rockpool', 'lambdo', 'mindsdb', 'ColossalAI', 'pyqtgraph', 'pebl', 'tensorflow', 'mist', 'python-timbl', 'metric-learn', 'DeepPavlov', 'statsmodels', 'superset', 'xlearn', 'nupic.studio', 'breze', 'machine-learning', 'rgf', 'imbalanced-ensemble', 'recommenders', 'mars', 'bytehub', 'tpot', 'catboost', 'alibi', 'segmentation_models', 'pytorch', 'chainer', 'deeppy', 'PyTorchCV', 'dash', 'streamlit', 'snips-nlu', 'transformers', 'DIGITS', 'scikit-image']"
826,16,MemberOf,category,1447,General Software Weaknesses that Appear in Products that Use or Support AI/ML Technology,30,116,"['cornac', 'FEDOT', 'numpy', 'feast', 'pyod', 'pybrain', 'lifelines', 'cleanlab', 'couler', 'bowtie', 'bigartm', 'DI-engine', 'vigra', 'annoy', 'deepface', 'catalyst', 'scikit-multiflow', 'zpar', 'ggpy', 'seaborn', 'mlflow', 'alibi-detect', 'open-webui', 'notebook', 'gan', 'stellargraph', 'rockpool', 'lambdo', 'mindsdb', 'ColossalAI', 'pyqtgraph', 'pebl', 'tensorflow', 'mist', 'python-timbl', 'metric-learn', 'DeepPavlov', 'statsmodels', 'superset', 'xlearn', 'nupic.studio', 'breze', 'machine-learning', 'rgf', 'imbalanced-ensemble', 'recommenders', 'mars', 'bytehub', 'tpot', 'catboost', 'alibi', 'segmentation_models', 'pytorch', 'chainer', 'deeppy', 'PyTorchCV', 'dash', 'streamlit', 'snips-nlu', 'transformers', 'DIGITS', 'scikit-image']"
827,17,Self,class,116,,30,116,"['cornac', 'FEDOT', 'numpy', 'feast', 'pyod', 'pybrain', 'lifelines', 'cleanlab', 'couler', 'bowtie', 'bigartm', 'DI-engine', 'vigra', 'annoy', 'deepface', 'catalyst', 'scikit-multiflow', 'zpar', 'ggpy', 'seaborn', 'mlflow', 'alibi-detect', 'open-webui', 'notebook', 'gan', 'stellargraph', 'rockpool', 'lambdo', 'mindsdb', 'ColossalAI', 'pyqtgraph', 'pebl', 'tensorflow', 'mist', 'python-timbl', 'metric-learn', 'DeepPavlov', 'statsmodels', 'superset', 'xlearn', 'nupic.studio', 'breze', 'machine-learning', 'rgf', 'imbalanced-ensemble', 'recommenders', 'mars', 'bytehub', 'tpot', 'catboost', 'alibi', 'segmentation_models', 'pytorch', 'chainer', 'deeppy', 'PyTorchCV', 'dash', 'streamlit', 'snips-nlu', 'transformers', 'DIGITS', 'scikit-image']"
828,0,ChildOf,class,943,Improper Neutralization of Special Elements in Data Query Logic,27,89,"['feast', 'mindsdb', 'deeplake', 'open-webui', 'danswerai', 'DeepPavlov', 'mlflow', 'determined', 'rasa']"
829,1,ParentOf,variant,564,SQL Injection: Hibernate,27,89,"['feast', 'mindsdb', 'deeplake', 'open-webui', 'danswerai', 'DeepPavlov', 'mlflow', 'determined', 'rasa']"
830,2,CanFollow,variant,456,Missing Initialization of a Variable,27,89,"['feast', 'mindsdb', 'deeplake', 'open-webui', 'danswerai', 'DeepPavlov', 'mlflow', 'determined', 'rasa']"
831,3,MemberOf,category,137,Data Neutralization Issues,27,89,"['feast', 'mindsdb', 'deeplake', 'open-webui', 'danswerai', 'DeepPavlov', 'mlflow', 'determined', 'rasa']"
832,4,ChildOf,class,74,Improper Neutralization of Special Elements in Output Used by a Downstream Component ('Injection'),27,89,"['feast', 'mindsdb', 'deeplake', 'open-webui', 'danswerai', 'DeepPavlov', 'mlflow', 'determined', 'rasa']"
833,5,MemberOf,category,1019,Validate Inputs,27,89,"['feast', 'mindsdb', 'deeplake', 'open-webui', 'danswerai', 'DeepPavlov', 'mlflow', 'determined', 'rasa']"
834,6,ParentOf,variant,564,SQL Injection: Hibernate,27,89,"['feast', 'mindsdb', 'deeplake', 'open-webui', 'danswerai', 'DeepPavlov', 'mlflow', 'determined', 'rasa']"
835,7,ParentOf,variant,564,SQL Injection: Hibernate,27,89,"['feast', 'mindsdb', 'deeplake', 'open-webui', 'danswerai', 'DeepPavlov', 'mlflow', 'determined', 'rasa']"
836,8,MemberOf,view,635,Weaknesses Originally Used by NVD from 2008 to 2016,27,89,"['feast', 'mindsdb', 'deeplake', 'open-webui', 'danswerai', 'DeepPavlov', 'mlflow', 'determined', 'rasa']"
837,9,MemberOf,category,713,OWASP Top Ten 2007 Category A2 - Injection Flaws,27,89,"['feast', 'mindsdb', 'deeplake', 'open-webui', 'danswerai', 'DeepPavlov', 'mlflow', 'determined', 'rasa']"
838,10,MemberOf,category,722,OWASP Top Ten 2004 Category A1 - Unvalidated Input,27,89,"['feast', 'mindsdb', 'deeplake', 'open-webui', 'danswerai', 'DeepPavlov', 'mlflow', 'determined', 'rasa']"
839,11,MemberOf,category,727,OWASP Top Ten 2004 Category A6 - Injection Flaws,27,89,"['feast', 'mindsdb', 'deeplake', 'open-webui', 'danswerai', 'DeepPavlov', 'mlflow', 'determined', 'rasa']"
840,12,MemberOf,category,751,2009 Top 25 - Insecure Interaction Between Components,27,89,"['feast', 'mindsdb', 'deeplake', 'open-webui', 'danswerai', 'DeepPavlov', 'mlflow', 'determined', 'rasa']"
841,13,MemberOf,category,801,2010 Top 25 - Insecure Interaction Between Components,27,89,"['feast', 'mindsdb', 'deeplake', 'open-webui', 'danswerai', 'DeepPavlov', 'mlflow', 'determined', 'rasa']"
842,14,MemberOf,category,810,OWASP Top Ten 2010 Category A1 - Injection,27,89,"['feast', 'mindsdb', 'deeplake', 'open-webui', 'danswerai', 'DeepPavlov', 'mlflow', 'determined', 'rasa']"
843,15,MemberOf,category,864,2011 Top 25 - Insecure Interaction Between Components,27,89,"['feast', 'mindsdb', 'deeplake', 'open-webui', 'danswerai', 'DeepPavlov', 'mlflow', 'determined', 'rasa']"
844,16,MemberOf,view,884,CWE Cross-section,27,89,"['feast', 'mindsdb', 'deeplake', 'open-webui', 'danswerai', 'DeepPavlov', 'mlflow', 'determined', 'rasa']"
845,17,MemberOf,category,929,OWASP Top Ten 2013 Category A1 - Injection,27,89,"['feast', 'mindsdb', 'deeplake', 'open-webui', 'danswerai', 'DeepPavlov', 'mlflow', 'determined', 'rasa']"
846,18,MemberOf,category,990,SFP Secondary Cluster: Tainted Input to Command,27,89,"['feast', 'mindsdb', 'deeplake', 'open-webui', 'danswerai', 'DeepPavlov', 'mlflow', 'determined', 'rasa']"
847,19,MemberOf,category,1005,7PK - Input Validation and Representation,27,89,"['feast', 'mindsdb', 'deeplake', 'open-webui', 'danswerai', 'DeepPavlov', 'mlflow', 'determined', 'rasa']"
848,20,MemberOf,category,1027,OWASP Top Ten 2017 Category A1 - Injection,27,89,"['feast', 'mindsdb', 'deeplake', 'open-webui', 'danswerai', 'DeepPavlov', 'mlflow', 'determined', 'rasa']"
849,21,MemberOf,category,1131,CISQ Quality Measures (2016) - Security,27,89,"['feast', 'mindsdb', 'deeplake', 'open-webui', 'danswerai', 'DeepPavlov', 'mlflow', 'determined', 'rasa']"
850,22,MemberOf,view,1200,Weaknesses in the 2019 CWE Top 25 Most Dangerous Software Errors,27,89,"['feast', 'mindsdb', 'deeplake', 'open-webui', 'danswerai', 'DeepPavlov', 'mlflow', 'determined', 'rasa']"
851,23,MemberOf,category,1308,CISQ Quality Measures - Security,27,89,"['feast', 'mindsdb', 'deeplake', 'open-webui', 'danswerai', 'DeepPavlov', 'mlflow', 'determined', 'rasa']"
852,24,MemberOf,view,1337,Weaknesses in the 2021 CWE Top 25 Most Dangerous Software Weaknesses,27,89,"['feast', 'mindsdb', 'deeplake', 'open-webui', 'danswerai', 'DeepPavlov', 'mlflow', 'determined', 'rasa']"
853,25,MemberOf,view,1340,CISQ Data Protection Measures,27,89,"['feast', 'mindsdb', 'deeplake', 'open-webui', 'danswerai', 'DeepPavlov', 'mlflow', 'determined', 'rasa']"
854,26,MemberOf,category,1347,OWASP Top Ten 2021 Category A03:2021 - Injection,27,89,"['feast', 'mindsdb', 'deeplake', 'open-webui', 'danswerai', 'DeepPavlov', 'mlflow', 'determined', 'rasa']"
855,27,MemberOf,view,1350,Weaknesses in the 2020 CWE Top 25 Most Dangerous Software Weaknesses,27,89,"['feast', 'mindsdb', 'deeplake', 'open-webui', 'danswerai', 'DeepPavlov', 'mlflow', 'determined', 'rasa']"
856,28,MemberOf,view,1387,Weaknesses in the 2022 CWE Top 25 Most Dangerous Software Weaknesses,27,89,"['feast', 'mindsdb', 'deeplake', 'open-webui', 'danswerai', 'DeepPavlov', 'mlflow', 'determined', 'rasa']"
857,29,MemberOf,category,1409,Comprehensive Categorization: Injection,27,89,"['feast', 'mindsdb', 'deeplake', 'open-webui', 'danswerai', 'DeepPavlov', 'mlflow', 'determined', 'rasa']"
858,30,MemberOf,view,1425,Weaknesses in the 2023 CWE Top 25 Most Dangerous Software Weaknesses,27,89,"['feast', 'mindsdb', 'deeplake', 'open-webui', 'danswerai', 'DeepPavlov', 'mlflow', 'determined', 'rasa']"
859,31,MemberOf,view,1430,Weaknesses in the 2024 CWE Top 25 Most Dangerous Software Weaknesses,27,89,"['feast', 'mindsdb', 'deeplake', 'open-webui', 'danswerai', 'DeepPavlov', 'mlflow', 'determined', 'rasa']"
860,32,MemberOf,view,1435,Weaknesses in the 2025 CWE Top 25 Most Dangerous Software Weaknesses,27,89,"['feast', 'mindsdb', 'deeplake', 'open-webui', 'danswerai', 'DeepPavlov', 'mlflow', 'determined', 'rasa']"
861,33,MemberOf,category,1440,OWASP Top Ten 2025 Category A05:2025 - Injection,27,89,"['feast', 'mindsdb', 'deeplake', 'open-webui', 'danswerai', 'DeepPavlov', 'mlflow', 'determined', 'rasa']"
862,34,Self,base,89,,27,89,"['feast', 'mindsdb', 'deeplake', 'open-webui', 'danswerai', 'DeepPavlov', 'mlflow', 'determined', 'rasa']"
863,0,ChildOf,class,407,Inefficient Algorithmic Complexity,289,1333,"['ViZDoom', 'numpy', 'pyss3', 'langflow', 'jProcessing', 'bigartm', 'DI-engine', 'vigra', 'blaze', 'caffe', 'zpar', 'typer', 'mlflow', 'scikit-learn', 'zipline', 'retro', 'determined', 'open-webui', 'jax', 'lambdo', 'mindsdb', 'ColossalAI', 'pyqtgraph', 'gensim', 'pebl', 'cortex', 'tensorflow', 'pydantic', 'danswerai', 'pytorch-lightning', 'DeepPavlov', 'pattern', 'bokeh', 'xlearn', 'deepchecks', 'ray', 'DIGITS', 'mars', 'scikit-learn-intelex', 'catboost', 'LightGBM', 'dirty_cat', 'DrQA', 'haystack', 'emcee', 'pytorch', 'chainer', 'skll', 'PyTorchCV', 'lightning-bolts', 'CoreNLP', 'vispy', 'gradio', 'streamlit', 'dash', 'bentoml', 'xgboost', 'pymc', 'transformers', 'pgmpy']"
864,1,MemberOf,category,1226,Complexity Issues,289,1333,"['ViZDoom', 'numpy', 'pyss3', 'langflow', 'jProcessing', 'bigartm', 'DI-engine', 'vigra', 'blaze', 'caffe', 'zpar', 'typer', 'mlflow', 'scikit-learn', 'zipline', 'retro', 'determined', 'open-webui', 'jax', 'lambdo', 'mindsdb', 'ColossalAI', 'pyqtgraph', 'gensim', 'pebl', 'cortex', 'tensorflow', 'pydantic', 'danswerai', 'pytorch-lightning', 'DeepPavlov', 'pattern', 'bokeh', 'xlearn', 'deepchecks', 'ray', 'DIGITS', 'mars', 'scikit-learn-intelex', 'catboost', 'LightGBM', 'dirty_cat', 'DrQA', 'haystack', 'emcee', 'pytorch', 'chainer', 'skll', 'PyTorchCV', 'lightning-bolts', 'CoreNLP', 'vispy', 'gradio', 'streamlit', 'dash', 'bentoml', 'xgboost', 'pymc', 'transformers', 'pgmpy']"
865,2,ChildOf,class,407,Inefficient Algorithmic Complexity,289,1333,"['ViZDoom', 'numpy', 'pyss3', 'langflow', 'jProcessing', 'bigartm', 'DI-engine', 'vigra', 'blaze', 'caffe', 'zpar', 'typer', 'mlflow', 'scikit-learn', 'zipline', 'retro', 'determined', 'open-webui', 'jax', 'lambdo', 'mindsdb', 'ColossalAI', 'pyqtgraph', 'gensim', 'pebl', 'cortex', 'tensorflow', 'pydantic', 'danswerai', 'pytorch-lightning', 'DeepPavlov', 'pattern', 'bokeh', 'xlearn', 'deepchecks', 'ray', 'DIGITS', 'mars', 'scikit-learn-intelex', 'catboost', 'LightGBM', 'dirty_cat', 'DrQA', 'haystack', 'emcee', 'pytorch', 'chainer', 'skll', 'PyTorchCV', 'lightning-bolts', 'CoreNLP', 'vispy', 'gradio', 'streamlit', 'dash', 'bentoml', 'xgboost', 'pymc', 'transformers', 'pgmpy']"
866,3,MemberOf,category,1416,Comprehensive Categorization: Resource Lifecycle Management,289,1333,"['ViZDoom', 'numpy', 'pyss3', 'langflow', 'jProcessing', 'bigartm', 'DI-engine', 'vigra', 'blaze', 'caffe', 'zpar', 'typer', 'mlflow', 'scikit-learn', 'zipline', 'retro', 'determined', 'open-webui', 'jax', 'lambdo', 'mindsdb', 'ColossalAI', 'pyqtgraph', 'gensim', 'pebl', 'cortex', 'tensorflow', 'pydantic', 'danswerai', 'pytorch-lightning', 'DeepPavlov', 'pattern', 'bokeh', 'xlearn', 'deepchecks', 'ray', 'DIGITS', 'mars', 'scikit-learn-intelex', 'catboost', 'LightGBM', 'dirty_cat', 'DrQA', 'haystack', 'emcee', 'pytorch', 'chainer', 'skll', 'PyTorchCV', 'lightning-bolts', 'CoreNLP', 'vispy', 'gradio', 'streamlit', 'dash', 'bentoml', 'xgboost', 'pymc', 'transformers', 'pgmpy']"
867,4,Self,base,1333,,289,1333,"['ViZDoom', 'numpy', 'pyss3', 'langflow', 'jProcessing', 'bigartm', 'DI-engine', 'vigra', 'blaze', 'caffe', 'zpar', 'typer', 'mlflow', 'scikit-learn', 'zipline', 'retro', 'determined', 'open-webui', 'jax', 'lambdo', 'mindsdb', 'ColossalAI', 'pyqtgraph', 'gensim', 'pebl', 'cortex', 'tensorflow', 'pydantic', 'danswerai', 'pytorch-lightning', 'DeepPavlov', 'pattern', 'bokeh', 'xlearn', 'deepchecks', 'ray', 'DIGITS', 'mars', 'scikit-learn-intelex', 'catboost', 'LightGBM', 'dirty_cat', 'DrQA', 'haystack', 'emcee', 'pytorch', 'chainer', 'skll', 'PyTorchCV', 'lightning-bolts', 'CoreNLP', 'vispy', 'gradio', 'streamlit', 'dash', 'bentoml', 'xgboost', 'pymc', 'transformers', 'pgmpy']"
868,0,ChildOf,pillar,664,Improper Control of a Resource Through its Lifetime,289,400,"['ViZDoom', 'numpy', 'pyss3', 'langflow', 'jProcessing', 'bigartm', 'DI-engine', 'vigra', 'blaze', 'caffe', 'zpar', 'typer', 'mlflow', 'scikit-learn', 'zipline', 'retro', 'determined', 'open-webui', 'jax', 'lambdo', 'mindsdb', 'ColossalAI', 'pyqtgraph', 'gensim', 'pebl', 'cortex', 'tensorflow', 'pydantic', 'danswerai', 'pytorch-lightning', 'DeepPavlov', 'pattern', 'rasa', 'bokeh', 'xlearn', 'pandas', 'deepchecks', 'ray', 'DIGITS', 'mars', 'scikit-learn-intelex', 'catboost', 'LightGBM', 'dirty_cat', 'DrQA', 'haystack', 'emcee', 'pytorch', 'chainer', 'skll', 'PyTorchCV', 'lightning-bolts', 'CoreNLP', 'vispy', 'gradio', 'streamlit', 'dash', 'bentoml', 'xgboost', 'pymc', 'transformers', 'pgmpy']"
869,1,ParentOf,class,405,Asymmetric Resource Consumption (Amplification),289,400,"['ViZDoom', 'numpy', 'pyss3', 'langflow', 'jProcessing', 'bigartm', 'DI-engine', 'vigra', 'blaze', 'caffe', 'zpar', 'typer', 'mlflow', 'scikit-learn', 'zipline', 'retro', 'determined', 'open-webui', 'jax', 'lambdo', 'mindsdb', 'ColossalAI', 'pyqtgraph', 'gensim', 'pebl', 'cortex', 'tensorflow', 'pydantic', 'danswerai', 'pytorch-lightning', 'DeepPavlov', 'pattern', 'rasa', 'bokeh', 'xlearn', 'pandas', 'deepchecks', 'ray', 'DIGITS', 'mars', 'scikit-learn-intelex', 'catboost', 'LightGBM', 'dirty_cat', 'DrQA', 'haystack', 'emcee', 'pytorch', 'chainer', 'skll', 'PyTorchCV', 'lightning-bolts', 'CoreNLP', 'vispy', 'gradio', 'streamlit', 'dash', 'bentoml', 'xgboost', 'pymc', 'transformers', 'pgmpy']"
870,2,ParentOf,base,770,Allocation of Resources Without Limits or Throttling,289,400,"['ViZDoom', 'numpy', 'pyss3', 'langflow', 'jProcessing', 'bigartm', 'DI-engine', 'vigra', 'blaze', 'caffe', 'zpar', 'typer', 'mlflow', 'scikit-learn', 'zipline', 'retro', 'determined', 'open-webui', 'jax', 'lambdo', 'mindsdb', 'ColossalAI', 'pyqtgraph', 'gensim', 'pebl', 'cortex', 'tensorflow', 'pydantic', 'danswerai', 'pytorch-lightning', 'DeepPavlov', 'pattern', 'rasa', 'bokeh', 'xlearn', 'pandas', 'deepchecks', 'ray', 'DIGITS', 'mars', 'scikit-learn-intelex', 'catboost', 'LightGBM', 'dirty_cat', 'DrQA', 'haystack', 'emcee', 'pytorch', 'chainer', 'skll', 'PyTorchCV', 'lightning-bolts', 'CoreNLP', 'vispy', 'gradio', 'streamlit', 'dash', 'bentoml', 'xgboost', 'pymc', 'transformers', 'pgmpy']"
871,3,ParentOf,base,771,Missing Reference to Active Allocated Resource,289,400,"['ViZDoom', 'numpy', 'pyss3', 'langflow', 'jProcessing', 'bigartm', 'DI-engine', 'vigra', 'blaze', 'caffe', 'zpar', 'typer', 'mlflow', 'scikit-learn', 'zipline', 'retro', 'determined', 'open-webui', 'jax', 'lambdo', 'mindsdb', 'ColossalAI', 'pyqtgraph', 'gensim', 'pebl', 'cortex', 'tensorflow', 'pydantic', 'danswerai', 'pytorch-lightning', 'DeepPavlov', 'pattern', 'rasa', 'bokeh', 'xlearn', 'pandas', 'deepchecks', 'ray', 'DIGITS', 'mars', 'scikit-learn-intelex', 'catboost', 'LightGBM', 'dirty_cat', 'DrQA', 'haystack', 'emcee', 'pytorch', 'chainer', 'skll', 'PyTorchCV', 'lightning-bolts', 'CoreNLP', 'vispy', 'gradio', 'streamlit', 'dash', 'bentoml', 'xgboost', 'pymc', 'transformers', 'pgmpy']"
872,4,ParentOf,base,779,Logging of Excessive Data,289,400,"['ViZDoom', 'numpy', 'pyss3', 'langflow', 'jProcessing', 'bigartm', 'DI-engine', 'vigra', 'blaze', 'caffe', 'zpar', 'typer', 'mlflow', 'scikit-learn', 'zipline', 'retro', 'determined', 'open-webui', 'jax', 'lambdo', 'mindsdb', 'ColossalAI', 'pyqtgraph', 'gensim', 'pebl', 'cortex', 'tensorflow', 'pydantic', 'danswerai', 'pytorch-lightning', 'DeepPavlov', 'pattern', 'rasa', 'bokeh', 'xlearn', 'pandas', 'deepchecks', 'ray', 'DIGITS', 'mars', 'scikit-learn-intelex', 'catboost', 'LightGBM', 'dirty_cat', 'DrQA', 'haystack', 'emcee', 'pytorch', 'chainer', 'skll', 'PyTorchCV', 'lightning-bolts', 'CoreNLP', 'vispy', 'gradio', 'streamlit', 'dash', 'bentoml', 'xgboost', 'pymc', 'transformers', 'pgmpy']"
873,5,ParentOf,base,920,Improper Restriction of Power Consumption,289,400,"['ViZDoom', 'numpy', 'pyss3', 'langflow', 'jProcessing', 'bigartm', 'DI-engine', 'vigra', 'blaze', 'caffe', 'zpar', 'typer', 'mlflow', 'scikit-learn', 'zipline', 'retro', 'determined', 'open-webui', 'jax', 'lambdo', 'mindsdb', 'ColossalAI', 'pyqtgraph', 'gensim', 'pebl', 'cortex', 'tensorflow', 'pydantic', 'danswerai', 'pytorch-lightning', 'DeepPavlov', 'pattern', 'rasa', 'bokeh', 'xlearn', 'pandas', 'deepchecks', 'ray', 'DIGITS', 'mars', 'scikit-learn-intelex', 'catboost', 'LightGBM', 'dirty_cat', 'DrQA', 'haystack', 'emcee', 'pytorch', 'chainer', 'skll', 'PyTorchCV', 'lightning-bolts', 'CoreNLP', 'vispy', 'gradio', 'streamlit', 'dash', 'bentoml', 'xgboost', 'pymc', 'transformers', 'pgmpy']"
874,6,ParentOf,base,1235,Incorrect Use of Autoboxing and Unboxing for Performance Critical Operations,289,400,"['ViZDoom', 'numpy', 'pyss3', 'langflow', 'jProcessing', 'bigartm', 'DI-engine', 'vigra', 'blaze', 'caffe', 'zpar', 'typer', 'mlflow', 'scikit-learn', 'zipline', 'retro', 'determined', 'open-webui', 'jax', 'lambdo', 'mindsdb', 'ColossalAI', 'pyqtgraph', 'gensim', 'pebl', 'cortex', 'tensorflow', 'pydantic', 'danswerai', 'pytorch-lightning', 'DeepPavlov', 'pattern', 'rasa', 'bokeh', 'xlearn', 'pandas', 'deepchecks', 'ray', 'DIGITS', 'mars', 'scikit-learn-intelex', 'catboost', 'LightGBM', 'dirty_cat', 'DrQA', 'haystack', 'emcee', 'pytorch', 'chainer', 'skll', 'PyTorchCV', 'lightning-bolts', 'CoreNLP', 'vispy', 'gradio', 'streamlit', 'dash', 'bentoml', 'xgboost', 'pymc', 'transformers', 'pgmpy']"
875,7,ParentOf,base,1246,Improper Write Handling in Limited-write Non-Volatile Memories,289,400,"['ViZDoom', 'numpy', 'pyss3', 'langflow', 'jProcessing', 'bigartm', 'DI-engine', 'vigra', 'blaze', 'caffe', 'zpar', 'typer', 'mlflow', 'scikit-learn', 'zipline', 'retro', 'determined', 'open-webui', 'jax', 'lambdo', 'mindsdb', 'ColossalAI', 'pyqtgraph', 'gensim', 'pebl', 'cortex', 'tensorflow', 'pydantic', 'danswerai', 'pytorch-lightning', 'DeepPavlov', 'pattern', 'rasa', 'bokeh', 'xlearn', 'pandas', 'deepchecks', 'ray', 'DIGITS', 'mars', 'scikit-learn-intelex', 'catboost', 'LightGBM', 'dirty_cat', 'DrQA', 'haystack', 'emcee', 'pytorch', 'chainer', 'skll', 'PyTorchCV', 'lightning-bolts', 'CoreNLP', 'vispy', 'gradio', 'streamlit', 'dash', 'bentoml', 'xgboost', 'pymc', 'transformers', 'pgmpy']"
876,8,CanFollow,class,410,Insufficient Resource Pool,289,400,"['ViZDoom', 'numpy', 'pyss3', 'langflow', 'jProcessing', 'bigartm', 'DI-engine', 'vigra', 'blaze', 'caffe', 'zpar', 'typer', 'mlflow', 'scikit-learn', 'zipline', 'retro', 'determined', 'open-webui', 'jax', 'lambdo', 'mindsdb', 'ColossalAI', 'pyqtgraph', 'gensim', 'pebl', 'cortex', 'tensorflow', 'pydantic', 'danswerai', 'pytorch-lightning', 'DeepPavlov', 'pattern', 'rasa', 'bokeh', 'xlearn', 'pandas', 'deepchecks', 'ray', 'DIGITS', 'mars', 'scikit-learn-intelex', 'catboost', 'LightGBM', 'dirty_cat', 'DrQA', 'haystack', 'emcee', 'pytorch', 'chainer', 'skll', 'PyTorchCV', 'lightning-bolts', 'CoreNLP', 'vispy', 'gradio', 'streamlit', 'dash', 'bentoml', 'xgboost', 'pymc', 'transformers', 'pgmpy']"
877,9,MemberOf,view,1003,Weaknesses for Simplified Mapping of Published Vulnerabilities,289,400,"['ViZDoom', 'numpy', 'pyss3', 'langflow', 'jProcessing', 'bigartm', 'DI-engine', 'vigra', 'blaze', 'caffe', 'zpar', 'typer', 'mlflow', 'scikit-learn', 'zipline', 'retro', 'determined', 'open-webui', 'jax', 'lambdo', 'mindsdb', 'ColossalAI', 'pyqtgraph', 'gensim', 'pebl', 'cortex', 'tensorflow', 'pydantic', 'danswerai', 'pytorch-lightning', 'DeepPavlov', 'pattern', 'rasa', 'bokeh', 'xlearn', 'pandas', 'deepchecks', 'ray', 'DIGITS', 'mars', 'scikit-learn-intelex', 'catboost', 'LightGBM', 'dirty_cat', 'DrQA', 'haystack', 'emcee', 'pytorch', 'chainer', 'skll', 'PyTorchCV', 'lightning-bolts', 'CoreNLP', 'vispy', 'gradio', 'streamlit', 'dash', 'bentoml', 'xgboost', 'pymc', 'transformers', 'pgmpy']"
878,10,ParentOf,base,770,Allocation of Resources Without Limits or Throttling,289,400,"['ViZDoom', 'numpy', 'pyss3', 'langflow', 'jProcessing', 'bigartm', 'DI-engine', 'vigra', 'blaze', 'caffe', 'zpar', 'typer', 'mlflow', 'scikit-learn', 'zipline', 'retro', 'determined', 'open-webui', 'jax', 'lambdo', 'mindsdb', 'ColossalAI', 'pyqtgraph', 'gensim', 'pebl', 'cortex', 'tensorflow', 'pydantic', 'danswerai', 'pytorch-lightning', 'DeepPavlov', 'pattern', 'rasa', 'bokeh', 'xlearn', 'pandas', 'deepchecks', 'ray', 'DIGITS', 'mars', 'scikit-learn-intelex', 'catboost', 'LightGBM', 'dirty_cat', 'DrQA', 'haystack', 'emcee', 'pytorch', 'chainer', 'skll', 'PyTorchCV', 'lightning-bolts', 'CoreNLP', 'vispy', 'gradio', 'streamlit', 'dash', 'bentoml', 'xgboost', 'pymc', 'transformers', 'pgmpy']"
879,11,ParentOf,base,920,Improper Restriction of Power Consumption,289,400,"['ViZDoom', 'numpy', 'pyss3', 'langflow', 'jProcessing', 'bigartm', 'DI-engine', 'vigra', 'blaze', 'caffe', 'zpar', 'typer', 'mlflow', 'scikit-learn', 'zipline', 'retro', 'determined', 'open-webui', 'jax', 'lambdo', 'mindsdb', 'ColossalAI', 'pyqtgraph', 'gensim', 'pebl', 'cortex', 'tensorflow', 'pydantic', 'danswerai', 'pytorch-lightning', 'DeepPavlov', 'pattern', 'rasa', 'bokeh', 'xlearn', 'pandas', 'deepchecks', 'ray', 'DIGITS', 'mars', 'scikit-learn-intelex', 'catboost', 'LightGBM', 'dirty_cat', 'DrQA', 'haystack', 'emcee', 'pytorch', 'chainer', 'skll', 'PyTorchCV', 'lightning-bolts', 'CoreNLP', 'vispy', 'gradio', 'streamlit', 'dash', 'bentoml', 'xgboost', 'pymc', 'transformers', 'pgmpy']"
880,12,MemberOf,category,730,OWASP Top Ten 2004 Category A9 - Denial of Service,289,400,"['ViZDoom', 'numpy', 'pyss3', 'langflow', 'jProcessing', 'bigartm', 'DI-engine', 'vigra', 'blaze', 'caffe', 'zpar', 'typer', 'mlflow', 'scikit-learn', 'zipline', 'retro', 'determined', 'open-webui', 'jax', 'lambdo', 'mindsdb', 'ColossalAI', 'pyqtgraph', 'gensim', 'pebl', 'cortex', 'tensorflow', 'pydantic', 'danswerai', 'pytorch-lightning', 'DeepPavlov', 'pattern', 'rasa', 'bokeh', 'xlearn', 'pandas', 'deepchecks', 'ray', 'DIGITS', 'mars', 'scikit-learn-intelex', 'catboost', 'LightGBM', 'dirty_cat', 'DrQA', 'haystack', 'emcee', 'pytorch', 'chainer', 'skll', 'PyTorchCV', 'lightning-bolts', 'CoreNLP', 'vispy', 'gradio', 'streamlit', 'dash', 'bentoml', 'xgboost', 'pymc', 'transformers', 'pgmpy']"
881,13,MemberOf,category,858,The CERT Oracle Secure Coding Standard for Java (2011) Chapter 15 - Serialization (SER),289,400,"['ViZDoom', 'numpy', 'pyss3', 'langflow', 'jProcessing', 'bigartm', 'DI-engine', 'vigra', 'blaze', 'caffe', 'zpar', 'typer', 'mlflow', 'scikit-learn', 'zipline', 'retro', 'determined', 'open-webui', 'jax', 'lambdo', 'mindsdb', 'ColossalAI', 'pyqtgraph', 'gensim', 'pebl', 'cortex', 'tensorflow', 'pydantic', 'danswerai', 'pytorch-lightning', 'DeepPavlov', 'pattern', 'rasa', 'bokeh', 'xlearn', 'pandas', 'deepchecks', 'ray', 'DIGITS', 'mars', 'scikit-learn-intelex', 'catboost', 'LightGBM', 'dirty_cat', 'DrQA', 'haystack', 'emcee', 'pytorch', 'chainer', 'skll', 'PyTorchCV', 'lightning-bolts', 'CoreNLP', 'vispy', 'gradio', 'streamlit', 'dash', 'bentoml', 'xgboost', 'pymc', 'transformers', 'pgmpy']"
882,14,MemberOf,category,861,The CERT Oracle Secure Coding Standard for Java (2011) Chapter 18 - Miscellaneous (MSC),289,400,"['ViZDoom', 'numpy', 'pyss3', 'langflow', 'jProcessing', 'bigartm', 'DI-engine', 'vigra', 'blaze', 'caffe', 'zpar', 'typer', 'mlflow', 'scikit-learn', 'zipline', 'retro', 'determined', 'open-webui', 'jax', 'lambdo', 'mindsdb', 'ColossalAI', 'pyqtgraph', 'gensim', 'pebl', 'cortex', 'tensorflow', 'pydantic', 'danswerai', 'pytorch-lightning', 'DeepPavlov', 'pattern', 'rasa', 'bokeh', 'xlearn', 'pandas', 'deepchecks', 'ray', 'DIGITS', 'mars', 'scikit-learn-intelex', 'catboost', 'LightGBM', 'dirty_cat', 'DrQA', 'haystack', 'emcee', 'pytorch', 'chainer', 'skll', 'PyTorchCV', 'lightning-bolts', 'CoreNLP', 'vispy', 'gradio', 'streamlit', 'dash', 'bentoml', 'xgboost', 'pymc', 'transformers', 'pgmpy']"
883,15,MemberOf,view,884,CWE Cross-section,289,400,"['ViZDoom', 'numpy', 'pyss3', 'langflow', 'jProcessing', 'bigartm', 'DI-engine', 'vigra', 'blaze', 'caffe', 'zpar', 'typer', 'mlflow', 'scikit-learn', 'zipline', 'retro', 'determined', 'open-webui', 'jax', 'lambdo', 'mindsdb', 'ColossalAI', 'pyqtgraph', 'gensim', 'pebl', 'cortex', 'tensorflow', 'pydantic', 'danswerai', 'pytorch-lightning', 'DeepPavlov', 'pattern', 'rasa', 'bokeh', 'xlearn', 'pandas', 'deepchecks', 'ray', 'DIGITS', 'mars', 'scikit-learn-intelex', 'catboost', 'LightGBM', 'dirty_cat', 'DrQA', 'haystack', 'emcee', 'pytorch', 'chainer', 'skll', 'PyTorchCV', 'lightning-bolts', 'CoreNLP', 'vispy', 'gradio', 'streamlit', 'dash', 'bentoml', 'xgboost', 'pymc', 'transformers', 'pgmpy']"
884,16,MemberOf,category,985,SFP Secondary Cluster: Unrestricted Consumption,289,400,"['ViZDoom', 'numpy', 'pyss3', 'langflow', 'jProcessing', 'bigartm', 'DI-engine', 'vigra', 'blaze', 'caffe', 'zpar', 'typer', 'mlflow', 'scikit-learn', 'zipline', 'retro', 'determined', 'open-webui', 'jax', 'lambdo', 'mindsdb', 'ColossalAI', 'pyqtgraph', 'gensim', 'pebl', 'cortex', 'tensorflow', 'pydantic', 'danswerai', 'pytorch-lightning', 'DeepPavlov', 'pattern', 'rasa', 'bokeh', 'xlearn', 'pandas', 'deepchecks', 'ray', 'DIGITS', 'mars', 'scikit-learn-intelex', 'catboost', 'LightGBM', 'dirty_cat', 'DrQA', 'haystack', 'emcee', 'pytorch', 'chainer', 'skll', 'PyTorchCV', 'lightning-bolts', 'CoreNLP', 'vispy', 'gradio', 'streamlit', 'dash', 'bentoml', 'xgboost', 'pymc', 'transformers', 'pgmpy']"
885,17,MemberOf,category,1148,SEI CERT Oracle Secure Coding Standard for Java - Guidelines 14. Serialization (SER),289,400,"['ViZDoom', 'numpy', 'pyss3', 'langflow', 'jProcessing', 'bigartm', 'DI-engine', 'vigra', 'blaze', 'caffe', 'zpar', 'typer', 'mlflow', 'scikit-learn', 'zipline', 'retro', 'determined', 'open-webui', 'jax', 'lambdo', 'mindsdb', 'ColossalAI', 'pyqtgraph', 'gensim', 'pebl', 'cortex', 'tensorflow', 'pydantic', 'danswerai', 'pytorch-lightning', 'DeepPavlov', 'pattern', 'rasa', 'bokeh', 'xlearn', 'pandas', 'deepchecks', 'ray', 'DIGITS', 'mars', 'scikit-learn-intelex', 'catboost', 'LightGBM', 'dirty_cat', 'DrQA', 'haystack', 'emcee', 'pytorch', 'chainer', 'skll', 'PyTorchCV', 'lightning-bolts', 'CoreNLP', 'vispy', 'gradio', 'streamlit', 'dash', 'bentoml', 'xgboost', 'pymc', 'transformers', 'pgmpy']"
886,18,MemberOf,category,1152,SEI CERT Oracle Secure Coding Standard for Java - Guidelines 49. Miscellaneous (MSC),289,400,"['ViZDoom', 'numpy', 'pyss3', 'langflow', 'jProcessing', 'bigartm', 'DI-engine', 'vigra', 'blaze', 'caffe', 'zpar', 'typer', 'mlflow', 'scikit-learn', 'zipline', 'retro', 'determined', 'open-webui', 'jax', 'lambdo', 'mindsdb', 'ColossalAI', 'pyqtgraph', 'gensim', 'pebl', 'cortex', 'tensorflow', 'pydantic', 'danswerai', 'pytorch-lightning', 'DeepPavlov', 'pattern', 'rasa', 'bokeh', 'xlearn', 'pandas', 'deepchecks', 'ray', 'DIGITS', 'mars', 'scikit-learn-intelex', 'catboost', 'LightGBM', 'dirty_cat', 'DrQA', 'haystack', 'emcee', 'pytorch', 'chainer', 'skll', 'PyTorchCV', 'lightning-bolts', 'CoreNLP', 'vispy', 'gradio', 'streamlit', 'dash', 'bentoml', 'xgboost', 'pymc', 'transformers', 'pgmpy']"
887,19,MemberOf,view,1200,Weaknesses in the 2019 CWE Top 25 Most Dangerous Software Errors,289,400,"['ViZDoom', 'numpy', 'pyss3', 'langflow', 'jProcessing', 'bigartm', 'DI-engine', 'vigra', 'blaze', 'caffe', 'zpar', 'typer', 'mlflow', 'scikit-learn', 'zipline', 'retro', 'determined', 'open-webui', 'jax', 'lambdo', 'mindsdb', 'ColossalAI', 'pyqtgraph', 'gensim', 'pebl', 'cortex', 'tensorflow', 'pydantic', 'danswerai', 'pytorch-lightning', 'DeepPavlov', 'pattern', 'rasa', 'bokeh', 'xlearn', 'pandas', 'deepchecks', 'ray', 'DIGITS', 'mars', 'scikit-learn-intelex', 'catboost', 'LightGBM', 'dirty_cat', 'DrQA', 'haystack', 'emcee', 'pytorch', 'chainer', 'skll', 'PyTorchCV', 'lightning-bolts', 'CoreNLP', 'vispy', 'gradio', 'streamlit', 'dash', 'bentoml', 'xgboost', 'pymc', 'transformers', 'pgmpy']"
888,20,MemberOf,view,1350,Weaknesses in the 2020 CWE Top 25 Most Dangerous Software Weaknesses,289,400,"['ViZDoom', 'numpy', 'pyss3', 'langflow', 'jProcessing', 'bigartm', 'DI-engine', 'vigra', 'blaze', 'caffe', 'zpar', 'typer', 'mlflow', 'scikit-learn', 'zipline', 'retro', 'determined', 'open-webui', 'jax', 'lambdo', 'mindsdb', 'ColossalAI', 'pyqtgraph', 'gensim', 'pebl', 'cortex', 'tensorflow', 'pydantic', 'danswerai', 'pytorch-lightning', 'DeepPavlov', 'pattern', 'rasa', 'bokeh', 'xlearn', 'pandas', 'deepchecks', 'ray', 'DIGITS', 'mars', 'scikit-learn-intelex', 'catboost', 'LightGBM', 'dirty_cat', 'DrQA', 'haystack', 'emcee', 'pytorch', 'chainer', 'skll', 'PyTorchCV', 'lightning-bolts', 'CoreNLP', 'vispy', 'gradio', 'streamlit', 'dash', 'bentoml', 'xgboost', 'pymc', 'transformers', 'pgmpy']"
889,21,MemberOf,view,1387,Weaknesses in the 2022 CWE Top 25 Most Dangerous Software Weaknesses,289,400,"['ViZDoom', 'numpy', 'pyss3', 'langflow', 'jProcessing', 'bigartm', 'DI-engine', 'vigra', 'blaze', 'caffe', 'zpar', 'typer', 'mlflow', 'scikit-learn', 'zipline', 'retro', 'determined', 'open-webui', 'jax', 'lambdo', 'mindsdb', 'ColossalAI', 'pyqtgraph', 'gensim', 'pebl', 'cortex', 'tensorflow', 'pydantic', 'danswerai', 'pytorch-lightning', 'DeepPavlov', 'pattern', 'rasa', 'bokeh', 'xlearn', 'pandas', 'deepchecks', 'ray', 'DIGITS', 'mars', 'scikit-learn-intelex', 'catboost', 'LightGBM', 'dirty_cat', 'DrQA', 'haystack', 'emcee', 'pytorch', 'chainer', 'skll', 'PyTorchCV', 'lightning-bolts', 'CoreNLP', 'vispy', 'gradio', 'streamlit', 'dash', 'bentoml', 'xgboost', 'pymc', 'transformers', 'pgmpy']"
890,22,MemberOf,category,1416,Comprehensive Categorization: Resource Lifecycle Management,289,400,"['ViZDoom', 'numpy', 'pyss3', 'langflow', 'jProcessing', 'bigartm', 'DI-engine', 'vigra', 'blaze', 'caffe', 'zpar', 'typer', 'mlflow', 'scikit-learn', 'zipline', 'retro', 'determined', 'open-webui', 'jax', 'lambdo', 'mindsdb', 'ColossalAI', 'pyqtgraph', 'gensim', 'pebl', 'cortex', 'tensorflow', 'pydantic', 'danswerai', 'pytorch-lightning', 'DeepPavlov', 'pattern', 'rasa', 'bokeh', 'xlearn', 'pandas', 'deepchecks', 'ray', 'DIGITS', 'mars', 'scikit-learn-intelex', 'catboost', 'LightGBM', 'dirty_cat', 'DrQA', 'haystack', 'emcee', 'pytorch', 'chainer', 'skll', 'PyTorchCV', 'lightning-bolts', 'CoreNLP', 'vispy', 'gradio', 'streamlit', 'dash', 'bentoml', 'xgboost', 'pymc', 'transformers', 'pgmpy']"
891,23,MemberOf,view,1430,Weaknesses in the 2024 CWE Top 25 Most Dangerous Software Weaknesses,289,400,"['ViZDoom', 'numpy', 'pyss3', 'langflow', 'jProcessing', 'bigartm', 'DI-engine', 'vigra', 'blaze', 'caffe', 'zpar', 'typer', 'mlflow', 'scikit-learn', 'zipline', 'retro', 'determined', 'open-webui', 'jax', 'lambdo', 'mindsdb', 'ColossalAI', 'pyqtgraph', 'gensim', 'pebl', 'cortex', 'tensorflow', 'pydantic', 'danswerai', 'pytorch-lightning', 'DeepPavlov', 'pattern', 'rasa', 'bokeh', 'xlearn', 'pandas', 'deepchecks', 'ray', 'DIGITS', 'mars', 'scikit-learn-intelex', 'catboost', 'LightGBM', 'dirty_cat', 'DrQA', 'haystack', 'emcee', 'pytorch', 'chainer', 'skll', 'PyTorchCV', 'lightning-bolts', 'CoreNLP', 'vispy', 'gradio', 'streamlit', 'dash', 'bentoml', 'xgboost', 'pymc', 'transformers', 'pgmpy']"
892,24,Self,class,400,,289,400,"['ViZDoom', 'numpy', 'pyss3', 'langflow', 'jProcessing', 'bigartm', 'DI-engine', 'vigra', 'blaze', 'caffe', 'zpar', 'typer', 'mlflow', 'scikit-learn', 'zipline', 'retro', 'determined', 'open-webui', 'jax', 'lambdo', 'mindsdb', 'ColossalAI', 'pyqtgraph', 'gensim', 'pebl', 'cortex', 'tensorflow', 'pydantic', 'danswerai', 'pytorch-lightning', 'DeepPavlov', 'pattern', 'rasa', 'bokeh', 'xlearn', 'pandas', 'deepchecks', 'ray', 'DIGITS', 'mars', 'scikit-learn-intelex', 'catboost', 'LightGBM', 'dirty_cat', 'DrQA', 'haystack', 'emcee', 'pytorch', 'chainer', 'skll', 'PyTorchCV', 'lightning-bolts', 'CoreNLP', 'vispy', 'gradio', 'streamlit', 'dash', 'bentoml', 'xgboost', 'pymc', 'transformers', 'pgmpy']"
893,0,ChildOf,class,407,Inefficient Algorithmic Complexity,8,1333,"['ViZDoom', 'numpy', 'pyss3', 'langflow', 'jProcessing', 'bigartm', 'DI-engine', 'vigra', 'blaze', 'caffe', 'zpar', 'typer', 'mlflow', 'scikit-learn', 'zipline', 'retro', 'determined', 'open-webui', 'jax', 'lambdo', 'mindsdb', 'ColossalAI', 'pyqtgraph', 'gensim', 'pebl', 'cortex', 'tensorflow', 'pydantic', 'danswerai', 'pytorch-lightning', 'DeepPavlov', 'pattern', 'bokeh', 'xlearn', 'deepchecks', 'ray', 'DIGITS', 'mars', 'scikit-learn-intelex', 'catboost', 'LightGBM', 'dirty_cat', 'DrQA', 'haystack', 'emcee', 'pytorch', 'chainer', 'skll', 'PyTorchCV', 'lightning-bolts', 'CoreNLP', 'vispy', 'gradio', 'streamlit', 'dash', 'bentoml', 'xgboost', 'pymc', 'transformers', 'pgmpy']"
894,1,MemberOf,category,1226,Complexity Issues,8,1333,"['ViZDoom', 'numpy', 'pyss3', 'langflow', 'jProcessing', 'bigartm', 'DI-engine', 'vigra', 'blaze', 'caffe', 'zpar', 'typer', 'mlflow', 'scikit-learn', 'zipline', 'retro', 'determined', 'open-webui', 'jax', 'lambdo', 'mindsdb', 'ColossalAI', 'pyqtgraph', 'gensim', 'pebl', 'cortex', 'tensorflow', 'pydantic', 'danswerai', 'pytorch-lightning', 'DeepPavlov', 'pattern', 'bokeh', 'xlearn', 'deepchecks', 'ray', 'DIGITS', 'mars', 'scikit-learn-intelex', 'catboost', 'LightGBM', 'dirty_cat', 'DrQA', 'haystack', 'emcee', 'pytorch', 'chainer', 'skll', 'PyTorchCV', 'lightning-bolts', 'CoreNLP', 'vispy', 'gradio', 'streamlit', 'dash', 'bentoml', 'xgboost', 'pymc', 'transformers', 'pgmpy']"
895,2,ChildOf,class,407,Inefficient Algorithmic Complexity,8,1333,"['ViZDoom', 'numpy', 'pyss3', 'langflow', 'jProcessing', 'bigartm', 'DI-engine', 'vigra', 'blaze', 'caffe', 'zpar', 'typer', 'mlflow', 'scikit-learn', 'zipline', 'retro', 'determined', 'open-webui', 'jax', 'lambdo', 'mindsdb', 'ColossalAI', 'pyqtgraph', 'gensim', 'pebl', 'cortex', 'tensorflow', 'pydantic', 'danswerai', 'pytorch-lightning', 'DeepPavlov', 'pattern', 'bokeh', 'xlearn', 'deepchecks', 'ray', 'DIGITS', 'mars', 'scikit-learn-intelex', 'catboost', 'LightGBM', 'dirty_cat', 'DrQA', 'haystack', 'emcee', 'pytorch', 'chainer', 'skll', 'PyTorchCV', 'lightning-bolts', 'CoreNLP', 'vispy', 'gradio', 'streamlit', 'dash', 'bentoml', 'xgboost', 'pymc', 'transformers', 'pgmpy']"
896,3,MemberOf,category,1416,Comprehensive Categorization: Resource Lifecycle Management,8,1333,"['ViZDoom', 'numpy', 'pyss3', 'langflow', 'jProcessing', 'bigartm', 'DI-engine', 'vigra', 'blaze', 'caffe', 'zpar', 'typer', 'mlflow', 'scikit-learn', 'zipline', 'retro', 'determined', 'open-webui', 'jax', 'lambdo', 'mindsdb', 'ColossalAI', 'pyqtgraph', 'gensim', 'pebl', 'cortex', 'tensorflow', 'pydantic', 'danswerai', 'pytorch-lightning', 'DeepPavlov', 'pattern', 'bokeh', 'xlearn', 'deepchecks', 'ray', 'DIGITS', 'mars', 'scikit-learn-intelex', 'catboost', 'LightGBM', 'dirty_cat', 'DrQA', 'haystack', 'emcee', 'pytorch', 'chainer', 'skll', 'PyTorchCV', 'lightning-bolts', 'CoreNLP', 'vispy', 'gradio', 'streamlit', 'dash', 'bentoml', 'xgboost', 'pymc', 'transformers', 'pgmpy']"
897,4,Self,base,1333,,8,1333,"['ViZDoom', 'numpy', 'pyss3', 'langflow', 'jProcessing', 'bigartm', 'DI-engine', 'vigra', 'blaze', 'caffe', 'zpar', 'typer', 'mlflow', 'scikit-learn', 'zipline', 'retro', 'determined', 'open-webui', 'jax', 'lambdo', 'mindsdb', 'ColossalAI', 'pyqtgraph', 'gensim', 'pebl', 'cortex', 'tensorflow', 'pydantic', 'danswerai', 'pytorch-lightning', 'DeepPavlov', 'pattern', 'bokeh', 'xlearn', 'deepchecks', 'ray', 'DIGITS', 'mars', 'scikit-learn-intelex', 'catboost', 'LightGBM', 'dirty_cat', 'DrQA', 'haystack', 'emcee', 'pytorch', 'chainer', 'skll', 'PyTorchCV', 'lightning-bolts', 'CoreNLP', 'vispy', 'gradio', 'streamlit', 'dash', 'bentoml', 'xgboost', 'pymc', 'transformers', 'pgmpy']"
898,0,ChildOf,pillar,664,Improper Control of a Resource Through its Lifetime,8,400,"['ViZDoom', 'numpy', 'pyss3', 'langflow', 'jProcessing', 'bigartm', 'DI-engine', 'vigra', 'blaze', 'caffe', 'zpar', 'typer', 'mlflow', 'scikit-learn', 'zipline', 'retro', 'determined', 'open-webui', 'jax', 'lambdo', 'mindsdb', 'ColossalAI', 'pyqtgraph', 'gensim', 'pebl', 'cortex', 'tensorflow', 'pydantic', 'danswerai', 'pytorch-lightning', 'DeepPavlov', 'pattern', 'rasa', 'bokeh', 'xlearn', 'pandas', 'deepchecks', 'ray', 'DIGITS', 'mars', 'scikit-learn-intelex', 'catboost', 'LightGBM', 'dirty_cat', 'DrQA', 'haystack', 'emcee', 'pytorch', 'chainer', 'skll', 'PyTorchCV', 'lightning-bolts', 'CoreNLP', 'vispy', 'gradio', 'streamlit', 'dash', 'bentoml', 'xgboost', 'pymc', 'transformers', 'pgmpy']"
899,1,ParentOf,class,405,Asymmetric Resource Consumption (Amplification),8,400,"['ViZDoom', 'numpy', 'pyss3', 'langflow', 'jProcessing', 'bigartm', 'DI-engine', 'vigra', 'blaze', 'caffe', 'zpar', 'typer', 'mlflow', 'scikit-learn', 'zipline', 'retro', 'determined', 'open-webui', 'jax', 'lambdo', 'mindsdb', 'ColossalAI', 'pyqtgraph', 'gensim', 'pebl', 'cortex', 'tensorflow', 'pydantic', 'danswerai', 'pytorch-lightning', 'DeepPavlov', 'pattern', 'rasa', 'bokeh', 'xlearn', 'pandas', 'deepchecks', 'ray', 'DIGITS', 'mars', 'scikit-learn-intelex', 'catboost', 'LightGBM', 'dirty_cat', 'DrQA', 'haystack', 'emcee', 'pytorch', 'chainer', 'skll', 'PyTorchCV', 'lightning-bolts', 'CoreNLP', 'vispy', 'gradio', 'streamlit', 'dash', 'bentoml', 'xgboost', 'pymc', 'transformers', 'pgmpy']"
900,2,ParentOf,base,770,Allocation of Resources Without Limits or Throttling,8,400,"['ViZDoom', 'numpy', 'pyss3', 'langflow', 'jProcessing', 'bigartm', 'DI-engine', 'vigra', 'blaze', 'caffe', 'zpar', 'typer', 'mlflow', 'scikit-learn', 'zipline', 'retro', 'determined', 'open-webui', 'jax', 'lambdo', 'mindsdb', 'ColossalAI', 'pyqtgraph', 'gensim', 'pebl', 'cortex', 'tensorflow', 'pydantic', 'danswerai', 'pytorch-lightning', 'DeepPavlov', 'pattern', 'rasa', 'bokeh', 'xlearn', 'pandas', 'deepchecks', 'ray', 'DIGITS', 'mars', 'scikit-learn-intelex', 'catboost', 'LightGBM', 'dirty_cat', 'DrQA', 'haystack', 'emcee', 'pytorch', 'chainer', 'skll', 'PyTorchCV', 'lightning-bolts', 'CoreNLP', 'vispy', 'gradio', 'streamlit', 'dash', 'bentoml', 'xgboost', 'pymc', 'transformers', 'pgmpy']"
901,3,ParentOf,base,771,Missing Reference to Active Allocated Resource,8,400,"['ViZDoom', 'numpy', 'pyss3', 'langflow', 'jProcessing', 'bigartm', 'DI-engine', 'vigra', 'blaze', 'caffe', 'zpar', 'typer', 'mlflow', 'scikit-learn', 'zipline', 'retro', 'determined', 'open-webui', 'jax', 'lambdo', 'mindsdb', 'ColossalAI', 'pyqtgraph', 'gensim', 'pebl', 'cortex', 'tensorflow', 'pydantic', 'danswerai', 'pytorch-lightning', 'DeepPavlov', 'pattern', 'rasa', 'bokeh', 'xlearn', 'pandas', 'deepchecks', 'ray', 'DIGITS', 'mars', 'scikit-learn-intelex', 'catboost', 'LightGBM', 'dirty_cat', 'DrQA', 'haystack', 'emcee', 'pytorch', 'chainer', 'skll', 'PyTorchCV', 'lightning-bolts', 'CoreNLP', 'vispy', 'gradio', 'streamlit', 'dash', 'bentoml', 'xgboost', 'pymc', 'transformers', 'pgmpy']"
902,4,ParentOf,base,779,Logging of Excessive Data,8,400,"['ViZDoom', 'numpy', 'pyss3', 'langflow', 'jProcessing', 'bigartm', 'DI-engine', 'vigra', 'blaze', 'caffe', 'zpar', 'typer', 'mlflow', 'scikit-learn', 'zipline', 'retro', 'determined', 'open-webui', 'jax', 'lambdo', 'mindsdb', 'ColossalAI', 'pyqtgraph', 'gensim', 'pebl', 'cortex', 'tensorflow', 'pydantic', 'danswerai', 'pytorch-lightning', 'DeepPavlov', 'pattern', 'rasa', 'bokeh', 'xlearn', 'pandas', 'deepchecks', 'ray', 'DIGITS', 'mars', 'scikit-learn-intelex', 'catboost', 'LightGBM', 'dirty_cat', 'DrQA', 'haystack', 'emcee', 'pytorch', 'chainer', 'skll', 'PyTorchCV', 'lightning-bolts', 'CoreNLP', 'vispy', 'gradio', 'streamlit', 'dash', 'bentoml', 'xgboost', 'pymc', 'transformers', 'pgmpy']"
903,5,ParentOf,base,920,Improper Restriction of Power Consumption,8,400,"['ViZDoom', 'numpy', 'pyss3', 'langflow', 'jProcessing', 'bigartm', 'DI-engine', 'vigra', 'blaze', 'caffe', 'zpar', 'typer', 'mlflow', 'scikit-learn', 'zipline', 'retro', 'determined', 'open-webui', 'jax', 'lambdo', 'mindsdb', 'ColossalAI', 'pyqtgraph', 'gensim', 'pebl', 'cortex', 'tensorflow', 'pydantic', 'danswerai', 'pytorch-lightning', 'DeepPavlov', 'pattern', 'rasa', 'bokeh', 'xlearn', 'pandas', 'deepchecks', 'ray', 'DIGITS', 'mars', 'scikit-learn-intelex', 'catboost', 'LightGBM', 'dirty_cat', 'DrQA', 'haystack', 'emcee', 'pytorch', 'chainer', 'skll', 'PyTorchCV', 'lightning-bolts', 'CoreNLP', 'vispy', 'gradio', 'streamlit', 'dash', 'bentoml', 'xgboost', 'pymc', 'transformers', 'pgmpy']"
904,6,ParentOf,base,1235,Incorrect Use of Autoboxing and Unboxing for Performance Critical Operations,8,400,"['ViZDoom', 'numpy', 'pyss3', 'langflow', 'jProcessing', 'bigartm', 'DI-engine', 'vigra', 'blaze', 'caffe', 'zpar', 'typer', 'mlflow', 'scikit-learn', 'zipline', 'retro', 'determined', 'open-webui', 'jax', 'lambdo', 'mindsdb', 'ColossalAI', 'pyqtgraph', 'gensim', 'pebl', 'cortex', 'tensorflow', 'pydantic', 'danswerai', 'pytorch-lightning', 'DeepPavlov', 'pattern', 'rasa', 'bokeh', 'xlearn', 'pandas', 'deepchecks', 'ray', 'DIGITS', 'mars', 'scikit-learn-intelex', 'catboost', 'LightGBM', 'dirty_cat', 'DrQA', 'haystack', 'emcee', 'pytorch', 'chainer', 'skll', 'PyTorchCV', 'lightning-bolts', 'CoreNLP', 'vispy', 'gradio', 'streamlit', 'dash', 'bentoml', 'xgboost', 'pymc', 'transformers', 'pgmpy']"
905,7,ParentOf,base,1246,Improper Write Handling in Limited-write Non-Volatile Memories,8,400,"['ViZDoom', 'numpy', 'pyss3', 'langflow', 'jProcessing', 'bigartm', 'DI-engine', 'vigra', 'blaze', 'caffe', 'zpar', 'typer', 'mlflow', 'scikit-learn', 'zipline', 'retro', 'determined', 'open-webui', 'jax', 'lambdo', 'mindsdb', 'ColossalAI', 'pyqtgraph', 'gensim', 'pebl', 'cortex', 'tensorflow', 'pydantic', 'danswerai', 'pytorch-lightning', 'DeepPavlov', 'pattern', 'rasa', 'bokeh', 'xlearn', 'pandas', 'deepchecks', 'ray', 'DIGITS', 'mars', 'scikit-learn-intelex', 'catboost', 'LightGBM', 'dirty_cat', 'DrQA', 'haystack', 'emcee', 'pytorch', 'chainer', 'skll', 'PyTorchCV', 'lightning-bolts', 'CoreNLP', 'vispy', 'gradio', 'streamlit', 'dash', 'bentoml', 'xgboost', 'pymc', 'transformers', 'pgmpy']"
906,8,CanFollow,class,410,Insufficient Resource Pool,8,400,"['ViZDoom', 'numpy', 'pyss3', 'langflow', 'jProcessing', 'bigartm', 'DI-engine', 'vigra', 'blaze', 'caffe', 'zpar', 'typer', 'mlflow', 'scikit-learn', 'zipline', 'retro', 'determined', 'open-webui', 'jax', 'lambdo', 'mindsdb', 'ColossalAI', 'pyqtgraph', 'gensim', 'pebl', 'cortex', 'tensorflow', 'pydantic', 'danswerai', 'pytorch-lightning', 'DeepPavlov', 'pattern', 'rasa', 'bokeh', 'xlearn', 'pandas', 'deepchecks', 'ray', 'DIGITS', 'mars', 'scikit-learn-intelex', 'catboost', 'LightGBM', 'dirty_cat', 'DrQA', 'haystack', 'emcee', 'pytorch', 'chainer', 'skll', 'PyTorchCV', 'lightning-bolts', 'CoreNLP', 'vispy', 'gradio', 'streamlit', 'dash', 'bentoml', 'xgboost', 'pymc', 'transformers', 'pgmpy']"
907,9,MemberOf,view,1003,Weaknesses for Simplified Mapping of Published Vulnerabilities,8,400,"['ViZDoom', 'numpy', 'pyss3', 'langflow', 'jProcessing', 'bigartm', 'DI-engine', 'vigra', 'blaze', 'caffe', 'zpar', 'typer', 'mlflow', 'scikit-learn', 'zipline', 'retro', 'determined', 'open-webui', 'jax', 'lambdo', 'mindsdb', 'ColossalAI', 'pyqtgraph', 'gensim', 'pebl', 'cortex', 'tensorflow', 'pydantic', 'danswerai', 'pytorch-lightning', 'DeepPavlov', 'pattern', 'rasa', 'bokeh', 'xlearn', 'pandas', 'deepchecks', 'ray', 'DIGITS', 'mars', 'scikit-learn-intelex', 'catboost', 'LightGBM', 'dirty_cat', 'DrQA', 'haystack', 'emcee', 'pytorch', 'chainer', 'skll', 'PyTorchCV', 'lightning-bolts', 'CoreNLP', 'vispy', 'gradio', 'streamlit', 'dash', 'bentoml', 'xgboost', 'pymc', 'transformers', 'pgmpy']"
908,10,ParentOf,base,770,Allocation of Resources Without Limits or Throttling,8,400,"['ViZDoom', 'numpy', 'pyss3', 'langflow', 'jProcessing', 'bigartm', 'DI-engine', 'vigra', 'blaze', 'caffe', 'zpar', 'typer', 'mlflow', 'scikit-learn', 'zipline', 'retro', 'determined', 'open-webui', 'jax', 'lambdo', 'mindsdb', 'ColossalAI', 'pyqtgraph', 'gensim', 'pebl', 'cortex', 'tensorflow', 'pydantic', 'danswerai', 'pytorch-lightning', 'DeepPavlov', 'pattern', 'rasa', 'bokeh', 'xlearn', 'pandas', 'deepchecks', 'ray', 'DIGITS', 'mars', 'scikit-learn-intelex', 'catboost', 'LightGBM', 'dirty_cat', 'DrQA', 'haystack', 'emcee', 'pytorch', 'chainer', 'skll', 'PyTorchCV', 'lightning-bolts', 'CoreNLP', 'vispy', 'gradio', 'streamlit', 'dash', 'bentoml', 'xgboost', 'pymc', 'transformers', 'pgmpy']"
909,11,ParentOf,base,920,Improper Restriction of Power Consumption,8,400,"['ViZDoom', 'numpy', 'pyss3', 'langflow', 'jProcessing', 'bigartm', 'DI-engine', 'vigra', 'blaze', 'caffe', 'zpar', 'typer', 'mlflow', 'scikit-learn', 'zipline', 'retro', 'determined', 'open-webui', 'jax', 'lambdo', 'mindsdb', 'ColossalAI', 'pyqtgraph', 'gensim', 'pebl', 'cortex', 'tensorflow', 'pydantic', 'danswerai', 'pytorch-lightning', 'DeepPavlov', 'pattern', 'rasa', 'bokeh', 'xlearn', 'pandas', 'deepchecks', 'ray', 'DIGITS', 'mars', 'scikit-learn-intelex', 'catboost', 'LightGBM', 'dirty_cat', 'DrQA', 'haystack', 'emcee', 'pytorch', 'chainer', 'skll', 'PyTorchCV', 'lightning-bolts', 'CoreNLP', 'vispy', 'gradio', 'streamlit', 'dash', 'bentoml', 'xgboost', 'pymc', 'transformers', 'pgmpy']"
910,12,MemberOf,category,730,OWASP Top Ten 2004 Category A9 - Denial of Service,8,400,"['ViZDoom', 'numpy', 'pyss3', 'langflow', 'jProcessing', 'bigartm', 'DI-engine', 'vigra', 'blaze', 'caffe', 'zpar', 'typer', 'mlflow', 'scikit-learn', 'zipline', 'retro', 'determined', 'open-webui', 'jax', 'lambdo', 'mindsdb', 'ColossalAI', 'pyqtgraph', 'gensim', 'pebl', 'cortex', 'tensorflow', 'pydantic', 'danswerai', 'pytorch-lightning', 'DeepPavlov', 'pattern', 'rasa', 'bokeh', 'xlearn', 'pandas', 'deepchecks', 'ray', 'DIGITS', 'mars', 'scikit-learn-intelex', 'catboost', 'LightGBM', 'dirty_cat', 'DrQA', 'haystack', 'emcee', 'pytorch', 'chainer', 'skll', 'PyTorchCV', 'lightning-bolts', 'CoreNLP', 'vispy', 'gradio', 'streamlit', 'dash', 'bentoml', 'xgboost', 'pymc', 'transformers', 'pgmpy']"
911,13,MemberOf,category,858,The CERT Oracle Secure Coding Standard for Java (2011) Chapter 15 - Serialization (SER),8,400,"['ViZDoom', 'numpy', 'pyss3', 'langflow', 'jProcessing', 'bigartm', 'DI-engine', 'vigra', 'blaze', 'caffe', 'zpar', 'typer', 'mlflow', 'scikit-learn', 'zipline', 'retro', 'determined', 'open-webui', 'jax', 'lambdo', 'mindsdb', 'ColossalAI', 'pyqtgraph', 'gensim', 'pebl', 'cortex', 'tensorflow', 'pydantic', 'danswerai', 'pytorch-lightning', 'DeepPavlov', 'pattern', 'rasa', 'bokeh', 'xlearn', 'pandas', 'deepchecks', 'ray', 'DIGITS', 'mars', 'scikit-learn-intelex', 'catboost', 'LightGBM', 'dirty_cat', 'DrQA', 'haystack', 'emcee', 'pytorch', 'chainer', 'skll', 'PyTorchCV', 'lightning-bolts', 'CoreNLP', 'vispy', 'gradio', 'streamlit', 'dash', 'bentoml', 'xgboost', 'pymc', 'transformers', 'pgmpy']"
912,14,MemberOf,category,861,The CERT Oracle Secure Coding Standard for Java (2011) Chapter 18 - Miscellaneous (MSC),8,400,"['ViZDoom', 'numpy', 'pyss3', 'langflow', 'jProcessing', 'bigartm', 'DI-engine', 'vigra', 'blaze', 'caffe', 'zpar', 'typer', 'mlflow', 'scikit-learn', 'zipline', 'retro', 'determined', 'open-webui', 'jax', 'lambdo', 'mindsdb', 'ColossalAI', 'pyqtgraph', 'gensim', 'pebl', 'cortex', 'tensorflow', 'pydantic', 'danswerai', 'pytorch-lightning', 'DeepPavlov', 'pattern', 'rasa', 'bokeh', 'xlearn', 'pandas', 'deepchecks', 'ray', 'DIGITS', 'mars', 'scikit-learn-intelex', 'catboost', 'LightGBM', 'dirty_cat', 'DrQA', 'haystack', 'emcee', 'pytorch', 'chainer', 'skll', 'PyTorchCV', 'lightning-bolts', 'CoreNLP', 'vispy', 'gradio', 'streamlit', 'dash', 'bentoml', 'xgboost', 'pymc', 'transformers', 'pgmpy']"
913,15,MemberOf,view,884,CWE Cross-section,8,400,"['ViZDoom', 'numpy', 'pyss3', 'langflow', 'jProcessing', 'bigartm', 'DI-engine', 'vigra', 'blaze', 'caffe', 'zpar', 'typer', 'mlflow', 'scikit-learn', 'zipline', 'retro', 'determined', 'open-webui', 'jax', 'lambdo', 'mindsdb', 'ColossalAI', 'pyqtgraph', 'gensim', 'pebl', 'cortex', 'tensorflow', 'pydantic', 'danswerai', 'pytorch-lightning', 'DeepPavlov', 'pattern', 'rasa', 'bokeh', 'xlearn', 'pandas', 'deepchecks', 'ray', 'DIGITS', 'mars', 'scikit-learn-intelex', 'catboost', 'LightGBM', 'dirty_cat', 'DrQA', 'haystack', 'emcee', 'pytorch', 'chainer', 'skll', 'PyTorchCV', 'lightning-bolts', 'CoreNLP', 'vispy', 'gradio', 'streamlit', 'dash', 'bentoml', 'xgboost', 'pymc', 'transformers', 'pgmpy']"
914,16,MemberOf,category,985,SFP Secondary Cluster: Unrestricted Consumption,8,400,"['ViZDoom', 'numpy', 'pyss3', 'langflow', 'jProcessing', 'bigartm', 'DI-engine', 'vigra', 'blaze', 'caffe', 'zpar', 'typer', 'mlflow', 'scikit-learn', 'zipline', 'retro', 'determined', 'open-webui', 'jax', 'lambdo', 'mindsdb', 'ColossalAI', 'pyqtgraph', 'gensim', 'pebl', 'cortex', 'tensorflow', 'pydantic', 'danswerai', 'pytorch-lightning', 'DeepPavlov', 'pattern', 'rasa', 'bokeh', 'xlearn', 'pandas', 'deepchecks', 'ray', 'DIGITS', 'mars', 'scikit-learn-intelex', 'catboost', 'LightGBM', 'dirty_cat', 'DrQA', 'haystack', 'emcee', 'pytorch', 'chainer', 'skll', 'PyTorchCV', 'lightning-bolts', 'CoreNLP', 'vispy', 'gradio', 'streamlit', 'dash', 'bentoml', 'xgboost', 'pymc', 'transformers', 'pgmpy']"
915,17,MemberOf,category,1148,SEI CERT Oracle Secure Coding Standard for Java - Guidelines 14. Serialization (SER),8,400,"['ViZDoom', 'numpy', 'pyss3', 'langflow', 'jProcessing', 'bigartm', 'DI-engine', 'vigra', 'blaze', 'caffe', 'zpar', 'typer', 'mlflow', 'scikit-learn', 'zipline', 'retro', 'determined', 'open-webui', 'jax', 'lambdo', 'mindsdb', 'ColossalAI', 'pyqtgraph', 'gensim', 'pebl', 'cortex', 'tensorflow', 'pydantic', 'danswerai', 'pytorch-lightning', 'DeepPavlov', 'pattern', 'rasa', 'bokeh', 'xlearn', 'pandas', 'deepchecks', 'ray', 'DIGITS', 'mars', 'scikit-learn-intelex', 'catboost', 'LightGBM', 'dirty_cat', 'DrQA', 'haystack', 'emcee', 'pytorch', 'chainer', 'skll', 'PyTorchCV', 'lightning-bolts', 'CoreNLP', 'vispy', 'gradio', 'streamlit', 'dash', 'bentoml', 'xgboost', 'pymc', 'transformers', 'pgmpy']"
916,18,MemberOf,category,1152,SEI CERT Oracle Secure Coding Standard for Java - Guidelines 49. Miscellaneous (MSC),8,400,"['ViZDoom', 'numpy', 'pyss3', 'langflow', 'jProcessing', 'bigartm', 'DI-engine', 'vigra', 'blaze', 'caffe', 'zpar', 'typer', 'mlflow', 'scikit-learn', 'zipline', 'retro', 'determined', 'open-webui', 'jax', 'lambdo', 'mindsdb', 'ColossalAI', 'pyqtgraph', 'gensim', 'pebl', 'cortex', 'tensorflow', 'pydantic', 'danswerai', 'pytorch-lightning', 'DeepPavlov', 'pattern', 'rasa', 'bokeh', 'xlearn', 'pandas', 'deepchecks', 'ray', 'DIGITS', 'mars', 'scikit-learn-intelex', 'catboost', 'LightGBM', 'dirty_cat', 'DrQA', 'haystack', 'emcee', 'pytorch', 'chainer', 'skll', 'PyTorchCV', 'lightning-bolts', 'CoreNLP', 'vispy', 'gradio', 'streamlit', 'dash', 'bentoml', 'xgboost', 'pymc', 'transformers', 'pgmpy']"
917,19,MemberOf,view,1200,Weaknesses in the 2019 CWE Top 25 Most Dangerous Software Errors,8,400,"['ViZDoom', 'numpy', 'pyss3', 'langflow', 'jProcessing', 'bigartm', 'DI-engine', 'vigra', 'blaze', 'caffe', 'zpar', 'typer', 'mlflow', 'scikit-learn', 'zipline', 'retro', 'determined', 'open-webui', 'jax', 'lambdo', 'mindsdb', 'ColossalAI', 'pyqtgraph', 'gensim', 'pebl', 'cortex', 'tensorflow', 'pydantic', 'danswerai', 'pytorch-lightning', 'DeepPavlov', 'pattern', 'rasa', 'bokeh', 'xlearn', 'pandas', 'deepchecks', 'ray', 'DIGITS', 'mars', 'scikit-learn-intelex', 'catboost', 'LightGBM', 'dirty_cat', 'DrQA', 'haystack', 'emcee', 'pytorch', 'chainer', 'skll', 'PyTorchCV', 'lightning-bolts', 'CoreNLP', 'vispy', 'gradio', 'streamlit', 'dash', 'bentoml', 'xgboost', 'pymc', 'transformers', 'pgmpy']"
918,20,MemberOf,view,1350,Weaknesses in the 2020 CWE Top 25 Most Dangerous Software Weaknesses,8,400,"['ViZDoom', 'numpy', 'pyss3', 'langflow', 'jProcessing', 'bigartm', 'DI-engine', 'vigra', 'blaze', 'caffe', 'zpar', 'typer', 'mlflow', 'scikit-learn', 'zipline', 'retro', 'determined', 'open-webui', 'jax', 'lambdo', 'mindsdb', 'ColossalAI', 'pyqtgraph', 'gensim', 'pebl', 'cortex', 'tensorflow', 'pydantic', 'danswerai', 'pytorch-lightning', 'DeepPavlov', 'pattern', 'rasa', 'bokeh', 'xlearn', 'pandas', 'deepchecks', 'ray', 'DIGITS', 'mars', 'scikit-learn-intelex', 'catboost', 'LightGBM', 'dirty_cat', 'DrQA', 'haystack', 'emcee', 'pytorch', 'chainer', 'skll', 'PyTorchCV', 'lightning-bolts', 'CoreNLP', 'vispy', 'gradio', 'streamlit', 'dash', 'bentoml', 'xgboost', 'pymc', 'transformers', 'pgmpy']"
919,21,MemberOf,view,1387,Weaknesses in the 2022 CWE Top 25 Most Dangerous Software Weaknesses,8,400,"['ViZDoom', 'numpy', 'pyss3', 'langflow', 'jProcessing', 'bigartm', 'DI-engine', 'vigra', 'blaze', 'caffe', 'zpar', 'typer', 'mlflow', 'scikit-learn', 'zipline', 'retro', 'determined', 'open-webui', 'jax', 'lambdo', 'mindsdb', 'ColossalAI', 'pyqtgraph', 'gensim', 'pebl', 'cortex', 'tensorflow', 'pydantic', 'danswerai', 'pytorch-lightning', 'DeepPavlov', 'pattern', 'rasa', 'bokeh', 'xlearn', 'pandas', 'deepchecks', 'ray', 'DIGITS', 'mars', 'scikit-learn-intelex', 'catboost', 'LightGBM', 'dirty_cat', 'DrQA', 'haystack', 'emcee', 'pytorch', 'chainer', 'skll', 'PyTorchCV', 'lightning-bolts', 'CoreNLP', 'vispy', 'gradio', 'streamlit', 'dash', 'bentoml', 'xgboost', 'pymc', 'transformers', 'pgmpy']"
920,22,MemberOf,category,1416,Comprehensive Categorization: Resource Lifecycle Management,8,400,"['ViZDoom', 'numpy', 'pyss3', 'langflow', 'jProcessing', 'bigartm', 'DI-engine', 'vigra', 'blaze', 'caffe', 'zpar', 'typer', 'mlflow', 'scikit-learn', 'zipline', 'retro', 'determined', 'open-webui', 'jax', 'lambdo', 'mindsdb', 'ColossalAI', 'pyqtgraph', 'gensim', 'pebl', 'cortex', 'tensorflow', 'pydantic', 'danswerai', 'pytorch-lightning', 'DeepPavlov', 'pattern', 'rasa', 'bokeh', 'xlearn', 'pandas', 'deepchecks', 'ray', 'DIGITS', 'mars', 'scikit-learn-intelex', 'catboost', 'LightGBM', 'dirty_cat', 'DrQA', 'haystack', 'emcee', 'pytorch', 'chainer', 'skll', 'PyTorchCV', 'lightning-bolts', 'CoreNLP', 'vispy', 'gradio', 'streamlit', 'dash', 'bentoml', 'xgboost', 'pymc', 'transformers', 'pgmpy']"
921,23,MemberOf,view,1430,Weaknesses in the 2024 CWE Top 25 Most Dangerous Software Weaknesses,8,400,"['ViZDoom', 'numpy', 'pyss3', 'langflow', 'jProcessing', 'bigartm', 'DI-engine', 'vigra', 'blaze', 'caffe', 'zpar', 'typer', 'mlflow', 'scikit-learn', 'zipline', 'retro', 'determined', 'open-webui', 'jax', 'lambdo', 'mindsdb', 'ColossalAI', 'pyqtgraph', 'gensim', 'pebl', 'cortex', 'tensorflow', 'pydantic', 'danswerai', 'pytorch-lightning', 'DeepPavlov', 'pattern', 'rasa', 'bokeh', 'xlearn', 'pandas', 'deepchecks', 'ray', 'DIGITS', 'mars', 'scikit-learn-intelex', 'catboost', 'LightGBM', 'dirty_cat', 'DrQA', 'haystack', 'emcee', 'pytorch', 'chainer', 'skll', 'PyTorchCV', 'lightning-bolts', 'CoreNLP', 'vispy', 'gradio', 'streamlit', 'dash', 'bentoml', 'xgboost', 'pymc', 'transformers', 'pgmpy']"
922,24,Self,class,400,,8,400,"['ViZDoom', 'numpy', 'pyss3', 'langflow', 'jProcessing', 'bigartm', 'DI-engine', 'vigra', 'blaze', 'caffe', 'zpar', 'typer', 'mlflow', 'scikit-learn', 'zipline', 'retro', 'determined', 'open-webui', 'jax', 'lambdo', 'mindsdb', 'ColossalAI', 'pyqtgraph', 'gensim', 'pebl', 'cortex', 'tensorflow', 'pydantic', 'danswerai', 'pytorch-lightning', 'DeepPavlov', 'pattern', 'rasa', 'bokeh', 'xlearn', 'pandas', 'deepchecks', 'ray', 'DIGITS', 'mars', 'scikit-learn-intelex', 'catboost', 'LightGBM', 'dirty_cat', 'DrQA', 'haystack', 'emcee', 'pytorch', 'chainer', 'skll', 'PyTorchCV', 'lightning-bolts', 'CoreNLP', 'vispy', 'gradio', 'streamlit', 'dash', 'bentoml', 'xgboost', 'pymc', 'transformers', 'pgmpy']"
923,0,ChildOf,class,200,Exposure of Sensitive Information to an Unauthorized Actor,6,215,"['CompreFace', 'bokeh', 'caffe', 'xcessiv', 'face_recognition']"
924,1,CanFollow,base,489,Active Debug Code,6,215,"['CompreFace', 'bokeh', 'caffe', 'xcessiv', 'face_recognition']"
925,2,MemberOf,category,199,Information Management Errors,6,215,"['CompreFace', 'bokeh', 'caffe', 'xcessiv', 'face_recognition']"
926,3,MemberOf,category,717,OWASP Top Ten 2007 Category A6 - Information Leakage and Improper Error Handling,6,215,"['CompreFace', 'bokeh', 'caffe', 'xcessiv', 'face_recognition']"
927,4,MemberOf,category,731,OWASP Top Ten 2004 Category A10 - Insecure Configuration Management,6,215,"['CompreFace', 'bokeh', 'caffe', 'xcessiv', 'face_recognition']"
928,5,MemberOf,category,933,OWASP Top Ten 2013 Category A5 - Security Misconfiguration,6,215,"['CompreFace', 'bokeh', 'caffe', 'xcessiv', 'face_recognition']"
929,6,MemberOf,category,963,SFP Secondary Cluster: Exposed Data,6,215,"['CompreFace', 'bokeh', 'caffe', 'xcessiv', 'face_recognition']"
930,7,MemberOf,category,1417,Comprehensive Categorization: Sensitive Information Exposure,6,215,"['CompreFace', 'bokeh', 'caffe', 'xcessiv', 'face_recognition']"
931,8,MemberOf,category,1445,OWASP Top Ten 2025 Category A10:2025 - Mishandling of Exceptional Conditions,6,215,"['CompreFace', 'bokeh', 'caffe', 'xcessiv', 'face_recognition']"
932,9,Self,base,215,,6,215,"['CompreFace', 'bokeh', 'caffe', 'xcessiv', 'face_recognition']"
933,0,ChildOf,pillar,710,Improper Adherence to Coding Standards,6,489,"['CompreFace', 'bokeh', 'caffe', 'xcessiv', 'face_recognition']"
934,1,ParentOf,variant,11,ASP.NET Misconfiguration: Creating Debug Binary,6,489,"['CompreFace', 'bokeh', 'caffe', 'xcessiv', 'face_recognition']"
935,2,CanPrecede,base,215,Insertion of Sensitive Information Into Debugging Code,6,489,"['CompreFace', 'bokeh', 'caffe', 'xcessiv', 'face_recognition']"
936,3,MemberOf,category,1006,Bad Coding Practices,6,489,"['CompreFace', 'bokeh', 'caffe', 'xcessiv', 'face_recognition']"
937,4,MemberOf,category,485,7PK - Encapsulation,6,489,"['CompreFace', 'bokeh', 'caffe', 'xcessiv', 'face_recognition']"
938,5,MemberOf,category,731,OWASP Top Ten 2004 Category A10 - Insecure Configuration Management,6,489,"['CompreFace', 'bokeh', 'caffe', 'xcessiv', 'face_recognition']"
939,6,MemberOf,category,1002,SFP Secondary Cluster: Unexpected Entry Points,6,489,"['CompreFace', 'bokeh', 'caffe', 'xcessiv', 'face_recognition']"
940,7,MemberOf,category,1371,ICS Supply Chain: Poorly Documented or Undocumented Features,6,489,"['CompreFace', 'bokeh', 'caffe', 'xcessiv', 'face_recognition']"
941,8,MemberOf,category,1412,Comprehensive Categorization: Poor Coding Practices,6,489,"['CompreFace', 'bokeh', 'caffe', 'xcessiv', 'face_recognition']"
942,9,MemberOf,category,1437,OWASP Top Ten 2025 Category A02:2025 - Security Misconfiguration,6,489,"['CompreFace', 'bokeh', 'caffe', 'xcessiv', 'face_recognition']"
943,10,Self,base,489,,6,489,"['CompreFace', 'bokeh', 'caffe', 'xcessiv', 'face_recognition']"
944,0,ChildOf,class,287,Improper Authentication,1,295,['ray']
945,1,ParentOf,base,296,Improper Following of a Certificate's Chain of Trust,1,295,['ray']
946,2,ParentOf,variant,297,Improper Validation of Certificate with Host Mismatch,1,295,['ray']
947,3,ParentOf,variant,298,Improper Validation of Certificate Expiration,1,295,['ray']
948,4,ParentOf,base,299,Improper Check for Certificate Revocation,1,295,['ray']
949,5,ParentOf,variant,599,Missing Validation of OpenSSL Certificate,1,295,['ray']
950,6,PeerOf,base,322,Key Exchange without Entity Authentication,1,295,['ray']
951,7,MemberOf,category,1211,Authentication Errors,1,295,['ray']
952,8,ChildOf,class,287,Improper Authentication,1,295,['ray']
953,9,MemberOf,category,1014,Identify Actors,1,295,['ray']
954,10,MemberOf,category,731,OWASP Top Ten 2004 Category A10 - Insecure Configuration Management,1,295,['ray']
955,11,MemberOf,category,1029,OWASP Top Ten 2017 Category A3 - Sensitive Data Exposure,1,295,['ray']
956,12,MemberOf,view,1200,Weaknesses in the 2019 CWE Top 25 Most Dangerous Software Errors,1,295,['ray']
957,13,MemberOf,category,1353,OWASP Top Ten 2021 Category A07:2021 - Identification and Authentication Failures,1,295,['ray']
958,14,MemberOf,category,1382,ICS Operations (& Maintenance): Emerging Energy Technologies,1,295,['ray']
959,15,MemberOf,category,1396,Comprehensive Categorization: Access Control,1,295,['ray']
960,16,MemberOf,category,1442,OWASP Top Ten 2025 Category A07:2025 - Authentication Failures,1,295,['ray']
961,17,Self,base,295,,1,295,['ray']
962,0,ChildOf,class,311,Missing Encryption of Sensitive Data,12,312,"['feast', 'mindsdb', 'langflow', 'Neural', 'cortex', 'bokeh', 'danswerai', 'deepface', 'ray', 'gradio', 'open-webui', 'bentoml', 'comet-llm', 'typer', 'mlflow', 'determined', 'pattern']"
963,1,ChildOf,class,922,Insecure Storage of Sensitive Information,12,312,"['feast', 'mindsdb', 'langflow', 'Neural', 'cortex', 'bokeh', 'danswerai', 'deepface', 'ray', 'gradio', 'open-webui', 'bentoml', 'comet-llm', 'typer', 'mlflow', 'determined', 'pattern']"
964,2,ParentOf,variant,313,Cleartext Storage in a File or on Disk,12,312,"['feast', 'mindsdb', 'langflow', 'Neural', 'cortex', 'bokeh', 'danswerai', 'deepface', 'ray', 'gradio', 'open-webui', 'bentoml', 'comet-llm', 'typer', 'mlflow', 'determined', 'pattern']"
965,3,ParentOf,variant,314,Cleartext Storage in the Registry,12,312,"['feast', 'mindsdb', 'langflow', 'Neural', 'cortex', 'bokeh', 'danswerai', 'deepface', 'ray', 'gradio', 'open-webui', 'bentoml', 'comet-llm', 'typer', 'mlflow', 'determined', 'pattern']"
966,4,ParentOf,variant,315,Cleartext Storage of Sensitive Information in a Cookie,12,312,"['feast', 'mindsdb', 'langflow', 'Neural', 'cortex', 'bokeh', 'danswerai', 'deepface', 'ray', 'gradio', 'open-webui', 'bentoml', 'comet-llm', 'typer', 'mlflow', 'determined', 'pattern']"
967,5,ParentOf,variant,316,Cleartext Storage of Sensitive Information in Memory,12,312,"['feast', 'mindsdb', 'langflow', 'Neural', 'cortex', 'bokeh', 'danswerai', 'deepface', 'ray', 'gradio', 'open-webui', 'bentoml', 'comet-llm', 'typer', 'mlflow', 'determined', 'pattern']"
968,6,ParentOf,variant,317,Cleartext Storage of Sensitive Information in GUI,12,312,"['feast', 'mindsdb', 'langflow', 'Neural', 'cortex', 'bokeh', 'danswerai', 'deepface', 'ray', 'gradio', 'open-webui', 'bentoml', 'comet-llm', 'typer', 'mlflow', 'determined', 'pattern']"
969,7,ParentOf,variant,318,Cleartext Storage of Sensitive Information in Executable,12,312,"['feast', 'mindsdb', 'langflow', 'Neural', 'cortex', 'bokeh', 'danswerai', 'deepface', 'ray', 'gradio', 'open-webui', 'bentoml', 'comet-llm', 'typer', 'mlflow', 'determined', 'pattern']"
970,8,ParentOf,variant,526,Cleartext Storage of Sensitive Information in an Environment Variable,12,312,"['feast', 'mindsdb', 'langflow', 'Neural', 'cortex', 'bokeh', 'danswerai', 'deepface', 'ray', 'gradio', 'open-webui', 'bentoml', 'comet-llm', 'typer', 'mlflow', 'determined', 'pattern']"
971,9,MemberOf,category,199,Information Management Errors,12,312,"['feast', 'mindsdb', 'langflow', 'Neural', 'cortex', 'bokeh', 'danswerai', 'deepface', 'ray', 'gradio', 'open-webui', 'bentoml', 'comet-llm', 'typer', 'mlflow', 'determined', 'pattern']"
972,10,ChildOf,class,311,Missing Encryption of Sensitive Data,12,312,"['feast', 'mindsdb', 'langflow', 'Neural', 'cortex', 'bokeh', 'danswerai', 'deepface', 'ray', 'gradio', 'open-webui', 'bentoml', 'comet-llm', 'typer', 'mlflow', 'determined', 'pattern']"
973,11,MemberOf,category,1013,Encrypt Data,12,312,"['feast', 'mindsdb', 'langflow', 'Neural', 'cortex', 'bokeh', 'danswerai', 'deepface', 'ray', 'gradio', 'open-webui', 'bentoml', 'comet-llm', 'typer', 'mlflow', 'determined', 'pattern']"
974,12,MemberOf,category,816,OWASP Top Ten 2010 Category A7 - Insecure Cryptographic Storage,12,312,"['feast', 'mindsdb', 'langflow', 'Neural', 'cortex', 'bokeh', 'danswerai', 'deepface', 'ray', 'gradio', 'open-webui', 'bentoml', 'comet-llm', 'typer', 'mlflow', 'determined', 'pattern']"
975,13,MemberOf,view,884,CWE Cross-section,12,312,"['feast', 'mindsdb', 'langflow', 'Neural', 'cortex', 'bokeh', 'danswerai', 'deepface', 'ray', 'gradio', 'open-webui', 'bentoml', 'comet-llm', 'typer', 'mlflow', 'determined', 'pattern']"
976,14,MemberOf,category,934,OWASP Top Ten 2013 Category A6 - Sensitive Data Exposure,12,312,"['feast', 'mindsdb', 'langflow', 'Neural', 'cortex', 'bokeh', 'danswerai', 'deepface', 'ray', 'gradio', 'open-webui', 'bentoml', 'comet-llm', 'typer', 'mlflow', 'determined', 'pattern']"
977,15,MemberOf,category,963,SFP Secondary Cluster: Exposed Data,12,312,"['feast', 'mindsdb', 'langflow', 'Neural', 'cortex', 'bokeh', 'danswerai', 'deepface', 'ray', 'gradio', 'open-webui', 'bentoml', 'comet-llm', 'typer', 'mlflow', 'determined', 'pattern']"
978,16,MemberOf,category,1029,OWASP Top Ten 2017 Category A3 - Sensitive Data Exposure,12,312,"['feast', 'mindsdb', 'langflow', 'Neural', 'cortex', 'bokeh', 'danswerai', 'deepface', 'ray', 'gradio', 'open-webui', 'bentoml', 'comet-llm', 'typer', 'mlflow', 'determined', 'pattern']"
979,17,MemberOf,category,1348,OWASP Top Ten 2021 Category A04:2021 - Insecure Design,12,312,"['feast', 'mindsdb', 'langflow', 'Neural', 'cortex', 'bokeh', 'danswerai', 'deepface', 'ray', 'gradio', 'open-webui', 'bentoml', 'comet-llm', 'typer', 'mlflow', 'determined', 'pattern']"
980,18,MemberOf,category,1366,ICS Communications: Frail Security in Protocols,12,312,"['feast', 'mindsdb', 'langflow', 'Neural', 'cortex', 'bokeh', 'danswerai', 'deepface', 'ray', 'gradio', 'open-webui', 'bentoml', 'comet-llm', 'typer', 'mlflow', 'determined', 'pattern']"
981,19,MemberOf,category,1368,ICS Dependencies (& Architecture): External Digital Systems,12,312,"['feast', 'mindsdb', 'langflow', 'Neural', 'cortex', 'bokeh', 'danswerai', 'deepface', 'ray', 'gradio', 'open-webui', 'bentoml', 'comet-llm', 'typer', 'mlflow', 'determined', 'pattern']"
982,20,MemberOf,category,1402,Comprehensive Categorization: Encryption,12,312,"['feast', 'mindsdb', 'langflow', 'Neural', 'cortex', 'bokeh', 'danswerai', 'deepface', 'ray', 'gradio', 'open-webui', 'bentoml', 'comet-llm', 'typer', 'mlflow', 'determined', 'pattern']"
983,21,MemberOf,category,1441,OWASP Top Ten 2025 Category A06:2025 - Insecure Design,12,312,"['feast', 'mindsdb', 'langflow', 'Neural', 'cortex', 'bokeh', 'danswerai', 'deepface', 'ray', 'gradio', 'open-webui', 'bentoml', 'comet-llm', 'typer', 'mlflow', 'determined', 'pattern']"
984,22,Self,base,312,,12,312,"['feast', 'mindsdb', 'langflow', 'Neural', 'cortex', 'bokeh', 'danswerai', 'deepface', 'ray', 'gradio', 'open-webui', 'bentoml', 'comet-llm', 'typer', 'mlflow', 'determined', 'pattern']"
985,0,ChildOf,base,312,Cleartext Storage of Sensitive Information,12,315,"['feast', 'mindsdb', 'langflow', 'Neural', 'ray', 'gradio', 'bentoml', 'mlflow']"
986,1,MemberOf,category,1013,Encrypt Data,12,315,"['feast', 'mindsdb', 'langflow', 'Neural', 'ray', 'gradio', 'bentoml', 'mlflow']"
987,2,MemberOf,category,963,SFP Secondary Cluster: Exposed Data,12,315,"['feast', 'mindsdb', 'langflow', 'Neural', 'ray', 'gradio', 'bentoml', 'mlflow']"
988,3,MemberOf,category,1349,OWASP Top Ten 2021 Category A05:2021 - Security Misconfiguration,12,315,"['feast', 'mindsdb', 'langflow', 'Neural', 'ray', 'gradio', 'bentoml', 'mlflow']"
989,4,MemberOf,category,1402,Comprehensive Categorization: Encryption,12,315,"['feast', 'mindsdb', 'langflow', 'Neural', 'ray', 'gradio', 'bentoml', 'mlflow']"
990,5,MemberOf,category,1437,OWASP Top Ten 2025 Category A02:2025 - Security Misconfiguration,12,315,"['feast', 'mindsdb', 'langflow', 'Neural', 'ray', 'gradio', 'bentoml', 'mlflow']"
991,6,Self,variant,315,,12,315,"['feast', 'mindsdb', 'langflow', 'Neural', 'ray', 'gradio', 'bentoml', 'mlflow']"
992,0,ChildOf,class,200,Exposure of Sensitive Information to an Unauthorized Actor,12,359,"['feast', 'mindsdb', 'langflow', 'Neural', 'cortex', 'bokeh', 'danswerai', 'deepface', 'ray', 'gradio', 'open-webui', 'bentoml', 'comet-llm', 'typer', 'mlflow', 'determined', 'pattern']"
993,1,MemberOf,category,199,Information Management Errors,12,359,"['feast', 'mindsdb', 'langflow', 'Neural', 'cortex', 'bokeh', 'danswerai', 'deepface', 'ray', 'gradio', 'open-webui', 'bentoml', 'comet-llm', 'typer', 'mlflow', 'determined', 'pattern']"
994,2,MemberOf,category,1011,Authorize Actors,12,359,"['feast', 'mindsdb', 'langflow', 'Neural', 'cortex', 'bokeh', 'danswerai', 'deepface', 'ray', 'gradio', 'open-webui', 'bentoml', 'comet-llm', 'typer', 'mlflow', 'determined', 'pattern']"
995,3,MemberOf,category,254,7PK - Security Features,12,359,"['feast', 'mindsdb', 'langflow', 'Neural', 'cortex', 'bokeh', 'danswerai', 'deepface', 'ray', 'gradio', 'open-webui', 'bentoml', 'comet-llm', 'typer', 'mlflow', 'determined', 'pattern']"
996,4,MemberOf,category,857,The CERT Oracle Secure Coding Standard for Java (2011) Chapter 14 - Input Output (FIO),12,359,"['feast', 'mindsdb', 'langflow', 'Neural', 'cortex', 'bokeh', 'danswerai', 'deepface', 'ray', 'gradio', 'open-webui', 'bentoml', 'comet-llm', 'typer', 'mlflow', 'determined', 'pattern']"
997,5,MemberOf,category,975,SFP Secondary Cluster: Architecture,12,359,"['feast', 'mindsdb', 'langflow', 'Neural', 'cortex', 'bokeh', 'danswerai', 'deepface', 'ray', 'gradio', 'open-webui', 'bentoml', 'comet-llm', 'typer', 'mlflow', 'determined', 'pattern']"
998,6,MemberOf,category,1029,OWASP Top Ten 2017 Category A3 - Sensitive Data Exposure,12,359,"['feast', 'mindsdb', 'langflow', 'Neural', 'cortex', 'bokeh', 'danswerai', 'deepface', 'ray', 'gradio', 'open-webui', 'bentoml', 'comet-llm', 'typer', 'mlflow', 'determined', 'pattern']"
999,7,MemberOf,category,1147,SEI CERT Oracle Secure Coding Standard for Java - Guidelines 13. Input Output (FIO),12,359,"['feast', 'mindsdb', 'langflow', 'Neural', 'cortex', 'bokeh', 'danswerai', 'deepface', 'ray', 'gradio', 'open-webui', 'bentoml', 'comet-llm', 'typer', 'mlflow', 'determined', 'pattern']"
1000,8,MemberOf,view,1340,CISQ Data Protection Measures,12,359,"['feast', 'mindsdb', 'langflow', 'Neural', 'cortex', 'bokeh', 'danswerai', 'deepface', 'ray', 'gradio', 'open-webui', 'bentoml', 'comet-llm', 'typer', 'mlflow', 'determined', 'pattern']"
1001,9,MemberOf,category,1345,OWASP Top Ten 2021 Category A01:2021 - Broken Access Control,12,359,"['feast', 'mindsdb', 'langflow', 'Neural', 'cortex', 'bokeh', 'danswerai', 'deepface', 'ray', 'gradio', 'open-webui', 'bentoml', 'comet-llm', 'typer', 'mlflow', 'determined', 'pattern']"
1002,10,MemberOf,category,1417,Comprehensive Categorization: Sensitive Information Exposure,12,359,"['feast', 'mindsdb', 'langflow', 'Neural', 'cortex', 'bokeh', 'danswerai', 'deepface', 'ray', 'gradio', 'open-webui', 'bentoml', 'comet-llm', 'typer', 'mlflow', 'determined', 'pattern']"
1003,11,MemberOf,category,1436,OWASP Top Ten 2025 Category A01:2025 - Broken Access Control,12,359,"['feast', 'mindsdb', 'langflow', 'Neural', 'cortex', 'bokeh', 'danswerai', 'deepface', 'ray', 'gradio', 'open-webui', 'bentoml', 'comet-llm', 'typer', 'mlflow', 'determined', 'pattern']"
1004,12,Self,base,359,,12,359,"['feast', 'mindsdb', 'langflow', 'Neural', 'cortex', 'bokeh', 'danswerai', 'deepface', 'ray', 'gradio', 'open-webui', 'bentoml', 'comet-llm', 'typer', 'mlflow', 'determined', 'pattern']"
1005,0,ChildOf,class,311,Missing Encryption of Sensitive Data,59,312,"['feast', 'mindsdb', 'langflow', 'Neural', 'cortex', 'bokeh', 'danswerai', 'deepface', 'ray', 'gradio', 'open-webui', 'bentoml', 'comet-llm', 'typer', 'mlflow', 'determined', 'pattern']"
1006,1,ChildOf,class,922,Insecure Storage of Sensitive Information,59,312,"['feast', 'mindsdb', 'langflow', 'Neural', 'cortex', 'bokeh', 'danswerai', 'deepface', 'ray', 'gradio', 'open-webui', 'bentoml', 'comet-llm', 'typer', 'mlflow', 'determined', 'pattern']"
1007,2,ParentOf,variant,313,Cleartext Storage in a File or on Disk,59,312,"['feast', 'mindsdb', 'langflow', 'Neural', 'cortex', 'bokeh', 'danswerai', 'deepface', 'ray', 'gradio', 'open-webui', 'bentoml', 'comet-llm', 'typer', 'mlflow', 'determined', 'pattern']"
1008,3,ParentOf,variant,314,Cleartext Storage in the Registry,59,312,"['feast', 'mindsdb', 'langflow', 'Neural', 'cortex', 'bokeh', 'danswerai', 'deepface', 'ray', 'gradio', 'open-webui', 'bentoml', 'comet-llm', 'typer', 'mlflow', 'determined', 'pattern']"
1009,4,ParentOf,variant,315,Cleartext Storage of Sensitive Information in a Cookie,59,312,"['feast', 'mindsdb', 'langflow', 'Neural', 'cortex', 'bokeh', 'danswerai', 'deepface', 'ray', 'gradio', 'open-webui', 'bentoml', 'comet-llm', 'typer', 'mlflow', 'determined', 'pattern']"
1010,5,ParentOf,variant,316,Cleartext Storage of Sensitive Information in Memory,59,312,"['feast', 'mindsdb', 'langflow', 'Neural', 'cortex', 'bokeh', 'danswerai', 'deepface', 'ray', 'gradio', 'open-webui', 'bentoml', 'comet-llm', 'typer', 'mlflow', 'determined', 'pattern']"
1011,6,ParentOf,variant,317,Cleartext Storage of Sensitive Information in GUI,59,312,"['feast', 'mindsdb', 'langflow', 'Neural', 'cortex', 'bokeh', 'danswerai', 'deepface', 'ray', 'gradio', 'open-webui', 'bentoml', 'comet-llm', 'typer', 'mlflow', 'determined', 'pattern']"
1012,7,ParentOf,variant,318,Cleartext Storage of Sensitive Information in Executable,59,312,"['feast', 'mindsdb', 'langflow', 'Neural', 'cortex', 'bokeh', 'danswerai', 'deepface', 'ray', 'gradio', 'open-webui', 'bentoml', 'comet-llm', 'typer', 'mlflow', 'determined', 'pattern']"
1013,8,ParentOf,variant,526,Cleartext Storage of Sensitive Information in an Environment Variable,59,312,"['feast', 'mindsdb', 'langflow', 'Neural', 'cortex', 'bokeh', 'danswerai', 'deepface', 'ray', 'gradio', 'open-webui', 'bentoml', 'comet-llm', 'typer', 'mlflow', 'determined', 'pattern']"
1014,9,MemberOf,category,199,Information Management Errors,59,312,"['feast', 'mindsdb', 'langflow', 'Neural', 'cortex', 'bokeh', 'danswerai', 'deepface', 'ray', 'gradio', 'open-webui', 'bentoml', 'comet-llm', 'typer', 'mlflow', 'determined', 'pattern']"
1015,10,ChildOf,class,311,Missing Encryption of Sensitive Data,59,312,"['feast', 'mindsdb', 'langflow', 'Neural', 'cortex', 'bokeh', 'danswerai', 'deepface', 'ray', 'gradio', 'open-webui', 'bentoml', 'comet-llm', 'typer', 'mlflow', 'determined', 'pattern']"
1016,11,MemberOf,category,1013,Encrypt Data,59,312,"['feast', 'mindsdb', 'langflow', 'Neural', 'cortex', 'bokeh', 'danswerai', 'deepface', 'ray', 'gradio', 'open-webui', 'bentoml', 'comet-llm', 'typer', 'mlflow', 'determined', 'pattern']"
1017,12,MemberOf,category,816,OWASP Top Ten 2010 Category A7 - Insecure Cryptographic Storage,59,312,"['feast', 'mindsdb', 'langflow', 'Neural', 'cortex', 'bokeh', 'danswerai', 'deepface', 'ray', 'gradio', 'open-webui', 'bentoml', 'comet-llm', 'typer', 'mlflow', 'determined', 'pattern']"
1018,13,MemberOf,view,884,CWE Cross-section,59,312,"['feast', 'mindsdb', 'langflow', 'Neural', 'cortex', 'bokeh', 'danswerai', 'deepface', 'ray', 'gradio', 'open-webui', 'bentoml', 'comet-llm', 'typer', 'mlflow', 'determined', 'pattern']"
1019,14,MemberOf,category,934,OWASP Top Ten 2013 Category A6 - Sensitive Data Exposure,59,312,"['feast', 'mindsdb', 'langflow', 'Neural', 'cortex', 'bokeh', 'danswerai', 'deepface', 'ray', 'gradio', 'open-webui', 'bentoml', 'comet-llm', 'typer', 'mlflow', 'determined', 'pattern']"
1020,15,MemberOf,category,963,SFP Secondary Cluster: Exposed Data,59,312,"['feast', 'mindsdb', 'langflow', 'Neural', 'cortex', 'bokeh', 'danswerai', 'deepface', 'ray', 'gradio', 'open-webui', 'bentoml', 'comet-llm', 'typer', 'mlflow', 'determined', 'pattern']"
1021,16,MemberOf,category,1029,OWASP Top Ten 2017 Category A3 - Sensitive Data Exposure,59,312,"['feast', 'mindsdb', 'langflow', 'Neural', 'cortex', 'bokeh', 'danswerai', 'deepface', 'ray', 'gradio', 'open-webui', 'bentoml', 'comet-llm', 'typer', 'mlflow', 'determined', 'pattern']"
1022,17,MemberOf,category,1348,OWASP Top Ten 2021 Category A04:2021 - Insecure Design,59,312,"['feast', 'mindsdb', 'langflow', 'Neural', 'cortex', 'bokeh', 'danswerai', 'deepface', 'ray', 'gradio', 'open-webui', 'bentoml', 'comet-llm', 'typer', 'mlflow', 'determined', 'pattern']"
1023,18,MemberOf,category,1366,ICS Communications: Frail Security in Protocols,59,312,"['feast', 'mindsdb', 'langflow', 'Neural', 'cortex', 'bokeh', 'danswerai', 'deepface', 'ray', 'gradio', 'open-webui', 'bentoml', 'comet-llm', 'typer', 'mlflow', 'determined', 'pattern']"
1024,19,MemberOf,category,1368,ICS Dependencies (& Architecture): External Digital Systems,59,312,"['feast', 'mindsdb', 'langflow', 'Neural', 'cortex', 'bokeh', 'danswerai', 'deepface', 'ray', 'gradio', 'open-webui', 'bentoml', 'comet-llm', 'typer', 'mlflow', 'determined', 'pattern']"
1025,20,MemberOf,category,1402,Comprehensive Categorization: Encryption,59,312,"['feast', 'mindsdb', 'langflow', 'Neural', 'cortex', 'bokeh', 'danswerai', 'deepface', 'ray', 'gradio', 'open-webui', 'bentoml', 'comet-llm', 'typer', 'mlflow', 'determined', 'pattern']"
1026,21,MemberOf,category,1441,OWASP Top Ten 2025 Category A06:2025 - Insecure Design,59,312,"['feast', 'mindsdb', 'langflow', 'Neural', 'cortex', 'bokeh', 'danswerai', 'deepface', 'ray', 'gradio', 'open-webui', 'bentoml', 'comet-llm', 'typer', 'mlflow', 'determined', 'pattern']"
1027,22,Self,base,312,,59,312,"['feast', 'mindsdb', 'langflow', 'Neural', 'cortex', 'bokeh', 'danswerai', 'deepface', 'ray', 'gradio', 'open-webui', 'bentoml', 'comet-llm', 'typer', 'mlflow', 'determined', 'pattern']"
1028,0,ChildOf,class,200,Exposure of Sensitive Information to an Unauthorized Actor,59,359,"['feast', 'mindsdb', 'langflow', 'Neural', 'cortex', 'bokeh', 'danswerai', 'deepface', 'ray', 'gradio', 'open-webui', 'bentoml', 'comet-llm', 'typer', 'mlflow', 'determined', 'pattern']"
1029,1,MemberOf,category,199,Information Management Errors,59,359,"['feast', 'mindsdb', 'langflow', 'Neural', 'cortex', 'bokeh', 'danswerai', 'deepface', 'ray', 'gradio', 'open-webui', 'bentoml', 'comet-llm', 'typer', 'mlflow', 'determined', 'pattern']"
1030,2,MemberOf,category,1011,Authorize Actors,59,359,"['feast', 'mindsdb', 'langflow', 'Neural', 'cortex', 'bokeh', 'danswerai', 'deepface', 'ray', 'gradio', 'open-webui', 'bentoml', 'comet-llm', 'typer', 'mlflow', 'determined', 'pattern']"
1031,3,MemberOf,category,254,7PK - Security Features,59,359,"['feast', 'mindsdb', 'langflow', 'Neural', 'cortex', 'bokeh', 'danswerai', 'deepface', 'ray', 'gradio', 'open-webui', 'bentoml', 'comet-llm', 'typer', 'mlflow', 'determined', 'pattern']"
1032,4,MemberOf,category,857,The CERT Oracle Secure Coding Standard for Java (2011) Chapter 14 - Input Output (FIO),59,359,"['feast', 'mindsdb', 'langflow', 'Neural', 'cortex', 'bokeh', 'danswerai', 'deepface', 'ray', 'gradio', 'open-webui', 'bentoml', 'comet-llm', 'typer', 'mlflow', 'determined', 'pattern']"
1033,5,MemberOf,category,975,SFP Secondary Cluster: Architecture,59,359,"['feast', 'mindsdb', 'langflow', 'Neural', 'cortex', 'bokeh', 'danswerai', 'deepface', 'ray', 'gradio', 'open-webui', 'bentoml', 'comet-llm', 'typer', 'mlflow', 'determined', 'pattern']"
1034,6,MemberOf,category,1029,OWASP Top Ten 2017 Category A3 - Sensitive Data Exposure,59,359,"['feast', 'mindsdb', 'langflow', 'Neural', 'cortex', 'bokeh', 'danswerai', 'deepface', 'ray', 'gradio', 'open-webui', 'bentoml', 'comet-llm', 'typer', 'mlflow', 'determined', 'pattern']"
1035,7,MemberOf,category,1147,SEI CERT Oracle Secure Coding Standard for Java - Guidelines 13. Input Output (FIO),59,359,"['feast', 'mindsdb', 'langflow', 'Neural', 'cortex', 'bokeh', 'danswerai', 'deepface', 'ray', 'gradio', 'open-webui', 'bentoml', 'comet-llm', 'typer', 'mlflow', 'determined', 'pattern']"
1036,8,MemberOf,view,1340,CISQ Data Protection Measures,59,359,"['feast', 'mindsdb', 'langflow', 'Neural', 'cortex', 'bokeh', 'danswerai', 'deepface', 'ray', 'gradio', 'open-webui', 'bentoml', 'comet-llm', 'typer', 'mlflow', 'determined', 'pattern']"
1037,9,MemberOf,category,1345,OWASP Top Ten 2021 Category A01:2021 - Broken Access Control,59,359,"['feast', 'mindsdb', 'langflow', 'Neural', 'cortex', 'bokeh', 'danswerai', 'deepface', 'ray', 'gradio', 'open-webui', 'bentoml', 'comet-llm', 'typer', 'mlflow', 'determined', 'pattern']"
1038,10,MemberOf,category,1417,Comprehensive Categorization: Sensitive Information Exposure,59,359,"['feast', 'mindsdb', 'langflow', 'Neural', 'cortex', 'bokeh', 'danswerai', 'deepface', 'ray', 'gradio', 'open-webui', 'bentoml', 'comet-llm', 'typer', 'mlflow', 'determined', 'pattern']"
1039,11,MemberOf,category,1436,OWASP Top Ten 2025 Category A01:2025 - Broken Access Control,59,359,"['feast', 'mindsdb', 'langflow', 'Neural', 'cortex', 'bokeh', 'danswerai', 'deepface', 'ray', 'gradio', 'open-webui', 'bentoml', 'comet-llm', 'typer', 'mlflow', 'determined', 'pattern']"
1040,12,Self,base,359,,59,359,"['feast', 'mindsdb', 'langflow', 'Neural', 'cortex', 'bokeh', 'danswerai', 'deepface', 'ray', 'gradio', 'open-webui', 'bentoml', 'comet-llm', 'typer', 'mlflow', 'determined', 'pattern']"
1041,0,ChildOf,base,538,Insertion of Sensitive Information into Externally-Accessible File or Directory,59,532,"['feast', 'langflow', 'cortex', 'bokeh', 'danswerai', 'deepface', 'ray', 'gradio', 'open-webui', 'comet-llm', 'typer', 'mlflow', 'determined', 'pattern']"
1042,1,ChildOf,class,200,Exposure of Sensitive Information to an Unauthorized Actor,59,532,"['feast', 'langflow', 'cortex', 'bokeh', 'danswerai', 'deepface', 'ray', 'gradio', 'open-webui', 'comet-llm', 'typer', 'mlflow', 'determined', 'pattern']"
1043,2,MemberOf,category,1009,Audit,59,532,"['feast', 'langflow', 'cortex', 'bokeh', 'danswerai', 'deepface', 'ray', 'gradio', 'open-webui', 'comet-llm', 'typer', 'mlflow', 'determined', 'pattern']"
1044,3,MemberOf,category,731,OWASP Top Ten 2004 Category A10 - Insecure Configuration Management,59,532,"['feast', 'langflow', 'cortex', 'bokeh', 'danswerai', 'deepface', 'ray', 'gradio', 'open-webui', 'comet-llm', 'typer', 'mlflow', 'determined', 'pattern']"
1045,4,MemberOf,category,857,The CERT Oracle Secure Coding Standard for Java (2011) Chapter 14 - Input Output (FIO),59,532,"['feast', 'langflow', 'cortex', 'bokeh', 'danswerai', 'deepface', 'ray', 'gradio', 'open-webui', 'comet-llm', 'typer', 'mlflow', 'determined', 'pattern']"
1046,5,MemberOf,category,963,SFP Secondary Cluster: Exposed Data,59,532,"['feast', 'langflow', 'cortex', 'bokeh', 'danswerai', 'deepface', 'ray', 'gradio', 'open-webui', 'comet-llm', 'typer', 'mlflow', 'determined', 'pattern']"
1047,6,MemberOf,category,1147,SEI CERT Oracle Secure Coding Standard for Java - Guidelines 13. Input Output (FIO),59,532,"['feast', 'langflow', 'cortex', 'bokeh', 'danswerai', 'deepface', 'ray', 'gradio', 'open-webui', 'comet-llm', 'typer', 'mlflow', 'determined', 'pattern']"
1048,7,MemberOf,category,1355,OWASP Top Ten 2021 Category A09:2021 - Security Logging and Monitoring Failures,59,532,"['feast', 'langflow', 'cortex', 'bokeh', 'danswerai', 'deepface', 'ray', 'gradio', 'open-webui', 'comet-llm', 'typer', 'mlflow', 'determined', 'pattern']"
1049,8,MemberOf,category,1417,Comprehensive Categorization: Sensitive Information Exposure,59,532,"['feast', 'langflow', 'cortex', 'bokeh', 'danswerai', 'deepface', 'ray', 'gradio', 'open-webui', 'comet-llm', 'typer', 'mlflow', 'determined', 'pattern']"
1050,9,MemberOf,category,1444,OWASP Top Ten 2025 Category A09:2025 - Logging & Alerting Failures,59,532,"['feast', 'langflow', 'cortex', 'bokeh', 'danswerai', 'deepface', 'ray', 'gradio', 'open-webui', 'comet-llm', 'typer', 'mlflow', 'determined', 'pattern']"
1051,10,Self,base,532,,59,532,"['feast', 'langflow', 'cortex', 'bokeh', 'danswerai', 'deepface', 'ray', 'gradio', 'open-webui', 'comet-llm', 'typer', 'mlflow', 'determined', 'pattern']"
1052,0,ChildOf,pillar,693,Protection Mechanism Failure,11,327,"['lightly', 'langflow', 'couler', 'gradio', 'streamlit', 'mars', 'open-webui', 'danswerai', 'mlflow', 'determined']"
1053,1,ParentOf,base,328,Use of Weak Hash,11,327,"['lightly', 'langflow', 'couler', 'gradio', 'streamlit', 'mars', 'open-webui', 'danswerai', 'mlflow', 'determined']"
1054,2,ParentOf,variant,780,Use of RSA Algorithm without OAEP,11,327,"['lightly', 'langflow', 'couler', 'gradio', 'streamlit', 'mars', 'open-webui', 'danswerai', 'mlflow', 'determined']"
1055,3,ParentOf,base,1240,Use of a Cryptographic Primitive with a Risky Implementation,11,327,"['lightly', 'langflow', 'couler', 'gradio', 'streamlit', 'mars', 'open-webui', 'danswerai', 'mlflow', 'determined']"
1056,4,PeerOf,base,301,Reflection Attack in an Authentication Protocol,11,327,"['lightly', 'langflow', 'couler', 'gradio', 'streamlit', 'mars', 'open-webui', 'danswerai', 'mlflow', 'determined']"
1057,5,PeerOf,class,311,Missing Encryption of Sensitive Data,11,327,"['lightly', 'langflow', 'couler', 'gradio', 'streamlit', 'mars', 'open-webui', 'danswerai', 'mlflow', 'determined']"
1058,6,CanFollow,base,208,Observable Timing Discrepancy,11,327,"['lightly', 'langflow', 'couler', 'gradio', 'streamlit', 'mars', 'open-webui', 'danswerai', 'mlflow', 'determined']"
1059,7,MemberOf,view,1003,Weaknesses for Simplified Mapping of Published Vulnerabilities,11,327,"['lightly', 'langflow', 'couler', 'gradio', 'streamlit', 'mars', 'open-webui', 'danswerai', 'mlflow', 'determined']"
1060,8,ParentOf,base,916,Use of Password Hash With Insufficient Computational Effort,11,327,"['lightly', 'langflow', 'couler', 'gradio', 'streamlit', 'mars', 'open-webui', 'danswerai', 'mlflow', 'determined']"
1061,9,MemberOf,category,1013,Encrypt Data,11,327,"['lightly', 'langflow', 'couler', 'gradio', 'streamlit', 'mars', 'open-webui', 'danswerai', 'mlflow', 'determined']"
1062,10,MemberOf,category,729,OWASP Top Ten 2004 Category A8 - Insecure Storage,11,327,"['lightly', 'langflow', 'couler', 'gradio', 'streamlit', 'mars', 'open-webui', 'danswerai', 'mlflow', 'determined']"
1063,11,MemberOf,category,753,2009 Top 25 - Porous Defenses,11,327,"['lightly', 'langflow', 'couler', 'gradio', 'streamlit', 'mars', 'open-webui', 'danswerai', 'mlflow', 'determined']"
1064,12,MemberOf,category,803,2010 Top 25 - Porous Defenses,11,327,"['lightly', 'langflow', 'couler', 'gradio', 'streamlit', 'mars', 'open-webui', 'danswerai', 'mlflow', 'determined']"
1065,13,MemberOf,category,816,OWASP Top Ten 2010 Category A7 - Insecure Cryptographic Storage,11,327,"['lightly', 'langflow', 'couler', 'gradio', 'streamlit', 'mars', 'open-webui', 'danswerai', 'mlflow', 'determined']"
1066,14,MemberOf,category,866,2011 Top 25 - Porous Defenses,11,327,"['lightly', 'langflow', 'couler', 'gradio', 'streamlit', 'mars', 'open-webui', 'danswerai', 'mlflow', 'determined']"
1067,15,MemberOf,category,883,CERT C++ Secure Coding Section 49 - Miscellaneous (MSC),11,327,"['lightly', 'langflow', 'couler', 'gradio', 'streamlit', 'mars', 'open-webui', 'danswerai', 'mlflow', 'determined']"
1068,16,MemberOf,view,884,CWE Cross-section,11,327,"['lightly', 'langflow', 'couler', 'gradio', 'streamlit', 'mars', 'open-webui', 'danswerai', 'mlflow', 'determined']"
1069,17,MemberOf,category,934,OWASP Top Ten 2013 Category A6 - Sensitive Data Exposure,11,327,"['lightly', 'langflow', 'couler', 'gradio', 'streamlit', 'mars', 'open-webui', 'danswerai', 'mlflow', 'determined']"
1070,18,MemberOf,category,958,SFP Secondary Cluster: Broken Cryptography,11,327,"['lightly', 'langflow', 'couler', 'gradio', 'streamlit', 'mars', 'open-webui', 'danswerai', 'mlflow', 'determined']"
1071,19,MemberOf,category,1029,OWASP Top Ten 2017 Category A3 - Sensitive Data Exposure,11,327,"['lightly', 'langflow', 'couler', 'gradio', 'streamlit', 'mars', 'open-webui', 'danswerai', 'mlflow', 'determined']"
1072,20,MemberOf,category,1131,CISQ Quality Measures (2016) - Security,11,327,"['lightly', 'langflow', 'couler', 'gradio', 'streamlit', 'mars', 'open-webui', 'danswerai', 'mlflow', 'determined']"
1073,21,MemberOf,category,1152,SEI CERT Oracle Secure Coding Standard for Java - Guidelines 49. Miscellaneous (MSC),11,327,"['lightly', 'langflow', 'couler', 'gradio', 'streamlit', 'mars', 'open-webui', 'danswerai', 'mlflow', 'determined']"
1074,22,MemberOf,category,1170,SEI CERT C Coding Standard - Guidelines 48. Miscellaneous (MSC),11,327,"['lightly', 'langflow', 'couler', 'gradio', 'streamlit', 'mars', 'open-webui', 'danswerai', 'mlflow', 'determined']"
1075,23,MemberOf,category,1346,OWASP Top Ten 2021 Category A02:2021 - Cryptographic Failures,11,327,"['lightly', 'langflow', 'couler', 'gradio', 'streamlit', 'mars', 'open-webui', 'danswerai', 'mlflow', 'determined']"
1076,24,MemberOf,category,1366,ICS Communications: Frail Security in Protocols,11,327,"['lightly', 'langflow', 'couler', 'gradio', 'streamlit', 'mars', 'open-webui', 'danswerai', 'mlflow', 'determined']"
1077,25,MemberOf,category,1402,Comprehensive Categorization: Encryption,11,327,"['lightly', 'langflow', 'couler', 'gradio', 'streamlit', 'mars', 'open-webui', 'danswerai', 'mlflow', 'determined']"
1078,26,MemberOf,category,1439,OWASP Top Ten 2025 Category A04:2025 - Cryptographic Failures,11,327,"['lightly', 'langflow', 'couler', 'gradio', 'streamlit', 'mars', 'open-webui', 'danswerai', 'mlflow', 'determined']"
1079,27,Self,class,327,,11,327,"['lightly', 'langflow', 'couler', 'gradio', 'streamlit', 'mars', 'open-webui', 'danswerai', 'mlflow', 'determined']"
1080,0,ChildOf,class,326,Inadequate Encryption Strength,11,328,"['langflow', 'couler', 'gradio', 'streamlit', 'mars', 'danswerai', 'mlflow', 'determined']"
1081,1,ChildOf,class,327,Use of a Broken or Risky Cryptographic Algorithm,11,328,"['langflow', 'couler', 'gradio', 'streamlit', 'mars', 'danswerai', 'mlflow', 'determined']"
1082,2,ParentOf,base,916,Use of Password Hash With Insufficient Computational Effort,11,328,"['langflow', 'couler', 'gradio', 'streamlit', 'mars', 'danswerai', 'mlflow', 'determined']"
1083,3,MemberOf,category,310,Cryptographic Issues,11,328,"['langflow', 'couler', 'gradio', 'streamlit', 'mars', 'danswerai', 'mlflow', 'determined']"
1084,4,MemberOf,category,1013,Encrypt Data,11,328,"['langflow', 'couler', 'gradio', 'streamlit', 'mars', 'danswerai', 'mlflow', 'determined']"
1085,5,MemberOf,category,934,OWASP Top Ten 2013 Category A6 - Sensitive Data Exposure,11,328,"['langflow', 'couler', 'gradio', 'streamlit', 'mars', 'danswerai', 'mlflow', 'determined']"
1086,6,MemberOf,category,958,SFP Secondary Cluster: Broken Cryptography,11,328,"['langflow', 'couler', 'gradio', 'streamlit', 'mars', 'danswerai', 'mlflow', 'determined']"
1087,7,MemberOf,category,1029,OWASP Top Ten 2017 Category A3 - Sensitive Data Exposure,11,328,"['langflow', 'couler', 'gradio', 'streamlit', 'mars', 'danswerai', 'mlflow', 'determined']"
1088,8,MemberOf,category,1346,OWASP Top Ten 2021 Category A02:2021 - Cryptographic Failures,11,328,"['langflow', 'couler', 'gradio', 'streamlit', 'mars', 'danswerai', 'mlflow', 'determined']"
1089,9,MemberOf,category,1402,Comprehensive Categorization: Encryption,11,328,"['langflow', 'couler', 'gradio', 'streamlit', 'mars', 'danswerai', 'mlflow', 'determined']"
1090,10,MemberOf,category,1439,OWASP Top Ten 2025 Category A04:2025 - Cryptographic Failures,11,328,"['langflow', 'couler', 'gradio', 'streamlit', 'mars', 'danswerai', 'mlflow', 'determined']"
1091,11,Self,base,328,,11,328,"['langflow', 'couler', 'gradio', 'streamlit', 'mars', 'danswerai', 'mlflow', 'determined']"
1092,0,ChildOf,base,328,Use of Weak Hash,11,916,"['langflow', 'couler', 'gradio', 'streamlit', 'mars', 'danswerai', 'mlflow', 'determined']"
1093,1,ParentOf,variant,759,Use of a One-Way Hash without a Salt,11,916,"['langflow', 'couler', 'gradio', 'streamlit', 'mars', 'danswerai', 'mlflow', 'determined']"
1094,2,ParentOf,variant,760,Use of a One-Way Hash with a Predictable Salt,11,916,"['langflow', 'couler', 'gradio', 'streamlit', 'mars', 'danswerai', 'mlflow', 'determined']"
1095,3,MemberOf,category,255,Credentials Management Errors,11,916,"['langflow', 'couler', 'gradio', 'streamlit', 'mars', 'danswerai', 'mlflow', 'determined']"
1096,4,MemberOf,category,310,Cryptographic Issues,11,916,"['langflow', 'couler', 'gradio', 'streamlit', 'mars', 'danswerai', 'mlflow', 'determined']"
1097,5,ChildOf,class,327,Use of a Broken or Risky Cryptographic Algorithm,11,916,"['langflow', 'couler', 'gradio', 'streamlit', 'mars', 'danswerai', 'mlflow', 'determined']"
1098,6,MemberOf,category,1010,Authenticate Actors,11,916,"['langflow', 'couler', 'gradio', 'streamlit', 'mars', 'danswerai', 'mlflow', 'determined']"
1099,7,MemberOf,category,1346,OWASP Top Ten 2021 Category A02:2021 - Cryptographic Failures,11,916,"['langflow', 'couler', 'gradio', 'streamlit', 'mars', 'danswerai', 'mlflow', 'determined']"
1100,8,MemberOf,category,1402,Comprehensive Categorization: Encryption,11,916,"['langflow', 'couler', 'gradio', 'streamlit', 'mars', 'danswerai', 'mlflow', 'determined']"
1101,9,MemberOf,category,1439,OWASP Top Ten 2025 Category A04:2025 - Cryptographic Failures,11,916,"['langflow', 'couler', 'gradio', 'streamlit', 'mars', 'danswerai', 'mlflow', 'determined']"
1102,10,Self,base,916,,11,916,"['langflow', 'couler', 'gradio', 'streamlit', 'mars', 'danswerai', 'mlflow', 'determined']"
1103,0,ChildOf,pillar,693,Protection Mechanism Failure,3,327,"['lightly', 'langflow', 'couler', 'gradio', 'streamlit', 'mars', 'open-webui', 'danswerai', 'mlflow', 'determined']"
1104,1,ParentOf,base,328,Use of Weak Hash,3,327,"['lightly', 'langflow', 'couler', 'gradio', 'streamlit', 'mars', 'open-webui', 'danswerai', 'mlflow', 'determined']"
1105,2,ParentOf,variant,780,Use of RSA Algorithm without OAEP,3,327,"['lightly', 'langflow', 'couler', 'gradio', 'streamlit', 'mars', 'open-webui', 'danswerai', 'mlflow', 'determined']"
1106,3,ParentOf,base,1240,Use of a Cryptographic Primitive with a Risky Implementation,3,327,"['lightly', 'langflow', 'couler', 'gradio', 'streamlit', 'mars', 'open-webui', 'danswerai', 'mlflow', 'determined']"
1107,4,PeerOf,base,301,Reflection Attack in an Authentication Protocol,3,327,"['lightly', 'langflow', 'couler', 'gradio', 'streamlit', 'mars', 'open-webui', 'danswerai', 'mlflow', 'determined']"
1108,5,PeerOf,class,311,Missing Encryption of Sensitive Data,3,327,"['lightly', 'langflow', 'couler', 'gradio', 'streamlit', 'mars', 'open-webui', 'danswerai', 'mlflow', 'determined']"
1109,6,CanFollow,base,208,Observable Timing Discrepancy,3,327,"['lightly', 'langflow', 'couler', 'gradio', 'streamlit', 'mars', 'open-webui', 'danswerai', 'mlflow', 'determined']"
1110,7,MemberOf,view,1003,Weaknesses for Simplified Mapping of Published Vulnerabilities,3,327,"['lightly', 'langflow', 'couler', 'gradio', 'streamlit', 'mars', 'open-webui', 'danswerai', 'mlflow', 'determined']"
1111,8,ParentOf,base,916,Use of Password Hash With Insufficient Computational Effort,3,327,"['lightly', 'langflow', 'couler', 'gradio', 'streamlit', 'mars', 'open-webui', 'danswerai', 'mlflow', 'determined']"
1112,9,MemberOf,category,1013,Encrypt Data,3,327,"['lightly', 'langflow', 'couler', 'gradio', 'streamlit', 'mars', 'open-webui', 'danswerai', 'mlflow', 'determined']"
1113,10,MemberOf,category,729,OWASP Top Ten 2004 Category A8 - Insecure Storage,3,327,"['lightly', 'langflow', 'couler', 'gradio', 'streamlit', 'mars', 'open-webui', 'danswerai', 'mlflow', 'determined']"
1114,11,MemberOf,category,753,2009 Top 25 - Porous Defenses,3,327,"['lightly', 'langflow', 'couler', 'gradio', 'streamlit', 'mars', 'open-webui', 'danswerai', 'mlflow', 'determined']"
1115,12,MemberOf,category,803,2010 Top 25 - Porous Defenses,3,327,"['lightly', 'langflow', 'couler', 'gradio', 'streamlit', 'mars', 'open-webui', 'danswerai', 'mlflow', 'determined']"
1116,13,MemberOf,category,816,OWASP Top Ten 2010 Category A7 - Insecure Cryptographic Storage,3,327,"['lightly', 'langflow', 'couler', 'gradio', 'streamlit', 'mars', 'open-webui', 'danswerai', 'mlflow', 'determined']"
1117,14,MemberOf,category,866,2011 Top 25 - Porous Defenses,3,327,"['lightly', 'langflow', 'couler', 'gradio', 'streamlit', 'mars', 'open-webui', 'danswerai', 'mlflow', 'determined']"
1118,15,MemberOf,category,883,CERT C++ Secure Coding Section 49 - Miscellaneous (MSC),3,327,"['lightly', 'langflow', 'couler', 'gradio', 'streamlit', 'mars', 'open-webui', 'danswerai', 'mlflow', 'determined']"
1119,16,MemberOf,view,884,CWE Cross-section,3,327,"['lightly', 'langflow', 'couler', 'gradio', 'streamlit', 'mars', 'open-webui', 'danswerai', 'mlflow', 'determined']"
1120,17,MemberOf,category,934,OWASP Top Ten 2013 Category A6 - Sensitive Data Exposure,3,327,"['lightly', 'langflow', 'couler', 'gradio', 'streamlit', 'mars', 'open-webui', 'danswerai', 'mlflow', 'determined']"
1121,18,MemberOf,category,958,SFP Secondary Cluster: Broken Cryptography,3,327,"['lightly', 'langflow', 'couler', 'gradio', 'streamlit', 'mars', 'open-webui', 'danswerai', 'mlflow', 'determined']"
1122,19,MemberOf,category,1029,OWASP Top Ten 2017 Category A3 - Sensitive Data Exposure,3,327,"['lightly', 'langflow', 'couler', 'gradio', 'streamlit', 'mars', 'open-webui', 'danswerai', 'mlflow', 'determined']"
1123,20,MemberOf,category,1131,CISQ Quality Measures (2016) - Security,3,327,"['lightly', 'langflow', 'couler', 'gradio', 'streamlit', 'mars', 'open-webui', 'danswerai', 'mlflow', 'determined']"
1124,21,MemberOf,category,1152,SEI CERT Oracle Secure Coding Standard for Java - Guidelines 49. Miscellaneous (MSC),3,327,"['lightly', 'langflow', 'couler', 'gradio', 'streamlit', 'mars', 'open-webui', 'danswerai', 'mlflow', 'determined']"
1125,22,MemberOf,category,1170,SEI CERT C Coding Standard - Guidelines 48. Miscellaneous (MSC),3,327,"['lightly', 'langflow', 'couler', 'gradio', 'streamlit', 'mars', 'open-webui', 'danswerai', 'mlflow', 'determined']"
1126,23,MemberOf,category,1346,OWASP Top Ten 2021 Category A02:2021 - Cryptographic Failures,3,327,"['lightly', 'langflow', 'couler', 'gradio', 'streamlit', 'mars', 'open-webui', 'danswerai', 'mlflow', 'determined']"
1127,24,MemberOf,category,1366,ICS Communications: Frail Security in Protocols,3,327,"['lightly', 'langflow', 'couler', 'gradio', 'streamlit', 'mars', 'open-webui', 'danswerai', 'mlflow', 'determined']"
1128,25,MemberOf,category,1402,Comprehensive Categorization: Encryption,3,327,"['lightly', 'langflow', 'couler', 'gradio', 'streamlit', 'mars', 'open-webui', 'danswerai', 'mlflow', 'determined']"
1129,26,MemberOf,category,1439,OWASP Top Ten 2025 Category A04:2025 - Cryptographic Failures,3,327,"['lightly', 'langflow', 'couler', 'gradio', 'streamlit', 'mars', 'open-webui', 'danswerai', 'mlflow', 'determined']"
1130,27,Self,class,327,,3,327,"['lightly', 'langflow', 'couler', 'gradio', 'streamlit', 'mars', 'open-webui', 'danswerai', 'mlflow', 'determined']"
1131,0,ChildOf,pillar,693,Protection Mechanism Failure,1,327,"['lightly', 'langflow', 'couler', 'gradio', 'streamlit', 'mars', 'open-webui', 'danswerai', 'mlflow', 'determined']"
1132,1,ParentOf,base,328,Use of Weak Hash,1,327,"['lightly', 'langflow', 'couler', 'gradio', 'streamlit', 'mars', 'open-webui', 'danswerai', 'mlflow', 'determined']"
1133,2,ParentOf,variant,780,Use of RSA Algorithm without OAEP,1,327,"['lightly', 'langflow', 'couler', 'gradio', 'streamlit', 'mars', 'open-webui', 'danswerai', 'mlflow', 'determined']"
1134,3,ParentOf,base,1240,Use of a Cryptographic Primitive with a Risky Implementation,1,327,"['lightly', 'langflow', 'couler', 'gradio', 'streamlit', 'mars', 'open-webui', 'danswerai', 'mlflow', 'determined']"
1135,4,PeerOf,base,301,Reflection Attack in an Authentication Protocol,1,327,"['lightly', 'langflow', 'couler', 'gradio', 'streamlit', 'mars', 'open-webui', 'danswerai', 'mlflow', 'determined']"
1136,5,PeerOf,class,311,Missing Encryption of Sensitive Data,1,327,"['lightly', 'langflow', 'couler', 'gradio', 'streamlit', 'mars', 'open-webui', 'danswerai', 'mlflow', 'determined']"
1137,6,CanFollow,base,208,Observable Timing Discrepancy,1,327,"['lightly', 'langflow', 'couler', 'gradio', 'streamlit', 'mars', 'open-webui', 'danswerai', 'mlflow', 'determined']"
1138,7,MemberOf,view,1003,Weaknesses for Simplified Mapping of Published Vulnerabilities,1,327,"['lightly', 'langflow', 'couler', 'gradio', 'streamlit', 'mars', 'open-webui', 'danswerai', 'mlflow', 'determined']"
1139,8,ParentOf,base,916,Use of Password Hash With Insufficient Computational Effort,1,327,"['lightly', 'langflow', 'couler', 'gradio', 'streamlit', 'mars', 'open-webui', 'danswerai', 'mlflow', 'determined']"
1140,9,MemberOf,category,1013,Encrypt Data,1,327,"['lightly', 'langflow', 'couler', 'gradio', 'streamlit', 'mars', 'open-webui', 'danswerai', 'mlflow', 'determined']"
1141,10,MemberOf,category,729,OWASP Top Ten 2004 Category A8 - Insecure Storage,1,327,"['lightly', 'langflow', 'couler', 'gradio', 'streamlit', 'mars', 'open-webui', 'danswerai', 'mlflow', 'determined']"
1142,11,MemberOf,category,753,2009 Top 25 - Porous Defenses,1,327,"['lightly', 'langflow', 'couler', 'gradio', 'streamlit', 'mars', 'open-webui', 'danswerai', 'mlflow', 'determined']"
1143,12,MemberOf,category,803,2010 Top 25 - Porous Defenses,1,327,"['lightly', 'langflow', 'couler', 'gradio', 'streamlit', 'mars', 'open-webui', 'danswerai', 'mlflow', 'determined']"
1144,13,MemberOf,category,816,OWASP Top Ten 2010 Category A7 - Insecure Cryptographic Storage,1,327,"['lightly', 'langflow', 'couler', 'gradio', 'streamlit', 'mars', 'open-webui', 'danswerai', 'mlflow', 'determined']"
1145,14,MemberOf,category,866,2011 Top 25 - Porous Defenses,1,327,"['lightly', 'langflow', 'couler', 'gradio', 'streamlit', 'mars', 'open-webui', 'danswerai', 'mlflow', 'determined']"
1146,15,MemberOf,category,883,CERT C++ Secure Coding Section 49 - Miscellaneous (MSC),1,327,"['lightly', 'langflow', 'couler', 'gradio', 'streamlit', 'mars', 'open-webui', 'danswerai', 'mlflow', 'determined']"
1147,16,MemberOf,view,884,CWE Cross-section,1,327,"['lightly', 'langflow', 'couler', 'gradio', 'streamlit', 'mars', 'open-webui', 'danswerai', 'mlflow', 'determined']"
1148,17,MemberOf,category,934,OWASP Top Ten 2013 Category A6 - Sensitive Data Exposure,1,327,"['lightly', 'langflow', 'couler', 'gradio', 'streamlit', 'mars', 'open-webui', 'danswerai', 'mlflow', 'determined']"
1149,18,MemberOf,category,958,SFP Secondary Cluster: Broken Cryptography,1,327,"['lightly', 'langflow', 'couler', 'gradio', 'streamlit', 'mars', 'open-webui', 'danswerai', 'mlflow', 'determined']"
1150,19,MemberOf,category,1029,OWASP Top Ten 2017 Category A3 - Sensitive Data Exposure,1,327,"['lightly', 'langflow', 'couler', 'gradio', 'streamlit', 'mars', 'open-webui', 'danswerai', 'mlflow', 'determined']"
1151,20,MemberOf,category,1131,CISQ Quality Measures (2016) - Security,1,327,"['lightly', 'langflow', 'couler', 'gradio', 'streamlit', 'mars', 'open-webui', 'danswerai', 'mlflow', 'determined']"
1152,21,MemberOf,category,1152,SEI CERT Oracle Secure Coding Standard for Java - Guidelines 49. Miscellaneous (MSC),1,327,"['lightly', 'langflow', 'couler', 'gradio', 'streamlit', 'mars', 'open-webui', 'danswerai', 'mlflow', 'determined']"
1153,22,MemberOf,category,1170,SEI CERT C Coding Standard - Guidelines 48. Miscellaneous (MSC),1,327,"['lightly', 'langflow', 'couler', 'gradio', 'streamlit', 'mars', 'open-webui', 'danswerai', 'mlflow', 'determined']"
1154,23,MemberOf,category,1346,OWASP Top Ten 2021 Category A02:2021 - Cryptographic Failures,1,327,"['lightly', 'langflow', 'couler', 'gradio', 'streamlit', 'mars', 'open-webui', 'danswerai', 'mlflow', 'determined']"
1155,24,MemberOf,category,1366,ICS Communications: Frail Security in Protocols,1,327,"['lightly', 'langflow', 'couler', 'gradio', 'streamlit', 'mars', 'open-webui', 'danswerai', 'mlflow', 'determined']"
1156,25,MemberOf,category,1402,Comprehensive Categorization: Encryption,1,327,"['lightly', 'langflow', 'couler', 'gradio', 'streamlit', 'mars', 'open-webui', 'danswerai', 'mlflow', 'determined']"
1157,26,MemberOf,category,1439,OWASP Top Ten 2025 Category A04:2025 - Cryptographic Failures,1,327,"['lightly', 'langflow', 'couler', 'gradio', 'streamlit', 'mars', 'open-webui', 'danswerai', 'mlflow', 'determined']"
1158,27,Self,class,327,,1,327,"['lightly', 'langflow', 'couler', 'gradio', 'streamlit', 'mars', 'open-webui', 'danswerai', 'mlflow', 'determined']"
1159,0,ChildOf,class,668,Exposure of Resource to Wrong Sphere,19,377,"['lightly', 'nut', 'mindsdb', 'pytorch', 'gensim', 'tensorflow', 'DI-engine', 'python-timbl', 'transformers', 'bentoml', 'shogun', 'rasa']"
1160,1,ParentOf,base,378,Creation of Temporary File With Insecure Permissions,19,377,"['lightly', 'nut', 'mindsdb', 'pytorch', 'gensim', 'tensorflow', 'DI-engine', 'python-timbl', 'transformers', 'bentoml', 'shogun', 'rasa']"
1161,2,ParentOf,base,379,Creation of Temporary File in Directory with Insecure Permissions,19,377,"['lightly', 'nut', 'mindsdb', 'pytorch', 'gensim', 'tensorflow', 'DI-engine', 'python-timbl', 'transformers', 'bentoml', 'shogun', 'rasa']"
1162,3,MemberOf,category,361,7PK - Time and State,19,377,"['lightly', 'nut', 'mindsdb', 'pytorch', 'gensim', 'tensorflow', 'DI-engine', 'python-timbl', 'transformers', 'bentoml', 'shogun', 'rasa']"
1163,4,MemberOf,category,857,The CERT Oracle Secure Coding Standard for Java (2011) Chapter 14 - Input Output (FIO),19,377,"['lightly', 'nut', 'mindsdb', 'pytorch', 'gensim', 'tensorflow', 'DI-engine', 'python-timbl', 'transformers', 'bentoml', 'shogun', 'rasa']"
1164,5,MemberOf,category,964,SFP Secondary Cluster: Exposure Temporary File,19,377,"['lightly', 'nut', 'mindsdb', 'pytorch', 'gensim', 'tensorflow', 'DI-engine', 'python-timbl', 'transformers', 'bentoml', 'shogun', 'rasa']"
1165,6,MemberOf,category,1147,SEI CERT Oracle Secure Coding Standard for Java - Guidelines 13. Input Output (FIO),19,377,"['lightly', 'nut', 'mindsdb', 'pytorch', 'gensim', 'tensorflow', 'DI-engine', 'python-timbl', 'transformers', 'bentoml', 'shogun', 'rasa']"
1166,7,MemberOf,category,1169,SEI CERT C Coding Standard - Guidelines 14. Concurrency (CON),19,377,"['lightly', 'nut', 'mindsdb', 'pytorch', 'gensim', 'tensorflow', 'DI-engine', 'python-timbl', 'transformers', 'bentoml', 'shogun', 'rasa']"
1167,8,MemberOf,category,1345,OWASP Top Ten 2021 Category A01:2021 - Broken Access Control,19,377,"['lightly', 'nut', 'mindsdb', 'pytorch', 'gensim', 'tensorflow', 'DI-engine', 'python-timbl', 'transformers', 'bentoml', 'shogun', 'rasa']"
1168,9,MemberOf,category,1366,ICS Communications: Frail Security in Protocols,19,377,"['lightly', 'nut', 'mindsdb', 'pytorch', 'gensim', 'tensorflow', 'DI-engine', 'python-timbl', 'transformers', 'bentoml', 'shogun', 'rasa']"
1169,10,MemberOf,category,1403,Comprehensive Categorization: Exposed Resource,19,377,"['lightly', 'nut', 'mindsdb', 'pytorch', 'gensim', 'tensorflow', 'DI-engine', 'python-timbl', 'transformers', 'bentoml', 'shogun', 'rasa']"
1170,11,MemberOf,category,1436,OWASP Top Ten 2025 Category A01:2025 - Broken Access Control,19,377,"['lightly', 'nut', 'mindsdb', 'pytorch', 'gensim', 'tensorflow', 'DI-engine', 'python-timbl', 'transformers', 'bentoml', 'shogun', 'rasa']"
1171,12,Self,class,377,,19,377,"['lightly', 'nut', 'mindsdb', 'pytorch', 'gensim', 'tensorflow', 'DI-engine', 'python-timbl', 'transformers', 'bentoml', 'shogun', 'rasa']"
1172,0,ChildOf,pillar,664,Improper Control of a Resource Through its Lifetime,58,400,"['ViZDoom', 'numpy', 'pyss3', 'langflow', 'jProcessing', 'bigartm', 'DI-engine', 'vigra', 'blaze', 'caffe', 'zpar', 'typer', 'mlflow', 'scikit-learn', 'zipline', 'retro', 'determined', 'open-webui', 'jax', 'lambdo', 'mindsdb', 'ColossalAI', 'pyqtgraph', 'gensim', 'pebl', 'cortex', 'tensorflow', 'pydantic', 'danswerai', 'pytorch-lightning', 'DeepPavlov', 'pattern', 'rasa', 'bokeh', 'xlearn', 'pandas', 'deepchecks', 'ray', 'DIGITS', 'mars', 'scikit-learn-intelex', 'catboost', 'LightGBM', 'dirty_cat', 'DrQA', 'haystack', 'emcee', 'pytorch', 'chainer', 'skll', 'PyTorchCV', 'lightning-bolts', 'CoreNLP', 'vispy', 'gradio', 'streamlit', 'dash', 'bentoml', 'xgboost', 'pymc', 'transformers', 'pgmpy']"
1173,1,ParentOf,class,405,Asymmetric Resource Consumption (Amplification),58,400,"['ViZDoom', 'numpy', 'pyss3', 'langflow', 'jProcessing', 'bigartm', 'DI-engine', 'vigra', 'blaze', 'caffe', 'zpar', 'typer', 'mlflow', 'scikit-learn', 'zipline', 'retro', 'determined', 'open-webui', 'jax', 'lambdo', 'mindsdb', 'ColossalAI', 'pyqtgraph', 'gensim', 'pebl', 'cortex', 'tensorflow', 'pydantic', 'danswerai', 'pytorch-lightning', 'DeepPavlov', 'pattern', 'rasa', 'bokeh', 'xlearn', 'pandas', 'deepchecks', 'ray', 'DIGITS', 'mars', 'scikit-learn-intelex', 'catboost', 'LightGBM', 'dirty_cat', 'DrQA', 'haystack', 'emcee', 'pytorch', 'chainer', 'skll', 'PyTorchCV', 'lightning-bolts', 'CoreNLP', 'vispy', 'gradio', 'streamlit', 'dash', 'bentoml', 'xgboost', 'pymc', 'transformers', 'pgmpy']"
1174,2,ParentOf,base,770,Allocation of Resources Without Limits or Throttling,58,400,"['ViZDoom', 'numpy', 'pyss3', 'langflow', 'jProcessing', 'bigartm', 'DI-engine', 'vigra', 'blaze', 'caffe', 'zpar', 'typer', 'mlflow', 'scikit-learn', 'zipline', 'retro', 'determined', 'open-webui', 'jax', 'lambdo', 'mindsdb', 'ColossalAI', 'pyqtgraph', 'gensim', 'pebl', 'cortex', 'tensorflow', 'pydantic', 'danswerai', 'pytorch-lightning', 'DeepPavlov', 'pattern', 'rasa', 'bokeh', 'xlearn', 'pandas', 'deepchecks', 'ray', 'DIGITS', 'mars', 'scikit-learn-intelex', 'catboost', 'LightGBM', 'dirty_cat', 'DrQA', 'haystack', 'emcee', 'pytorch', 'chainer', 'skll', 'PyTorchCV', 'lightning-bolts', 'CoreNLP', 'vispy', 'gradio', 'streamlit', 'dash', 'bentoml', 'xgboost', 'pymc', 'transformers', 'pgmpy']"
1175,3,ParentOf,base,771,Missing Reference to Active Allocated Resource,58,400,"['ViZDoom', 'numpy', 'pyss3', 'langflow', 'jProcessing', 'bigartm', 'DI-engine', 'vigra', 'blaze', 'caffe', 'zpar', 'typer', 'mlflow', 'scikit-learn', 'zipline', 'retro', 'determined', 'open-webui', 'jax', 'lambdo', 'mindsdb', 'ColossalAI', 'pyqtgraph', 'gensim', 'pebl', 'cortex', 'tensorflow', 'pydantic', 'danswerai', 'pytorch-lightning', 'DeepPavlov', 'pattern', 'rasa', 'bokeh', 'xlearn', 'pandas', 'deepchecks', 'ray', 'DIGITS', 'mars', 'scikit-learn-intelex', 'catboost', 'LightGBM', 'dirty_cat', 'DrQA', 'haystack', 'emcee', 'pytorch', 'chainer', 'skll', 'PyTorchCV', 'lightning-bolts', 'CoreNLP', 'vispy', 'gradio', 'streamlit', 'dash', 'bentoml', 'xgboost', 'pymc', 'transformers', 'pgmpy']"
1176,4,ParentOf,base,779,Logging of Excessive Data,58,400,"['ViZDoom', 'numpy', 'pyss3', 'langflow', 'jProcessing', 'bigartm', 'DI-engine', 'vigra', 'blaze', 'caffe', 'zpar', 'typer', 'mlflow', 'scikit-learn', 'zipline', 'retro', 'determined', 'open-webui', 'jax', 'lambdo', 'mindsdb', 'ColossalAI', 'pyqtgraph', 'gensim', 'pebl', 'cortex', 'tensorflow', 'pydantic', 'danswerai', 'pytorch-lightning', 'DeepPavlov', 'pattern', 'rasa', 'bokeh', 'xlearn', 'pandas', 'deepchecks', 'ray', 'DIGITS', 'mars', 'scikit-learn-intelex', 'catboost', 'LightGBM', 'dirty_cat', 'DrQA', 'haystack', 'emcee', 'pytorch', 'chainer', 'skll', 'PyTorchCV', 'lightning-bolts', 'CoreNLP', 'vispy', 'gradio', 'streamlit', 'dash', 'bentoml', 'xgboost', 'pymc', 'transformers', 'pgmpy']"
1177,5,ParentOf,base,920,Improper Restriction of Power Consumption,58,400,"['ViZDoom', 'numpy', 'pyss3', 'langflow', 'jProcessing', 'bigartm', 'DI-engine', 'vigra', 'blaze', 'caffe', 'zpar', 'typer', 'mlflow', 'scikit-learn', 'zipline', 'retro', 'determined', 'open-webui', 'jax', 'lambdo', 'mindsdb', 'ColossalAI', 'pyqtgraph', 'gensim', 'pebl', 'cortex', 'tensorflow', 'pydantic', 'danswerai', 'pytorch-lightning', 'DeepPavlov', 'pattern', 'rasa', 'bokeh', 'xlearn', 'pandas', 'deepchecks', 'ray', 'DIGITS', 'mars', 'scikit-learn-intelex', 'catboost', 'LightGBM', 'dirty_cat', 'DrQA', 'haystack', 'emcee', 'pytorch', 'chainer', 'skll', 'PyTorchCV', 'lightning-bolts', 'CoreNLP', 'vispy', 'gradio', 'streamlit', 'dash', 'bentoml', 'xgboost', 'pymc', 'transformers', 'pgmpy']"
1178,6,ParentOf,base,1235,Incorrect Use of Autoboxing and Unboxing for Performance Critical Operations,58,400,"['ViZDoom', 'numpy', 'pyss3', 'langflow', 'jProcessing', 'bigartm', 'DI-engine', 'vigra', 'blaze', 'caffe', 'zpar', 'typer', 'mlflow', 'scikit-learn', 'zipline', 'retro', 'determined', 'open-webui', 'jax', 'lambdo', 'mindsdb', 'ColossalAI', 'pyqtgraph', 'gensim', 'pebl', 'cortex', 'tensorflow', 'pydantic', 'danswerai', 'pytorch-lightning', 'DeepPavlov', 'pattern', 'rasa', 'bokeh', 'xlearn', 'pandas', 'deepchecks', 'ray', 'DIGITS', 'mars', 'scikit-learn-intelex', 'catboost', 'LightGBM', 'dirty_cat', 'DrQA', 'haystack', 'emcee', 'pytorch', 'chainer', 'skll', 'PyTorchCV', 'lightning-bolts', 'CoreNLP', 'vispy', 'gradio', 'streamlit', 'dash', 'bentoml', 'xgboost', 'pymc', 'transformers', 'pgmpy']"
1179,7,ParentOf,base,1246,Improper Write Handling in Limited-write Non-Volatile Memories,58,400,"['ViZDoom', 'numpy', 'pyss3', 'langflow', 'jProcessing', 'bigartm', 'DI-engine', 'vigra', 'blaze', 'caffe', 'zpar', 'typer', 'mlflow', 'scikit-learn', 'zipline', 'retro', 'determined', 'open-webui', 'jax', 'lambdo', 'mindsdb', 'ColossalAI', 'pyqtgraph', 'gensim', 'pebl', 'cortex', 'tensorflow', 'pydantic', 'danswerai', 'pytorch-lightning', 'DeepPavlov', 'pattern', 'rasa', 'bokeh', 'xlearn', 'pandas', 'deepchecks', 'ray', 'DIGITS', 'mars', 'scikit-learn-intelex', 'catboost', 'LightGBM', 'dirty_cat', 'DrQA', 'haystack', 'emcee', 'pytorch', 'chainer', 'skll', 'PyTorchCV', 'lightning-bolts', 'CoreNLP', 'vispy', 'gradio', 'streamlit', 'dash', 'bentoml', 'xgboost', 'pymc', 'transformers', 'pgmpy']"
1180,8,CanFollow,class,410,Insufficient Resource Pool,58,400,"['ViZDoom', 'numpy', 'pyss3', 'langflow', 'jProcessing', 'bigartm', 'DI-engine', 'vigra', 'blaze', 'caffe', 'zpar', 'typer', 'mlflow', 'scikit-learn', 'zipline', 'retro', 'determined', 'open-webui', 'jax', 'lambdo', 'mindsdb', 'ColossalAI', 'pyqtgraph', 'gensim', 'pebl', 'cortex', 'tensorflow', 'pydantic', 'danswerai', 'pytorch-lightning', 'DeepPavlov', 'pattern', 'rasa', 'bokeh', 'xlearn', 'pandas', 'deepchecks', 'ray', 'DIGITS', 'mars', 'scikit-learn-intelex', 'catboost', 'LightGBM', 'dirty_cat', 'DrQA', 'haystack', 'emcee', 'pytorch', 'chainer', 'skll', 'PyTorchCV', 'lightning-bolts', 'CoreNLP', 'vispy', 'gradio', 'streamlit', 'dash', 'bentoml', 'xgboost', 'pymc', 'transformers', 'pgmpy']"
1181,9,MemberOf,view,1003,Weaknesses for Simplified Mapping of Published Vulnerabilities,58,400,"['ViZDoom', 'numpy', 'pyss3', 'langflow', 'jProcessing', 'bigartm', 'DI-engine', 'vigra', 'blaze', 'caffe', 'zpar', 'typer', 'mlflow', 'scikit-learn', 'zipline', 'retro', 'determined', 'open-webui', 'jax', 'lambdo', 'mindsdb', 'ColossalAI', 'pyqtgraph', 'gensim', 'pebl', 'cortex', 'tensorflow', 'pydantic', 'danswerai', 'pytorch-lightning', 'DeepPavlov', 'pattern', 'rasa', 'bokeh', 'xlearn', 'pandas', 'deepchecks', 'ray', 'DIGITS', 'mars', 'scikit-learn-intelex', 'catboost', 'LightGBM', 'dirty_cat', 'DrQA', 'haystack', 'emcee', 'pytorch', 'chainer', 'skll', 'PyTorchCV', 'lightning-bolts', 'CoreNLP', 'vispy', 'gradio', 'streamlit', 'dash', 'bentoml', 'xgboost', 'pymc', 'transformers', 'pgmpy']"
1182,10,ParentOf,base,770,Allocation of Resources Without Limits or Throttling,58,400,"['ViZDoom', 'numpy', 'pyss3', 'langflow', 'jProcessing', 'bigartm', 'DI-engine', 'vigra', 'blaze', 'caffe', 'zpar', 'typer', 'mlflow', 'scikit-learn', 'zipline', 'retro', 'determined', 'open-webui', 'jax', 'lambdo', 'mindsdb', 'ColossalAI', 'pyqtgraph', 'gensim', 'pebl', 'cortex', 'tensorflow', 'pydantic', 'danswerai', 'pytorch-lightning', 'DeepPavlov', 'pattern', 'rasa', 'bokeh', 'xlearn', 'pandas', 'deepchecks', 'ray', 'DIGITS', 'mars', 'scikit-learn-intelex', 'catboost', 'LightGBM', 'dirty_cat', 'DrQA', 'haystack', 'emcee', 'pytorch', 'chainer', 'skll', 'PyTorchCV', 'lightning-bolts', 'CoreNLP', 'vispy', 'gradio', 'streamlit', 'dash', 'bentoml', 'xgboost', 'pymc', 'transformers', 'pgmpy']"
1183,11,ParentOf,base,920,Improper Restriction of Power Consumption,58,400,"['ViZDoom', 'numpy', 'pyss3', 'langflow', 'jProcessing', 'bigartm', 'DI-engine', 'vigra', 'blaze', 'caffe', 'zpar', 'typer', 'mlflow', 'scikit-learn', 'zipline', 'retro', 'determined', 'open-webui', 'jax', 'lambdo', 'mindsdb', 'ColossalAI', 'pyqtgraph', 'gensim', 'pebl', 'cortex', 'tensorflow', 'pydantic', 'danswerai', 'pytorch-lightning', 'DeepPavlov', 'pattern', 'rasa', 'bokeh', 'xlearn', 'pandas', 'deepchecks', 'ray', 'DIGITS', 'mars', 'scikit-learn-intelex', 'catboost', 'LightGBM', 'dirty_cat', 'DrQA', 'haystack', 'emcee', 'pytorch', 'chainer', 'skll', 'PyTorchCV', 'lightning-bolts', 'CoreNLP', 'vispy', 'gradio', 'streamlit', 'dash', 'bentoml', 'xgboost', 'pymc', 'transformers', 'pgmpy']"
1184,12,MemberOf,category,730,OWASP Top Ten 2004 Category A9 - Denial of Service,58,400,"['ViZDoom', 'numpy', 'pyss3', 'langflow', 'jProcessing', 'bigartm', 'DI-engine', 'vigra', 'blaze', 'caffe', 'zpar', 'typer', 'mlflow', 'scikit-learn', 'zipline', 'retro', 'determined', 'open-webui', 'jax', 'lambdo', 'mindsdb', 'ColossalAI', 'pyqtgraph', 'gensim', 'pebl', 'cortex', 'tensorflow', 'pydantic', 'danswerai', 'pytorch-lightning', 'DeepPavlov', 'pattern', 'rasa', 'bokeh', 'xlearn', 'pandas', 'deepchecks', 'ray', 'DIGITS', 'mars', 'scikit-learn-intelex', 'catboost', 'LightGBM', 'dirty_cat', 'DrQA', 'haystack', 'emcee', 'pytorch', 'chainer', 'skll', 'PyTorchCV', 'lightning-bolts', 'CoreNLP', 'vispy', 'gradio', 'streamlit', 'dash', 'bentoml', 'xgboost', 'pymc', 'transformers', 'pgmpy']"
1185,13,MemberOf,category,858,The CERT Oracle Secure Coding Standard for Java (2011) Chapter 15 - Serialization (SER),58,400,"['ViZDoom', 'numpy', 'pyss3', 'langflow', 'jProcessing', 'bigartm', 'DI-engine', 'vigra', 'blaze', 'caffe', 'zpar', 'typer', 'mlflow', 'scikit-learn', 'zipline', 'retro', 'determined', 'open-webui', 'jax', 'lambdo', 'mindsdb', 'ColossalAI', 'pyqtgraph', 'gensim', 'pebl', 'cortex', 'tensorflow', 'pydantic', 'danswerai', 'pytorch-lightning', 'DeepPavlov', 'pattern', 'rasa', 'bokeh', 'xlearn', 'pandas', 'deepchecks', 'ray', 'DIGITS', 'mars', 'scikit-learn-intelex', 'catboost', 'LightGBM', 'dirty_cat', 'DrQA', 'haystack', 'emcee', 'pytorch', 'chainer', 'skll', 'PyTorchCV', 'lightning-bolts', 'CoreNLP', 'vispy', 'gradio', 'streamlit', 'dash', 'bentoml', 'xgboost', 'pymc', 'transformers', 'pgmpy']"
1186,14,MemberOf,category,861,The CERT Oracle Secure Coding Standard for Java (2011) Chapter 18 - Miscellaneous (MSC),58,400,"['ViZDoom', 'numpy', 'pyss3', 'langflow', 'jProcessing', 'bigartm', 'DI-engine', 'vigra', 'blaze', 'caffe', 'zpar', 'typer', 'mlflow', 'scikit-learn', 'zipline', 'retro', 'determined', 'open-webui', 'jax', 'lambdo', 'mindsdb', 'ColossalAI', 'pyqtgraph', 'gensim', 'pebl', 'cortex', 'tensorflow', 'pydantic', 'danswerai', 'pytorch-lightning', 'DeepPavlov', 'pattern', 'rasa', 'bokeh', 'xlearn', 'pandas', 'deepchecks', 'ray', 'DIGITS', 'mars', 'scikit-learn-intelex', 'catboost', 'LightGBM', 'dirty_cat', 'DrQA', 'haystack', 'emcee', 'pytorch', 'chainer', 'skll', 'PyTorchCV', 'lightning-bolts', 'CoreNLP', 'vispy', 'gradio', 'streamlit', 'dash', 'bentoml', 'xgboost', 'pymc', 'transformers', 'pgmpy']"
1187,15,MemberOf,view,884,CWE Cross-section,58,400,"['ViZDoom', 'numpy', 'pyss3', 'langflow', 'jProcessing', 'bigartm', 'DI-engine', 'vigra', 'blaze', 'caffe', 'zpar', 'typer', 'mlflow', 'scikit-learn', 'zipline', 'retro', 'determined', 'open-webui', 'jax', 'lambdo', 'mindsdb', 'ColossalAI', 'pyqtgraph', 'gensim', 'pebl', 'cortex', 'tensorflow', 'pydantic', 'danswerai', 'pytorch-lightning', 'DeepPavlov', 'pattern', 'rasa', 'bokeh', 'xlearn', 'pandas', 'deepchecks', 'ray', 'DIGITS', 'mars', 'scikit-learn-intelex', 'catboost', 'LightGBM', 'dirty_cat', 'DrQA', 'haystack', 'emcee', 'pytorch', 'chainer', 'skll', 'PyTorchCV', 'lightning-bolts', 'CoreNLP', 'vispy', 'gradio', 'streamlit', 'dash', 'bentoml', 'xgboost', 'pymc', 'transformers', 'pgmpy']"
1188,16,MemberOf,category,985,SFP Secondary Cluster: Unrestricted Consumption,58,400,"['ViZDoom', 'numpy', 'pyss3', 'langflow', 'jProcessing', 'bigartm', 'DI-engine', 'vigra', 'blaze', 'caffe', 'zpar', 'typer', 'mlflow', 'scikit-learn', 'zipline', 'retro', 'determined', 'open-webui', 'jax', 'lambdo', 'mindsdb', 'ColossalAI', 'pyqtgraph', 'gensim', 'pebl', 'cortex', 'tensorflow', 'pydantic', 'danswerai', 'pytorch-lightning', 'DeepPavlov', 'pattern', 'rasa', 'bokeh', 'xlearn', 'pandas', 'deepchecks', 'ray', 'DIGITS', 'mars', 'scikit-learn-intelex', 'catboost', 'LightGBM', 'dirty_cat', 'DrQA', 'haystack', 'emcee', 'pytorch', 'chainer', 'skll', 'PyTorchCV', 'lightning-bolts', 'CoreNLP', 'vispy', 'gradio', 'streamlit', 'dash', 'bentoml', 'xgboost', 'pymc', 'transformers', 'pgmpy']"
1189,17,MemberOf,category,1148,SEI CERT Oracle Secure Coding Standard for Java - Guidelines 14. Serialization (SER),58,400,"['ViZDoom', 'numpy', 'pyss3', 'langflow', 'jProcessing', 'bigartm', 'DI-engine', 'vigra', 'blaze', 'caffe', 'zpar', 'typer', 'mlflow', 'scikit-learn', 'zipline', 'retro', 'determined', 'open-webui', 'jax', 'lambdo', 'mindsdb', 'ColossalAI', 'pyqtgraph', 'gensim', 'pebl', 'cortex', 'tensorflow', 'pydantic', 'danswerai', 'pytorch-lightning', 'DeepPavlov', 'pattern', 'rasa', 'bokeh', 'xlearn', 'pandas', 'deepchecks', 'ray', 'DIGITS', 'mars', 'scikit-learn-intelex', 'catboost', 'LightGBM', 'dirty_cat', 'DrQA', 'haystack', 'emcee', 'pytorch', 'chainer', 'skll', 'PyTorchCV', 'lightning-bolts', 'CoreNLP', 'vispy', 'gradio', 'streamlit', 'dash', 'bentoml', 'xgboost', 'pymc', 'transformers', 'pgmpy']"
1190,18,MemberOf,category,1152,SEI CERT Oracle Secure Coding Standard for Java - Guidelines 49. Miscellaneous (MSC),58,400,"['ViZDoom', 'numpy', 'pyss3', 'langflow', 'jProcessing', 'bigartm', 'DI-engine', 'vigra', 'blaze', 'caffe', 'zpar', 'typer', 'mlflow', 'scikit-learn', 'zipline', 'retro', 'determined', 'open-webui', 'jax', 'lambdo', 'mindsdb', 'ColossalAI', 'pyqtgraph', 'gensim', 'pebl', 'cortex', 'tensorflow', 'pydantic', 'danswerai', 'pytorch-lightning', 'DeepPavlov', 'pattern', 'rasa', 'bokeh', 'xlearn', 'pandas', 'deepchecks', 'ray', 'DIGITS', 'mars', 'scikit-learn-intelex', 'catboost', 'LightGBM', 'dirty_cat', 'DrQA', 'haystack', 'emcee', 'pytorch', 'chainer', 'skll', 'PyTorchCV', 'lightning-bolts', 'CoreNLP', 'vispy', 'gradio', 'streamlit', 'dash', 'bentoml', 'xgboost', 'pymc', 'transformers', 'pgmpy']"
1191,19,MemberOf,view,1200,Weaknesses in the 2019 CWE Top 25 Most Dangerous Software Errors,58,400,"['ViZDoom', 'numpy', 'pyss3', 'langflow', 'jProcessing', 'bigartm', 'DI-engine', 'vigra', 'blaze', 'caffe', 'zpar', 'typer', 'mlflow', 'scikit-learn', 'zipline', 'retro', 'determined', 'open-webui', 'jax', 'lambdo', 'mindsdb', 'ColossalAI', 'pyqtgraph', 'gensim', 'pebl', 'cortex', 'tensorflow', 'pydantic', 'danswerai', 'pytorch-lightning', 'DeepPavlov', 'pattern', 'rasa', 'bokeh', 'xlearn', 'pandas', 'deepchecks', 'ray', 'DIGITS', 'mars', 'scikit-learn-intelex', 'catboost', 'LightGBM', 'dirty_cat', 'DrQA', 'haystack', 'emcee', 'pytorch', 'chainer', 'skll', 'PyTorchCV', 'lightning-bolts', 'CoreNLP', 'vispy', 'gradio', 'streamlit', 'dash', 'bentoml', 'xgboost', 'pymc', 'transformers', 'pgmpy']"
1192,20,MemberOf,view,1350,Weaknesses in the 2020 CWE Top 25 Most Dangerous Software Weaknesses,58,400,"['ViZDoom', 'numpy', 'pyss3', 'langflow', 'jProcessing', 'bigartm', 'DI-engine', 'vigra', 'blaze', 'caffe', 'zpar', 'typer', 'mlflow', 'scikit-learn', 'zipline', 'retro', 'determined', 'open-webui', 'jax', 'lambdo', 'mindsdb', 'ColossalAI', 'pyqtgraph', 'gensim', 'pebl', 'cortex', 'tensorflow', 'pydantic', 'danswerai', 'pytorch-lightning', 'DeepPavlov', 'pattern', 'rasa', 'bokeh', 'xlearn', 'pandas', 'deepchecks', 'ray', 'DIGITS', 'mars', 'scikit-learn-intelex', 'catboost', 'LightGBM', 'dirty_cat', 'DrQA', 'haystack', 'emcee', 'pytorch', 'chainer', 'skll', 'PyTorchCV', 'lightning-bolts', 'CoreNLP', 'vispy', 'gradio', 'streamlit', 'dash', 'bentoml', 'xgboost', 'pymc', 'transformers', 'pgmpy']"
1193,21,MemberOf,view,1387,Weaknesses in the 2022 CWE Top 25 Most Dangerous Software Weaknesses,58,400,"['ViZDoom', 'numpy', 'pyss3', 'langflow', 'jProcessing', 'bigartm', 'DI-engine', 'vigra', 'blaze', 'caffe', 'zpar', 'typer', 'mlflow', 'scikit-learn', 'zipline', 'retro', 'determined', 'open-webui', 'jax', 'lambdo', 'mindsdb', 'ColossalAI', 'pyqtgraph', 'gensim', 'pebl', 'cortex', 'tensorflow', 'pydantic', 'danswerai', 'pytorch-lightning', 'DeepPavlov', 'pattern', 'rasa', 'bokeh', 'xlearn', 'pandas', 'deepchecks', 'ray', 'DIGITS', 'mars', 'scikit-learn-intelex', 'catboost', 'LightGBM', 'dirty_cat', 'DrQA', 'haystack', 'emcee', 'pytorch', 'chainer', 'skll', 'PyTorchCV', 'lightning-bolts', 'CoreNLP', 'vispy', 'gradio', 'streamlit', 'dash', 'bentoml', 'xgboost', 'pymc', 'transformers', 'pgmpy']"
1194,22,MemberOf,category,1416,Comprehensive Categorization: Resource Lifecycle Management,58,400,"['ViZDoom', 'numpy', 'pyss3', 'langflow', 'jProcessing', 'bigartm', 'DI-engine', 'vigra', 'blaze', 'caffe', 'zpar', 'typer', 'mlflow', 'scikit-learn', 'zipline', 'retro', 'determined', 'open-webui', 'jax', 'lambdo', 'mindsdb', 'ColossalAI', 'pyqtgraph', 'gensim', 'pebl', 'cortex', 'tensorflow', 'pydantic', 'danswerai', 'pytorch-lightning', 'DeepPavlov', 'pattern', 'rasa', 'bokeh', 'xlearn', 'pandas', 'deepchecks', 'ray', 'DIGITS', 'mars', 'scikit-learn-intelex', 'catboost', 'LightGBM', 'dirty_cat', 'DrQA', 'haystack', 'emcee', 'pytorch', 'chainer', 'skll', 'PyTorchCV', 'lightning-bolts', 'CoreNLP', 'vispy', 'gradio', 'streamlit', 'dash', 'bentoml', 'xgboost', 'pymc', 'transformers', 'pgmpy']"
1195,23,MemberOf,view,1430,Weaknesses in the 2024 CWE Top 25 Most Dangerous Software Weaknesses,58,400,"['ViZDoom', 'numpy', 'pyss3', 'langflow', 'jProcessing', 'bigartm', 'DI-engine', 'vigra', 'blaze', 'caffe', 'zpar', 'typer', 'mlflow', 'scikit-learn', 'zipline', 'retro', 'determined', 'open-webui', 'jax', 'lambdo', 'mindsdb', 'ColossalAI', 'pyqtgraph', 'gensim', 'pebl', 'cortex', 'tensorflow', 'pydantic', 'danswerai', 'pytorch-lightning', 'DeepPavlov', 'pattern', 'rasa', 'bokeh', 'xlearn', 'pandas', 'deepchecks', 'ray', 'DIGITS', 'mars', 'scikit-learn-intelex', 'catboost', 'LightGBM', 'dirty_cat', 'DrQA', 'haystack', 'emcee', 'pytorch', 'chainer', 'skll', 'PyTorchCV', 'lightning-bolts', 'CoreNLP', 'vispy', 'gradio', 'streamlit', 'dash', 'bentoml', 'xgboost', 'pymc', 'transformers', 'pgmpy']"
1196,24,Self,class,400,,58,400,"['ViZDoom', 'numpy', 'pyss3', 'langflow', 'jProcessing', 'bigartm', 'DI-engine', 'vigra', 'blaze', 'caffe', 'zpar', 'typer', 'mlflow', 'scikit-learn', 'zipline', 'retro', 'determined', 'open-webui', 'jax', 'lambdo', 'mindsdb', 'ColossalAI', 'pyqtgraph', 'gensim', 'pebl', 'cortex', 'tensorflow', 'pydantic', 'danswerai', 'pytorch-lightning', 'DeepPavlov', 'pattern', 'rasa', 'bokeh', 'xlearn', 'pandas', 'deepchecks', 'ray', 'DIGITS', 'mars', 'scikit-learn-intelex', 'catboost', 'LightGBM', 'dirty_cat', 'DrQA', 'haystack', 'emcee', 'pytorch', 'chainer', 'skll', 'PyTorchCV', 'lightning-bolts', 'CoreNLP', 'vispy', 'gradio', 'streamlit', 'dash', 'bentoml', 'xgboost', 'pymc', 'transformers', 'pgmpy']"
1197,0,ChildOf,class,74,Improper Neutralization of Special Elements in Output Used by a Downstream Component ('Injection'),2,943,['machine-learning']
1198,1,ParentOf,base,89,Improper Neutralization of Special Elements used in an SQL Command ('SQL Injection'),2,943,['machine-learning']
1199,2,ParentOf,base,90,Improper Neutralization of Special Elements used in an LDAP Query ('LDAP Injection'),2,943,['machine-learning']
1200,3,ParentOf,base,643,Improper Neutralization of Data within XPath Expressions ('XPath Injection'),2,943,['machine-learning']
1201,4,ParentOf,base,652,Improper Neutralization of Data within XQuery Expressions ('XQuery Injection'),2,943,['machine-learning']
1202,5,MemberOf,category,1019,Validate Inputs,2,943,['machine-learning']
1203,6,MemberOf,category,1027,OWASP Top Ten 2017 Category A1 - Injection,2,943,['machine-learning']
1204,7,MemberOf,category,1409,Comprehensive Categorization: Injection,2,943,['machine-learning']
1205,8,Self,class,943,,2,943,['machine-learning']
